component_type,component_id,size
weak,0,8801
weak,1,24
weak,2,11
weak,3,9
weak,4,7
weak,5,7
weak,6,7
weak,7,7
weak,8,7
weak,9,7
weak,10,6
weak,11,6
weak,12,6
weak,13,6
weak,14,5
weak,15,5
weak,16,5
weak,17,5
weak,18,5
weak,19,5
weak,20,5
weak,21,5
weak,22,5
weak,23,5
weak,24,5
weak,25,5
weak,26,5
weak,27,5
weak,28,5
weak,29,4
weak,30,4
weak,31,4
weak,32,4
weak,33,4
weak,34,4
weak,35,4
weak,36,4
weak,37,4
weak,38,4
weak,39,4
weak,40,4
weak,41,4
weak,42,4
weak,43,4
weak,44,4
weak,45,4
weak,46,4
weak,47,4
weak,48,4
weak,49,3
weak,50,3
weak,51,3
weak,52,3
weak,53,3
weak,54,3
weak,55,3
weak,56,3
weak,57,3
weak,58,3
weak,59,3
weak,60,3
weak,61,3
weak,62,3
weak,63,3
weak,64,3
weak,65,3
weak,66,3
weak,67,3
weak,68,3
weak,69,3
weak,70,3
weak,71,3
weak,72,3
weak,73,3
weak,74,3
weak,75,3
weak,76,3
weak,77,3
weak,78,3
weak,79,3
weak,80,3
weak,81,3
weak,82,3
weak,83,3
weak,84,3
weak,85,3
weak,86,3
weak,87,3
weak,88,3
weak,89,3
weak,90,3
weak,91,3
weak,92,3
weak,93,3
weak,94,3
weak,95,3
weak,96,3
weak,97,3
weak,98,3
weak,99,3
weak,100,3
weak,101,3
weak,102,3
weak,103,3
weak,104,3
weak,105,3
weak,106,3
weak,107,3
weak,108,3
weak,109,3
weak,110,3
weak,111,3
weak,112,3
weak,113,3
weak,114,3
weak,115,3
weak,116,3
weak,117,3
weak,118,3
weak,119,3
weak,120,2
weak,121,2
weak,122,2
weak,123,2
weak,124,2
weak,125,2
weak,126,2
weak,127,2
weak,128,2
weak,129,2
weak,130,2
weak,131,2
weak,132,2
weak,133,2
weak,134,2
weak,135,2
weak,136,2
weak,137,2
weak,138,2
weak,139,2
weak,140,2
weak,141,2
weak,142,2
weak,143,2
weak,144,2
weak,145,2
weak,146,2
weak,147,2
weak,148,2
weak,149,2
weak,150,2
weak,151,2
weak,152,2
weak,153,2
weak,154,2
weak,155,2
weak,156,2
weak,157,2
weak,158,2
weak,159,2
weak,160,2
weak,161,2
weak,162,2
weak,163,2
weak,164,2
weak,165,2
weak,166,2
weak,167,2
weak,168,2
weak,169,2
weak,170,2
weak,171,2
weak,172,2
weak,173,2
weak,174,2
weak,175,2
weak,176,2
weak,177,2
weak,178,2
weak,179,2
weak,180,2
weak,181,2
weak,182,2
weak,183,2
weak,184,2
weak,185,2
weak,186,2
weak,187,2
weak,188,2
weak,189,2
weak,190,2
weak,191,2
weak,192,2
weak,193,2
weak,194,2
weak,195,2
weak,196,2
weak,197,2
weak,198,2
weak,199,2
weak,200,2
weak,201,2
weak,202,2
weak,203,2
weak,204,2
weak,205,2
weak,206,2
weak,207,2
weak,208,2
weak,209,2
weak,210,2
weak,211,2
weak,212,2
weak,213,2
weak,214,2
weak,215,2
weak,216,2
weak,217,2
weak,218,2
weak,219,2
weak,220,2
weak,221,2
weak,222,2
weak,223,2
weak,224,2
weak,225,2
weak,226,2
weak,227,2
weak,228,2
weak,229,2
weak,230,2
weak,231,2
weak,232,2
weak,233,2
weak,234,2
weak,235,2
weak,236,2
weak,237,2
weak,238,2
weak,239,2
weak,240,2
weak,241,2
weak,242,2
weak,243,2
weak,244,2
weak,245,2
weak,246,2
weak,247,2
weak,248,2
weak,249,2
weak,250,2
weak,251,2
weak,252,2
weak,253,2
weak,254,2
weak,255,2
weak,256,2
weak,257,2
weak,258,2
weak,259,2
weak,260,2
weak,261,2
weak,262,2
weak,263,2
weak,264,2
weak,265,2
weak,266,2
weak,267,2
weak,268,2
weak,269,2
weak,270,2
weak,271,2
weak,272,2
weak,273,2
weak,274,2
weak,275,2
weak,276,2
weak,277,2
weak,278,2
weak,279,2
weak,280,2
weak,281,2
weak,282,2
weak,283,2
weak,284,2
weak,285,2
weak,286,2
weak,287,2
weak,288,2
weak,289,2
weak,290,2
weak,291,2
weak,292,2
weak,293,2
weak,294,2
weak,295,2
weak,296,2
weak,297,2
weak,298,2
weak,299,2
weak,300,2
weak,301,2
weak,302,2
weak,303,2
weak,304,2
weak,305,2
weak,306,2
weak,307,2
weak,308,2
weak,309,2
weak,310,2
weak,311,2
weak,312,2
weak,313,2
weak,314,2
weak,315,2
weak,316,2
weak,317,2
weak,318,2
weak,319,2
weak,320,2
weak,321,2
weak,322,2
weak,323,2
weak,324,2
weak,325,2
weak,326,2
weak,327,2
weak,328,2
weak,329,2
weak,330,2
weak,331,2
weak,332,2
weak,333,2
weak,334,2
weak,335,2
weak,336,2
weak,337,2
weak,338,2
weak,339,2
weak,340,2
weak,341,2
weak,342,2
weak,343,2
weak,344,2
weak,345,2
weak,346,2
weak,347,2
weak,348,2
weak,349,2
weak,350,2
weak,351,2
weak,352,2
weak,353,2
weak,354,2
weak,355,2
weak,356,2
weak,357,2
weak,358,2
weak,359,2
weak,360,2
weak,361,2
weak,362,2
weak,363,2
weak,364,2
weak,365,2
weak,366,2
weak,367,2
weak,368,2
weak,369,2
weak,370,2
weak,371,2
weak,372,2
weak,373,2
weak,374,2
weak,375,2
weak,376,2
weak,377,2
weak,378,2
weak,379,2
weak,380,2
weak,381,2
weak,382,2
weak,383,2
weak,384,2
weak,385,2
weak,386,2
weak,387,2
weak,388,2
weak,389,2
weak,390,2
weak,391,2
weak,392,2
weak,393,2
weak,394,2
weak,395,2
weak,396,2
weak,397,2
weak,398,2
weak,399,2
weak,400,2
weak,401,2
weak,402,2
weak,403,2
weak,404,2
weak,405,2
weak,406,2
weak,407,2
weak,408,2
weak,409,2
weak,410,2
weak,411,2
weak,412,2
weak,413,2
weak,414,2
weak,415,2
weak,416,2
weak,417,2
weak,418,2
weak,419,2
weak,420,2
weak,421,2
weak,422,2
weak,423,2
weak,424,2
weak,425,2
weak,426,2
weak,427,2
weak,428,2
weak,429,2
weak,430,2
weak,431,2
weak,432,2
weak,433,2
weak,434,2
weak,435,2
weak,436,2
weak,437,2
weak,438,2
weak,439,2
weak,440,2
weak,441,2
weak,442,2
weak,443,2
weak,444,2
weak,445,2
weak,446,2
weak,447,2
weak,448,2
weak,449,2
weak,450,2
weak,451,2
weak,452,2
weak,453,1
weak,454,1
weak,455,1
weak,456,1
weak,457,1
weak,458,1
weak,459,1
weak,460,1
weak,461,1
weak,462,1
weak,463,1
weak,464,1
weak,465,1
weak,466,1
weak,467,1
weak,468,1
weak,469,1
weak,470,1
weak,471,1
weak,472,1
weak,473,1
weak,474,1
weak,475,1
weak,476,1
weak,477,1
weak,478,1
weak,479,1
weak,480,1
weak,481,1
weak,482,1
weak,483,1
weak,484,1
weak,485,1
weak,486,1
weak,487,1
weak,488,1
weak,489,1
weak,490,1
weak,491,1
weak,492,1
weak,493,1
weak,494,1
weak,495,1
weak,496,1
weak,497,1
weak,498,1
weak,499,1
weak,500,1
weak,501,1
weak,502,1
weak,503,1
weak,504,1
weak,505,1
weak,506,1
weak,507,1
weak,508,1
weak,509,1
weak,510,1
weak,511,1
weak,512,1
weak,513,1
weak,514,1
weak,515,1
weak,516,1
weak,517,1
weak,518,1
weak,519,1
weak,520,1
weak,521,1
weak,522,1
weak,523,1
weak,524,1
weak,525,1
weak,526,1
weak,527,1
weak,528,1
weak,529,1
weak,530,1
weak,531,1
weak,532,1
weak,533,1
weak,534,1
weak,535,1
weak,536,1
weak,537,1
weak,538,1
weak,539,1
weak,540,1
weak,541,1
weak,542,1
weak,543,1
weak,544,1
weak,545,1
weak,546,1
weak,547,1
weak,548,1
weak,549,1
weak,550,1
weak,551,1
weak,552,1
weak,553,1
weak,554,1
weak,555,1
weak,556,1
weak,557,1
weak,558,1
weak,559,1
weak,560,1
weak,561,1
weak,562,1
weak,563,1
weak,564,1
weak,565,1
weak,566,1
weak,567,1
weak,568,1
weak,569,1
weak,570,1
weak,571,1
weak,572,1
weak,573,1
weak,574,1
weak,575,1
weak,576,1
weak,577,1
weak,578,1
weak,579,1
weak,580,1
weak,581,1
weak,582,1
weak,583,1
weak,584,1
weak,585,1
weak,586,1
weak,587,1
weak,588,1
weak,589,1
weak,590,1
weak,591,1
weak,592,1
weak,593,1
weak,594,1
weak,595,1
weak,596,1
weak,597,1
weak,598,1
weak,599,1
weak,600,1
weak,601,1
weak,602,1
weak,603,1
weak,604,1
weak,605,1
weak,606,1
weak,607,1
weak,608,1
weak,609,1
weak,610,1
weak,611,1
weak,612,1
weak,613,1
weak,614,1
weak,615,1
weak,616,1
weak,617,1
weak,618,1
weak,619,1
weak,620,1
weak,621,1
weak,622,1
weak,623,1
weak,624,1
weak,625,1
weak,626,1
weak,627,1
weak,628,1
weak,629,1
weak,630,1
weak,631,1
weak,632,1
weak,633,1
weak,634,1
weak,635,1
weak,636,1
weak,637,1
weak,638,1
weak,639,1
weak,640,1
weak,641,1
weak,642,1
weak,643,1
weak,644,1
weak,645,1
weak,646,1
weak,647,1
weak,648,1
weak,649,1
weak,650,1
weak,651,1
weak,652,1
weak,653,1
weak,654,1
weak,655,1
weak,656,1
weak,657,1
weak,658,1
weak,659,1
weak,660,1
weak,661,1
weak,662,1
weak,663,1
weak,664,1
weak,665,1
weak,666,1
weak,667,1
weak,668,1
weak,669,1
weak,670,1
weak,671,1
weak,672,1
weak,673,1
weak,674,1
weak,675,1
weak,676,1
weak,677,1
weak,678,1
weak,679,1
weak,680,1
weak,681,1
weak,682,1
weak,683,1
weak,684,1
weak,685,1
weak,686,1
weak,687,1
weak,688,1
weak,689,1
weak,690,1
weak,691,1
weak,692,1
weak,693,1
weak,694,1
weak,695,1
weak,696,1
weak,697,1
weak,698,1
weak,699,1
weak,700,1
weak,701,1
weak,702,1
weak,703,1
weak,704,1
weak,705,1
weak,706,1
weak,707,1
weak,708,1
weak,709,1
weak,710,1
weak,711,1
weak,712,1
weak,713,1
weak,714,1
weak,715,1
weak,716,1
weak,717,1
weak,718,1
weak,719,1
weak,720,1
weak,721,1
weak,722,1
weak,723,1
weak,724,1
weak,725,1
weak,726,1
weak,727,1
weak,728,1
weak,729,1
weak,730,1
weak,731,1
weak,732,1
weak,733,1
weak,734,1
weak,735,1
weak,736,1
weak,737,1
weak,738,1
weak,739,1
weak,740,1
weak,741,1
weak,742,1
weak,743,1
weak,744,1
weak,745,1
weak,746,1
weak,747,1
weak,748,1
weak,749,1
weak,750,1
weak,751,1
weak,752,1
weak,753,1
weak,754,1
weak,755,1
weak,756,1
weak,757,1
weak,758,1
weak,759,1
weak,760,1
weak,761,1
weak,762,1
weak,763,1
weak,764,1
weak,765,1
weak,766,1
weak,767,1
weak,768,1
weak,769,1
weak,770,1
weak,771,1
weak,772,1
weak,773,1
weak,774,1
weak,775,1
weak,776,1
weak,777,1
weak,778,1
weak,779,1
weak,780,1
weak,781,1
weak,782,1
weak,783,1
weak,784,1
weak,785,1
weak,786,1
weak,787,1
weak,788,1
weak,789,1
weak,790,1
weak,791,1
weak,792,1
weak,793,1
weak,794,1
weak,795,1
weak,796,1
weak,797,1
weak,798,1
weak,799,1
weak,800,1
weak,801,1
weak,802,1
weak,803,1
weak,804,1
weak,805,1
weak,806,1
weak,807,1
weak,808,1
weak,809,1
weak,810,1
weak,811,1
weak,812,1
weak,813,1
weak,814,1
weak,815,1
weak,816,1
weak,817,1
weak,818,1
weak,819,1
weak,820,1
weak,821,1
weak,822,1
weak,823,1
weak,824,1
weak,825,1
weak,826,1
weak,827,1
weak,828,1
weak,829,1
weak,830,1
weak,831,1
weak,832,1
weak,833,1
weak,834,1
weak,835,1
weak,836,1
weak,837,1
weak,838,1
weak,839,1
weak,840,1
weak,841,1
weak,842,1
weak,843,1
weak,844,1
weak,845,1
weak,846,1
weak,847,1
weak,848,1
weak,849,1
weak,850,1
weak,851,1
weak,852,1
weak,853,1
weak,854,1
weak,855,1
weak,856,1
weak,857,1
weak,858,1
weak,859,1
weak,860,1
weak,861,1
weak,862,1
weak,863,1
weak,864,1
weak,865,1
weak,866,1
weak,867,1
weak,868,1
weak,869,1
weak,870,1
weak,871,1
weak,872,1
weak,873,1
weak,874,1
weak,875,1
weak,876,1
weak,877,1
weak,878,1
weak,879,1
weak,880,1
weak,881,1
weak,882,1
weak,883,1
weak,884,1
weak,885,1
weak,886,1
weak,887,1
weak,888,1
weak,889,1
weak,890,1
weak,891,1
weak,892,1
weak,893,1
weak,894,1
weak,895,1
weak,896,1
weak,897,1
weak,898,1
weak,899,1
weak,900,1
weak,901,1
weak,902,1
weak,903,1
weak,904,1
weak,905,1
weak,906,1
weak,907,1
weak,908,1
weak,909,1
weak,910,1
weak,911,1
weak,912,1
weak,913,1
weak,914,1
weak,915,1
weak,916,1
weak,917,1
weak,918,1
weak,919,1
weak,920,1
weak,921,1
weak,922,1
weak,923,1
weak,924,1
weak,925,1
weak,926,1
weak,927,1
weak,928,1
weak,929,1
weak,930,1
weak,931,1
weak,932,1
weak,933,1
weak,934,1
weak,935,1
weak,936,1
weak,937,1
weak,938,1
weak,939,1
weak,940,1
weak,941,1
weak,942,1
weak,943,1
weak,944,1
weak,945,1
weak,946,1
weak,947,1
weak,948,1
weak,949,1
weak,950,1
weak,951,1
weak,952,1
weak,953,1
weak,954,1
weak,955,1
weak,956,1
weak,957,1
weak,958,1
weak,959,1
weak,960,1
weak,961,1
weak,962,1
weak,963,1
weak,964,1
weak,965,1
weak,966,1
weak,967,1
weak,968,1
weak,969,1
weak,970,1
weak,971,1
weak,972,1
weak,973,1
weak,974,1
weak,975,1
weak,976,1
weak,977,1
weak,978,1
weak,979,1
weak,980,1
weak,981,1
weak,982,1
weak,983,1
weak,984,1
weak,985,1
weak,986,1
weak,987,1
weak,988,1
weak,989,1
weak,990,1
weak,991,1
weak,992,1
weak,993,1
weak,994,1
weak,995,1
weak,996,1
weak,997,1
weak,998,1
weak,999,1
weak,1000,1
weak,1001,1
weak,1002,1
weak,1003,1
weak,1004,1
weak,1005,1
weak,1006,1
weak,1007,1
weak,1008,1
weak,1009,1
weak,1010,1
weak,1011,1
weak,1012,1
weak,1013,1
weak,1014,1
weak,1015,1
weak,1016,1
weak,1017,1
weak,1018,1
weak,1019,1
weak,1020,1
weak,1021,1
weak,1022,1
weak,1023,1
weak,1024,1
weak,1025,1
weak,1026,1
weak,1027,1
weak,1028,1
weak,1029,1
weak,1030,1
weak,1031,1
weak,1032,1
weak,1033,1
weak,1034,1
weak,1035,1
weak,1036,1
weak,1037,1
weak,1038,1
weak,1039,1
weak,1040,1
weak,1041,1
weak,1042,1
weak,1043,1
weak,1044,1
weak,1045,1
weak,1046,1
weak,1047,1
weak,1048,1
weak,1049,1
weak,1050,1
weak,1051,1
weak,1052,1
weak,1053,1
weak,1054,1
weak,1055,1
weak,1056,1
weak,1057,1
weak,1058,1
weak,1059,1
weak,1060,1
weak,1061,1
weak,1062,1
weak,1063,1
weak,1064,1
weak,1065,1
weak,1066,1
weak,1067,1
weak,1068,1
weak,1069,1
weak,1070,1
weak,1071,1
weak,1072,1
weak,1073,1
weak,1074,1
weak,1075,1
weak,1076,1
weak,1077,1
weak,1078,1
weak,1079,1
weak,1080,1
weak,1081,1
weak,1082,1
weak,1083,1
weak,1084,1
weak,1085,1
weak,1086,1
weak,1087,1
weak,1088,1
weak,1089,1
weak,1090,1
weak,1091,1
weak,1092,1
weak,1093,1
weak,1094,1
weak,1095,1
weak,1096,1
weak,1097,1
weak,1098,1
weak,1099,1
weak,1100,1
weak,1101,1
weak,1102,1
weak,1103,1
weak,1104,1
weak,1105,1
weak,1106,1
weak,1107,1
weak,1108,1
weak,1109,1
weak,1110,1
weak,1111,1
weak,1112,1
weak,1113,1
weak,1114,1
weak,1115,1
weak,1116,1
weak,1117,1
weak,1118,1
weak,1119,1
weak,1120,1
weak,1121,1
weak,1122,1
weak,1123,1
weak,1124,1
weak,1125,1
weak,1126,1
weak,1127,1
weak,1128,1
weak,1129,1
weak,1130,1
weak,1131,1
weak,1132,1
weak,1133,1
weak,1134,1
weak,1135,1
weak,1136,1
weak,1137,1
weak,1138,1
weak,1139,1
weak,1140,1
weak,1141,1
weak,1142,1
weak,1143,1
weak,1144,1
weak,1145,1
weak,1146,1
weak,1147,1
weak,1148,1
weak,1149,1
weak,1150,1
weak,1151,1
weak,1152,1
weak,1153,1
weak,1154,1
weak,1155,1
weak,1156,1
weak,1157,1
weak,1158,1
weak,1159,1
weak,1160,1
weak,1161,1
weak,1162,1
weak,1163,1
weak,1164,1
weak,1165,1
weak,1166,1
weak,1167,1
weak,1168,1
weak,1169,1
weak,1170,1
weak,1171,1
weak,1172,1
weak,1173,1
weak,1174,1
weak,1175,1
weak,1176,1
weak,1177,1
weak,1178,1
weak,1179,1
weak,1180,1
weak,1181,1
weak,1182,1
weak,1183,1
weak,1184,1
weak,1185,1
weak,1186,1
weak,1187,1
weak,1188,1
weak,1189,1
weak,1190,1
weak,1191,1
weak,1192,1
weak,1193,1
weak,1194,1
weak,1195,1
weak,1196,1
weak,1197,1
weak,1198,1
weak,1199,1
weak,1200,1
weak,1201,1
weak,1202,1
weak,1203,1
weak,1204,1
weak,1205,1
weak,1206,1
weak,1207,1
weak,1208,1
weak,1209,1
weak,1210,1
weak,1211,1
weak,1212,1
weak,1213,1
weak,1214,1
weak,1215,1
weak,1216,1
weak,1217,1
weak,1218,1
weak,1219,1
weak,1220,1
weak,1221,1
weak,1222,1
weak,1223,1
weak,1224,1
weak,1225,1
weak,1226,1
weak,1227,1
weak,1228,1
weak,1229,1
weak,1230,1
weak,1231,1
weak,1232,1
weak,1233,1
weak,1234,1
weak,1235,1
weak,1236,1
weak,1237,1
weak,1238,1
weak,1239,1
weak,1240,1
weak,1241,1
weak,1242,1
weak,1243,1
weak,1244,1
weak,1245,1
weak,1246,1
weak,1247,1
weak,1248,1
weak,1249,1
weak,1250,1
weak,1251,1
weak,1252,1
weak,1253,1
weak,1254,1
weak,1255,1
weak,1256,1
weak,1257,1
weak,1258,1
weak,1259,1
weak,1260,1
weak,1261,1
weak,1262,1
weak,1263,1
weak,1264,1
weak,1265,1
weak,1266,1
weak,1267,1
weak,1268,1
weak,1269,1
weak,1270,1
weak,1271,1
weak,1272,1
weak,1273,1
weak,1274,1
weak,1275,1
weak,1276,1
weak,1277,1
weak,1278,1
weak,1279,1
weak,1280,1
weak,1281,1
weak,1282,1
weak,1283,1
weak,1284,1
weak,1285,1
weak,1286,1
weak,1287,1
weak,1288,1
weak,1289,1
weak,1290,1
weak,1291,1
weak,1292,1
weak,1293,1
weak,1294,1
weak,1295,1
weak,1296,1
weak,1297,1
weak,1298,1
weak,1299,1
weak,1300,1
weak,1301,1
weak,1302,1
weak,1303,1
weak,1304,1
weak,1305,1
weak,1306,1
weak,1307,1
weak,1308,1
weak,1309,1
weak,1310,1
weak,1311,1
weak,1312,1
weak,1313,1
weak,1314,1
weak,1315,1
weak,1316,1
weak,1317,1
weak,1318,1
weak,1319,1
weak,1320,1
weak,1321,1
weak,1322,1
weak,1323,1
weak,1324,1
weak,1325,1
weak,1326,1
weak,1327,1
weak,1328,1
weak,1329,1
weak,1330,1
weak,1331,1
weak,1332,1
weak,1333,1
weak,1334,1
weak,1335,1
weak,1336,1
weak,1337,1
weak,1338,1
weak,1339,1
weak,1340,1
weak,1341,1
weak,1342,1
weak,1343,1
weak,1344,1
weak,1345,1
weak,1346,1
weak,1347,1
weak,1348,1
weak,1349,1
weak,1350,1
weak,1351,1
weak,1352,1
weak,1353,1
weak,1354,1
weak,1355,1
weak,1356,1
weak,1357,1
weak,1358,1
weak,1359,1
weak,1360,1
weak,1361,1
weak,1362,1
weak,1363,1
weak,1364,1
weak,1365,1
weak,1366,1
weak,1367,1
weak,1368,1
weak,1369,1
weak,1370,1
weak,1371,1
weak,1372,1
weak,1373,1
weak,1374,1
weak,1375,1
weak,1376,1
weak,1377,1
weak,1378,1
weak,1379,1
weak,1380,1
weak,1381,1
weak,1382,1
weak,1383,1
weak,1384,1
weak,1385,1
weak,1386,1
weak,1387,1
weak,1388,1
weak,1389,1
weak,1390,1
weak,1391,1
weak,1392,1
weak,1393,1
weak,1394,1
weak,1395,1
weak,1396,1
weak,1397,1
weak,1398,1
weak,1399,1
weak,1400,1
weak,1401,1
weak,1402,1
weak,1403,1
weak,1404,1
weak,1405,1
weak,1406,1
weak,1407,1
weak,1408,1
weak,1409,1
weak,1410,1
weak,1411,1
weak,1412,1
weak,1413,1
weak,1414,1
weak,1415,1
weak,1416,1
weak,1417,1
weak,1418,1
weak,1419,1
weak,1420,1
weak,1421,1
weak,1422,1
weak,1423,1
weak,1424,1
weak,1425,1
weak,1426,1
weak,1427,1
weak,1428,1
weak,1429,1
weak,1430,1
weak,1431,1
weak,1432,1
weak,1433,1
weak,1434,1
weak,1435,1
weak,1436,1
weak,1437,1
weak,1438,1
weak,1439,1
weak,1440,1
weak,1441,1
weak,1442,1
weak,1443,1
weak,1444,1
weak,1445,1
weak,1446,1
weak,1447,1
weak,1448,1
weak,1449,1
weak,1450,1
weak,1451,1
weak,1452,1
weak,1453,1
weak,1454,1
weak,1455,1
weak,1456,1
weak,1457,1
weak,1458,1
weak,1459,1
weak,1460,1
weak,1461,1
weak,1462,1
weak,1463,1
weak,1464,1
weak,1465,1
weak,1466,1
weak,1467,1
weak,1468,1
weak,1469,1
weak,1470,1
weak,1471,1
weak,1472,1
weak,1473,1
weak,1474,1
weak,1475,1
weak,1476,1
weak,1477,1
weak,1478,1
weak,1479,1
weak,1480,1
weak,1481,1
weak,1482,1
weak,1483,1
weak,1484,1
weak,1485,1
weak,1486,1
weak,1487,1
weak,1488,1
weak,1489,1
weak,1490,1
weak,1491,1
weak,1492,1
weak,1493,1
weak,1494,1
weak,1495,1
weak,1496,1
weak,1497,1
weak,1498,1
weak,1499,1
weak,1500,1
weak,1501,1
weak,1502,1
weak,1503,1
weak,1504,1
weak,1505,1
weak,1506,1
weak,1507,1
weak,1508,1
weak,1509,1
weak,1510,1
weak,1511,1
weak,1512,1
weak,1513,1
weak,1514,1
weak,1515,1
weak,1516,1
weak,1517,1
weak,1518,1
weak,1519,1
weak,1520,1
weak,1521,1
weak,1522,1
weak,1523,1
weak,1524,1
weak,1525,1
weak,1526,1
weak,1527,1
weak,1528,1
weak,1529,1
weak,1530,1
weak,1531,1
weak,1532,1
weak,1533,1
weak,1534,1
weak,1535,1
weak,1536,1
weak,1537,1
weak,1538,1
weak,1539,1
weak,1540,1
weak,1541,1
weak,1542,1
weak,1543,1
weak,1544,1
weak,1545,1
weak,1546,1
weak,1547,1
weak,1548,1
weak,1549,1
weak,1550,1
weak,1551,1
weak,1552,1
weak,1553,1
weak,1554,1
weak,1555,1
weak,1556,1
weak,1557,1
weak,1558,1
weak,1559,1
weak,1560,1
weak,1561,1
weak,1562,1
weak,1563,1
weak,1564,1
weak,1565,1
weak,1566,1
weak,1567,1
weak,1568,1
weak,1569,1
weak,1570,1
weak,1571,1
weak,1572,1
weak,1573,1
weak,1574,1
weak,1575,1
weak,1576,1
weak,1577,1
weak,1578,1
weak,1579,1
weak,1580,1
weak,1581,1
weak,1582,1
weak,1583,1
weak,1584,1
weak,1585,1
weak,1586,1
weak,1587,1
weak,1588,1
weak,1589,1
weak,1590,1
weak,1591,1
weak,1592,1
weak,1593,1
weak,1594,1
weak,1595,1
weak,1596,1
weak,1597,1
weak,1598,1
weak,1599,1
weak,1600,1
weak,1601,1
weak,1602,1
weak,1603,1
weak,1604,1
weak,1605,1
weak,1606,1
weak,1607,1
weak,1608,1
weak,1609,1
weak,1610,1
weak,1611,1
weak,1612,1
weak,1613,1
weak,1614,1
weak,1615,1
weak,1616,1
weak,1617,1
weak,1618,1
weak,1619,1
weak,1620,1
weak,1621,1
weak,1622,1
weak,1623,1
weak,1624,1
weak,1625,1
weak,1626,1
weak,1627,1
weak,1628,1
weak,1629,1
weak,1630,1
weak,1631,1
weak,1632,1
weak,1633,1
weak,1634,1
weak,1635,1
weak,1636,1
weak,1637,1
weak,1638,1
weak,1639,1
weak,1640,1
weak,1641,1
weak,1642,1
weak,1643,1
weak,1644,1
weak,1645,1
weak,1646,1
weak,1647,1
weak,1648,1
weak,1649,1
weak,1650,1
weak,1651,1
weak,1652,1
weak,1653,1
weak,1654,1
weak,1655,1
weak,1656,1
weak,1657,1
weak,1658,1
weak,1659,1
weak,1660,1
weak,1661,1
weak,1662,1
weak,1663,1
weak,1664,1
weak,1665,1
weak,1666,1
weak,1667,1
weak,1668,1
weak,1669,1
weak,1670,1
weak,1671,1
weak,1672,1
weak,1673,1
weak,1674,1
weak,1675,1
weak,1676,1
weak,1677,1
weak,1678,1
weak,1679,1
weak,1680,1
weak,1681,1
weak,1682,1
weak,1683,1
weak,1684,1
weak,1685,1
weak,1686,1
weak,1687,1
weak,1688,1
weak,1689,1
weak,1690,1
weak,1691,1
weak,1692,1
weak,1693,1
weak,1694,1
weak,1695,1
weak,1696,1
weak,1697,1
weak,1698,1
weak,1699,1
weak,1700,1
weak,1701,1
weak,1702,1
weak,1703,1
weak,1704,1
weak,1705,1
weak,1706,1
weak,1707,1
weak,1708,1
weak,1709,1
weak,1710,1
weak,1711,1
weak,1712,1
weak,1713,1
weak,1714,1
weak,1715,1
weak,1716,1
weak,1717,1
weak,1718,1
weak,1719,1
weak,1720,1
weak,1721,1
weak,1722,1
weak,1723,1
weak,1724,1
weak,1725,1
weak,1726,1
weak,1727,1
weak,1728,1
weak,1729,1
weak,1730,1
weak,1731,1
weak,1732,1
weak,1733,1
weak,1734,1
weak,1735,1
weak,1736,1
weak,1737,1
weak,1738,1
weak,1739,1
weak,1740,1
weak,1741,1
weak,1742,1
weak,1743,1
weak,1744,1
weak,1745,1
weak,1746,1
weak,1747,1
weak,1748,1
weak,1749,1
weak,1750,1
weak,1751,1
weak,1752,1
weak,1753,1
weak,1754,1
weak,1755,1
weak,1756,1
weak,1757,1
weak,1758,1
weak,1759,1
weak,1760,1
weak,1761,1
weak,1762,1
weak,1763,1
weak,1764,1
weak,1765,1
weak,1766,1
weak,1767,1
weak,1768,1
weak,1769,1
weak,1770,1
weak,1771,1
weak,1772,1
weak,1773,1
weak,1774,1
weak,1775,1
weak,1776,1
weak,1777,1
weak,1778,1
weak,1779,1
weak,1780,1
weak,1781,1
weak,1782,1
weak,1783,1
weak,1784,1
weak,1785,1
weak,1786,1
weak,1787,1
weak,1788,1
weak,1789,1
weak,1790,1
weak,1791,1
weak,1792,1
weak,1793,1
weak,1794,1
weak,1795,1
weak,1796,1
weak,1797,1
weak,1798,1
weak,1799,1
weak,1800,1
weak,1801,1
weak,1802,1
weak,1803,1
weak,1804,1
weak,1805,1
weak,1806,1
weak,1807,1
weak,1808,1
weak,1809,1
weak,1810,1
weak,1811,1
weak,1812,1
weak,1813,1
weak,1814,1
weak,1815,1
weak,1816,1
weak,1817,1
weak,1818,1
weak,1819,1
weak,1820,1
weak,1821,1
weak,1822,1
weak,1823,1
weak,1824,1
weak,1825,1
weak,1826,1
weak,1827,1
weak,1828,1
weak,1829,1
weak,1830,1
weak,1831,1
weak,1832,1
weak,1833,1
weak,1834,1
weak,1835,1
weak,1836,1
weak,1837,1
weak,1838,1
weak,1839,1
weak,1840,1
weak,1841,1
weak,1842,1
weak,1843,1
weak,1844,1
weak,1845,1
weak,1846,1
weak,1847,1
weak,1848,1
weak,1849,1
weak,1850,1
weak,1851,1
weak,1852,1
weak,1853,1
weak,1854,1
weak,1855,1
weak,1856,1
weak,1857,1
weak,1858,1
weak,1859,1
weak,1860,1
weak,1861,1
weak,1862,1
weak,1863,1
weak,1864,1
weak,1865,1
weak,1866,1
weak,1867,1
weak,1868,1
weak,1869,1
weak,1870,1
weak,1871,1
weak,1872,1
weak,1873,1
weak,1874,1
weak,1875,1
weak,1876,1
weak,1877,1
weak,1878,1
weak,1879,1
weak,1880,1
weak,1881,1
weak,1882,1
weak,1883,1
weak,1884,1
weak,1885,1
weak,1886,1
weak,1887,1
weak,1888,1
weak,1889,1
weak,1890,1
weak,1891,1
weak,1892,1
weak,1893,1
weak,1894,1
weak,1895,1
weak,1896,1
weak,1897,1
weak,1898,1
weak,1899,1
weak,1900,1
weak,1901,1
weak,1902,1
weak,1903,1
weak,1904,1
weak,1905,1
weak,1906,1
weak,1907,1
weak,1908,1
weak,1909,1
weak,1910,1
weak,1911,1
weak,1912,1
weak,1913,1
weak,1914,1
weak,1915,1
weak,1916,1
weak,1917,1
weak,1918,1
weak,1919,1
weak,1920,1
weak,1921,1
weak,1922,1
weak,1923,1
weak,1924,1
weak,1925,1
weak,1926,1
weak,1927,1
weak,1928,1
weak,1929,1
weak,1930,1
weak,1931,1
weak,1932,1
weak,1933,1
weak,1934,1
weak,1935,1
weak,1936,1
weak,1937,1
weak,1938,1
weak,1939,1
weak,1940,1
weak,1941,1
weak,1942,1
weak,1943,1
weak,1944,1
weak,1945,1
weak,1946,1
weak,1947,1
weak,1948,1
weak,1949,1
weak,1950,1
weak,1951,1
weak,1952,1
weak,1953,1
weak,1954,1
weak,1955,1
weak,1956,1
weak,1957,1
weak,1958,1
weak,1959,1
weak,1960,1
weak,1961,1
weak,1962,1
weak,1963,1
weak,1964,1
weak,1965,1
weak,1966,1
weak,1967,1
weak,1968,1
weak,1969,1
weak,1970,1
weak,1971,1
weak,1972,1
weak,1973,1
weak,1974,1
weak,1975,1
weak,1976,1
weak,1977,1
weak,1978,1
weak,1979,1
weak,1980,1
weak,1981,1
weak,1982,1
weak,1983,1
weak,1984,1
weak,1985,1
weak,1986,1
weak,1987,1
weak,1988,1
weak,1989,1
weak,1990,1
weak,1991,1
weak,1992,1
weak,1993,1
weak,1994,1
weak,1995,1
weak,1996,1
weak,1997,1
weak,1998,1
weak,1999,1
weak,2000,1
weak,2001,1
weak,2002,1
weak,2003,1
weak,2004,1
weak,2005,1
weak,2006,1
weak,2007,1
weak,2008,1
weak,2009,1
weak,2010,1
weak,2011,1
weak,2012,1
weak,2013,1
weak,2014,1
weak,2015,1
weak,2016,1
weak,2017,1
weak,2018,1
weak,2019,1
weak,2020,1
weak,2021,1
weak,2022,1
weak,2023,1
weak,2024,1
weak,2025,1
weak,2026,1
weak,2027,1
weak,2028,1
weak,2029,1
weak,2030,1
weak,2031,1
weak,2032,1
weak,2033,1
weak,2034,1
weak,2035,1
weak,2036,1
weak,2037,1
weak,2038,1
weak,2039,1
weak,2040,1
weak,2041,1
weak,2042,1
weak,2043,1
weak,2044,1
weak,2045,1
weak,2046,1
weak,2047,1
weak,2048,1
weak,2049,1
weak,2050,1
weak,2051,1
weak,2052,1
weak,2053,1
weak,2054,1
weak,2055,1
weak,2056,1
weak,2057,1
weak,2058,1
weak,2059,1
weak,2060,1
weak,2061,1
weak,2062,1
weak,2063,1
weak,2064,1
weak,2065,1
weak,2066,1
weak,2067,1
weak,2068,1
weak,2069,1
weak,2070,1
weak,2071,1
weak,2072,1
weak,2073,1
weak,2074,1
weak,2075,1
weak,2076,1
weak,2077,1
weak,2078,1
weak,2079,1
weak,2080,1
weak,2081,1
weak,2082,1
weak,2083,1
weak,2084,1
weak,2085,1
weak,2086,1
weak,2087,1
weak,2088,1
weak,2089,1
weak,2090,1
weak,2091,1
weak,2092,1
weak,2093,1
weak,2094,1
weak,2095,1
weak,2096,1
weak,2097,1
weak,2098,1
weak,2099,1
weak,2100,1
weak,2101,1
weak,2102,1
weak,2103,1
weak,2104,1
weak,2105,1
weak,2106,1
weak,2107,1
weak,2108,1
weak,2109,1
weak,2110,1
weak,2111,1
weak,2112,1
weak,2113,1
weak,2114,1
weak,2115,1
weak,2116,1
weak,2117,1
weak,2118,1
weak,2119,1
weak,2120,1
weak,2121,1
weak,2122,1
weak,2123,1
weak,2124,1
weak,2125,1
weak,2126,1
weak,2127,1
weak,2128,1
weak,2129,1
weak,2130,1
weak,2131,1
weak,2132,1
weak,2133,1
weak,2134,1
weak,2135,1
weak,2136,1
weak,2137,1
weak,2138,1
weak,2139,1
weak,2140,1
weak,2141,1
weak,2142,1
weak,2143,1
weak,2144,1
weak,2145,1
weak,2146,1
weak,2147,1
weak,2148,1
weak,2149,1
weak,2150,1
weak,2151,1
weak,2152,1
weak,2153,1
weak,2154,1
weak,2155,1
weak,2156,1
weak,2157,1
weak,2158,1
weak,2159,1
weak,2160,1
weak,2161,1
weak,2162,1
weak,2163,1
weak,2164,1
weak,2165,1
weak,2166,1
weak,2167,1
weak,2168,1
weak,2169,1
weak,2170,1
weak,2171,1
weak,2172,1
weak,2173,1
weak,2174,1
weak,2175,1
weak,2176,1
weak,2177,1
weak,2178,1
weak,2179,1
weak,2180,1
weak,2181,1
weak,2182,1
weak,2183,1
weak,2184,1
weak,2185,1
weak,2186,1
weak,2187,1
weak,2188,1
weak,2189,1
weak,2190,1
weak,2191,1
weak,2192,1
weak,2193,1
weak,2194,1
weak,2195,1
weak,2196,1
weak,2197,1
weak,2198,1
weak,2199,1
weak,2200,1
weak,2201,1
weak,2202,1
weak,2203,1
weak,2204,1
weak,2205,1
weak,2206,1
weak,2207,1
weak,2208,1
weak,2209,1
weak,2210,1
weak,2211,1
weak,2212,1
weak,2213,1
weak,2214,1
weak,2215,1
weak,2216,1
weak,2217,1
weak,2218,1
weak,2219,1
weak,2220,1
weak,2221,1
weak,2222,1
weak,2223,1
weak,2224,1
weak,2225,1
weak,2226,1
weak,2227,1
weak,2228,1
weak,2229,1
weak,2230,1
weak,2231,1
weak,2232,1
weak,2233,1
weak,2234,1
weak,2235,1
weak,2236,1
weak,2237,1
weak,2238,1
weak,2239,1
weak,2240,1
weak,2241,1
weak,2242,1
weak,2243,1
weak,2244,1
weak,2245,1
weak,2246,1
weak,2247,1
weak,2248,1
weak,2249,1
weak,2250,1
weak,2251,1
weak,2252,1
weak,2253,1
weak,2254,1
weak,2255,1
weak,2256,1
weak,2257,1
weak,2258,1
weak,2259,1
weak,2260,1
weak,2261,1
weak,2262,1
weak,2263,1
weak,2264,1
weak,2265,1
weak,2266,1
weak,2267,1
weak,2268,1
weak,2269,1
weak,2270,1
weak,2271,1
weak,2272,1
weak,2273,1
weak,2274,1
weak,2275,1
weak,2276,1
weak,2277,1
weak,2278,1
weak,2279,1
weak,2280,1
weak,2281,1
weak,2282,1
weak,2283,1
weak,2284,1
weak,2285,1
weak,2286,1
weak,2287,1
weak,2288,1
weak,2289,1
weak,2290,1
weak,2291,1
weak,2292,1
weak,2293,1
weak,2294,1
weak,2295,1
weak,2296,1
weak,2297,1
weak,2298,1
weak,2299,1
weak,2300,1
weak,2301,1
weak,2302,1
weak,2303,1
weak,2304,1
weak,2305,1
weak,2306,1
weak,2307,1
weak,2308,1
weak,2309,1
weak,2310,1
weak,2311,1
weak,2312,1
weak,2313,1
weak,2314,1
weak,2315,1
weak,2316,1
weak,2317,1
weak,2318,1
weak,2319,1
weak,2320,1
weak,2321,1
weak,2322,1
weak,2323,1
weak,2324,1
weak,2325,1
weak,2326,1
weak,2327,1
weak,2328,1
weak,2329,1
weak,2330,1
weak,2331,1
weak,2332,1
weak,2333,1
weak,2334,1
weak,2335,1
weak,2336,1
weak,2337,1
weak,2338,1
weak,2339,1
weak,2340,1
weak,2341,1
weak,2342,1
weak,2343,1
weak,2344,1
weak,2345,1
weak,2346,1
weak,2347,1
weak,2348,1
weak,2349,1
weak,2350,1
weak,2351,1
weak,2352,1
weak,2353,1
weak,2354,1
weak,2355,1
weak,2356,1
weak,2357,1
weak,2358,1
weak,2359,1
weak,2360,1
weak,2361,1
weak,2362,1
weak,2363,1
weak,2364,1
weak,2365,1
weak,2366,1
weak,2367,1
weak,2368,1
weak,2369,1
weak,2370,1
weak,2371,1
weak,2372,1
weak,2373,1
weak,2374,1
weak,2375,1
weak,2376,1
weak,2377,1
weak,2378,1
weak,2379,1
weak,2380,1
weak,2381,1
weak,2382,1
weak,2383,1
weak,2384,1
weak,2385,1
weak,2386,1
weak,2387,1
weak,2388,1
weak,2389,1
weak,2390,1
weak,2391,1
weak,2392,1
weak,2393,1
weak,2394,1
weak,2395,1
weak,2396,1
weak,2397,1
weak,2398,1
weak,2399,1
weak,2400,1
weak,2401,1
weak,2402,1
weak,2403,1
weak,2404,1
weak,2405,1
weak,2406,1
weak,2407,1
weak,2408,1
weak,2409,1
weak,2410,1
weak,2411,1
weak,2412,1
weak,2413,1
weak,2414,1
weak,2415,1
weak,2416,1
weak,2417,1
weak,2418,1
weak,2419,1
weak,2420,1
weak,2421,1
weak,2422,1
weak,2423,1
weak,2424,1
weak,2425,1
weak,2426,1
weak,2427,1
weak,2428,1
weak,2429,1
weak,2430,1
weak,2431,1
weak,2432,1
weak,2433,1
weak,2434,1
weak,2435,1
weak,2436,1
weak,2437,1
weak,2438,1
weak,2439,1
weak,2440,1
weak,2441,1
weak,2442,1
weak,2443,1
weak,2444,1
weak,2445,1
weak,2446,1
weak,2447,1
weak,2448,1
weak,2449,1
weak,2450,1
weak,2451,1
weak,2452,1
weak,2453,1
weak,2454,1
weak,2455,1
weak,2456,1
weak,2457,1
weak,2458,1
weak,2459,1
weak,2460,1
weak,2461,1
weak,2462,1
weak,2463,1
weak,2464,1
weak,2465,1
weak,2466,1
weak,2467,1
weak,2468,1
weak,2469,1
weak,2470,1
weak,2471,1
weak,2472,1
weak,2473,1
weak,2474,1
weak,2475,1
weak,2476,1
weak,2477,1
weak,2478,1
weak,2479,1
weak,2480,1
weak,2481,1
weak,2482,1
weak,2483,1
weak,2484,1
weak,2485,1
weak,2486,1
weak,2487,1
weak,2488,1
weak,2489,1
weak,2490,1
weak,2491,1
weak,2492,1
weak,2493,1
weak,2494,1
weak,2495,1
weak,2496,1
weak,2497,1
weak,2498,1
weak,2499,1
weak,2500,1
weak,2501,1
weak,2502,1
weak,2503,1
weak,2504,1
weak,2505,1
weak,2506,1
weak,2507,1
weak,2508,1
weak,2509,1
weak,2510,1
weak,2511,1
weak,2512,1
weak,2513,1
weak,2514,1
weak,2515,1
weak,2516,1
weak,2517,1
weak,2518,1
weak,2519,1
weak,2520,1
weak,2521,1
weak,2522,1
weak,2523,1
weak,2524,1
weak,2525,1
weak,2526,1
weak,2527,1
weak,2528,1
weak,2529,1
weak,2530,1
weak,2531,1
weak,2532,1
weak,2533,1
weak,2534,1
weak,2535,1
weak,2536,1
weak,2537,1
weak,2538,1
weak,2539,1
weak,2540,1
weak,2541,1
weak,2542,1
weak,2543,1
weak,2544,1
weak,2545,1
weak,2546,1
weak,2547,1
weak,2548,1
weak,2549,1
weak,2550,1
weak,2551,1
weak,2552,1
weak,2553,1
weak,2554,1
weak,2555,1
weak,2556,1
weak,2557,1
weak,2558,1
weak,2559,1
weak,2560,1
weak,2561,1
weak,2562,1
weak,2563,1
weak,2564,1
weak,2565,1
weak,2566,1
weak,2567,1
weak,2568,1
weak,2569,1
weak,2570,1
weak,2571,1
weak,2572,1
weak,2573,1
weak,2574,1
weak,2575,1
weak,2576,1
weak,2577,1
weak,2578,1
weak,2579,1
weak,2580,1
weak,2581,1
weak,2582,1
weak,2583,1
weak,2584,1
weak,2585,1
weak,2586,1
weak,2587,1
weak,2588,1
weak,2589,1
weak,2590,1
weak,2591,1
weak,2592,1
weak,2593,1
weak,2594,1
weak,2595,1
weak,2596,1
weak,2597,1
weak,2598,1
weak,2599,1
weak,2600,1
weak,2601,1
weak,2602,1
weak,2603,1
weak,2604,1
weak,2605,1
weak,2606,1
weak,2607,1
weak,2608,1
weak,2609,1
weak,2610,1
weak,2611,1
weak,2612,1
weak,2613,1
weak,2614,1
weak,2615,1
weak,2616,1
weak,2617,1
weak,2618,1
weak,2619,1
weak,2620,1
weak,2621,1
weak,2622,1
weak,2623,1
weak,2624,1
weak,2625,1
weak,2626,1
weak,2627,1
weak,2628,1
weak,2629,1
weak,2630,1
weak,2631,1
weak,2632,1
weak,2633,1
weak,2634,1
weak,2635,1
weak,2636,1
weak,2637,1
weak,2638,1
weak,2639,1
weak,2640,1
weak,2641,1
weak,2642,1
weak,2643,1
weak,2644,1
weak,2645,1
weak,2646,1
weak,2647,1
weak,2648,1
weak,2649,1
weak,2650,1
weak,2651,1
weak,2652,1
weak,2653,1
weak,2654,1
weak,2655,1
weak,2656,1
weak,2657,1
weak,2658,1
weak,2659,1
weak,2660,1
weak,2661,1
weak,2662,1
weak,2663,1
weak,2664,1
weak,2665,1
weak,2666,1
weak,2667,1
weak,2668,1
weak,2669,1
weak,2670,1
weak,2671,1
weak,2672,1
weak,2673,1
weak,2674,1
weak,2675,1
weak,2676,1
weak,2677,1
weak,2678,1
weak,2679,1
weak,2680,1
weak,2681,1
weak,2682,1
weak,2683,1
weak,2684,1
weak,2685,1
weak,2686,1
weak,2687,1
weak,2688,1
weak,2689,1
weak,2690,1
weak,2691,1
weak,2692,1
weak,2693,1
weak,2694,1
weak,2695,1
weak,2696,1
weak,2697,1
weak,2698,1
weak,2699,1
weak,2700,1
weak,2701,1
weak,2702,1
weak,2703,1
weak,2704,1
weak,2705,1
weak,2706,1
weak,2707,1
weak,2708,1
weak,2709,1
weak,2710,1
weak,2711,1
weak,2712,1
weak,2713,1
weak,2714,1
weak,2715,1
weak,2716,1
weak,2717,1
weak,2718,1
weak,2719,1
weak,2720,1
weak,2721,1
weak,2722,1
weak,2723,1
weak,2724,1
weak,2725,1
weak,2726,1
weak,2727,1
weak,2728,1
weak,2729,1
weak,2730,1
weak,2731,1
weak,2732,1
weak,2733,1
weak,2734,1
weak,2735,1
weak,2736,1
weak,2737,1
weak,2738,1
weak,2739,1
weak,2740,1
weak,2741,1
weak,2742,1
weak,2743,1
weak,2744,1
weak,2745,1
weak,2746,1
weak,2747,1
weak,2748,1
weak,2749,1
weak,2750,1
weak,2751,1
weak,2752,1
weak,2753,1
weak,2754,1
weak,2755,1
weak,2756,1
weak,2757,1
weak,2758,1
weak,2759,1
weak,2760,1
weak,2761,1
weak,2762,1
weak,2763,1
weak,2764,1
weak,2765,1
weak,2766,1
weak,2767,1
weak,2768,1
weak,2769,1
weak,2770,1
weak,2771,1
weak,2772,1
weak,2773,1
weak,2774,1
weak,2775,1
weak,2776,1
weak,2777,1
weak,2778,1
weak,2779,1
weak,2780,1
weak,2781,1
weak,2782,1
weak,2783,1
weak,2784,1
weak,2785,1
weak,2786,1
weak,2787,1
weak,2788,1
weak,2789,1
weak,2790,1
weak,2791,1
weak,2792,1
weak,2793,1
weak,2794,1
weak,2795,1
weak,2796,1
weak,2797,1
weak,2798,1
weak,2799,1
weak,2800,1
weak,2801,1
weak,2802,1
weak,2803,1
weak,2804,1
weak,2805,1
weak,2806,1
weak,2807,1
weak,2808,1
weak,2809,1
weak,2810,1
weak,2811,1
weak,2812,1
weak,2813,1
weak,2814,1
weak,2815,1
weak,2816,1
weak,2817,1
weak,2818,1
weak,2819,1
weak,2820,1
weak,2821,1
weak,2822,1
weak,2823,1
weak,2824,1
weak,2825,1
weak,2826,1
weak,2827,1
weak,2828,1
weak,2829,1
weak,2830,1
weak,2831,1
weak,2832,1
weak,2833,1
weak,2834,1
weak,2835,1
weak,2836,1
weak,2837,1
weak,2838,1
weak,2839,1
weak,2840,1
weak,2841,1
weak,2842,1
weak,2843,1
weak,2844,1
weak,2845,1
weak,2846,1
weak,2847,1
weak,2848,1
weak,2849,1
weak,2850,1
weak,2851,1
weak,2852,1
weak,2853,1
weak,2854,1
weak,2855,1
weak,2856,1
weak,2857,1
weak,2858,1
weak,2859,1
weak,2860,1
weak,2861,1
weak,2862,1
weak,2863,1
weak,2864,1
weak,2865,1
weak,2866,1
weak,2867,1
weak,2868,1
weak,2869,1
weak,2870,1
weak,2871,1
weak,2872,1
weak,2873,1
weak,2874,1
weak,2875,1
weak,2876,1
weak,2877,1
weak,2878,1
weak,2879,1
weak,2880,1
weak,2881,1
weak,2882,1
weak,2883,1
weak,2884,1
weak,2885,1
weak,2886,1
weak,2887,1
weak,2888,1
weak,2889,1
weak,2890,1
weak,2891,1
weak,2892,1
weak,2893,1
weak,2894,1
weak,2895,1
weak,2896,1
weak,2897,1
weak,2898,1
weak,2899,1
weak,2900,1
weak,2901,1
weak,2902,1
weak,2903,1
weak,2904,1
weak,2905,1
weak,2906,1
weak,2907,1
weak,2908,1
weak,2909,1
weak,2910,1
weak,2911,1
weak,2912,1
weak,2913,1
weak,2914,1
weak,2915,1
weak,2916,1
weak,2917,1
weak,2918,1
weak,2919,1
weak,2920,1
weak,2921,1
weak,2922,1
weak,2923,1
weak,2924,1
weak,2925,1
weak,2926,1
weak,2927,1
weak,2928,1
weak,2929,1
weak,2930,1
weak,2931,1
weak,2932,1
weak,2933,1
weak,2934,1
weak,2935,1
weak,2936,1
weak,2937,1
weak,2938,1
weak,2939,1
weak,2940,1
weak,2941,1
weak,2942,1
weak,2943,1
weak,2944,1
weak,2945,1
weak,2946,1
weak,2947,1
weak,2948,1
weak,2949,1
weak,2950,1
weak,2951,1
weak,2952,1
weak,2953,1
weak,2954,1
weak,2955,1
weak,2956,1
weak,2957,1
weak,2958,1
weak,2959,1
weak,2960,1
weak,2961,1
weak,2962,1
weak,2963,1
weak,2964,1
weak,2965,1
weak,2966,1
weak,2967,1
weak,2968,1
weak,2969,1
weak,2970,1
weak,2971,1
weak,2972,1
weak,2973,1
weak,2974,1
weak,2975,1
weak,2976,1
weak,2977,1
weak,2978,1
weak,2979,1
weak,2980,1
weak,2981,1
weak,2982,1
weak,2983,1
weak,2984,1
weak,2985,1
weak,2986,1
weak,2987,1
weak,2988,1
weak,2989,1
weak,2990,1
weak,2991,1
weak,2992,1
weak,2993,1
weak,2994,1
weak,2995,1
weak,2996,1
weak,2997,1
weak,2998,1
weak,2999,1
weak,3000,1
weak,3001,1
weak,3002,1
weak,3003,1
weak,3004,1
weak,3005,1
weak,3006,1
weak,3007,1
weak,3008,1
weak,3009,1
weak,3010,1
weak,3011,1
weak,3012,1
weak,3013,1
weak,3014,1
weak,3015,1
weak,3016,1
weak,3017,1
weak,3018,1
weak,3019,1
weak,3020,1
weak,3021,1
weak,3022,1
weak,3023,1
weak,3024,1
weak,3025,1
weak,3026,1
weak,3027,1
weak,3028,1
weak,3029,1
weak,3030,1
weak,3031,1
weak,3032,1
weak,3033,1
weak,3034,1
weak,3035,1
weak,3036,1
weak,3037,1
weak,3038,1
weak,3039,1
weak,3040,1
weak,3041,1
weak,3042,1
weak,3043,1
weak,3044,1
weak,3045,1
weak,3046,1
weak,3047,1
weak,3048,1
weak,3049,1
weak,3050,1
weak,3051,1
weak,3052,1
weak,3053,1
weak,3054,1
weak,3055,1
weak,3056,1
weak,3057,1
weak,3058,1
weak,3059,1
weak,3060,1
weak,3061,1
weak,3062,1
weak,3063,1
weak,3064,1
weak,3065,1
weak,3066,1
weak,3067,1
weak,3068,1
weak,3069,1
weak,3070,1
weak,3071,1
weak,3072,1
weak,3073,1
weak,3074,1
weak,3075,1
weak,3076,1
weak,3077,1
weak,3078,1
weak,3079,1
weak,3080,1
weak,3081,1
weak,3082,1
weak,3083,1
weak,3084,1
weak,3085,1
weak,3086,1
weak,3087,1
weak,3088,1
weak,3089,1
weak,3090,1
weak,3091,1
weak,3092,1
weak,3093,1
weak,3094,1
weak,3095,1
weak,3096,1
weak,3097,1
weak,3098,1
weak,3099,1
weak,3100,1
weak,3101,1
weak,3102,1
weak,3103,1
weak,3104,1
weak,3105,1
weak,3106,1
weak,3107,1
weak,3108,1
weak,3109,1
weak,3110,1
weak,3111,1
weak,3112,1
weak,3113,1
weak,3114,1
weak,3115,1
weak,3116,1
weak,3117,1
weak,3118,1
weak,3119,1
weak,3120,1
weak,3121,1
weak,3122,1
weak,3123,1
weak,3124,1
weak,3125,1
weak,3126,1
weak,3127,1
weak,3128,1
weak,3129,1
weak,3130,1
weak,3131,1
weak,3132,1
weak,3133,1
weak,3134,1
weak,3135,1
weak,3136,1
weak,3137,1
weak,3138,1
weak,3139,1
weak,3140,1
weak,3141,1
weak,3142,1
weak,3143,1
weak,3144,1
weak,3145,1
weak,3146,1
weak,3147,1
weak,3148,1
weak,3149,1
weak,3150,1
weak,3151,1
weak,3152,1
weak,3153,1
weak,3154,1
weak,3155,1
weak,3156,1
weak,3157,1
weak,3158,1
weak,3159,1
weak,3160,1
weak,3161,1
weak,3162,1
weak,3163,1
weak,3164,1
weak,3165,1
weak,3166,1
weak,3167,1
weak,3168,1
weak,3169,1
weak,3170,1
weak,3171,1
weak,3172,1
weak,3173,1
weak,3174,1
weak,3175,1
weak,3176,1
weak,3177,1
weak,3178,1
weak,3179,1
weak,3180,1
weak,3181,1
weak,3182,1
weak,3183,1
weak,3184,1
weak,3185,1
weak,3186,1
weak,3187,1
weak,3188,1
weak,3189,1
weak,3190,1
weak,3191,1
weak,3192,1
weak,3193,1
weak,3194,1
weak,3195,1
weak,3196,1
weak,3197,1
weak,3198,1
weak,3199,1
weak,3200,1
weak,3201,1
weak,3202,1
weak,3203,1
weak,3204,1
weak,3205,1
weak,3206,1
weak,3207,1
weak,3208,1
weak,3209,1
weak,3210,1
weak,3211,1
weak,3212,1
weak,3213,1
weak,3214,1
weak,3215,1
weak,3216,1
weak,3217,1
weak,3218,1
weak,3219,1
weak,3220,1
weak,3221,1
weak,3222,1
weak,3223,1
weak,3224,1
weak,3225,1
weak,3226,1
weak,3227,1
weak,3228,1
weak,3229,1
weak,3230,1
weak,3231,1
weak,3232,1
weak,3233,1
weak,3234,1
weak,3235,1
weak,3236,1
weak,3237,1
weak,3238,1
weak,3239,1
weak,3240,1
weak,3241,1
weak,3242,1
weak,3243,1
weak,3244,1
weak,3245,1
weak,3246,1
weak,3247,1
weak,3248,1
weak,3249,1
weak,3250,1
weak,3251,1
weak,3252,1
weak,3253,1
weak,3254,1
weak,3255,1
weak,3256,1
weak,3257,1
weak,3258,1
weak,3259,1
weak,3260,1
weak,3261,1
weak,3262,1
weak,3263,1
weak,3264,1
weak,3265,1
weak,3266,1
weak,3267,1
weak,3268,1
weak,3269,1
weak,3270,1
weak,3271,1
weak,3272,1
weak,3273,1
weak,3274,1
weak,3275,1
weak,3276,1
weak,3277,1
weak,3278,1
weak,3279,1
weak,3280,1
weak,3281,1
weak,3282,1
weak,3283,1
weak,3284,1
weak,3285,1
weak,3286,1
weak,3287,1
weak,3288,1
weak,3289,1
weak,3290,1
weak,3291,1
weak,3292,1
weak,3293,1
weak,3294,1
weak,3295,1
weak,3296,1
weak,3297,1
weak,3298,1
weak,3299,1
weak,3300,1
weak,3301,1
weak,3302,1
weak,3303,1
weak,3304,1
weak,3305,1
weak,3306,1
weak,3307,1
weak,3308,1
weak,3309,1
weak,3310,1
weak,3311,1
weak,3312,1
weak,3313,1
weak,3314,1
weak,3315,1
weak,3316,1
weak,3317,1
weak,3318,1
weak,3319,1
weak,3320,1
weak,3321,1
weak,3322,1
weak,3323,1
weak,3324,1
weak,3325,1
weak,3326,1
weak,3327,1
weak,3328,1
weak,3329,1
weak,3330,1
weak,3331,1
weak,3332,1
weak,3333,1
weak,3334,1
weak,3335,1
weak,3336,1
weak,3337,1
weak,3338,1
weak,3339,1
weak,3340,1
weak,3341,1
weak,3342,1
weak,3343,1
weak,3344,1
weak,3345,1
weak,3346,1
weak,3347,1
weak,3348,1
weak,3349,1
weak,3350,1
weak,3351,1
weak,3352,1
weak,3353,1
weak,3354,1
weak,3355,1
weak,3356,1
weak,3357,1
weak,3358,1
weak,3359,1
weak,3360,1
weak,3361,1
weak,3362,1
weak,3363,1
weak,3364,1
weak,3365,1
weak,3366,1
weak,3367,1
weak,3368,1
weak,3369,1
weak,3370,1
weak,3371,1
weak,3372,1
weak,3373,1
weak,3374,1
weak,3375,1
weak,3376,1
weak,3377,1
weak,3378,1
weak,3379,1
weak,3380,1
weak,3381,1
weak,3382,1
weak,3383,1
weak,3384,1
weak,3385,1
weak,3386,1
weak,3387,1
weak,3388,1
weak,3389,1
weak,3390,1
weak,3391,1
weak,3392,1
weak,3393,1
weak,3394,1
weak,3395,1
weak,3396,1
weak,3397,1
weak,3398,1
weak,3399,1
weak,3400,1
weak,3401,1
weak,3402,1
weak,3403,1
weak,3404,1
weak,3405,1
weak,3406,1
weak,3407,1
weak,3408,1
weak,3409,1
weak,3410,1
weak,3411,1
weak,3412,1
weak,3413,1
weak,3414,1
weak,3415,1
weak,3416,1
weak,3417,1
weak,3418,1
weak,3419,1
weak,3420,1
weak,3421,1
weak,3422,1
weak,3423,1
weak,3424,1
weak,3425,1
weak,3426,1
weak,3427,1
weak,3428,1
weak,3429,1
weak,3430,1
weak,3431,1
weak,3432,1
weak,3433,1
weak,3434,1
weak,3435,1
weak,3436,1
weak,3437,1
weak,3438,1
weak,3439,1
weak,3440,1
weak,3441,1
weak,3442,1
weak,3443,1
weak,3444,1
weak,3445,1
weak,3446,1
weak,3447,1
weak,3448,1
weak,3449,1
weak,3450,1
weak,3451,1
weak,3452,1
weak,3453,1
weak,3454,1
weak,3455,1
weak,3456,1
weak,3457,1
weak,3458,1
weak,3459,1
weak,3460,1
weak,3461,1
weak,3462,1
weak,3463,1
weak,3464,1
weak,3465,1
weak,3466,1
weak,3467,1
weak,3468,1
weak,3469,1
weak,3470,1
weak,3471,1
weak,3472,1
weak,3473,1
weak,3474,1
weak,3475,1
weak,3476,1
weak,3477,1
weak,3478,1
weak,3479,1
weak,3480,1
weak,3481,1
weak,3482,1
weak,3483,1
weak,3484,1
weak,3485,1
weak,3486,1
weak,3487,1
weak,3488,1
weak,3489,1
weak,3490,1
weak,3491,1
weak,3492,1
weak,3493,1
weak,3494,1
weak,3495,1
weak,3496,1
weak,3497,1
weak,3498,1
weak,3499,1
weak,3500,1
weak,3501,1
weak,3502,1
weak,3503,1
weak,3504,1
weak,3505,1
weak,3506,1
weak,3507,1
weak,3508,1
weak,3509,1
weak,3510,1
weak,3511,1
weak,3512,1
weak,3513,1
weak,3514,1
weak,3515,1
weak,3516,1
weak,3517,1
weak,3518,1
weak,3519,1
weak,3520,1
weak,3521,1
weak,3522,1
weak,3523,1
weak,3524,1
weak,3525,1
weak,3526,1
weak,3527,1
weak,3528,1
weak,3529,1
weak,3530,1
weak,3531,1
weak,3532,1
weak,3533,1
weak,3534,1
weak,3535,1
weak,3536,1
weak,3537,1
weak,3538,1
weak,3539,1
weak,3540,1
weak,3541,1
weak,3542,1
weak,3543,1
weak,3544,1
weak,3545,1
weak,3546,1
weak,3547,1
weak,3548,1
weak,3549,1
weak,3550,1
weak,3551,1
weak,3552,1
weak,3553,1
weak,3554,1
weak,3555,1
weak,3556,1
weak,3557,1
weak,3558,1
weak,3559,1
weak,3560,1
weak,3561,1
weak,3562,1
weak,3563,1
weak,3564,1
weak,3565,1
weak,3566,1
weak,3567,1
weak,3568,1
weak,3569,1
weak,3570,1
weak,3571,1
weak,3572,1
weak,3573,1
weak,3574,1
weak,3575,1
weak,3576,1
weak,3577,1
weak,3578,1
weak,3579,1
weak,3580,1
weak,3581,1
weak,3582,1
weak,3583,1
weak,3584,1
weak,3585,1
weak,3586,1
weak,3587,1
weak,3588,1
weak,3589,1
weak,3590,1
weak,3591,1
weak,3592,1
weak,3593,1
weak,3594,1
weak,3595,1
weak,3596,1
weak,3597,1
weak,3598,1
weak,3599,1
weak,3600,1
weak,3601,1
weak,3602,1
weak,3603,1
weak,3604,1
weak,3605,1
weak,3606,1
weak,3607,1
weak,3608,1
weak,3609,1
weak,3610,1
weak,3611,1
weak,3612,1
weak,3613,1
weak,3614,1
weak,3615,1
weak,3616,1
weak,3617,1
weak,3618,1
weak,3619,1
weak,3620,1
weak,3621,1
weak,3622,1
weak,3623,1
weak,3624,1
weak,3625,1
weak,3626,1
weak,3627,1
weak,3628,1
weak,3629,1
weak,3630,1
weak,3631,1
weak,3632,1
weak,3633,1
weak,3634,1
weak,3635,1
weak,3636,1
weak,3637,1
weak,3638,1
weak,3639,1
weak,3640,1
weak,3641,1
weak,3642,1
weak,3643,1
weak,3644,1
weak,3645,1
weak,3646,1
weak,3647,1
weak,3648,1
weak,3649,1
weak,3650,1
weak,3651,1
weak,3652,1
weak,3653,1
weak,3654,1
weak,3655,1
weak,3656,1
weak,3657,1
weak,3658,1
weak,3659,1
weak,3660,1
weak,3661,1
weak,3662,1
weak,3663,1
weak,3664,1
weak,3665,1
weak,3666,1
weak,3667,1
weak,3668,1
weak,3669,1
weak,3670,1
weak,3671,1
weak,3672,1
weak,3673,1
weak,3674,1
weak,3675,1
weak,3676,1
weak,3677,1
weak,3678,1
weak,3679,1
weak,3680,1
weak,3681,1
weak,3682,1
weak,3683,1
weak,3684,1
weak,3685,1
weak,3686,1
weak,3687,1
weak,3688,1
weak,3689,1
weak,3690,1
weak,3691,1
weak,3692,1
weak,3693,1
weak,3694,1
weak,3695,1
weak,3696,1
weak,3697,1
weak,3698,1
weak,3699,1
weak,3700,1
weak,3701,1
weak,3702,1
weak,3703,1
weak,3704,1
weak,3705,1
weak,3706,1
weak,3707,1
weak,3708,1
weak,3709,1
weak,3710,1
weak,3711,1
weak,3712,1
weak,3713,1
weak,3714,1
weak,3715,1
weak,3716,1
weak,3717,1
weak,3718,1
weak,3719,1
weak,3720,1
weak,3721,1
weak,3722,1
weak,3723,1
weak,3724,1
weak,3725,1
weak,3726,1
weak,3727,1
weak,3728,1
weak,3729,1
weak,3730,1
weak,3731,1
weak,3732,1
weak,3733,1
weak,3734,1
weak,3735,1
weak,3736,1
weak,3737,1
weak,3738,1
weak,3739,1
weak,3740,1
weak,3741,1
weak,3742,1
weak,3743,1
weak,3744,1
weak,3745,1
weak,3746,1
weak,3747,1
weak,3748,1
weak,3749,1
weak,3750,1
weak,3751,1
weak,3752,1
weak,3753,1
weak,3754,1
weak,3755,1
weak,3756,1
weak,3757,1
weak,3758,1
weak,3759,1
weak,3760,1
weak,3761,1
weak,3762,1
weak,3763,1
weak,3764,1
weak,3765,1
weak,3766,1
weak,3767,1
weak,3768,1
weak,3769,1
weak,3770,1
weak,3771,1
weak,3772,1
weak,3773,1
weak,3774,1
weak,3775,1
weak,3776,1
weak,3777,1
weak,3778,1
weak,3779,1
weak,3780,1
weak,3781,1
weak,3782,1
weak,3783,1
weak,3784,1
weak,3785,1
weak,3786,1
weak,3787,1
weak,3788,1
weak,3789,1
weak,3790,1
weak,3791,1
weak,3792,1
weak,3793,1
weak,3794,1
weak,3795,1
weak,3796,1
weak,3797,1
weak,3798,1
weak,3799,1
weak,3800,1
weak,3801,1
weak,3802,1
weak,3803,1
weak,3804,1
weak,3805,1
weak,3806,1
weak,3807,1
weak,3808,1
weak,3809,1
weak,3810,1
weak,3811,1
weak,3812,1
weak,3813,1
weak,3814,1
weak,3815,1
weak,3816,1
weak,3817,1
weak,3818,1
weak,3819,1
weak,3820,1
weak,3821,1
weak,3822,1
weak,3823,1
weak,3824,1
weak,3825,1
weak,3826,1
weak,3827,1
weak,3828,1
weak,3829,1
weak,3830,1
weak,3831,1
weak,3832,1
weak,3833,1
weak,3834,1
weak,3835,1
weak,3836,1
weak,3837,1
weak,3838,1
weak,3839,1
weak,3840,1
weak,3841,1
weak,3842,1
weak,3843,1
weak,3844,1
weak,3845,1
weak,3846,1
weak,3847,1
weak,3848,1
weak,3849,1
weak,3850,1
weak,3851,1
weak,3852,1
weak,3853,1
weak,3854,1
weak,3855,1
weak,3856,1
weak,3857,1
weak,3858,1
weak,3859,1
weak,3860,1
weak,3861,1
weak,3862,1
weak,3863,1
weak,3864,1
weak,3865,1
weak,3866,1
weak,3867,1
weak,3868,1
weak,3869,1
weak,3870,1
weak,3871,1
weak,3872,1
weak,3873,1
weak,3874,1
weak,3875,1
weak,3876,1
weak,3877,1
weak,3878,1
weak,3879,1
weak,3880,1
weak,3881,1
weak,3882,1
weak,3883,1
weak,3884,1
weak,3885,1
weak,3886,1
weak,3887,1
weak,3888,1
weak,3889,1
weak,3890,1
weak,3891,1
weak,3892,1
weak,3893,1
weak,3894,1
weak,3895,1
weak,3896,1
weak,3897,1
weak,3898,1
weak,3899,1
weak,3900,1
weak,3901,1
weak,3902,1
weak,3903,1
weak,3904,1
weak,3905,1
weak,3906,1
weak,3907,1
weak,3908,1
weak,3909,1
weak,3910,1
weak,3911,1
weak,3912,1
weak,3913,1
weak,3914,1
weak,3915,1
weak,3916,1
weak,3917,1
weak,3918,1
weak,3919,1
weak,3920,1
weak,3921,1
weak,3922,1
weak,3923,1
weak,3924,1
weak,3925,1
weak,3926,1
weak,3927,1
weak,3928,1
weak,3929,1
weak,3930,1
weak,3931,1
weak,3932,1
weak,3933,1
weak,3934,1
weak,3935,1
weak,3936,1
weak,3937,1
weak,3938,1
weak,3939,1
weak,3940,1
weak,3941,1
weak,3942,1
weak,3943,1
weak,3944,1
weak,3945,1
weak,3946,1
weak,3947,1
weak,3948,1
weak,3949,1
weak,3950,1
weak,3951,1
weak,3952,1
weak,3953,1
weak,3954,1
weak,3955,1
weak,3956,1
weak,3957,1
weak,3958,1
weak,3959,1
weak,3960,1
weak,3961,1
weak,3962,1
weak,3963,1
weak,3964,1
weak,3965,1
weak,3966,1
weak,3967,1
weak,3968,1
weak,3969,1
weak,3970,1
weak,3971,1
weak,3972,1
weak,3973,1
weak,3974,1
weak,3975,1
weak,3976,1
weak,3977,1
weak,3978,1
weak,3979,1
weak,3980,1
weak,3981,1
weak,3982,1
weak,3983,1
weak,3984,1
weak,3985,1
weak,3986,1
weak,3987,1
weak,3988,1
weak,3989,1
weak,3990,1
weak,3991,1
weak,3992,1
weak,3993,1
weak,3994,1
weak,3995,1
weak,3996,1
weak,3997,1
weak,3998,1
weak,3999,1
weak,4000,1
weak,4001,1
weak,4002,1
weak,4003,1
weak,4004,1
weak,4005,1
weak,4006,1
weak,4007,1
weak,4008,1
weak,4009,1
weak,4010,1
weak,4011,1
weak,4012,1
weak,4013,1
weak,4014,1
weak,4015,1
weak,4016,1
weak,4017,1
weak,4018,1
weak,4019,1
weak,4020,1
weak,4021,1
weak,4022,1
weak,4023,1
weak,4024,1
weak,4025,1
weak,4026,1
weak,4027,1
weak,4028,1
weak,4029,1
weak,4030,1
weak,4031,1
weak,4032,1
weak,4033,1
weak,4034,1
weak,4035,1
weak,4036,1
weak,4037,1
weak,4038,1
weak,4039,1
weak,4040,1
weak,4041,1
weak,4042,1
weak,4043,1
weak,4044,1
weak,4045,1
weak,4046,1
weak,4047,1
weak,4048,1
weak,4049,1
weak,4050,1
weak,4051,1
weak,4052,1
weak,4053,1
weak,4054,1
weak,4055,1
weak,4056,1
weak,4057,1
weak,4058,1
weak,4059,1
weak,4060,1
weak,4061,1
weak,4062,1
weak,4063,1
weak,4064,1
weak,4065,1
weak,4066,1
weak,4067,1
weak,4068,1
weak,4069,1
weak,4070,1
weak,4071,1
weak,4072,1
weak,4073,1
weak,4074,1
weak,4075,1
weak,4076,1
weak,4077,1
weak,4078,1
weak,4079,1
weak,4080,1
weak,4081,1
weak,4082,1
weak,4083,1
weak,4084,1
weak,4085,1
weak,4086,1
weak,4087,1
weak,4088,1
weak,4089,1
weak,4090,1
weak,4091,1
weak,4092,1
weak,4093,1
weak,4094,1
weak,4095,1
weak,4096,1
weak,4097,1
weak,4098,1
weak,4099,1
weak,4100,1
weak,4101,1
weak,4102,1
weak,4103,1
weak,4104,1
weak,4105,1
weak,4106,1
weak,4107,1
weak,4108,1
weak,4109,1
weak,4110,1
weak,4111,1
weak,4112,1
weak,4113,1
weak,4114,1
weak,4115,1
weak,4116,1
weak,4117,1
weak,4118,1
weak,4119,1
weak,4120,1
weak,4121,1
weak,4122,1
weak,4123,1
weak,4124,1
weak,4125,1
weak,4126,1
weak,4127,1
weak,4128,1
weak,4129,1
weak,4130,1
weak,4131,1
weak,4132,1
weak,4133,1
weak,4134,1
weak,4135,1
weak,4136,1
weak,4137,1
weak,4138,1
weak,4139,1
weak,4140,1
weak,4141,1
weak,4142,1
weak,4143,1
weak,4144,1
weak,4145,1
weak,4146,1
weak,4147,1
weak,4148,1
weak,4149,1
weak,4150,1
weak,4151,1
weak,4152,1
weak,4153,1
weak,4154,1
weak,4155,1
weak,4156,1
weak,4157,1
weak,4158,1
weak,4159,1
weak,4160,1
weak,4161,1
weak,4162,1
weak,4163,1
weak,4164,1
weak,4165,1
weak,4166,1
weak,4167,1
weak,4168,1
weak,4169,1
weak,4170,1
weak,4171,1
weak,4172,1
weak,4173,1
weak,4174,1
weak,4175,1
weak,4176,1
weak,4177,1
weak,4178,1
weak,4179,1
weak,4180,1
weak,4181,1
weak,4182,1
weak,4183,1
weak,4184,1
weak,4185,1
weak,4186,1
weak,4187,1
weak,4188,1
weak,4189,1
weak,4190,1
weak,4191,1
weak,4192,1
weak,4193,1
weak,4194,1
weak,4195,1
weak,4196,1
weak,4197,1
weak,4198,1
weak,4199,1
weak,4200,1
weak,4201,1
weak,4202,1
weak,4203,1
weak,4204,1
weak,4205,1
weak,4206,1
weak,4207,1
weak,4208,1
weak,4209,1
weak,4210,1
weak,4211,1
weak,4212,1
weak,4213,1
weak,4214,1
weak,4215,1
weak,4216,1
weak,4217,1
weak,4218,1
weak,4219,1
weak,4220,1
weak,4221,1
weak,4222,1
weak,4223,1
weak,4224,1
weak,4225,1
weak,4226,1
weak,4227,1
weak,4228,1
weak,4229,1
weak,4230,1
weak,4231,1
weak,4232,1
weak,4233,1
weak,4234,1
weak,4235,1
weak,4236,1
weak,4237,1
weak,4238,1
weak,4239,1
weak,4240,1
weak,4241,1
weak,4242,1
weak,4243,1
weak,4244,1
weak,4245,1
weak,4246,1
weak,4247,1
weak,4248,1
weak,4249,1
weak,4250,1
weak,4251,1
weak,4252,1
weak,4253,1
weak,4254,1
weak,4255,1
weak,4256,1
weak,4257,1
weak,4258,1
weak,4259,1
weak,4260,1
weak,4261,1
weak,4262,1
weak,4263,1
weak,4264,1
weak,4265,1
weak,4266,1
weak,4267,1
weak,4268,1
weak,4269,1
weak,4270,1
weak,4271,1
weak,4272,1
weak,4273,1
weak,4274,1
weak,4275,1
weak,4276,1
weak,4277,1
weak,4278,1
weak,4279,1
weak,4280,1
weak,4281,1
weak,4282,1
weak,4283,1
weak,4284,1
weak,4285,1
weak,4286,1
weak,4287,1
weak,4288,1
weak,4289,1
weak,4290,1
weak,4291,1
weak,4292,1
weak,4293,1
weak,4294,1
weak,4295,1
weak,4296,1
weak,4297,1
weak,4298,1
weak,4299,1
weak,4300,1
weak,4301,1
weak,4302,1
weak,4303,1
weak,4304,1
weak,4305,1
weak,4306,1
weak,4307,1
weak,4308,1
weak,4309,1
weak,4310,1
weak,4311,1
weak,4312,1
weak,4313,1
weak,4314,1
weak,4315,1
weak,4316,1
weak,4317,1
weak,4318,1
weak,4319,1
weak,4320,1
weak,4321,1
weak,4322,1
weak,4323,1
weak,4324,1
weak,4325,1
weak,4326,1
weak,4327,1
weak,4328,1
weak,4329,1
weak,4330,1
weak,4331,1
weak,4332,1
weak,4333,1
weak,4334,1
weak,4335,1
weak,4336,1
weak,4337,1
weak,4338,1
weak,4339,1
weak,4340,1
weak,4341,1
weak,4342,1
weak,4343,1
weak,4344,1
weak,4345,1
weak,4346,1
weak,4347,1
weak,4348,1
weak,4349,1
weak,4350,1
weak,4351,1
weak,4352,1
weak,4353,1
weak,4354,1
weak,4355,1
weak,4356,1
weak,4357,1
weak,4358,1
weak,4359,1
weak,4360,1
weak,4361,1
weak,4362,1
weak,4363,1
weak,4364,1
weak,4365,1
weak,4366,1
weak,4367,1
weak,4368,1
weak,4369,1
weak,4370,1
weak,4371,1
weak,4372,1
weak,4373,1
weak,4374,1
weak,4375,1
weak,4376,1
weak,4377,1
weak,4378,1
weak,4379,1
weak,4380,1
weak,4381,1
weak,4382,1
weak,4383,1
weak,4384,1
weak,4385,1
weak,4386,1
weak,4387,1
weak,4388,1
weak,4389,1
weak,4390,1
weak,4391,1
weak,4392,1
weak,4393,1
weak,4394,1
weak,4395,1
weak,4396,1
weak,4397,1
weak,4398,1
weak,4399,1
weak,4400,1
weak,4401,1
weak,4402,1
weak,4403,1
weak,4404,1
weak,4405,1
weak,4406,1
weak,4407,1
weak,4408,1
weak,4409,1
weak,4410,1
weak,4411,1
weak,4412,1
weak,4413,1
weak,4414,1
weak,4415,1
weak,4416,1
weak,4417,1
weak,4418,1
weak,4419,1
weak,4420,1
weak,4421,1
weak,4422,1
weak,4423,1
weak,4424,1
weak,4425,1
weak,4426,1
weak,4427,1
weak,4428,1
weak,4429,1
weak,4430,1
weak,4431,1
weak,4432,1
weak,4433,1
weak,4434,1
weak,4435,1
weak,4436,1
weak,4437,1
weak,4438,1
weak,4439,1
weak,4440,1
weak,4441,1
weak,4442,1
weak,4443,1
weak,4444,1
weak,4445,1
weak,4446,1
weak,4447,1
weak,4448,1
weak,4449,1
weak,4450,1
weak,4451,1
weak,4452,1
weak,4453,1
weak,4454,1
weak,4455,1
weak,4456,1
weak,4457,1
weak,4458,1
weak,4459,1
weak,4460,1
weak,4461,1
weak,4462,1
weak,4463,1
weak,4464,1
weak,4465,1
weak,4466,1
weak,4467,1
weak,4468,1
weak,4469,1
weak,4470,1
weak,4471,1
weak,4472,1
weak,4473,1
weak,4474,1
weak,4475,1
weak,4476,1
weak,4477,1
weak,4478,1
weak,4479,1
weak,4480,1
weak,4481,1
weak,4482,1
weak,4483,1
weak,4484,1
weak,4485,1
weak,4486,1
weak,4487,1
weak,4488,1
weak,4489,1
weak,4490,1
weak,4491,1
weak,4492,1
weak,4493,1
weak,4494,1
weak,4495,1
weak,4496,1
weak,4497,1
weak,4498,1
weak,4499,1
weak,4500,1
weak,4501,1
weak,4502,1
weak,4503,1
weak,4504,1
weak,4505,1
weak,4506,1
weak,4507,1
weak,4508,1
weak,4509,1
weak,4510,1
weak,4511,1
weak,4512,1
weak,4513,1
weak,4514,1
weak,4515,1
weak,4516,1
weak,4517,1
weak,4518,1
weak,4519,1
weak,4520,1
weak,4521,1
weak,4522,1
weak,4523,1
weak,4524,1
weak,4525,1
weak,4526,1
weak,4527,1
weak,4528,1
weak,4529,1
weak,4530,1
weak,4531,1
weak,4532,1
weak,4533,1
weak,4534,1
weak,4535,1
weak,4536,1
weak,4537,1
weak,4538,1
weak,4539,1
weak,4540,1
weak,4541,1
weak,4542,1
weak,4543,1
weak,4544,1
weak,4545,1
weak,4546,1
weak,4547,1
weak,4548,1
weak,4549,1
weak,4550,1
weak,4551,1
weak,4552,1
weak,4553,1
weak,4554,1
weak,4555,1
weak,4556,1
weak,4557,1
weak,4558,1
weak,4559,1
weak,4560,1
weak,4561,1
weak,4562,1
weak,4563,1
weak,4564,1
weak,4565,1
weak,4566,1
weak,4567,1
weak,4568,1
weak,4569,1
weak,4570,1
weak,4571,1
weak,4572,1
weak,4573,1
weak,4574,1
weak,4575,1
weak,4576,1
weak,4577,1
weak,4578,1
weak,4579,1
weak,4580,1
weak,4581,1
weak,4582,1
weak,4583,1
weak,4584,1
weak,4585,1
weak,4586,1
weak,4587,1
weak,4588,1
weak,4589,1
weak,4590,1
weak,4591,1
weak,4592,1
weak,4593,1
weak,4594,1
weak,4595,1
weak,4596,1
weak,4597,1
weak,4598,1
weak,4599,1
weak,4600,1
weak,4601,1
weak,4602,1
weak,4603,1
weak,4604,1
weak,4605,1
weak,4606,1
weak,4607,1
weak,4608,1
weak,4609,1
weak,4610,1
weak,4611,1
weak,4612,1
weak,4613,1
weak,4614,1
weak,4615,1
weak,4616,1
weak,4617,1
weak,4618,1
weak,4619,1
weak,4620,1
weak,4621,1
weak,4622,1
weak,4623,1
weak,4624,1
weak,4625,1
weak,4626,1
weak,4627,1
weak,4628,1
weak,4629,1
weak,4630,1
weak,4631,1
weak,4632,1
weak,4633,1
weak,4634,1
weak,4635,1
weak,4636,1
weak,4637,1
weak,4638,1
weak,4639,1
weak,4640,1
weak,4641,1
weak,4642,1
weak,4643,1
weak,4644,1
weak,4645,1
weak,4646,1
weak,4647,1
weak,4648,1
weak,4649,1
weak,4650,1
weak,4651,1
weak,4652,1
weak,4653,1
weak,4654,1
weak,4655,1
weak,4656,1
weak,4657,1
weak,4658,1
weak,4659,1
weak,4660,1
weak,4661,1
weak,4662,1
weak,4663,1
weak,4664,1
weak,4665,1
weak,4666,1
weak,4667,1
weak,4668,1
weak,4669,1
weak,4670,1
weak,4671,1
weak,4672,1
weak,4673,1
weak,4674,1
weak,4675,1
weak,4676,1
weak,4677,1
weak,4678,1
weak,4679,1
weak,4680,1
weak,4681,1
weak,4682,1
weak,4683,1
weak,4684,1
weak,4685,1
weak,4686,1
weak,4687,1
weak,4688,1
weak,4689,1
weak,4690,1
weak,4691,1
weak,4692,1
weak,4693,1
weak,4694,1
weak,4695,1
weak,4696,1
weak,4697,1
weak,4698,1
weak,4699,1
weak,4700,1
weak,4701,1
weak,4702,1
weak,4703,1
weak,4704,1
weak,4705,1
weak,4706,1
weak,4707,1
weak,4708,1
weak,4709,1
weak,4710,1
weak,4711,1
weak,4712,1
weak,4713,1
weak,4714,1
weak,4715,1
weak,4716,1
weak,4717,1
weak,4718,1
weak,4719,1
weak,4720,1
weak,4721,1
weak,4722,1
weak,4723,1
weak,4724,1
weak,4725,1
weak,4726,1
weak,4727,1
weak,4728,1
weak,4729,1
weak,4730,1
weak,4731,1
weak,4732,1
weak,4733,1
weak,4734,1
weak,4735,1
weak,4736,1
weak,4737,1
weak,4738,1
weak,4739,1
weak,4740,1
weak,4741,1
weak,4742,1
weak,4743,1
weak,4744,1
weak,4745,1
weak,4746,1
weak,4747,1
weak,4748,1
weak,4749,1
weak,4750,1
weak,4751,1
weak,4752,1
weak,4753,1
weak,4754,1
weak,4755,1
weak,4756,1
weak,4757,1
weak,4758,1
weak,4759,1
weak,4760,1
weak,4761,1
weak,4762,1
weak,4763,1
weak,4764,1
weak,4765,1
weak,4766,1
weak,4767,1
weak,4768,1
weak,4769,1
weak,4770,1
weak,4771,1
weak,4772,1
weak,4773,1
weak,4774,1
weak,4775,1
weak,4776,1
weak,4777,1
weak,4778,1
weak,4779,1
weak,4780,1
weak,4781,1
weak,4782,1
weak,4783,1
weak,4784,1
weak,4785,1
weak,4786,1
weak,4787,1
weak,4788,1
weak,4789,1
weak,4790,1
weak,4791,1
weak,4792,1
weak,4793,1
weak,4794,1
weak,4795,1
weak,4796,1
weak,4797,1
weak,4798,1
weak,4799,1
weak,4800,1
weak,4801,1
weak,4802,1
weak,4803,1
weak,4804,1
weak,4805,1
weak,4806,1
weak,4807,1
weak,4808,1
weak,4809,1
weak,4810,1
weak,4811,1
weak,4812,1
weak,4813,1
weak,4814,1
weak,4815,1
weak,4816,1
weak,4817,1
weak,4818,1
weak,4819,1
weak,4820,1
weak,4821,1
weak,4822,1
weak,4823,1
weak,4824,1
weak,4825,1
weak,4826,1
weak,4827,1
weak,4828,1
weak,4829,1
weak,4830,1
weak,4831,1
weak,4832,1
weak,4833,1
weak,4834,1
weak,4835,1
weak,4836,1
weak,4837,1
weak,4838,1
weak,4839,1
weak,4840,1
weak,4841,1
weak,4842,1
weak,4843,1
weak,4844,1
weak,4845,1
weak,4846,1
weak,4847,1
weak,4848,1
weak,4849,1
weak,4850,1
weak,4851,1
weak,4852,1
weak,4853,1
weak,4854,1
weak,4855,1
weak,4856,1
weak,4857,1
weak,4858,1
weak,4859,1
weak,4860,1
weak,4861,1
weak,4862,1
weak,4863,1
weak,4864,1
weak,4865,1
weak,4866,1
weak,4867,1
weak,4868,1
weak,4869,1
weak,4870,1
weak,4871,1
weak,4872,1
weak,4873,1
weak,4874,1
weak,4875,1
weak,4876,1
weak,4877,1
weak,4878,1
weak,4879,1
weak,4880,1
weak,4881,1
weak,4882,1
weak,4883,1
weak,4884,1
weak,4885,1
weak,4886,1
weak,4887,1
weak,4888,1
weak,4889,1
weak,4890,1
weak,4891,1
weak,4892,1
weak,4893,1
weak,4894,1
weak,4895,1
weak,4896,1
weak,4897,1
weak,4898,1
weak,4899,1
weak,4900,1
weak,4901,1
weak,4902,1
weak,4903,1
weak,4904,1
weak,4905,1
weak,4906,1
weak,4907,1
weak,4908,1
weak,4909,1
weak,4910,1
weak,4911,1
weak,4912,1
weak,4913,1
weak,4914,1
weak,4915,1
weak,4916,1
weak,4917,1
weak,4918,1
weak,4919,1
weak,4920,1
weak,4921,1
weak,4922,1
weak,4923,1
weak,4924,1
weak,4925,1
weak,4926,1
weak,4927,1
weak,4928,1
weak,4929,1
weak,4930,1
weak,4931,1
weak,4932,1
weak,4933,1
weak,4934,1
weak,4935,1
weak,4936,1
weak,4937,1
weak,4938,1
weak,4939,1
weak,4940,1
weak,4941,1
weak,4942,1
weak,4943,1
weak,4944,1
weak,4945,1
weak,4946,1
weak,4947,1
weak,4948,1
weak,4949,1
weak,4950,1
weak,4951,1
weak,4952,1
weak,4953,1
weak,4954,1
weak,4955,1
weak,4956,1
weak,4957,1
weak,4958,1
weak,4959,1
weak,4960,1
weak,4961,1
weak,4962,1
weak,4963,1
weak,4964,1
weak,4965,1
weak,4966,1
weak,4967,1
weak,4968,1
weak,4969,1
weak,4970,1
weak,4971,1
weak,4972,1
weak,4973,1
weak,4974,1
weak,4975,1
weak,4976,1
weak,4977,1
weak,4978,1
weak,4979,1
weak,4980,1
weak,4981,1
weak,4982,1
weak,4983,1
weak,4984,1
weak,4985,1
weak,4986,1
weak,4987,1
weak,4988,1
weak,4989,1
weak,4990,1
weak,4991,1
weak,4992,1
weak,4993,1
weak,4994,1
weak,4995,1
weak,4996,1
weak,4997,1
weak,4998,1
weak,4999,1
weak,5000,1
weak,5001,1
weak,5002,1
weak,5003,1
weak,5004,1
weak,5005,1
weak,5006,1
weak,5007,1
weak,5008,1
weak,5009,1
weak,5010,1
weak,5011,1
weak,5012,1
weak,5013,1
weak,5014,1
weak,5015,1
weak,5016,1
weak,5017,1
weak,5018,1
weak,5019,1
weak,5020,1
weak,5021,1
weak,5022,1
weak,5023,1
weak,5024,1
weak,5025,1
weak,5026,1
weak,5027,1
weak,5028,1
weak,5029,1
weak,5030,1
weak,5031,1
weak,5032,1
weak,5033,1
weak,5034,1
weak,5035,1
weak,5036,1
weak,5037,1
weak,5038,1
weak,5039,1
weak,5040,1
weak,5041,1
weak,5042,1
weak,5043,1
weak,5044,1
weak,5045,1
weak,5046,1
weak,5047,1
weak,5048,1
weak,5049,1
weak,5050,1
weak,5051,1
weak,5052,1
weak,5053,1
weak,5054,1
weak,5055,1
weak,5056,1
weak,5057,1
weak,5058,1
weak,5059,1
weak,5060,1
weak,5061,1
weak,5062,1
weak,5063,1
weak,5064,1
weak,5065,1
weak,5066,1
weak,5067,1
weak,5068,1
weak,5069,1
weak,5070,1
weak,5071,1
weak,5072,1
weak,5073,1
weak,5074,1
weak,5075,1
weak,5076,1
weak,5077,1
weak,5078,1
weak,5079,1
weak,5080,1
weak,5081,1
weak,5082,1
weak,5083,1
weak,5084,1
weak,5085,1
weak,5086,1
weak,5087,1
weak,5088,1
weak,5089,1
weak,5090,1
weak,5091,1
weak,5092,1
weak,5093,1
weak,5094,1
weak,5095,1
weak,5096,1
weak,5097,1
weak,5098,1
weak,5099,1
weak,5100,1
weak,5101,1
weak,5102,1
weak,5103,1
weak,5104,1
weak,5105,1
weak,5106,1
weak,5107,1
weak,5108,1
weak,5109,1
weak,5110,1
weak,5111,1
weak,5112,1
weak,5113,1
weak,5114,1
weak,5115,1
weak,5116,1
weak,5117,1
weak,5118,1
weak,5119,1
weak,5120,1
weak,5121,1
weak,5122,1
weak,5123,1
weak,5124,1
weak,5125,1
weak,5126,1
weak,5127,1
weak,5128,1
weak,5129,1
weak,5130,1
weak,5131,1
weak,5132,1
weak,5133,1
weak,5134,1
weak,5135,1
weak,5136,1
weak,5137,1
weak,5138,1
weak,5139,1
weak,5140,1
weak,5141,1
weak,5142,1
weak,5143,1
weak,5144,1
weak,5145,1
weak,5146,1
weak,5147,1
weak,5148,1
weak,5149,1
weak,5150,1
weak,5151,1
weak,5152,1
weak,5153,1
weak,5154,1
weak,5155,1
weak,5156,1
weak,5157,1
weak,5158,1
weak,5159,1
weak,5160,1
weak,5161,1
weak,5162,1
weak,5163,1
weak,5164,1
weak,5165,1
weak,5166,1
weak,5167,1
weak,5168,1
weak,5169,1
weak,5170,1
weak,5171,1
weak,5172,1
weak,5173,1
weak,5174,1
weak,5175,1
weak,5176,1
weak,5177,1
weak,5178,1
weak,5179,1
weak,5180,1
weak,5181,1
weak,5182,1
weak,5183,1
weak,5184,1
weak,5185,1
weak,5186,1
weak,5187,1
weak,5188,1
weak,5189,1
weak,5190,1
weak,5191,1
weak,5192,1
weak,5193,1
weak,5194,1
weak,5195,1
weak,5196,1
weak,5197,1
weak,5198,1
weak,5199,1
weak,5200,1
weak,5201,1
weak,5202,1
weak,5203,1
weak,5204,1
weak,5205,1
weak,5206,1
weak,5207,1
weak,5208,1
weak,5209,1
weak,5210,1
weak,5211,1
weak,5212,1
weak,5213,1
weak,5214,1
weak,5215,1
weak,5216,1
weak,5217,1
weak,5218,1
weak,5219,1
weak,5220,1
weak,5221,1
weak,5222,1
weak,5223,1
weak,5224,1
weak,5225,1
weak,5226,1
weak,5227,1
weak,5228,1
weak,5229,1
weak,5230,1
weak,5231,1
weak,5232,1
weak,5233,1
weak,5234,1
weak,5235,1
weak,5236,1
weak,5237,1
weak,5238,1
weak,5239,1
weak,5240,1
weak,5241,1
weak,5242,1
weak,5243,1
weak,5244,1
weak,5245,1
weak,5246,1
weak,5247,1
weak,5248,1
weak,5249,1
weak,5250,1
weak,5251,1
weak,5252,1
weak,5253,1
weak,5254,1
weak,5255,1
weak,5256,1
weak,5257,1
weak,5258,1
weak,5259,1
weak,5260,1
weak,5261,1
weak,5262,1
weak,5263,1
weak,5264,1
weak,5265,1
weak,5266,1
weak,5267,1
weak,5268,1
weak,5269,1
weak,5270,1
weak,5271,1
weak,5272,1
weak,5273,1
weak,5274,1
weak,5275,1
weak,5276,1
weak,5277,1
weak,5278,1
weak,5279,1
weak,5280,1
weak,5281,1
weak,5282,1
weak,5283,1
weak,5284,1
weak,5285,1
weak,5286,1
weak,5287,1
weak,5288,1
weak,5289,1
weak,5290,1
weak,5291,1
weak,5292,1
weak,5293,1
weak,5294,1
weak,5295,1
weak,5296,1
weak,5297,1
weak,5298,1
weak,5299,1
weak,5300,1
weak,5301,1
weak,5302,1
weak,5303,1
weak,5304,1
weak,5305,1
weak,5306,1
weak,5307,1
weak,5308,1
weak,5309,1
weak,5310,1
weak,5311,1
weak,5312,1
weak,5313,1
weak,5314,1
weak,5315,1
weak,5316,1
weak,5317,1
weak,5318,1
weak,5319,1
weak,5320,1
weak,5321,1
weak,5322,1
weak,5323,1
weak,5324,1
weak,5325,1
weak,5326,1
weak,5327,1
weak,5328,1
weak,5329,1
weak,5330,1
weak,5331,1
weak,5332,1
weak,5333,1
weak,5334,1
weak,5335,1
weak,5336,1
weak,5337,1
weak,5338,1
weak,5339,1
weak,5340,1
weak,5341,1
weak,5342,1
weak,5343,1
weak,5344,1
weak,5345,1
weak,5346,1
weak,5347,1
weak,5348,1
weak,5349,1
weak,5350,1
weak,5351,1
weak,5352,1
weak,5353,1
weak,5354,1
weak,5355,1
weak,5356,1
weak,5357,1
weak,5358,1
weak,5359,1
weak,5360,1
weak,5361,1
weak,5362,1
weak,5363,1
weak,5364,1
weak,5365,1
weak,5366,1
weak,5367,1
weak,5368,1
weak,5369,1
weak,5370,1
weak,5371,1
weak,5372,1
weak,5373,1
weak,5374,1
weak,5375,1
weak,5376,1
weak,5377,1
weak,5378,1
weak,5379,1
weak,5380,1
weak,5381,1
weak,5382,1
weak,5383,1
weak,5384,1
weak,5385,1
weak,5386,1
weak,5387,1
weak,5388,1
weak,5389,1
weak,5390,1
weak,5391,1
weak,5392,1
weak,5393,1
weak,5394,1
weak,5395,1
weak,5396,1
weak,5397,1
weak,5398,1
weak,5399,1
weak,5400,1
weak,5401,1
weak,5402,1
weak,5403,1
weak,5404,1
weak,5405,1
weak,5406,1
weak,5407,1
weak,5408,1
weak,5409,1
weak,5410,1
weak,5411,1
weak,5412,1
weak,5413,1
weak,5414,1
weak,5415,1
weak,5416,1
weak,5417,1
weak,5418,1
weak,5419,1
weak,5420,1
weak,5421,1
weak,5422,1
weak,5423,1
weak,5424,1
weak,5425,1
weak,5426,1
weak,5427,1
weak,5428,1
weak,5429,1
weak,5430,1
weak,5431,1
weak,5432,1
weak,5433,1
weak,5434,1
weak,5435,1
weak,5436,1
weak,5437,1
weak,5438,1
weak,5439,1
weak,5440,1
weak,5441,1
weak,5442,1
weak,5443,1
weak,5444,1
weak,5445,1
weak,5446,1
weak,5447,1
weak,5448,1
weak,5449,1
weak,5450,1
weak,5451,1
weak,5452,1
weak,5453,1
weak,5454,1
weak,5455,1
weak,5456,1
weak,5457,1
weak,5458,1
weak,5459,1
weak,5460,1
weak,5461,1
weak,5462,1
weak,5463,1
weak,5464,1
weak,5465,1
weak,5466,1
weak,5467,1
weak,5468,1
weak,5469,1
weak,5470,1
weak,5471,1
weak,5472,1
weak,5473,1
weak,5474,1
weak,5475,1
weak,5476,1
weak,5477,1
weak,5478,1
weak,5479,1
weak,5480,1
weak,5481,1
weak,5482,1
weak,5483,1
weak,5484,1
weak,5485,1
weak,5486,1
weak,5487,1
weak,5488,1
weak,5489,1
weak,5490,1
weak,5491,1
weak,5492,1
weak,5493,1
weak,5494,1
weak,5495,1
weak,5496,1
weak,5497,1
weak,5498,1
weak,5499,1
weak,5500,1
weak,5501,1
weak,5502,1
weak,5503,1
weak,5504,1
weak,5505,1
weak,5506,1
weak,5507,1
weak,5508,1
weak,5509,1
weak,5510,1
weak,5511,1
weak,5512,1
weak,5513,1
weak,5514,1
weak,5515,1
weak,5516,1
weak,5517,1
weak,5518,1
weak,5519,1
weak,5520,1
weak,5521,1
weak,5522,1
weak,5523,1
weak,5524,1
weak,5525,1
weak,5526,1
weak,5527,1
weak,5528,1
weak,5529,1
weak,5530,1
weak,5531,1
weak,5532,1
weak,5533,1
weak,5534,1
weak,5535,1
weak,5536,1
weak,5537,1
weak,5538,1
weak,5539,1
weak,5540,1
weak,5541,1
weak,5542,1
weak,5543,1
weak,5544,1
weak,5545,1
weak,5546,1
weak,5547,1
weak,5548,1
weak,5549,1
weak,5550,1
weak,5551,1
weak,5552,1
weak,5553,1
weak,5554,1
weak,5555,1
weak,5556,1
weak,5557,1
weak,5558,1
weak,5559,1
weak,5560,1
weak,5561,1
weak,5562,1
weak,5563,1
weak,5564,1
weak,5565,1
weak,5566,1
weak,5567,1
weak,5568,1
weak,5569,1
weak,5570,1
weak,5571,1
weak,5572,1
weak,5573,1
weak,5574,1
weak,5575,1
weak,5576,1
weak,5577,1
weak,5578,1
weak,5579,1
weak,5580,1
weak,5581,1
weak,5582,1
weak,5583,1
weak,5584,1
weak,5585,1
weak,5586,1
weak,5587,1
weak,5588,1
weak,5589,1
weak,5590,1
weak,5591,1
weak,5592,1
weak,5593,1
weak,5594,1
weak,5595,1
weak,5596,1
weak,5597,1
weak,5598,1
weak,5599,1
weak,5600,1
weak,5601,1
weak,5602,1
weak,5603,1
weak,5604,1
weak,5605,1
weak,5606,1
weak,5607,1
weak,5608,1
weak,5609,1
weak,5610,1
weak,5611,1
weak,5612,1
weak,5613,1
weak,5614,1
weak,5615,1
weak,5616,1
weak,5617,1
weak,5618,1
weak,5619,1
weak,5620,1
weak,5621,1
weak,5622,1
weak,5623,1
weak,5624,1
weak,5625,1
weak,5626,1
weak,5627,1
weak,5628,1
weak,5629,1
weak,5630,1
weak,5631,1
weak,5632,1
weak,5633,1
weak,5634,1
weak,5635,1
weak,5636,1
weak,5637,1
weak,5638,1
weak,5639,1
weak,5640,1
weak,5641,1
weak,5642,1
weak,5643,1
weak,5644,1
weak,5645,1
weak,5646,1
weak,5647,1
weak,5648,1
weak,5649,1
weak,5650,1
weak,5651,1
weak,5652,1
weak,5653,1
weak,5654,1
weak,5655,1
weak,5656,1
weak,5657,1
weak,5658,1
weak,5659,1
weak,5660,1
weak,5661,1
weak,5662,1
weak,5663,1
weak,5664,1
weak,5665,1
weak,5666,1
weak,5667,1
weak,5668,1
weak,5669,1
weak,5670,1
weak,5671,1
weak,5672,1
weak,5673,1
weak,5674,1
weak,5675,1
weak,5676,1
weak,5677,1
weak,5678,1
weak,5679,1
weak,5680,1
weak,5681,1
weak,5682,1
weak,5683,1
weak,5684,1
weak,5685,1
weak,5686,1
weak,5687,1
weak,5688,1
weak,5689,1
weak,5690,1
weak,5691,1
weak,5692,1
weak,5693,1
weak,5694,1
weak,5695,1
weak,5696,1
weak,5697,1
weak,5698,1
weak,5699,1
weak,5700,1
weak,5701,1
weak,5702,1
weak,5703,1
weak,5704,1
weak,5705,1
weak,5706,1
weak,5707,1
weak,5708,1
weak,5709,1
weak,5710,1
weak,5711,1
weak,5712,1
weak,5713,1
weak,5714,1
weak,5715,1
weak,5716,1
weak,5717,1
weak,5718,1
weak,5719,1
weak,5720,1
weak,5721,1
weak,5722,1
weak,5723,1
weak,5724,1
weak,5725,1
weak,5726,1
weak,5727,1
weak,5728,1
weak,5729,1
weak,5730,1
weak,5731,1
weak,5732,1
weak,5733,1
weak,5734,1
weak,5735,1
weak,5736,1
weak,5737,1
weak,5738,1
weak,5739,1
weak,5740,1
weak,5741,1
weak,5742,1
weak,5743,1
weak,5744,1
weak,5745,1
weak,5746,1
weak,5747,1
weak,5748,1
weak,5749,1
weak,5750,1
weak,5751,1
weak,5752,1
weak,5753,1
weak,5754,1
weak,5755,1
weak,5756,1
weak,5757,1
weak,5758,1
weak,5759,1
weak,5760,1
weak,5761,1
weak,5762,1
weak,5763,1
weak,5764,1
weak,5765,1
weak,5766,1
weak,5767,1
weak,5768,1
weak,5769,1
weak,5770,1
weak,5771,1
weak,5772,1
weak,5773,1
weak,5774,1
weak,5775,1
weak,5776,1
weak,5777,1
weak,5778,1
weak,5779,1
weak,5780,1
weak,5781,1
weak,5782,1
weak,5783,1
weak,5784,1
weak,5785,1
weak,5786,1
weak,5787,1
weak,5788,1
weak,5789,1
weak,5790,1
weak,5791,1
weak,5792,1
weak,5793,1
weak,5794,1
weak,5795,1
weak,5796,1
weak,5797,1
weak,5798,1
weak,5799,1
weak,5800,1
weak,5801,1
weak,5802,1
weak,5803,1
weak,5804,1
weak,5805,1
weak,5806,1
weak,5807,1
weak,5808,1
weak,5809,1
weak,5810,1
weak,5811,1
weak,5812,1
weak,5813,1
weak,5814,1
weak,5815,1
weak,5816,1
weak,5817,1
weak,5818,1
weak,5819,1
weak,5820,1
weak,5821,1
weak,5822,1
weak,5823,1
weak,5824,1
weak,5825,1
weak,5826,1
weak,5827,1
weak,5828,1
weak,5829,1
weak,5830,1
weak,5831,1
weak,5832,1
weak,5833,1
weak,5834,1
weak,5835,1
weak,5836,1
weak,5837,1
weak,5838,1
weak,5839,1
weak,5840,1
weak,5841,1
weak,5842,1
weak,5843,1
weak,5844,1
weak,5845,1
weak,5846,1
weak,5847,1
weak,5848,1
weak,5849,1
weak,5850,1
weak,5851,1
weak,5852,1
weak,5853,1
weak,5854,1
weak,5855,1
weak,5856,1
weak,5857,1
weak,5858,1
weak,5859,1
weak,5860,1
weak,5861,1
weak,5862,1
weak,5863,1
weak,5864,1
weak,5865,1
weak,5866,1
weak,5867,1
weak,5868,1
weak,5869,1
weak,5870,1
weak,5871,1
weak,5872,1
weak,5873,1
weak,5874,1
weak,5875,1
weak,5876,1
weak,5877,1
weak,5878,1
weak,5879,1
weak,5880,1
weak,5881,1
weak,5882,1
weak,5883,1
weak,5884,1
weak,5885,1
weak,5886,1
weak,5887,1
weak,5888,1
weak,5889,1
weak,5890,1
weak,5891,1
weak,5892,1
weak,5893,1
weak,5894,1
weak,5895,1
weak,5896,1
weak,5897,1
weak,5898,1
weak,5899,1
weak,5900,1
weak,5901,1
weak,5902,1
weak,5903,1
weak,5904,1
weak,5905,1
weak,5906,1
weak,5907,1
weak,5908,1
weak,5909,1
weak,5910,1
weak,5911,1
weak,5912,1
weak,5913,1
weak,5914,1
weak,5915,1
weak,5916,1
weak,5917,1
weak,5918,1
weak,5919,1
weak,5920,1
weak,5921,1
weak,5922,1
weak,5923,1
weak,5924,1
weak,5925,1
weak,5926,1
weak,5927,1
weak,5928,1
weak,5929,1
weak,5930,1
weak,5931,1
weak,5932,1
weak,5933,1
weak,5934,1
weak,5935,1
weak,5936,1
weak,5937,1
weak,5938,1
weak,5939,1
weak,5940,1
weak,5941,1
weak,5942,1
weak,5943,1
weak,5944,1
weak,5945,1
weak,5946,1
weak,5947,1
weak,5948,1
weak,5949,1
weak,5950,1
weak,5951,1
weak,5952,1
weak,5953,1
weak,5954,1
weak,5955,1
weak,5956,1
weak,5957,1
weak,5958,1
weak,5959,1
weak,5960,1
weak,5961,1
weak,5962,1
weak,5963,1
weak,5964,1
weak,5965,1
weak,5966,1
weak,5967,1
weak,5968,1
weak,5969,1
weak,5970,1
weak,5971,1
weak,5972,1
weak,5973,1
weak,5974,1
weak,5975,1
weak,5976,1
weak,5977,1
weak,5978,1
weak,5979,1
weak,5980,1
weak,5981,1
weak,5982,1
weak,5983,1
weak,5984,1
weak,5985,1
weak,5986,1
weak,5987,1
weak,5988,1
weak,5989,1
weak,5990,1
weak,5991,1
weak,5992,1
weak,5993,1
weak,5994,1
weak,5995,1
weak,5996,1
weak,5997,1
weak,5998,1
weak,5999,1
weak,6000,1
weak,6001,1
weak,6002,1
weak,6003,1
weak,6004,1
weak,6005,1
weak,6006,1
weak,6007,1
weak,6008,1
weak,6009,1
weak,6010,1
weak,6011,1
weak,6012,1
weak,6013,1
weak,6014,1
weak,6015,1
weak,6016,1
weak,6017,1
weak,6018,1
weak,6019,1
weak,6020,1
weak,6021,1
weak,6022,1
weak,6023,1
weak,6024,1
weak,6025,1
weak,6026,1
weak,6027,1
weak,6028,1
weak,6029,1
weak,6030,1
weak,6031,1
weak,6032,1
weak,6033,1
weak,6034,1
weak,6035,1
weak,6036,1
weak,6037,1
weak,6038,1
weak,6039,1
weak,6040,1
weak,6041,1
weak,6042,1
weak,6043,1
weak,6044,1
weak,6045,1
weak,6046,1
weak,6047,1
weak,6048,1
weak,6049,1
weak,6050,1
weak,6051,1
weak,6052,1
weak,6053,1
weak,6054,1
weak,6055,1
weak,6056,1
weak,6057,1
weak,6058,1
weak,6059,1
weak,6060,1
weak,6061,1
weak,6062,1
weak,6063,1
weak,6064,1
weak,6065,1
weak,6066,1
weak,6067,1
weak,6068,1
weak,6069,1
weak,6070,1
weak,6071,1
weak,6072,1
weak,6073,1
weak,6074,1
weak,6075,1
weak,6076,1
weak,6077,1
weak,6078,1
weak,6079,1
weak,6080,1
weak,6081,1
weak,6082,1
weak,6083,1
weak,6084,1
weak,6085,1
weak,6086,1
weak,6087,1
weak,6088,1
weak,6089,1
weak,6090,1
weak,6091,1
weak,6092,1
weak,6093,1
weak,6094,1
weak,6095,1
weak,6096,1
weak,6097,1
weak,6098,1
weak,6099,1
weak,6100,1
weak,6101,1
weak,6102,1
weak,6103,1
weak,6104,1
weak,6105,1
weak,6106,1
weak,6107,1
weak,6108,1
weak,6109,1
weak,6110,1
weak,6111,1
weak,6112,1
weak,6113,1
weak,6114,1
weak,6115,1
weak,6116,1
weak,6117,1
weak,6118,1
weak,6119,1
weak,6120,1
weak,6121,1
weak,6122,1
weak,6123,1
weak,6124,1
weak,6125,1
weak,6126,1
weak,6127,1
weak,6128,1
weak,6129,1
weak,6130,1
weak,6131,1
weak,6132,1
weak,6133,1
weak,6134,1
weak,6135,1
weak,6136,1
weak,6137,1
weak,6138,1
weak,6139,1
weak,6140,1
weak,6141,1
weak,6142,1
weak,6143,1
weak,6144,1
weak,6145,1
weak,6146,1
weak,6147,1
weak,6148,1
weak,6149,1
weak,6150,1
weak,6151,1
weak,6152,1
weak,6153,1
weak,6154,1
weak,6155,1
weak,6156,1
weak,6157,1
weak,6158,1
weak,6159,1
weak,6160,1
weak,6161,1
weak,6162,1
weak,6163,1
weak,6164,1
weak,6165,1
weak,6166,1
weak,6167,1
weak,6168,1
weak,6169,1
weak,6170,1
weak,6171,1
weak,6172,1
weak,6173,1
weak,6174,1
weak,6175,1
weak,6176,1
weak,6177,1
weak,6178,1
weak,6179,1
weak,6180,1
weak,6181,1
weak,6182,1
weak,6183,1
weak,6184,1
weak,6185,1
weak,6186,1
weak,6187,1
weak,6188,1
weak,6189,1
weak,6190,1
weak,6191,1
weak,6192,1
weak,6193,1
weak,6194,1
weak,6195,1
weak,6196,1
weak,6197,1
weak,6198,1
weak,6199,1
weak,6200,1
weak,6201,1
weak,6202,1
weak,6203,1
weak,6204,1
weak,6205,1
weak,6206,1
weak,6207,1
weak,6208,1
weak,6209,1
weak,6210,1
weak,6211,1
weak,6212,1
weak,6213,1
weak,6214,1
weak,6215,1
weak,6216,1
weak,6217,1
weak,6218,1
weak,6219,1
weak,6220,1
weak,6221,1
weak,6222,1
weak,6223,1
weak,6224,1
weak,6225,1
weak,6226,1
weak,6227,1
weak,6228,1
weak,6229,1
weak,6230,1
weak,6231,1
weak,6232,1
weak,6233,1
weak,6234,1
weak,6235,1
weak,6236,1
weak,6237,1
weak,6238,1
weak,6239,1
weak,6240,1
weak,6241,1
weak,6242,1
weak,6243,1
weak,6244,1
weak,6245,1
weak,6246,1
weak,6247,1
weak,6248,1
weak,6249,1
weak,6250,1
weak,6251,1
weak,6252,1
weak,6253,1
weak,6254,1
weak,6255,1
weak,6256,1
weak,6257,1
weak,6258,1
weak,6259,1
weak,6260,1
weak,6261,1
weak,6262,1
weak,6263,1
weak,6264,1
weak,6265,1
weak,6266,1
weak,6267,1
weak,6268,1
weak,6269,1
weak,6270,1
weak,6271,1
weak,6272,1
weak,6273,1
weak,6274,1
weak,6275,1
weak,6276,1
weak,6277,1
weak,6278,1
weak,6279,1
weak,6280,1
weak,6281,1
weak,6282,1
weak,6283,1
weak,6284,1
weak,6285,1
weak,6286,1
weak,6287,1
weak,6288,1
weak,6289,1
weak,6290,1
weak,6291,1
weak,6292,1
weak,6293,1
weak,6294,1
weak,6295,1
weak,6296,1
weak,6297,1
weak,6298,1
weak,6299,1
weak,6300,1
weak,6301,1
weak,6302,1
weak,6303,1
weak,6304,1
weak,6305,1
weak,6306,1
weak,6307,1
weak,6308,1
weak,6309,1
weak,6310,1
weak,6311,1
weak,6312,1
weak,6313,1
weak,6314,1
weak,6315,1
weak,6316,1
weak,6317,1
weak,6318,1
weak,6319,1
weak,6320,1
weak,6321,1
weak,6322,1
weak,6323,1
weak,6324,1
weak,6325,1
weak,6326,1
weak,6327,1
weak,6328,1
weak,6329,1
weak,6330,1
weak,6331,1
weak,6332,1
weak,6333,1
weak,6334,1
weak,6335,1
weak,6336,1
weak,6337,1
weak,6338,1
weak,6339,1
weak,6340,1
weak,6341,1
weak,6342,1
weak,6343,1
weak,6344,1
weak,6345,1
weak,6346,1
weak,6347,1
weak,6348,1
weak,6349,1
weak,6350,1
weak,6351,1
weak,6352,1
weak,6353,1
weak,6354,1
weak,6355,1
weak,6356,1
weak,6357,1
weak,6358,1
weak,6359,1
weak,6360,1
weak,6361,1
weak,6362,1
weak,6363,1
weak,6364,1
weak,6365,1
weak,6366,1
weak,6367,1
weak,6368,1
weak,6369,1
weak,6370,1
weak,6371,1
weak,6372,1
weak,6373,1
weak,6374,1
weak,6375,1
weak,6376,1
weak,6377,1
weak,6378,1
weak,6379,1
weak,6380,1
weak,6381,1
weak,6382,1
weak,6383,1
weak,6384,1
weak,6385,1
weak,6386,1
weak,6387,1
weak,6388,1
weak,6389,1
weak,6390,1
weak,6391,1
weak,6392,1
weak,6393,1
weak,6394,1
weak,6395,1
weak,6396,1
weak,6397,1
weak,6398,1
weak,6399,1
weak,6400,1
weak,6401,1
weak,6402,1
weak,6403,1
weak,6404,1
weak,6405,1
weak,6406,1
weak,6407,1
weak,6408,1
weak,6409,1
weak,6410,1
weak,6411,1
weak,6412,1
weak,6413,1
weak,6414,1
weak,6415,1
weak,6416,1
weak,6417,1
weak,6418,1
weak,6419,1
weak,6420,1
weak,6421,1
weak,6422,1
weak,6423,1
weak,6424,1
weak,6425,1
weak,6426,1
weak,6427,1
weak,6428,1
weak,6429,1
weak,6430,1
weak,6431,1
weak,6432,1
weak,6433,1
weak,6434,1
weak,6435,1
weak,6436,1
weak,6437,1
weak,6438,1
weak,6439,1
weak,6440,1
weak,6441,1
weak,6442,1
weak,6443,1
weak,6444,1
weak,6445,1
weak,6446,1
weak,6447,1
weak,6448,1
weak,6449,1
weak,6450,1
weak,6451,1
weak,6452,1
weak,6453,1
weak,6454,1
weak,6455,1
weak,6456,1
weak,6457,1
weak,6458,1
weak,6459,1
weak,6460,1
weak,6461,1
weak,6462,1
weak,6463,1
weak,6464,1
weak,6465,1
weak,6466,1
weak,6467,1
weak,6468,1
weak,6469,1
weak,6470,1
weak,6471,1
weak,6472,1
weak,6473,1
weak,6474,1
weak,6475,1
weak,6476,1
weak,6477,1
weak,6478,1
weak,6479,1
weak,6480,1
weak,6481,1
weak,6482,1
weak,6483,1
weak,6484,1
weak,6485,1
weak,6486,1
weak,6487,1
weak,6488,1
weak,6489,1
weak,6490,1
weak,6491,1
weak,6492,1
weak,6493,1
weak,6494,1
weak,6495,1
weak,6496,1
weak,6497,1
weak,6498,1
weak,6499,1
weak,6500,1
weak,6501,1
weak,6502,1
weak,6503,1
weak,6504,1
weak,6505,1
weak,6506,1
weak,6507,1
weak,6508,1
weak,6509,1
weak,6510,1
weak,6511,1
weak,6512,1
weak,6513,1
weak,6514,1
weak,6515,1
weak,6516,1
weak,6517,1
weak,6518,1
weak,6519,1
weak,6520,1
weak,6521,1
weak,6522,1
weak,6523,1
weak,6524,1
weak,6525,1
weak,6526,1
weak,6527,1
weak,6528,1
weak,6529,1
weak,6530,1
weak,6531,1
weak,6532,1
weak,6533,1
weak,6534,1
weak,6535,1
weak,6536,1
weak,6537,1
weak,6538,1
weak,6539,1
weak,6540,1
weak,6541,1
weak,6542,1
weak,6543,1
weak,6544,1
weak,6545,1
weak,6546,1
weak,6547,1
weak,6548,1
weak,6549,1
weak,6550,1
weak,6551,1
weak,6552,1
weak,6553,1
weak,6554,1
weak,6555,1
weak,6556,1
weak,6557,1
weak,6558,1
weak,6559,1
weak,6560,1
weak,6561,1
weak,6562,1
weak,6563,1
weak,6564,1
weak,6565,1
weak,6566,1
weak,6567,1
weak,6568,1
weak,6569,1
weak,6570,1
weak,6571,1
weak,6572,1
weak,6573,1
weak,6574,1
weak,6575,1
weak,6576,1
weak,6577,1
weak,6578,1
weak,6579,1
weak,6580,1
weak,6581,1
weak,6582,1
weak,6583,1
weak,6584,1
weak,6585,1
weak,6586,1
weak,6587,1
weak,6588,1
weak,6589,1
weak,6590,1
weak,6591,1
weak,6592,1
weak,6593,1
weak,6594,1
weak,6595,1
weak,6596,1
weak,6597,1
weak,6598,1
weak,6599,1
weak,6600,1
weak,6601,1
weak,6602,1
weak,6603,1
weak,6604,1
weak,6605,1
weak,6606,1
weak,6607,1
weak,6608,1
weak,6609,1
weak,6610,1
weak,6611,1
weak,6612,1
weak,6613,1
weak,6614,1
weak,6615,1
weak,6616,1
weak,6617,1
weak,6618,1
weak,6619,1
weak,6620,1
weak,6621,1
weak,6622,1
weak,6623,1
weak,6624,1
weak,6625,1
weak,6626,1
weak,6627,1
weak,6628,1
weak,6629,1
weak,6630,1
weak,6631,1
weak,6632,1
weak,6633,1
weak,6634,1
weak,6635,1
weak,6636,1
weak,6637,1
weak,6638,1
weak,6639,1
weak,6640,1
weak,6641,1
weak,6642,1
weak,6643,1
weak,6644,1
weak,6645,1
weak,6646,1
weak,6647,1
weak,6648,1
weak,6649,1
weak,6650,1
weak,6651,1
weak,6652,1
weak,6653,1
weak,6654,1
weak,6655,1
weak,6656,1
weak,6657,1
weak,6658,1
weak,6659,1
weak,6660,1
weak,6661,1
weak,6662,1
weak,6663,1
weak,6664,1
weak,6665,1
weak,6666,1
weak,6667,1
weak,6668,1
weak,6669,1
weak,6670,1
weak,6671,1
weak,6672,1
weak,6673,1
weak,6674,1
weak,6675,1
weak,6676,1
weak,6677,1
weak,6678,1
weak,6679,1
weak,6680,1
weak,6681,1
weak,6682,1
weak,6683,1
weak,6684,1
weak,6685,1
weak,6686,1
weak,6687,1
weak,6688,1
weak,6689,1
weak,6690,1
weak,6691,1
weak,6692,1
weak,6693,1
weak,6694,1
weak,6695,1
weak,6696,1
weak,6697,1
weak,6698,1
weak,6699,1
weak,6700,1
weak,6701,1
weak,6702,1
weak,6703,1
weak,6704,1
weak,6705,1
weak,6706,1
weak,6707,1
weak,6708,1
weak,6709,1
weak,6710,1
weak,6711,1
weak,6712,1
weak,6713,1
weak,6714,1
weak,6715,1
weak,6716,1
weak,6717,1
weak,6718,1
weak,6719,1
weak,6720,1
weak,6721,1
weak,6722,1
weak,6723,1
weak,6724,1
weak,6725,1
weak,6726,1
weak,6727,1
weak,6728,1
weak,6729,1
weak,6730,1
weak,6731,1
weak,6732,1
weak,6733,1
weak,6734,1
weak,6735,1
weak,6736,1
weak,6737,1
weak,6738,1
weak,6739,1
weak,6740,1
weak,6741,1
weak,6742,1
weak,6743,1
weak,6744,1
weak,6745,1
weak,6746,1
weak,6747,1
weak,6748,1
weak,6749,1
weak,6750,1
weak,6751,1
weak,6752,1
weak,6753,1
weak,6754,1
weak,6755,1
weak,6756,1
weak,6757,1
weak,6758,1
weak,6759,1
weak,6760,1
weak,6761,1
weak,6762,1
weak,6763,1
weak,6764,1
weak,6765,1
weak,6766,1
weak,6767,1
weak,6768,1
weak,6769,1
weak,6770,1
weak,6771,1
weak,6772,1
weak,6773,1
weak,6774,1
weak,6775,1
weak,6776,1
weak,6777,1
weak,6778,1
weak,6779,1
weak,6780,1
weak,6781,1
weak,6782,1
weak,6783,1
weak,6784,1
weak,6785,1
weak,6786,1
weak,6787,1
weak,6788,1
weak,6789,1
weak,6790,1
weak,6791,1
weak,6792,1
weak,6793,1
weak,6794,1
weak,6795,1
weak,6796,1
weak,6797,1
weak,6798,1
weak,6799,1
weak,6800,1
weak,6801,1
weak,6802,1
weak,6803,1
weak,6804,1
weak,6805,1
weak,6806,1
weak,6807,1
weak,6808,1
weak,6809,1
weak,6810,1
weak,6811,1
weak,6812,1
weak,6813,1
weak,6814,1
weak,6815,1
weak,6816,1
weak,6817,1
weak,6818,1
weak,6819,1
weak,6820,1
weak,6821,1
weak,6822,1
weak,6823,1
weak,6824,1
weak,6825,1
weak,6826,1
weak,6827,1
weak,6828,1
weak,6829,1
weak,6830,1
weak,6831,1
weak,6832,1
weak,6833,1
weak,6834,1
weak,6835,1
weak,6836,1
weak,6837,1
weak,6838,1
weak,6839,1
weak,6840,1
weak,6841,1
weak,6842,1
weak,6843,1
weak,6844,1
weak,6845,1
weak,6846,1
weak,6847,1
weak,6848,1
weak,6849,1
weak,6850,1
weak,6851,1
weak,6852,1
weak,6853,1
weak,6854,1
weak,6855,1
weak,6856,1
weak,6857,1
weak,6858,1
weak,6859,1
weak,6860,1
weak,6861,1
weak,6862,1
weak,6863,1
weak,6864,1
weak,6865,1
weak,6866,1
weak,6867,1
weak,6868,1
weak,6869,1
weak,6870,1
weak,6871,1
weak,6872,1
weak,6873,1
weak,6874,1
weak,6875,1
weak,6876,1
weak,6877,1
weak,6878,1
weak,6879,1
weak,6880,1
weak,6881,1
weak,6882,1
weak,6883,1
weak,6884,1
weak,6885,1
weak,6886,1
weak,6887,1
weak,6888,1
weak,6889,1
weak,6890,1
weak,6891,1
weak,6892,1
weak,6893,1
weak,6894,1
weak,6895,1
weak,6896,1
weak,6897,1
weak,6898,1
weak,6899,1
weak,6900,1
weak,6901,1
weak,6902,1
weak,6903,1
weak,6904,1
weak,6905,1
weak,6906,1
weak,6907,1
weak,6908,1
weak,6909,1
weak,6910,1
weak,6911,1
weak,6912,1
weak,6913,1
weak,6914,1
weak,6915,1
weak,6916,1
weak,6917,1
weak,6918,1
weak,6919,1
weak,6920,1
weak,6921,1
weak,6922,1
weak,6923,1
weak,6924,1
weak,6925,1
weak,6926,1
weak,6927,1
weak,6928,1
weak,6929,1
weak,6930,1
weak,6931,1
weak,6932,1
weak,6933,1
weak,6934,1
weak,6935,1
weak,6936,1
weak,6937,1
weak,6938,1
weak,6939,1
weak,6940,1
weak,6941,1
weak,6942,1
weak,6943,1
weak,6944,1
weak,6945,1
weak,6946,1
weak,6947,1
weak,6948,1
weak,6949,1
weak,6950,1
weak,6951,1
weak,6952,1
weak,6953,1
weak,6954,1
weak,6955,1
weak,6956,1
weak,6957,1
weak,6958,1
weak,6959,1
weak,6960,1
weak,6961,1
weak,6962,1
weak,6963,1
weak,6964,1
weak,6965,1
weak,6966,1
weak,6967,1
weak,6968,1
weak,6969,1
weak,6970,1
weak,6971,1
weak,6972,1
weak,6973,1
weak,6974,1
weak,6975,1
weak,6976,1
weak,6977,1
weak,6978,1
weak,6979,1
weak,6980,1
weak,6981,1
weak,6982,1
weak,6983,1
weak,6984,1
weak,6985,1
weak,6986,1
weak,6987,1
weak,6988,1
weak,6989,1
weak,6990,1
weak,6991,1
weak,6992,1
weak,6993,1
weak,6994,1
weak,6995,1
weak,6996,1
weak,6997,1
weak,6998,1
weak,6999,1
weak,7000,1
weak,7001,1
weak,7002,1
weak,7003,1
weak,7004,1
weak,7005,1
weak,7006,1
weak,7007,1
weak,7008,1
weak,7009,1
weak,7010,1
weak,7011,1
weak,7012,1
weak,7013,1
weak,7014,1
weak,7015,1
weak,7016,1
weak,7017,1
weak,7018,1
weak,7019,1
weak,7020,1
weak,7021,1
weak,7022,1
weak,7023,1
weak,7024,1
weak,7025,1
weak,7026,1
weak,7027,1
weak,7028,1
weak,7029,1
weak,7030,1
weak,7031,1
weak,7032,1
weak,7033,1
weak,7034,1
weak,7035,1
weak,7036,1
weak,7037,1
weak,7038,1
weak,7039,1
weak,7040,1
weak,7041,1
weak,7042,1
weak,7043,1
weak,7044,1
weak,7045,1
weak,7046,1
weak,7047,1
weak,7048,1
weak,7049,1
weak,7050,1
weak,7051,1
weak,7052,1
weak,7053,1
weak,7054,1
weak,7055,1
weak,7056,1
weak,7057,1
weak,7058,1
weak,7059,1
weak,7060,1
weak,7061,1
weak,7062,1
weak,7063,1
weak,7064,1
weak,7065,1
weak,7066,1
weak,7067,1
weak,7068,1
weak,7069,1
weak,7070,1
weak,7071,1
weak,7072,1
weak,7073,1
weak,7074,1
weak,7075,1
weak,7076,1
weak,7077,1
weak,7078,1
weak,7079,1
weak,7080,1
weak,7081,1
weak,7082,1
weak,7083,1
weak,7084,1
weak,7085,1
weak,7086,1
weak,7087,1
weak,7088,1
weak,7089,1
weak,7090,1
weak,7091,1
weak,7092,1
weak,7093,1
weak,7094,1
weak,7095,1
weak,7096,1
weak,7097,1
weak,7098,1
weak,7099,1
weak,7100,1
weak,7101,1
weak,7102,1
weak,7103,1
weak,7104,1
weak,7105,1
weak,7106,1
weak,7107,1
weak,7108,1
weak,7109,1
weak,7110,1
weak,7111,1
weak,7112,1
weak,7113,1
weak,7114,1
weak,7115,1
weak,7116,1
weak,7117,1
weak,7118,1
weak,7119,1
weak,7120,1
weak,7121,1
weak,7122,1
weak,7123,1
weak,7124,1
weak,7125,1
weak,7126,1
weak,7127,1
weak,7128,1
weak,7129,1
weak,7130,1
weak,7131,1
weak,7132,1
weak,7133,1
weak,7134,1
weak,7135,1
weak,7136,1
weak,7137,1
weak,7138,1
weak,7139,1
weak,7140,1
weak,7141,1
weak,7142,1
weak,7143,1
weak,7144,1
weak,7145,1
weak,7146,1
weak,7147,1
weak,7148,1
weak,7149,1
weak,7150,1
weak,7151,1
weak,7152,1
weak,7153,1
weak,7154,1
weak,7155,1
weak,7156,1
weak,7157,1
weak,7158,1
weak,7159,1
weak,7160,1
weak,7161,1
weak,7162,1
weak,7163,1
weak,7164,1
weak,7165,1
weak,7166,1
weak,7167,1
weak,7168,1
weak,7169,1
weak,7170,1
weak,7171,1
weak,7172,1
weak,7173,1
weak,7174,1
weak,7175,1
weak,7176,1
weak,7177,1
weak,7178,1
weak,7179,1
weak,7180,1
weak,7181,1
weak,7182,1
weak,7183,1
weak,7184,1
weak,7185,1
weak,7186,1
weak,7187,1
weak,7188,1
weak,7189,1
weak,7190,1
weak,7191,1
weak,7192,1
weak,7193,1
weak,7194,1
weak,7195,1
weak,7196,1
weak,7197,1
weak,7198,1
weak,7199,1
weak,7200,1
weak,7201,1
weak,7202,1
weak,7203,1
weak,7204,1
weak,7205,1
weak,7206,1
weak,7207,1
weak,7208,1
weak,7209,1
weak,7210,1
weak,7211,1
weak,7212,1
weak,7213,1
weak,7214,1
weak,7215,1
weak,7216,1
weak,7217,1
weak,7218,1
weak,7219,1
weak,7220,1
weak,7221,1
weak,7222,1
weak,7223,1
weak,7224,1
weak,7225,1
weak,7226,1
weak,7227,1
weak,7228,1
weak,7229,1
weak,7230,1
weak,7231,1
weak,7232,1
weak,7233,1
weak,7234,1
weak,7235,1
weak,7236,1
weak,7237,1
weak,7238,1
weak,7239,1
weak,7240,1
weak,7241,1
weak,7242,1
weak,7243,1
weak,7244,1
weak,7245,1
weak,7246,1
weak,7247,1
weak,7248,1
weak,7249,1
weak,7250,1
weak,7251,1
weak,7252,1
weak,7253,1
weak,7254,1
weak,7255,1
weak,7256,1
weak,7257,1
weak,7258,1
weak,7259,1
weak,7260,1
weak,7261,1
weak,7262,1
weak,7263,1
weak,7264,1
weak,7265,1
weak,7266,1
weak,7267,1
weak,7268,1
weak,7269,1
weak,7270,1
weak,7271,1
weak,7272,1
weak,7273,1
weak,7274,1
weak,7275,1
weak,7276,1
weak,7277,1
weak,7278,1
weak,7279,1
weak,7280,1
weak,7281,1
weak,7282,1
weak,7283,1
weak,7284,1
weak,7285,1
weak,7286,1
weak,7287,1
weak,7288,1
weak,7289,1
weak,7290,1
weak,7291,1
weak,7292,1
weak,7293,1
weak,7294,1
weak,7295,1
weak,7296,1
weak,7297,1
weak,7298,1
weak,7299,1
weak,7300,1
weak,7301,1
weak,7302,1
weak,7303,1
weak,7304,1
weak,7305,1
weak,7306,1
weak,7307,1
weak,7308,1
weak,7309,1
weak,7310,1
weak,7311,1
weak,7312,1
weak,7313,1
weak,7314,1
weak,7315,1
weak,7316,1
weak,7317,1
weak,7318,1
weak,7319,1
weak,7320,1
weak,7321,1
weak,7322,1
weak,7323,1
weak,7324,1
weak,7325,1
weak,7326,1
weak,7327,1
weak,7328,1
weak,7329,1
weak,7330,1
weak,7331,1
weak,7332,1
weak,7333,1
weak,7334,1
weak,7335,1
weak,7336,1
weak,7337,1
weak,7338,1
weak,7339,1
weak,7340,1
weak,7341,1
weak,7342,1
weak,7343,1
weak,7344,1
weak,7345,1
weak,7346,1
weak,7347,1
weak,7348,1
weak,7349,1
weak,7350,1
weak,7351,1
weak,7352,1
weak,7353,1
weak,7354,1
weak,7355,1
weak,7356,1
weak,7357,1
weak,7358,1
weak,7359,1
weak,7360,1
weak,7361,1
weak,7362,1
weak,7363,1
weak,7364,1
weak,7365,1
weak,7366,1
weak,7367,1
weak,7368,1
weak,7369,1
weak,7370,1
weak,7371,1
weak,7372,1
weak,7373,1
weak,7374,1
weak,7375,1
weak,7376,1
weak,7377,1
weak,7378,1
weak,7379,1
weak,7380,1
weak,7381,1
weak,7382,1
weak,7383,1
weak,7384,1
weak,7385,1
weak,7386,1
weak,7387,1
weak,7388,1
weak,7389,1
weak,7390,1
weak,7391,1
weak,7392,1
weak,7393,1
weak,7394,1
weak,7395,1
weak,7396,1
weak,7397,1
weak,7398,1
weak,7399,1
weak,7400,1
weak,7401,1
weak,7402,1
weak,7403,1
weak,7404,1
weak,7405,1
weak,7406,1
weak,7407,1
weak,7408,1
weak,7409,1
weak,7410,1
weak,7411,1
weak,7412,1
weak,7413,1
weak,7414,1
weak,7415,1
weak,7416,1
weak,7417,1
weak,7418,1
weak,7419,1
weak,7420,1
weak,7421,1
weak,7422,1
weak,7423,1
weak,7424,1
weak,7425,1
weak,7426,1
weak,7427,1
weak,7428,1
weak,7429,1
weak,7430,1
weak,7431,1
weak,7432,1
weak,7433,1
weak,7434,1
weak,7435,1
weak,7436,1
weak,7437,1
weak,7438,1
weak,7439,1
weak,7440,1
weak,7441,1
weak,7442,1
weak,7443,1
weak,7444,1
weak,7445,1
weak,7446,1
weak,7447,1
weak,7448,1
weak,7449,1
weak,7450,1
weak,7451,1
weak,7452,1
weak,7453,1
weak,7454,1
weak,7455,1
weak,7456,1
weak,7457,1
weak,7458,1
weak,7459,1
weak,7460,1
weak,7461,1
weak,7462,1
weak,7463,1
weak,7464,1
weak,7465,1
weak,7466,1
weak,7467,1
weak,7468,1
weak,7469,1
weak,7470,1
weak,7471,1
weak,7472,1
weak,7473,1
weak,7474,1
weak,7475,1
weak,7476,1
weak,7477,1
weak,7478,1
weak,7479,1
weak,7480,1
weak,7481,1
weak,7482,1
weak,7483,1
weak,7484,1
weak,7485,1
weak,7486,1
weak,7487,1
weak,7488,1
weak,7489,1
weak,7490,1
weak,7491,1
weak,7492,1
weak,7493,1
weak,7494,1
weak,7495,1
weak,7496,1
weak,7497,1
weak,7498,1
weak,7499,1
weak,7500,1
weak,7501,1
weak,7502,1
weak,7503,1
weak,7504,1
weak,7505,1
weak,7506,1
weak,7507,1
weak,7508,1
weak,7509,1
weak,7510,1
weak,7511,1
weak,7512,1
weak,7513,1
weak,7514,1
weak,7515,1
weak,7516,1
weak,7517,1
weak,7518,1
weak,7519,1
weak,7520,1
weak,7521,1
weak,7522,1
weak,7523,1
weak,7524,1
weak,7525,1
weak,7526,1
weak,7527,1
weak,7528,1
weak,7529,1
weak,7530,1
weak,7531,1
weak,7532,1
weak,7533,1
weak,7534,1
weak,7535,1
weak,7536,1
weak,7537,1
weak,7538,1
weak,7539,1
weak,7540,1
weak,7541,1
weak,7542,1
weak,7543,1
weak,7544,1
weak,7545,1
weak,7546,1
weak,7547,1
weak,7548,1
weak,7549,1
weak,7550,1
weak,7551,1
weak,7552,1
weak,7553,1
weak,7554,1
weak,7555,1
weak,7556,1
weak,7557,1
weak,7558,1
weak,7559,1
weak,7560,1
weak,7561,1
weak,7562,1
weak,7563,1
weak,7564,1
weak,7565,1
weak,7566,1
weak,7567,1
weak,7568,1
weak,7569,1
weak,7570,1
weak,7571,1
weak,7572,1
weak,7573,1
weak,7574,1
weak,7575,1
weak,7576,1
weak,7577,1
weak,7578,1
weak,7579,1
weak,7580,1
weak,7581,1
weak,7582,1
weak,7583,1
weak,7584,1
weak,7585,1
weak,7586,1
weak,7587,1
weak,7588,1
weak,7589,1
weak,7590,1
weak,7591,1
weak,7592,1
weak,7593,1
weak,7594,1
weak,7595,1
weak,7596,1
weak,7597,1
weak,7598,1
weak,7599,1
weak,7600,1
weak,7601,1
weak,7602,1
weak,7603,1
weak,7604,1
weak,7605,1
weak,7606,1
weak,7607,1
weak,7608,1
weak,7609,1
weak,7610,1
weak,7611,1
weak,7612,1
weak,7613,1
weak,7614,1
weak,7615,1
weak,7616,1
weak,7617,1
weak,7618,1
weak,7619,1
weak,7620,1
weak,7621,1
weak,7622,1
weak,7623,1
weak,7624,1
weak,7625,1
weak,7626,1
weak,7627,1
weak,7628,1
weak,7629,1
weak,7630,1
weak,7631,1
weak,7632,1
weak,7633,1
weak,7634,1
weak,7635,1
weak,7636,1
weak,7637,1
weak,7638,1
weak,7639,1
weak,7640,1
weak,7641,1
weak,7642,1
weak,7643,1
weak,7644,1
weak,7645,1
weak,7646,1
weak,7647,1
weak,7648,1
weak,7649,1
weak,7650,1
weak,7651,1
weak,7652,1
weak,7653,1
weak,7654,1
weak,7655,1
weak,7656,1
weak,7657,1
weak,7658,1
weak,7659,1
weak,7660,1
weak,7661,1
weak,7662,1
weak,7663,1
weak,7664,1
weak,7665,1
weak,7666,1
weak,7667,1
weak,7668,1
weak,7669,1
weak,7670,1
weak,7671,1
weak,7672,1
weak,7673,1
weak,7674,1
weak,7675,1
weak,7676,1
weak,7677,1
weak,7678,1
weak,7679,1
weak,7680,1
weak,7681,1
weak,7682,1
weak,7683,1
weak,7684,1
weak,7685,1
weak,7686,1
weak,7687,1
weak,7688,1
weak,7689,1
weak,7690,1
weak,7691,1
weak,7692,1
weak,7693,1
weak,7694,1
weak,7695,1
weak,7696,1
weak,7697,1
weak,7698,1
weak,7699,1
weak,7700,1
weak,7701,1
weak,7702,1
weak,7703,1
weak,7704,1
weak,7705,1
weak,7706,1
weak,7707,1
weak,7708,1
weak,7709,1
weak,7710,1
weak,7711,1
weak,7712,1
weak,7713,1
weak,7714,1
weak,7715,1
weak,7716,1
weak,7717,1
weak,7718,1
weak,7719,1
weak,7720,1
weak,7721,1
weak,7722,1
weak,7723,1
weak,7724,1
weak,7725,1
weak,7726,1
weak,7727,1
weak,7728,1
weak,7729,1
weak,7730,1
weak,7731,1
weak,7732,1
weak,7733,1
weak,7734,1
weak,7735,1
weak,7736,1
weak,7737,1
weak,7738,1
weak,7739,1
weak,7740,1
weak,7741,1
weak,7742,1
weak,7743,1
weak,7744,1
weak,7745,1
weak,7746,1
weak,7747,1
weak,7748,1
weak,7749,1
weak,7750,1
weak,7751,1
weak,7752,1
weak,7753,1
weak,7754,1
weak,7755,1
weak,7756,1
weak,7757,1
weak,7758,1
weak,7759,1
weak,7760,1
weak,7761,1
weak,7762,1
weak,7763,1
weak,7764,1
weak,7765,1
weak,7766,1
weak,7767,1
weak,7768,1
weak,7769,1
weak,7770,1
weak,7771,1
weak,7772,1
weak,7773,1
weak,7774,1
weak,7775,1
weak,7776,1
weak,7777,1
weak,7778,1
weak,7779,1
weak,7780,1
weak,7781,1
weak,7782,1
weak,7783,1
weak,7784,1
weak,7785,1
weak,7786,1
weak,7787,1
weak,7788,1
weak,7789,1
weak,7790,1
weak,7791,1
weak,7792,1
weak,7793,1
weak,7794,1
weak,7795,1
weak,7796,1
weak,7797,1
weak,7798,1
weak,7799,1
weak,7800,1
weak,7801,1
weak,7802,1
weak,7803,1
weak,7804,1
weak,7805,1
weak,7806,1
weak,7807,1
weak,7808,1
weak,7809,1
weak,7810,1
weak,7811,1
weak,7812,1
weak,7813,1
weak,7814,1
weak,7815,1
weak,7816,1
weak,7817,1
weak,7818,1
weak,7819,1
weak,7820,1
weak,7821,1
weak,7822,1
weak,7823,1
weak,7824,1
weak,7825,1
weak,7826,1
weak,7827,1
weak,7828,1
weak,7829,1
weak,7830,1
weak,7831,1
weak,7832,1
weak,7833,1
weak,7834,1
weak,7835,1
weak,7836,1
weak,7837,1
weak,7838,1
weak,7839,1
weak,7840,1
weak,7841,1
weak,7842,1
weak,7843,1
weak,7844,1
weak,7845,1
weak,7846,1
weak,7847,1
weak,7848,1
weak,7849,1
weak,7850,1
weak,7851,1
weak,7852,1
weak,7853,1
weak,7854,1
weak,7855,1
weak,7856,1
weak,7857,1
weak,7858,1
weak,7859,1
weak,7860,1
weak,7861,1
weak,7862,1
weak,7863,1
weak,7864,1
weak,7865,1
weak,7866,1
weak,7867,1
weak,7868,1
weak,7869,1
weak,7870,1
weak,7871,1
weak,7872,1
weak,7873,1
weak,7874,1
weak,7875,1
weak,7876,1
weak,7877,1
weak,7878,1
weak,7879,1
weak,7880,1
weak,7881,1
weak,7882,1
weak,7883,1
weak,7884,1
weak,7885,1
weak,7886,1
weak,7887,1
weak,7888,1
weak,7889,1
weak,7890,1
weak,7891,1
weak,7892,1
weak,7893,1
weak,7894,1
weak,7895,1
weak,7896,1
weak,7897,1
weak,7898,1
weak,7899,1
weak,7900,1
weak,7901,1
weak,7902,1
weak,7903,1
weak,7904,1
weak,7905,1
weak,7906,1
weak,7907,1
weak,7908,1
weak,7909,1
weak,7910,1
weak,7911,1
weak,7912,1
weak,7913,1
weak,7914,1
weak,7915,1
weak,7916,1
weak,7917,1
weak,7918,1
weak,7919,1
weak,7920,1
weak,7921,1
weak,7922,1
weak,7923,1
weak,7924,1
weak,7925,1
weak,7926,1
weak,7927,1
weak,7928,1
weak,7929,1
weak,7930,1
weak,7931,1
weak,7932,1
weak,7933,1
weak,7934,1
weak,7935,1
weak,7936,1
weak,7937,1
weak,7938,1
weak,7939,1
weak,7940,1
weak,7941,1
weak,7942,1
weak,7943,1
weak,7944,1
weak,7945,1
weak,7946,1
weak,7947,1
weak,7948,1
weak,7949,1
weak,7950,1
weak,7951,1
weak,7952,1
weak,7953,1
weak,7954,1
weak,7955,1
weak,7956,1
weak,7957,1
weak,7958,1
weak,7959,1
weak,7960,1
weak,7961,1
weak,7962,1
weak,7963,1
weak,7964,1
weak,7965,1
weak,7966,1
weak,7967,1
weak,7968,1
weak,7969,1
weak,7970,1
weak,7971,1
weak,7972,1
weak,7973,1
weak,7974,1
weak,7975,1
weak,7976,1
weak,7977,1
weak,7978,1
weak,7979,1
weak,7980,1
weak,7981,1
weak,7982,1
weak,7983,1
weak,7984,1
weak,7985,1
weak,7986,1
weak,7987,1
weak,7988,1
weak,7989,1
weak,7990,1
weak,7991,1
weak,7992,1
weak,7993,1
weak,7994,1
weak,7995,1
weak,7996,1
weak,7997,1
weak,7998,1
weak,7999,1
weak,8000,1
weak,8001,1
weak,8002,1
weak,8003,1
weak,8004,1
weak,8005,1
weak,8006,1
weak,8007,1
weak,8008,1
weak,8009,1
weak,8010,1
weak,8011,1
weak,8012,1
weak,8013,1
weak,8014,1
weak,8015,1
weak,8016,1
weak,8017,1
weak,8018,1
weak,8019,1
weak,8020,1
weak,8021,1
weak,8022,1
weak,8023,1
weak,8024,1
weak,8025,1
weak,8026,1
weak,8027,1
weak,8028,1
weak,8029,1
weak,8030,1
weak,8031,1
weak,8032,1
weak,8033,1
weak,8034,1
weak,8035,1
weak,8036,1
weak,8037,1
weak,8038,1
weak,8039,1
weak,8040,1
weak,8041,1
weak,8042,1
weak,8043,1
weak,8044,1
weak,8045,1
weak,8046,1
weak,8047,1
weak,8048,1
weak,8049,1
weak,8050,1
weak,8051,1
weak,8052,1
weak,8053,1
weak,8054,1
weak,8055,1
weak,8056,1
weak,8057,1
weak,8058,1
weak,8059,1
weak,8060,1
weak,8061,1
weak,8062,1
weak,8063,1
weak,8064,1
weak,8065,1
weak,8066,1
weak,8067,1
weak,8068,1
weak,8069,1
weak,8070,1
weak,8071,1
weak,8072,1
weak,8073,1
weak,8074,1
weak,8075,1
weak,8076,1
weak,8077,1
weak,8078,1
weak,8079,1
weak,8080,1
weak,8081,1
weak,8082,1
weak,8083,1
weak,8084,1
weak,8085,1
weak,8086,1
weak,8087,1
weak,8088,1
weak,8089,1
weak,8090,1
weak,8091,1
weak,8092,1
weak,8093,1
weak,8094,1
weak,8095,1
weak,8096,1
weak,8097,1
weak,8098,1
weak,8099,1
weak,8100,1
weak,8101,1
weak,8102,1
weak,8103,1
weak,8104,1
weak,8105,1
weak,8106,1
weak,8107,1
weak,8108,1
weak,8109,1
weak,8110,1
weak,8111,1
weak,8112,1
weak,8113,1
weak,8114,1
weak,8115,1
weak,8116,1
weak,8117,1
weak,8118,1
weak,8119,1
weak,8120,1
weak,8121,1
weak,8122,1
weak,8123,1
weak,8124,1
weak,8125,1
weak,8126,1
weak,8127,1
weak,8128,1
weak,8129,1
weak,8130,1
weak,8131,1
weak,8132,1
weak,8133,1
weak,8134,1
weak,8135,1
weak,8136,1
weak,8137,1
weak,8138,1
weak,8139,1
weak,8140,1
weak,8141,1
weak,8142,1
weak,8143,1
weak,8144,1
weak,8145,1
weak,8146,1
weak,8147,1
weak,8148,1
weak,8149,1
weak,8150,1
weak,8151,1
weak,8152,1
weak,8153,1
weak,8154,1
weak,8155,1
weak,8156,1
weak,8157,1
weak,8158,1
weak,8159,1
weak,8160,1
weak,8161,1
weak,8162,1
weak,8163,1
weak,8164,1
weak,8165,1
weak,8166,1
weak,8167,1
weak,8168,1
weak,8169,1
weak,8170,1
weak,8171,1
weak,8172,1
weak,8173,1
weak,8174,1
weak,8175,1
weak,8176,1
weak,8177,1
weak,8178,1
weak,8179,1
weak,8180,1
weak,8181,1
weak,8182,1
weak,8183,1
weak,8184,1
weak,8185,1
weak,8186,1
weak,8187,1
weak,8188,1
weak,8189,1
weak,8190,1
weak,8191,1
weak,8192,1
weak,8193,1
weak,8194,1
weak,8195,1
weak,8196,1
weak,8197,1
weak,8198,1
weak,8199,1
weak,8200,1
weak,8201,1
weak,8202,1
weak,8203,1
weak,8204,1
weak,8205,1
weak,8206,1
weak,8207,1
weak,8208,1
weak,8209,1
weak,8210,1
weak,8211,1
weak,8212,1
weak,8213,1
weak,8214,1
weak,8215,1
weak,8216,1
weak,8217,1
weak,8218,1
weak,8219,1
weak,8220,1
weak,8221,1
weak,8222,1
weak,8223,1
weak,8224,1
weak,8225,1
weak,8226,1
weak,8227,1
weak,8228,1
weak,8229,1
weak,8230,1
weak,8231,1
weak,8232,1
weak,8233,1
weak,8234,1
weak,8235,1
weak,8236,1
weak,8237,1
weak,8238,1
weak,8239,1
weak,8240,1
weak,8241,1
weak,8242,1
weak,8243,1
weak,8244,1
weak,8245,1
weak,8246,1
weak,8247,1
weak,8248,1
weak,8249,1
weak,8250,1
weak,8251,1
weak,8252,1
weak,8253,1
weak,8254,1
weak,8255,1
weak,8256,1
weak,8257,1
weak,8258,1
weak,8259,1
weak,8260,1
weak,8261,1
weak,8262,1
weak,8263,1
weak,8264,1
weak,8265,1
weak,8266,1
weak,8267,1
weak,8268,1
weak,8269,1
weak,8270,1
weak,8271,1
weak,8272,1
weak,8273,1
weak,8274,1
weak,8275,1
weak,8276,1
weak,8277,1
weak,8278,1
weak,8279,1
weak,8280,1
weak,8281,1
weak,8282,1
weak,8283,1
weak,8284,1
weak,8285,1
weak,8286,1
weak,8287,1
weak,8288,1
weak,8289,1
weak,8290,1
weak,8291,1
weak,8292,1
weak,8293,1
weak,8294,1
weak,8295,1
weak,8296,1
weak,8297,1
weak,8298,1
weak,8299,1
weak,8300,1
weak,8301,1
weak,8302,1
weak,8303,1
weak,8304,1
weak,8305,1
weak,8306,1
weak,8307,1
weak,8308,1
weak,8309,1
weak,8310,1
weak,8311,1
weak,8312,1
weak,8313,1
weak,8314,1
weak,8315,1
weak,8316,1
weak,8317,1
weak,8318,1
weak,8319,1
weak,8320,1
weak,8321,1
weak,8322,1
weak,8323,1
weak,8324,1
weak,8325,1
weak,8326,1
weak,8327,1
weak,8328,1
weak,8329,1
weak,8330,1
weak,8331,1
weak,8332,1
weak,8333,1
weak,8334,1
weak,8335,1
weak,8336,1
weak,8337,1
weak,8338,1
weak,8339,1
weak,8340,1
weak,8341,1
weak,8342,1
weak,8343,1
weak,8344,1
weak,8345,1
weak,8346,1
weak,8347,1
weak,8348,1
weak,8349,1
weak,8350,1
weak,8351,1
weak,8352,1
weak,8353,1
weak,8354,1
weak,8355,1
weak,8356,1
weak,8357,1
weak,8358,1
weak,8359,1
weak,8360,1
weak,8361,1
weak,8362,1
weak,8363,1
weak,8364,1
weak,8365,1
weak,8366,1
weak,8367,1
weak,8368,1
weak,8369,1
weak,8370,1
weak,8371,1
weak,8372,1
weak,8373,1
weak,8374,1
weak,8375,1
weak,8376,1
weak,8377,1
weak,8378,1
weak,8379,1
weak,8380,1
weak,8381,1
weak,8382,1
weak,8383,1
weak,8384,1
weak,8385,1
weak,8386,1
weak,8387,1
weak,8388,1
weak,8389,1
weak,8390,1
weak,8391,1
weak,8392,1
weak,8393,1
weak,8394,1
weak,8395,1
weak,8396,1
weak,8397,1
weak,8398,1
weak,8399,1
weak,8400,1
weak,8401,1
weak,8402,1
weak,8403,1
weak,8404,1
weak,8405,1
weak,8406,1
weak,8407,1
weak,8408,1
weak,8409,1
weak,8410,1
weak,8411,1
weak,8412,1
weak,8413,1
weak,8414,1
weak,8415,1
weak,8416,1
weak,8417,1
weak,8418,1
weak,8419,1
weak,8420,1
weak,8421,1
weak,8422,1
weak,8423,1
weak,8424,1
weak,8425,1
weak,8426,1
weak,8427,1
weak,8428,1
weak,8429,1
weak,8430,1
weak,8431,1
weak,8432,1
weak,8433,1
weak,8434,1
weak,8435,1
weak,8436,1
weak,8437,1
weak,8438,1
weak,8439,1
weak,8440,1
weak,8441,1
weak,8442,1
weak,8443,1
weak,8444,1
weak,8445,1
weak,8446,1
weak,8447,1
weak,8448,1
weak,8449,1
weak,8450,1
weak,8451,1
weak,8452,1
weak,8453,1
weak,8454,1
weak,8455,1
weak,8456,1
weak,8457,1
weak,8458,1
weak,8459,1
weak,8460,1
weak,8461,1
weak,8462,1
weak,8463,1
weak,8464,1
weak,8465,1
weak,8466,1
weak,8467,1
weak,8468,1
weak,8469,1
weak,8470,1
weak,8471,1
weak,8472,1
weak,8473,1
weak,8474,1
weak,8475,1
weak,8476,1
weak,8477,1
weak,8478,1
weak,8479,1
weak,8480,1
weak,8481,1
weak,8482,1
weak,8483,1
weak,8484,1
weak,8485,1
weak,8486,1
weak,8487,1
weak,8488,1
weak,8489,1
weak,8490,1
weak,8491,1
weak,8492,1
weak,8493,1
weak,8494,1
weak,8495,1
weak,8496,1
weak,8497,1
weak,8498,1
weak,8499,1
weak,8500,1
weak,8501,1
weak,8502,1
weak,8503,1
weak,8504,1
weak,8505,1
weak,8506,1
weak,8507,1
weak,8508,1
weak,8509,1
weak,8510,1
weak,8511,1
weak,8512,1
weak,8513,1
weak,8514,1
weak,8515,1
weak,8516,1
weak,8517,1
weak,8518,1
weak,8519,1
weak,8520,1
weak,8521,1
weak,8522,1
weak,8523,1
weak,8524,1
weak,8525,1
weak,8526,1
weak,8527,1
weak,8528,1
weak,8529,1
weak,8530,1
weak,8531,1
weak,8532,1
weak,8533,1
weak,8534,1
weak,8535,1
weak,8536,1
weak,8537,1
weak,8538,1
weak,8539,1
weak,8540,1
weak,8541,1
weak,8542,1
weak,8543,1
weak,8544,1
weak,8545,1
weak,8546,1
weak,8547,1
weak,8548,1
weak,8549,1
weak,8550,1
weak,8551,1
weak,8552,1
weak,8553,1
weak,8554,1
weak,8555,1
weak,8556,1
weak,8557,1
weak,8558,1
weak,8559,1
weak,8560,1
weak,8561,1
weak,8562,1
weak,8563,1
weak,8564,1
weak,8565,1
weak,8566,1
weak,8567,1
weak,8568,1
weak,8569,1
weak,8570,1
weak,8571,1
weak,8572,1
weak,8573,1
weak,8574,1
weak,8575,1
weak,8576,1
weak,8577,1
weak,8578,1
weak,8579,1
weak,8580,1
weak,8581,1
weak,8582,1
weak,8583,1
weak,8584,1
weak,8585,1
weak,8586,1
weak,8587,1
weak,8588,1
weak,8589,1
weak,8590,1
weak,8591,1
weak,8592,1
weak,8593,1
weak,8594,1
weak,8595,1
weak,8596,1
weak,8597,1
weak,8598,1
weak,8599,1
weak,8600,1
weak,8601,1
weak,8602,1
weak,8603,1
weak,8604,1
weak,8605,1
weak,8606,1
weak,8607,1
weak,8608,1
weak,8609,1
weak,8610,1
weak,8611,1
weak,8612,1
weak,8613,1
weak,8614,1
weak,8615,1
weak,8616,1
weak,8617,1
weak,8618,1
weak,8619,1
weak,8620,1
weak,8621,1
weak,8622,1
weak,8623,1
weak,8624,1
weak,8625,1
weak,8626,1
weak,8627,1
weak,8628,1
weak,8629,1
weak,8630,1
weak,8631,1
weak,8632,1
weak,8633,1
weak,8634,1
weak,8635,1
weak,8636,1
weak,8637,1
weak,8638,1
weak,8639,1
weak,8640,1
weak,8641,1
weak,8642,1
weak,8643,1
weak,8644,1
weak,8645,1
weak,8646,1
weak,8647,1
weak,8648,1
weak,8649,1
weak,8650,1
weak,8651,1
weak,8652,1
weak,8653,1
weak,8654,1
weak,8655,1
weak,8656,1
weak,8657,1
weak,8658,1
weak,8659,1
weak,8660,1
weak,8661,1
weak,8662,1
weak,8663,1
weak,8664,1
weak,8665,1
weak,8666,1
weak,8667,1
weak,8668,1
weak,8669,1
weak,8670,1
weak,8671,1
weak,8672,1
weak,8673,1
weak,8674,1
weak,8675,1
weak,8676,1
weak,8677,1
weak,8678,1
weak,8679,1
weak,8680,1
weak,8681,1
weak,8682,1
weak,8683,1
weak,8684,1
weak,8685,1
weak,8686,1
weak,8687,1
weak,8688,1
weak,8689,1
weak,8690,1
weak,8691,1
weak,8692,1
weak,8693,1
weak,8694,1
weak,8695,1
weak,8696,1
weak,8697,1
weak,8698,1
weak,8699,1
weak,8700,1
weak,8701,1
weak,8702,1
weak,8703,1
weak,8704,1
weak,8705,1
weak,8706,1
weak,8707,1
weak,8708,1
weak,8709,1
weak,8710,1
weak,8711,1
weak,8712,1
weak,8713,1
weak,8714,1
weak,8715,1
weak,8716,1
weak,8717,1
weak,8718,1
weak,8719,1
weak,8720,1
weak,8721,1
weak,8722,1
weak,8723,1
weak,8724,1
weak,8725,1
weak,8726,1
weak,8727,1
weak,8728,1
weak,8729,1
weak,8730,1
weak,8731,1
weak,8732,1
weak,8733,1
weak,8734,1
weak,8735,1
weak,8736,1
weak,8737,1
weak,8738,1
weak,8739,1
weak,8740,1
weak,8741,1
weak,8742,1
weak,8743,1
weak,8744,1
weak,8745,1
weak,8746,1
weak,8747,1
weak,8748,1
weak,8749,1
weak,8750,1
weak,8751,1
weak,8752,1
weak,8753,1
weak,8754,1
weak,8755,1
weak,8756,1
weak,8757,1
weak,8758,1
weak,8759,1
weak,8760,1
weak,8761,1
weak,8762,1
weak,8763,1
weak,8764,1
weak,8765,1
weak,8766,1
weak,8767,1
weak,8768,1
weak,8769,1
weak,8770,1
weak,8771,1
weak,8772,1
weak,8773,1
weak,8774,1
weak,8775,1
weak,8776,1
weak,8777,1
weak,8778,1
weak,8779,1
weak,8780,1
weak,8781,1
weak,8782,1
weak,8783,1
weak,8784,1
weak,8785,1
weak,8786,1
weak,8787,1
weak,8788,1
weak,8789,1
weak,8790,1
weak,8791,1
weak,8792,1
weak,8793,1
weak,8794,1
weak,8795,1
weak,8796,1
weak,8797,1
weak,8798,1
weak,8799,1
weak,8800,1
weak,8801,1
weak,8802,1
weak,8803,1
weak,8804,1
weak,8805,1
weak,8806,1
weak,8807,1
weak,8808,1
weak,8809,1
weak,8810,1
weak,8811,1
weak,8812,1
weak,8813,1
weak,8814,1
weak,8815,1
weak,8816,1
weak,8817,1
weak,8818,1
weak,8819,1
weak,8820,1
weak,8821,1
weak,8822,1
weak,8823,1
weak,8824,1
weak,8825,1
weak,8826,1
weak,8827,1
weak,8828,1
weak,8829,1
weak,8830,1
weak,8831,1
weak,8832,1
weak,8833,1
weak,8834,1
weak,8835,1
weak,8836,1
weak,8837,1
weak,8838,1
weak,8839,1
weak,8840,1
weak,8841,1
weak,8842,1
weak,8843,1
weak,8844,1
weak,8845,1
weak,8846,1
weak,8847,1
weak,8848,1
weak,8849,1
weak,8850,1
weak,8851,1
weak,8852,1
weak,8853,1
weak,8854,1
weak,8855,1
weak,8856,1
weak,8857,1
weak,8858,1
weak,8859,1
weak,8860,1
weak,8861,1
weak,8862,1
weak,8863,1
weak,8864,1
weak,8865,1
weak,8866,1
weak,8867,1
weak,8868,1
weak,8869,1
weak,8870,1
weak,8871,1
weak,8872,1
weak,8873,1
weak,8874,1
weak,8875,1
weak,8876,1
weak,8877,1
weak,8878,1
weak,8879,1
weak,8880,1
weak,8881,1
weak,8882,1
weak,8883,1
weak,8884,1
weak,8885,1
weak,8886,1
weak,8887,1
weak,8888,1
weak,8889,1
weak,8890,1
weak,8891,1
weak,8892,1
weak,8893,1
weak,8894,1
weak,8895,1
weak,8896,1
weak,8897,1
weak,8898,1
weak,8899,1
weak,8900,1
weak,8901,1
weak,8902,1
weak,8903,1
weak,8904,1
weak,8905,1
weak,8906,1
weak,8907,1
weak,8908,1
weak,8909,1
weak,8910,1
weak,8911,1
weak,8912,1
weak,8913,1
weak,8914,1
weak,8915,1
weak,8916,1
weak,8917,1
weak,8918,1
weak,8919,1
weak,8920,1
weak,8921,1
weak,8922,1
weak,8923,1
weak,8924,1
weak,8925,1
weak,8926,1
weak,8927,1
weak,8928,1
weak,8929,1
weak,8930,1
weak,8931,1
weak,8932,1
weak,8933,1
weak,8934,1
weak,8935,1
weak,8936,1
weak,8937,1
weak,8938,1
weak,8939,1
weak,8940,1
weak,8941,1
weak,8942,1
weak,8943,1
weak,8944,1
weak,8945,1
weak,8946,1
weak,8947,1
weak,8948,1
weak,8949,1
weak,8950,1
weak,8951,1
weak,8952,1
weak,8953,1
weak,8954,1
weak,8955,1
weak,8956,1
weak,8957,1
weak,8958,1
weak,8959,1
weak,8960,1
weak,8961,1
weak,8962,1
weak,8963,1
weak,8964,1
weak,8965,1
weak,8966,1
weak,8967,1
weak,8968,1
weak,8969,1
weak,8970,1
weak,8971,1
weak,8972,1
weak,8973,1
weak,8974,1
weak,8975,1
weak,8976,1
weak,8977,1
weak,8978,1
weak,8979,1
weak,8980,1
weak,8981,1
weak,8982,1
weak,8983,1
weak,8984,1
weak,8985,1
weak,8986,1
weak,8987,1
weak,8988,1
weak,8989,1
weak,8990,1
weak,8991,1
weak,8992,1
weak,8993,1
weak,8994,1
weak,8995,1
weak,8996,1
weak,8997,1
weak,8998,1
weak,8999,1
weak,9000,1
weak,9001,1
weak,9002,1
weak,9003,1
weak,9004,1
weak,9005,1
weak,9006,1
weak,9007,1
weak,9008,1
weak,9009,1
weak,9010,1
weak,9011,1
weak,9012,1
weak,9013,1
weak,9014,1
weak,9015,1
weak,9016,1
weak,9017,1
weak,9018,1
weak,9019,1
weak,9020,1
weak,9021,1
weak,9022,1
weak,9023,1
weak,9024,1
weak,9025,1
weak,9026,1
weak,9027,1
weak,9028,1
weak,9029,1
weak,9030,1
weak,9031,1
weak,9032,1
weak,9033,1
weak,9034,1
weak,9035,1
weak,9036,1
weak,9037,1
weak,9038,1
weak,9039,1
weak,9040,1
weak,9041,1
weak,9042,1
weak,9043,1
weak,9044,1
weak,9045,1
weak,9046,1
weak,9047,1
weak,9048,1
weak,9049,1
weak,9050,1
weak,9051,1
weak,9052,1
weak,9053,1
weak,9054,1
weak,9055,1
weak,9056,1
weak,9057,1
weak,9058,1
weak,9059,1
weak,9060,1
weak,9061,1
weak,9062,1
weak,9063,1
weak,9064,1
weak,9065,1
weak,9066,1
weak,9067,1
weak,9068,1
weak,9069,1
weak,9070,1
weak,9071,1
weak,9072,1
weak,9073,1
weak,9074,1
weak,9075,1
weak,9076,1
weak,9077,1
weak,9078,1
weak,9079,1
weak,9080,1
weak,9081,1
weak,9082,1
weak,9083,1
weak,9084,1
weak,9085,1
weak,9086,1
weak,9087,1
weak,9088,1
weak,9089,1
weak,9090,1
weak,9091,1
weak,9092,1
weak,9093,1
weak,9094,1
weak,9095,1
weak,9096,1
weak,9097,1
weak,9098,1
weak,9099,1
weak,9100,1
weak,9101,1
weak,9102,1
weak,9103,1
weak,9104,1
weak,9105,1
weak,9106,1
weak,9107,1
weak,9108,1
weak,9109,1
weak,9110,1
weak,9111,1
weak,9112,1
weak,9113,1
weak,9114,1
weak,9115,1
weak,9116,1
weak,9117,1
weak,9118,1
weak,9119,1
weak,9120,1
weak,9121,1
weak,9122,1
weak,9123,1
weak,9124,1
weak,9125,1
weak,9126,1
weak,9127,1
weak,9128,1
weak,9129,1
weak,9130,1
weak,9131,1
weak,9132,1
weak,9133,1
weak,9134,1
weak,9135,1
weak,9136,1
weak,9137,1
weak,9138,1
weak,9139,1
weak,9140,1
weak,9141,1
weak,9142,1
weak,9143,1
weak,9144,1
weak,9145,1
weak,9146,1
weak,9147,1
weak,9148,1
weak,9149,1
weak,9150,1
weak,9151,1
weak,9152,1
weak,9153,1
weak,9154,1
weak,9155,1
weak,9156,1
weak,9157,1
weak,9158,1
weak,9159,1
weak,9160,1
weak,9161,1
weak,9162,1
weak,9163,1
weak,9164,1
weak,9165,1
weak,9166,1
weak,9167,1
weak,9168,1
weak,9169,1
weak,9170,1
weak,9171,1
weak,9172,1
weak,9173,1
weak,9174,1
weak,9175,1
weak,9176,1
weak,9177,1
weak,9178,1
weak,9179,1
weak,9180,1
weak,9181,1
weak,9182,1
weak,9183,1
weak,9184,1
weak,9185,1
weak,9186,1
weak,9187,1
weak,9188,1
weak,9189,1
weak,9190,1
weak,9191,1
weak,9192,1
weak,9193,1
weak,9194,1
weak,9195,1
weak,9196,1
weak,9197,1
weak,9198,1
weak,9199,1
weak,9200,1
weak,9201,1
weak,9202,1
weak,9203,1
weak,9204,1
weak,9205,1
weak,9206,1
weak,9207,1
weak,9208,1
weak,9209,1
weak,9210,1
weak,9211,1
weak,9212,1
weak,9213,1
weak,9214,1
weak,9215,1
weak,9216,1
weak,9217,1
weak,9218,1
weak,9219,1
weak,9220,1
weak,9221,1
weak,9222,1
weak,9223,1
weak,9224,1
weak,9225,1
weak,9226,1
weak,9227,1
weak,9228,1
weak,9229,1
weak,9230,1
weak,9231,1
weak,9232,1
weak,9233,1
weak,9234,1
weak,9235,1
weak,9236,1
weak,9237,1
weak,9238,1
weak,9239,1
weak,9240,1
weak,9241,1
weak,9242,1
weak,9243,1
weak,9244,1
weak,9245,1
weak,9246,1
weak,9247,1
weak,9248,1
weak,9249,1
weak,9250,1
weak,9251,1
weak,9252,1
weak,9253,1
weak,9254,1
weak,9255,1
weak,9256,1
weak,9257,1
weak,9258,1
weak,9259,1
weak,9260,1
weak,9261,1
weak,9262,1
weak,9263,1
weak,9264,1
weak,9265,1
weak,9266,1
weak,9267,1
weak,9268,1
weak,9269,1
weak,9270,1
weak,9271,1
weak,9272,1
weak,9273,1
weak,9274,1
weak,9275,1
weak,9276,1
weak,9277,1
weak,9278,1
weak,9279,1
weak,9280,1
weak,9281,1
weak,9282,1
weak,9283,1
weak,9284,1
weak,9285,1
weak,9286,1
weak,9287,1
weak,9288,1
weak,9289,1
weak,9290,1
weak,9291,1
weak,9292,1
weak,9293,1
weak,9294,1
weak,9295,1
weak,9296,1
weak,9297,1
weak,9298,1
weak,9299,1
weak,9300,1
weak,9301,1
weak,9302,1
weak,9303,1
weak,9304,1
weak,9305,1
weak,9306,1
weak,9307,1
weak,9308,1
weak,9309,1
weak,9310,1
weak,9311,1
weak,9312,1
weak,9313,1
weak,9314,1
weak,9315,1
weak,9316,1
weak,9317,1
weak,9318,1
weak,9319,1
weak,9320,1
weak,9321,1
weak,9322,1
weak,9323,1
weak,9324,1
weak,9325,1
weak,9326,1
weak,9327,1
weak,9328,1
weak,9329,1
weak,9330,1
weak,9331,1
weak,9332,1
weak,9333,1
weak,9334,1
weak,9335,1
weak,9336,1
weak,9337,1
weak,9338,1
weak,9339,1
weak,9340,1
weak,9341,1
weak,9342,1
weak,9343,1
weak,9344,1
weak,9345,1
weak,9346,1
weak,9347,1
weak,9348,1
weak,9349,1
weak,9350,1
weak,9351,1
weak,9352,1
weak,9353,1
weak,9354,1
weak,9355,1
weak,9356,1
weak,9357,1
weak,9358,1
weak,9359,1
weak,9360,1
weak,9361,1
weak,9362,1
weak,9363,1
weak,9364,1
weak,9365,1
weak,9366,1
weak,9367,1
weak,9368,1
weak,9369,1
weak,9370,1
weak,9371,1
weak,9372,1
weak,9373,1
weak,9374,1
weak,9375,1
weak,9376,1
weak,9377,1
weak,9378,1
weak,9379,1
weak,9380,1
weak,9381,1
weak,9382,1
weak,9383,1
weak,9384,1
weak,9385,1
weak,9386,1
weak,9387,1
weak,9388,1
weak,9389,1
weak,9390,1
weak,9391,1
weak,9392,1
weak,9393,1
weak,9394,1
weak,9395,1
weak,9396,1
weak,9397,1
weak,9398,1
weak,9399,1
weak,9400,1
weak,9401,1
weak,9402,1
weak,9403,1
weak,9404,1
weak,9405,1
weak,9406,1
weak,9407,1
weak,9408,1
weak,9409,1
weak,9410,1
weak,9411,1
weak,9412,1
weak,9413,1
weak,9414,1
weak,9415,1
weak,9416,1
weak,9417,1
weak,9418,1
weak,9419,1
weak,9420,1
weak,9421,1
weak,9422,1
weak,9423,1
weak,9424,1
weak,9425,1
weak,9426,1
weak,9427,1
weak,9428,1
weak,9429,1
weak,9430,1
weak,9431,1
weak,9432,1
weak,9433,1
weak,9434,1
weak,9435,1
weak,9436,1
weak,9437,1
weak,9438,1
weak,9439,1
weak,9440,1
weak,9441,1
weak,9442,1
weak,9443,1
weak,9444,1
weak,9445,1
weak,9446,1
weak,9447,1
weak,9448,1
weak,9449,1
weak,9450,1
weak,9451,1
weak,9452,1
weak,9453,1
weak,9454,1
weak,9455,1
weak,9456,1
weak,9457,1
weak,9458,1
weak,9459,1
weak,9460,1
weak,9461,1
weak,9462,1
weak,9463,1
weak,9464,1
weak,9465,1
weak,9466,1
weak,9467,1
weak,9468,1
weak,9469,1
weak,9470,1
weak,9471,1
weak,9472,1
weak,9473,1
weak,9474,1
weak,9475,1
weak,9476,1
weak,9477,1
weak,9478,1
weak,9479,1
weak,9480,1
weak,9481,1
weak,9482,1
weak,9483,1
weak,9484,1
weak,9485,1
weak,9486,1
weak,9487,1
weak,9488,1
weak,9489,1
weak,9490,1
weak,9491,1
weak,9492,1
weak,9493,1
weak,9494,1
weak,9495,1
weak,9496,1
weak,9497,1
weak,9498,1
weak,9499,1
weak,9500,1
weak,9501,1
weak,9502,1
weak,9503,1
weak,9504,1
weak,9505,1
weak,9506,1
weak,9507,1
weak,9508,1
weak,9509,1
weak,9510,1
weak,9511,1
weak,9512,1
weak,9513,1
weak,9514,1
weak,9515,1
weak,9516,1
weak,9517,1
weak,9518,1
weak,9519,1
weak,9520,1
weak,9521,1
weak,9522,1
weak,9523,1
weak,9524,1
weak,9525,1
weak,9526,1
weak,9527,1
weak,9528,1
weak,9529,1
weak,9530,1
weak,9531,1
weak,9532,1
weak,9533,1
weak,9534,1
weak,9535,1
weak,9536,1
weak,9537,1
weak,9538,1
weak,9539,1
weak,9540,1
weak,9541,1
weak,9542,1
weak,9543,1
weak,9544,1
weak,9545,1
weak,9546,1
weak,9547,1
weak,9548,1
weak,9549,1
weak,9550,1
weak,9551,1
weak,9552,1
weak,9553,1
weak,9554,1
weak,9555,1
weak,9556,1
weak,9557,1
weak,9558,1
weak,9559,1
weak,9560,1
weak,9561,1
weak,9562,1
weak,9563,1
weak,9564,1
weak,9565,1
weak,9566,1
weak,9567,1
weak,9568,1
weak,9569,1
weak,9570,1
weak,9571,1
weak,9572,1
weak,9573,1
weak,9574,1
weak,9575,1
weak,9576,1
weak,9577,1
weak,9578,1
weak,9579,1
weak,9580,1
weak,9581,1
weak,9582,1
weak,9583,1
weak,9584,1
weak,9585,1
weak,9586,1
weak,9587,1
weak,9588,1
weak,9589,1
weak,9590,1
weak,9591,1
weak,9592,1
weak,9593,1
weak,9594,1
weak,9595,1
weak,9596,1
weak,9597,1
weak,9598,1
weak,9599,1
weak,9600,1
weak,9601,1
weak,9602,1
weak,9603,1
weak,9604,1
weak,9605,1
weak,9606,1
weak,9607,1
weak,9608,1
weak,9609,1
weak,9610,1
weak,9611,1
weak,9612,1
weak,9613,1
weak,9614,1
weak,9615,1
weak,9616,1
weak,9617,1
weak,9618,1
weak,9619,1
weak,9620,1
weak,9621,1
weak,9622,1
weak,9623,1
weak,9624,1
weak,9625,1
weak,9626,1
weak,9627,1
weak,9628,1
weak,9629,1
weak,9630,1
weak,9631,1
weak,9632,1
weak,9633,1
weak,9634,1
weak,9635,1
weak,9636,1
weak,9637,1
weak,9638,1
weak,9639,1
weak,9640,1
weak,9641,1
weak,9642,1
weak,9643,1
weak,9644,1
weak,9645,1
weak,9646,1
weak,9647,1
weak,9648,1
weak,9649,1
weak,9650,1
weak,9651,1
weak,9652,1
weak,9653,1
weak,9654,1
weak,9655,1
weak,9656,1
weak,9657,1
weak,9658,1
weak,9659,1
weak,9660,1
weak,9661,1
weak,9662,1
weak,9663,1
weak,9664,1
weak,9665,1
weak,9666,1
weak,9667,1
weak,9668,1
weak,9669,1
weak,9670,1
weak,9671,1
weak,9672,1
weak,9673,1
weak,9674,1
weak,9675,1
weak,9676,1
weak,9677,1
weak,9678,1
weak,9679,1
weak,9680,1
weak,9681,1
weak,9682,1
weak,9683,1
weak,9684,1
weak,9685,1
weak,9686,1
weak,9687,1
weak,9688,1
weak,9689,1
weak,9690,1
weak,9691,1
weak,9692,1
weak,9693,1
weak,9694,1
weak,9695,1
weak,9696,1
weak,9697,1
weak,9698,1
weak,9699,1
weak,9700,1
weak,9701,1
weak,9702,1
weak,9703,1
weak,9704,1
weak,9705,1
weak,9706,1
weak,9707,1
weak,9708,1
weak,9709,1
weak,9710,1
weak,9711,1
weak,9712,1
weak,9713,1
weak,9714,1
weak,9715,1
weak,9716,1
weak,9717,1
weak,9718,1
weak,9719,1
weak,9720,1
weak,9721,1
weak,9722,1
weak,9723,1
weak,9724,1
weak,9725,1
weak,9726,1
weak,9727,1
weak,9728,1
weak,9729,1
weak,9730,1
weak,9731,1
weak,9732,1
weak,9733,1
weak,9734,1
weak,9735,1
weak,9736,1
weak,9737,1
weak,9738,1
weak,9739,1
weak,9740,1
weak,9741,1
weak,9742,1
weak,9743,1
weak,9744,1
weak,9745,1
weak,9746,1
weak,9747,1
weak,9748,1
weak,9749,1
weak,9750,1
weak,9751,1
weak,9752,1
weak,9753,1
weak,9754,1
weak,9755,1
weak,9756,1
weak,9757,1
weak,9758,1
weak,9759,1
weak,9760,1
weak,9761,1
weak,9762,1
weak,9763,1
weak,9764,1
weak,9765,1
weak,9766,1
weak,9767,1
weak,9768,1
weak,9769,1
weak,9770,1
weak,9771,1
weak,9772,1
weak,9773,1
weak,9774,1
weak,9775,1
weak,9776,1
weak,9777,1
weak,9778,1
weak,9779,1
weak,9780,1
weak,9781,1
weak,9782,1
weak,9783,1
weak,9784,1
weak,9785,1
weak,9786,1
weak,9787,1
weak,9788,1
weak,9789,1
weak,9790,1
weak,9791,1
weak,9792,1
weak,9793,1
weak,9794,1
weak,9795,1
weak,9796,1
weak,9797,1
weak,9798,1
weak,9799,1
weak,9800,1
weak,9801,1
weak,9802,1
weak,9803,1
weak,9804,1
weak,9805,1
weak,9806,1
weak,9807,1
weak,9808,1
weak,9809,1
weak,9810,1
weak,9811,1
weak,9812,1
weak,9813,1
weak,9814,1
weak,9815,1
weak,9816,1
weak,9817,1
weak,9818,1
weak,9819,1
weak,9820,1
weak,9821,1
weak,9822,1
weak,9823,1
weak,9824,1
weak,9825,1
weak,9826,1
weak,9827,1
weak,9828,1
weak,9829,1
weak,9830,1
weak,9831,1
weak,9832,1
weak,9833,1
weak,9834,1
weak,9835,1
weak,9836,1
weak,9837,1
weak,9838,1
weak,9839,1
weak,9840,1
weak,9841,1
weak,9842,1
weak,9843,1
weak,9844,1
weak,9845,1
weak,9846,1
weak,9847,1
weak,9848,1
weak,9849,1
weak,9850,1
weak,9851,1
weak,9852,1
weak,9853,1
weak,9854,1
weak,9855,1
weak,9856,1
weak,9857,1
weak,9858,1
weak,9859,1
weak,9860,1
weak,9861,1
weak,9862,1
weak,9863,1
weak,9864,1
weak,9865,1
weak,9866,1
weak,9867,1
weak,9868,1
weak,9869,1
weak,9870,1
weak,9871,1
weak,9872,1
weak,9873,1
weak,9874,1
weak,9875,1
weak,9876,1
weak,9877,1
weak,9878,1
weak,9879,1
weak,9880,1
weak,9881,1
weak,9882,1
weak,9883,1
weak,9884,1
weak,9885,1
weak,9886,1
weak,9887,1
weak,9888,1
weak,9889,1
weak,9890,1
weak,9891,1
weak,9892,1
weak,9893,1
weak,9894,1
weak,9895,1
weak,9896,1
weak,9897,1
weak,9898,1
weak,9899,1
weak,9900,1
weak,9901,1
weak,9902,1
weak,9903,1
weak,9904,1
weak,9905,1
weak,9906,1
weak,9907,1
weak,9908,1
weak,9909,1
weak,9910,1
weak,9911,1
weak,9912,1
weak,9913,1
weak,9914,1
weak,9915,1
weak,9916,1
weak,9917,1
weak,9918,1
weak,9919,1
weak,9920,1
weak,9921,1
weak,9922,1
weak,9923,1
weak,9924,1
weak,9925,1
weak,9926,1
weak,9927,1
weak,9928,1
weak,9929,1
weak,9930,1
weak,9931,1
weak,9932,1
weak,9933,1
weak,9934,1
weak,9935,1
weak,9936,1
weak,9937,1
weak,9938,1
weak,9939,1
weak,9940,1
weak,9941,1
weak,9942,1
weak,9943,1
weak,9944,1
weak,9945,1
weak,9946,1
weak,9947,1
weak,9948,1
weak,9949,1
weak,9950,1
weak,9951,1
weak,9952,1
weak,9953,1
weak,9954,1
weak,9955,1
weak,9956,1
weak,9957,1
weak,9958,1
weak,9959,1
weak,9960,1
weak,9961,1
weak,9962,1
weak,9963,1
weak,9964,1
weak,9965,1
weak,9966,1
weak,9967,1
weak,9968,1
weak,9969,1
weak,9970,1
weak,9971,1
weak,9972,1
weak,9973,1
weak,9974,1
weak,9975,1
weak,9976,1
weak,9977,1
weak,9978,1
weak,9979,1
weak,9980,1
weak,9981,1
weak,9982,1
weak,9983,1
weak,9984,1
weak,9985,1
weak,9986,1
weak,9987,1
weak,9988,1
weak,9989,1
weak,9990,1
weak,9991,1
weak,9992,1
weak,9993,1
weak,9994,1
weak,9995,1
weak,9996,1
weak,9997,1
weak,9998,1
weak,9999,1
weak,10000,1
weak,10001,1
weak,10002,1
weak,10003,1
weak,10004,1
weak,10005,1
weak,10006,1
weak,10007,1
weak,10008,1
weak,10009,1
weak,10010,1
weak,10011,1
weak,10012,1
weak,10013,1
weak,10014,1
weak,10015,1
weak,10016,1
weak,10017,1
weak,10018,1
weak,10019,1
weak,10020,1
weak,10021,1
weak,10022,1
weak,10023,1
weak,10024,1
weak,10025,1
weak,10026,1
weak,10027,1
weak,10028,1
weak,10029,1
weak,10030,1
weak,10031,1
weak,10032,1
weak,10033,1
weak,10034,1
weak,10035,1
weak,10036,1
weak,10037,1
weak,10038,1
weak,10039,1
weak,10040,1
weak,10041,1
weak,10042,1
weak,10043,1
weak,10044,1
weak,10045,1
weak,10046,1
weak,10047,1
weak,10048,1
weak,10049,1
weak,10050,1
weak,10051,1
weak,10052,1
weak,10053,1
weak,10054,1
weak,10055,1
weak,10056,1
weak,10057,1
weak,10058,1
weak,10059,1
weak,10060,1
weak,10061,1
weak,10062,1
weak,10063,1
weak,10064,1
weak,10065,1
weak,10066,1
weak,10067,1
weak,10068,1
weak,10069,1
weak,10070,1
weak,10071,1
weak,10072,1
weak,10073,1
weak,10074,1
weak,10075,1
weak,10076,1
weak,10077,1
weak,10078,1
weak,10079,1
weak,10080,1
weak,10081,1
weak,10082,1
weak,10083,1
weak,10084,1
weak,10085,1
weak,10086,1
weak,10087,1
weak,10088,1
weak,10089,1
weak,10090,1
weak,10091,1
weak,10092,1
weak,10093,1
weak,10094,1
weak,10095,1
weak,10096,1
weak,10097,1
weak,10098,1
weak,10099,1
weak,10100,1
weak,10101,1
weak,10102,1
weak,10103,1
weak,10104,1
weak,10105,1
weak,10106,1
weak,10107,1
weak,10108,1
weak,10109,1
weak,10110,1
weak,10111,1
weak,10112,1
weak,10113,1
weak,10114,1
weak,10115,1
weak,10116,1
weak,10117,1
weak,10118,1
weak,10119,1
weak,10120,1
weak,10121,1
weak,10122,1
weak,10123,1
weak,10124,1
weak,10125,1
weak,10126,1
weak,10127,1
weak,10128,1
weak,10129,1
weak,10130,1
weak,10131,1
weak,10132,1
weak,10133,1
weak,10134,1
weak,10135,1
weak,10136,1
weak,10137,1
weak,10138,1
weak,10139,1
weak,10140,1
weak,10141,1
weak,10142,1
weak,10143,1
weak,10144,1
weak,10145,1
weak,10146,1
weak,10147,1
weak,10148,1
weak,10149,1
weak,10150,1
weak,10151,1
weak,10152,1
weak,10153,1
weak,10154,1
weak,10155,1
weak,10156,1
weak,10157,1
weak,10158,1
weak,10159,1
weak,10160,1
weak,10161,1
weak,10162,1
weak,10163,1
weak,10164,1
weak,10165,1
weak,10166,1
weak,10167,1
weak,10168,1
weak,10169,1
weak,10170,1
weak,10171,1
weak,10172,1
weak,10173,1
weak,10174,1
weak,10175,1
weak,10176,1
weak,10177,1
weak,10178,1
weak,10179,1
weak,10180,1
weak,10181,1
weak,10182,1
weak,10183,1
weak,10184,1
weak,10185,1
weak,10186,1
weak,10187,1
weak,10188,1
weak,10189,1
weak,10190,1
weak,10191,1
weak,10192,1
weak,10193,1
weak,10194,1
weak,10195,1
weak,10196,1
weak,10197,1
weak,10198,1
weak,10199,1
weak,10200,1
weak,10201,1
weak,10202,1
weak,10203,1
weak,10204,1
weak,10205,1
weak,10206,1
weak,10207,1
weak,10208,1
weak,10209,1
weak,10210,1
weak,10211,1
weak,10212,1
weak,10213,1
weak,10214,1
weak,10215,1
weak,10216,1
weak,10217,1
weak,10218,1
weak,10219,1
weak,10220,1
weak,10221,1
weak,10222,1
weak,10223,1
weak,10224,1
weak,10225,1
weak,10226,1
weak,10227,1
weak,10228,1
weak,10229,1
weak,10230,1
weak,10231,1
weak,10232,1
weak,10233,1
weak,10234,1
weak,10235,1
weak,10236,1
weak,10237,1
weak,10238,1
weak,10239,1
weak,10240,1
weak,10241,1
weak,10242,1
weak,10243,1
weak,10244,1
weak,10245,1
weak,10246,1
weak,10247,1
weak,10248,1
weak,10249,1
weak,10250,1
weak,10251,1
weak,10252,1
weak,10253,1
weak,10254,1
weak,10255,1
weak,10256,1
weak,10257,1
weak,10258,1
weak,10259,1
weak,10260,1
weak,10261,1
weak,10262,1
weak,10263,1
weak,10264,1
weak,10265,1
weak,10266,1
weak,10267,1
weak,10268,1
weak,10269,1
weak,10270,1
weak,10271,1
weak,10272,1
weak,10273,1
weak,10274,1
weak,10275,1
weak,10276,1
weak,10277,1
weak,10278,1
weak,10279,1
weak,10280,1
weak,10281,1
weak,10282,1
weak,10283,1
weak,10284,1
weak,10285,1
weak,10286,1
weak,10287,1
weak,10288,1
weak,10289,1
weak,10290,1
weak,10291,1
weak,10292,1
weak,10293,1
weak,10294,1
weak,10295,1
weak,10296,1
weak,10297,1
weak,10298,1
weak,10299,1
weak,10300,1
weak,10301,1
weak,10302,1
weak,10303,1
weak,10304,1
weak,10305,1
weak,10306,1
weak,10307,1
weak,10308,1
weak,10309,1
weak,10310,1
weak,10311,1
weak,10312,1
weak,10313,1
weak,10314,1
weak,10315,1
weak,10316,1
weak,10317,1
weak,10318,1
weak,10319,1
weak,10320,1
weak,10321,1
weak,10322,1
weak,10323,1
weak,10324,1
weak,10325,1
weak,10326,1
weak,10327,1
weak,10328,1
weak,10329,1
weak,10330,1
weak,10331,1
weak,10332,1
weak,10333,1
weak,10334,1
weak,10335,1
weak,10336,1
weak,10337,1
weak,10338,1
weak,10339,1
weak,10340,1
weak,10341,1
weak,10342,1
weak,10343,1
weak,10344,1
weak,10345,1
weak,10346,1
weak,10347,1
weak,10348,1
weak,10349,1
weak,10350,1
weak,10351,1
weak,10352,1
weak,10353,1
weak,10354,1
weak,10355,1
weak,10356,1
weak,10357,1
weak,10358,1
weak,10359,1
weak,10360,1
weak,10361,1
weak,10362,1
weak,10363,1
weak,10364,1
weak,10365,1
weak,10366,1
weak,10367,1
weak,10368,1
weak,10369,1
weak,10370,1
weak,10371,1
weak,10372,1
weak,10373,1
weak,10374,1
weak,10375,1
weak,10376,1
weak,10377,1
weak,10378,1
weak,10379,1
weak,10380,1
weak,10381,1
weak,10382,1
weak,10383,1
weak,10384,1
weak,10385,1
weak,10386,1
weak,10387,1
weak,10388,1
weak,10389,1
weak,10390,1
weak,10391,1
weak,10392,1
weak,10393,1
weak,10394,1
weak,10395,1
weak,10396,1
weak,10397,1
weak,10398,1
weak,10399,1
weak,10400,1
weak,10401,1
weak,10402,1
weak,10403,1
weak,10404,1
weak,10405,1
weak,10406,1
weak,10407,1
weak,10408,1
weak,10409,1
weak,10410,1
weak,10411,1
weak,10412,1
weak,10413,1
weak,10414,1
weak,10415,1
weak,10416,1
weak,10417,1
weak,10418,1
weak,10419,1
weak,10420,1
weak,10421,1
weak,10422,1
weak,10423,1
weak,10424,1
weak,10425,1
weak,10426,1
weak,10427,1
weak,10428,1
weak,10429,1
weak,10430,1
weak,10431,1
weak,10432,1
weak,10433,1
weak,10434,1
weak,10435,1
weak,10436,1
weak,10437,1
weak,10438,1
weak,10439,1
weak,10440,1
weak,10441,1
weak,10442,1
weak,10443,1
weak,10444,1
weak,10445,1
weak,10446,1
weak,10447,1
weak,10448,1
weak,10449,1
weak,10450,1
weak,10451,1
weak,10452,1
weak,10453,1
weak,10454,1
weak,10455,1
weak,10456,1
weak,10457,1
weak,10458,1
weak,10459,1
weak,10460,1
weak,10461,1
weak,10462,1
weak,10463,1
weak,10464,1
weak,10465,1
weak,10466,1
weak,10467,1
weak,10468,1
weak,10469,1
weak,10470,1
weak,10471,1
weak,10472,1
weak,10473,1
weak,10474,1
weak,10475,1
weak,10476,1
weak,10477,1
weak,10478,1
weak,10479,1
weak,10480,1
weak,10481,1
weak,10482,1
weak,10483,1
weak,10484,1
weak,10485,1
weak,10486,1
weak,10487,1
weak,10488,1
weak,10489,1
weak,10490,1
weak,10491,1
weak,10492,1
weak,10493,1
weak,10494,1
weak,10495,1
weak,10496,1
weak,10497,1
weak,10498,1
weak,10499,1
weak,10500,1
weak,10501,1
weak,10502,1
weak,10503,1
weak,10504,1
weak,10505,1
weak,10506,1
weak,10507,1
weak,10508,1
weak,10509,1
weak,10510,1
weak,10511,1
weak,10512,1
weak,10513,1
weak,10514,1
weak,10515,1
weak,10516,1
weak,10517,1
weak,10518,1
weak,10519,1
weak,10520,1
weak,10521,1
weak,10522,1
weak,10523,1
weak,10524,1
weak,10525,1
weak,10526,1
weak,10527,1
weak,10528,1
weak,10529,1
weak,10530,1
weak,10531,1
weak,10532,1
weak,10533,1
weak,10534,1
weak,10535,1
weak,10536,1
weak,10537,1
weak,10538,1
weak,10539,1
weak,10540,1
weak,10541,1
weak,10542,1
weak,10543,1
weak,10544,1
weak,10545,1
weak,10546,1
weak,10547,1
weak,10548,1
weak,10549,1
weak,10550,1
weak,10551,1
weak,10552,1
weak,10553,1
weak,10554,1
weak,10555,1
weak,10556,1
weak,10557,1
weak,10558,1
weak,10559,1
weak,10560,1
weak,10561,1
weak,10562,1
weak,10563,1
weak,10564,1
weak,10565,1
weak,10566,1
weak,10567,1
weak,10568,1
weak,10569,1
weak,10570,1
weak,10571,1
weak,10572,1
weak,10573,1
weak,10574,1
weak,10575,1
weak,10576,1
weak,10577,1
weak,10578,1
weak,10579,1
weak,10580,1
weak,10581,1
weak,10582,1
weak,10583,1
weak,10584,1
weak,10585,1
weak,10586,1
weak,10587,1
weak,10588,1
weak,10589,1
weak,10590,1
weak,10591,1
weak,10592,1
weak,10593,1
weak,10594,1
weak,10595,1
weak,10596,1
weak,10597,1
weak,10598,1
weak,10599,1
weak,10600,1
weak,10601,1
weak,10602,1
weak,10603,1
weak,10604,1
weak,10605,1
weak,10606,1
weak,10607,1
weak,10608,1
weak,10609,1
weak,10610,1
weak,10611,1
weak,10612,1
weak,10613,1
weak,10614,1
weak,10615,1
weak,10616,1
weak,10617,1
weak,10618,1
weak,10619,1
weak,10620,1
weak,10621,1
weak,10622,1
weak,10623,1
weak,10624,1
weak,10625,1
weak,10626,1
weak,10627,1
weak,10628,1
weak,10629,1
weak,10630,1
weak,10631,1
weak,10632,1
weak,10633,1
weak,10634,1
weak,10635,1
weak,10636,1
weak,10637,1
weak,10638,1
weak,10639,1
weak,10640,1
weak,10641,1
weak,10642,1
weak,10643,1
weak,10644,1
weak,10645,1
weak,10646,1
weak,10647,1
weak,10648,1
weak,10649,1
weak,10650,1
weak,10651,1
weak,10652,1
weak,10653,1
weak,10654,1
weak,10655,1
weak,10656,1
weak,10657,1
weak,10658,1
weak,10659,1
weak,10660,1
weak,10661,1
weak,10662,1
weak,10663,1
weak,10664,1
weak,10665,1
weak,10666,1
weak,10667,1
weak,10668,1
weak,10669,1
weak,10670,1
weak,10671,1
weak,10672,1
weak,10673,1
weak,10674,1
weak,10675,1
weak,10676,1
weak,10677,1
weak,10678,1
weak,10679,1
weak,10680,1
weak,10681,1
weak,10682,1
weak,10683,1
weak,10684,1
weak,10685,1
weak,10686,1
weak,10687,1
weak,10688,1
weak,10689,1
weak,10690,1
weak,10691,1
weak,10692,1
weak,10693,1
weak,10694,1
weak,10695,1
weak,10696,1
weak,10697,1
weak,10698,1
weak,10699,1
weak,10700,1
weak,10701,1
weak,10702,1
weak,10703,1
weak,10704,1
weak,10705,1
weak,10706,1
weak,10707,1
weak,10708,1
weak,10709,1
weak,10710,1
weak,10711,1
weak,10712,1
weak,10713,1
weak,10714,1
weak,10715,1
weak,10716,1
weak,10717,1
weak,10718,1
weak,10719,1
weak,10720,1
weak,10721,1
weak,10722,1
weak,10723,1
weak,10724,1
weak,10725,1
weak,10726,1
weak,10727,1
weak,10728,1
weak,10729,1
weak,10730,1
weak,10731,1
weak,10732,1
weak,10733,1
weak,10734,1
weak,10735,1
weak,10736,1
weak,10737,1
weak,10738,1
weak,10739,1
weak,10740,1
weak,10741,1
weak,10742,1
weak,10743,1
weak,10744,1
weak,10745,1
weak,10746,1
weak,10747,1
weak,10748,1
weak,10749,1
weak,10750,1
weak,10751,1
weak,10752,1
weak,10753,1
weak,10754,1
weak,10755,1
weak,10756,1
weak,10757,1
weak,10758,1
weak,10759,1
weak,10760,1
weak,10761,1
weak,10762,1
weak,10763,1
weak,10764,1
weak,10765,1
weak,10766,1
weak,10767,1
weak,10768,1
weak,10769,1
weak,10770,1
weak,10771,1
weak,10772,1
weak,10773,1
weak,10774,1
weak,10775,1
weak,10776,1
weak,10777,1
weak,10778,1
weak,10779,1
weak,10780,1
weak,10781,1
weak,10782,1
weak,10783,1
weak,10784,1
weak,10785,1
weak,10786,1
weak,10787,1
weak,10788,1
weak,10789,1
weak,10790,1
weak,10791,1
weak,10792,1
weak,10793,1
weak,10794,1
weak,10795,1
weak,10796,1
weak,10797,1
weak,10798,1
weak,10799,1
weak,10800,1
weak,10801,1
weak,10802,1
weak,10803,1
weak,10804,1
weak,10805,1
weak,10806,1
weak,10807,1
weak,10808,1
weak,10809,1
weak,10810,1
weak,10811,1
weak,10812,1
weak,10813,1
weak,10814,1
weak,10815,1
weak,10816,1
weak,10817,1
weak,10818,1
weak,10819,1
weak,10820,1
weak,10821,1
weak,10822,1
weak,10823,1
weak,10824,1
weak,10825,1
weak,10826,1
weak,10827,1
weak,10828,1
weak,10829,1
weak,10830,1
weak,10831,1
weak,10832,1
weak,10833,1
weak,10834,1
weak,10835,1
weak,10836,1
weak,10837,1
weak,10838,1
weak,10839,1
weak,10840,1
weak,10841,1
weak,10842,1
weak,10843,1
weak,10844,1
weak,10845,1
weak,10846,1
weak,10847,1
weak,10848,1
weak,10849,1
weak,10850,1
weak,10851,1
weak,10852,1
weak,10853,1
weak,10854,1
weak,10855,1
weak,10856,1
weak,10857,1
weak,10858,1
weak,10859,1
weak,10860,1
weak,10861,1
weak,10862,1
weak,10863,1
weak,10864,1
weak,10865,1
weak,10866,1
weak,10867,1
weak,10868,1
weak,10869,1
weak,10870,1
weak,10871,1
weak,10872,1
weak,10873,1
weak,10874,1
weak,10875,1
weak,10876,1
weak,10877,1
weak,10878,1
weak,10879,1
weak,10880,1
weak,10881,1
weak,10882,1
weak,10883,1
weak,10884,1
weak,10885,1
weak,10886,1
weak,10887,1
weak,10888,1
weak,10889,1
weak,10890,1
weak,10891,1
weak,10892,1
weak,10893,1
weak,10894,1
weak,10895,1
weak,10896,1
weak,10897,1
weak,10898,1
weak,10899,1
weak,10900,1
weak,10901,1
weak,10902,1
weak,10903,1
weak,10904,1
weak,10905,1
weak,10906,1
weak,10907,1
weak,10908,1
weak,10909,1
weak,10910,1
weak,10911,1
weak,10912,1
weak,10913,1
weak,10914,1
weak,10915,1
weak,10916,1
weak,10917,1
weak,10918,1
weak,10919,1
weak,10920,1
weak,10921,1
weak,10922,1
weak,10923,1
weak,10924,1
weak,10925,1
weak,10926,1
weak,10927,1
weak,10928,1
weak,10929,1
weak,10930,1
weak,10931,1
weak,10932,1
weak,10933,1
weak,10934,1
weak,10935,1
weak,10936,1
weak,10937,1
weak,10938,1
weak,10939,1
weak,10940,1
weak,10941,1
weak,10942,1
weak,10943,1
weak,10944,1
weak,10945,1
weak,10946,1
weak,10947,1
weak,10948,1
weak,10949,1
weak,10950,1
weak,10951,1
weak,10952,1
weak,10953,1
weak,10954,1
weak,10955,1
weak,10956,1
weak,10957,1
weak,10958,1
weak,10959,1
weak,10960,1
weak,10961,1
weak,10962,1
weak,10963,1
weak,10964,1
weak,10965,1
weak,10966,1
weak,10967,1
weak,10968,1
weak,10969,1
weak,10970,1
weak,10971,1
weak,10972,1
weak,10973,1
weak,10974,1
weak,10975,1
weak,10976,1
weak,10977,1
weak,10978,1
weak,10979,1
weak,10980,1
weak,10981,1
weak,10982,1
weak,10983,1
weak,10984,1
weak,10985,1
weak,10986,1
weak,10987,1
weak,10988,1
weak,10989,1
weak,10990,1
weak,10991,1
weak,10992,1
weak,10993,1
weak,10994,1
weak,10995,1
weak,10996,1
weak,10997,1
weak,10998,1
weak,10999,1
weak,11000,1
weak,11001,1
weak,11002,1
weak,11003,1
weak,11004,1
weak,11005,1
weak,11006,1
weak,11007,1
weak,11008,1
weak,11009,1
weak,11010,1
weak,11011,1
weak,11012,1
weak,11013,1
weak,11014,1
weak,11015,1
weak,11016,1
weak,11017,1
weak,11018,1
weak,11019,1
weak,11020,1
weak,11021,1
weak,11022,1
weak,11023,1
weak,11024,1
weak,11025,1
weak,11026,1
weak,11027,1
weak,11028,1
weak,11029,1
weak,11030,1
weak,11031,1
weak,11032,1
weak,11033,1
weak,11034,1
weak,11035,1
weak,11036,1
weak,11037,1
weak,11038,1
weak,11039,1
weak,11040,1
weak,11041,1
weak,11042,1
weak,11043,1
weak,11044,1
weak,11045,1
weak,11046,1
weak,11047,1
weak,11048,1
weak,11049,1
weak,11050,1
weak,11051,1
weak,11052,1
weak,11053,1
weak,11054,1
weak,11055,1
weak,11056,1
weak,11057,1
weak,11058,1
weak,11059,1
weak,11060,1
weak,11061,1
weak,11062,1
weak,11063,1
weak,11064,1
weak,11065,1
weak,11066,1
weak,11067,1
weak,11068,1
weak,11069,1
weak,11070,1
weak,11071,1
weak,11072,1
weak,11073,1
weak,11074,1
weak,11075,1
weak,11076,1
weak,11077,1
weak,11078,1
weak,11079,1
weak,11080,1
weak,11081,1
weak,11082,1
weak,11083,1
weak,11084,1
weak,11085,1
weak,11086,1
weak,11087,1
weak,11088,1
weak,11089,1
weak,11090,1
weak,11091,1
weak,11092,1
weak,11093,1
weak,11094,1
weak,11095,1
weak,11096,1
weak,11097,1
weak,11098,1
weak,11099,1
weak,11100,1
weak,11101,1
weak,11102,1
weak,11103,1
weak,11104,1
weak,11105,1
weak,11106,1
weak,11107,1
weak,11108,1
weak,11109,1
weak,11110,1
weak,11111,1
weak,11112,1
weak,11113,1
weak,11114,1
weak,11115,1
weak,11116,1
weak,11117,1
weak,11118,1
weak,11119,1
weak,11120,1
weak,11121,1
weak,11122,1
weak,11123,1
weak,11124,1
weak,11125,1
weak,11126,1
weak,11127,1
weak,11128,1
weak,11129,1
weak,11130,1
weak,11131,1
weak,11132,1
weak,11133,1
weak,11134,1
weak,11135,1
weak,11136,1
weak,11137,1
weak,11138,1
weak,11139,1
weak,11140,1
weak,11141,1
weak,11142,1
weak,11143,1
weak,11144,1
weak,11145,1
weak,11146,1
weak,11147,1
weak,11148,1
weak,11149,1
weak,11150,1
weak,11151,1
weak,11152,1
weak,11153,1
weak,11154,1
weak,11155,1
weak,11156,1
weak,11157,1
weak,11158,1
weak,11159,1
weak,11160,1
weak,11161,1
weak,11162,1
weak,11163,1
weak,11164,1
weak,11165,1
weak,11166,1
weak,11167,1
weak,11168,1
weak,11169,1
weak,11170,1
weak,11171,1
weak,11172,1
weak,11173,1
weak,11174,1
weak,11175,1
weak,11176,1
weak,11177,1
weak,11178,1
weak,11179,1
weak,11180,1
weak,11181,1
weak,11182,1
weak,11183,1
weak,11184,1
weak,11185,1
weak,11186,1
weak,11187,1
weak,11188,1
weak,11189,1
weak,11190,1
weak,11191,1
weak,11192,1
weak,11193,1
weak,11194,1
weak,11195,1
weak,11196,1
weak,11197,1
weak,11198,1
weak,11199,1
weak,11200,1
weak,11201,1
weak,11202,1
weak,11203,1
weak,11204,1
weak,11205,1
weak,11206,1
weak,11207,1
weak,11208,1
weak,11209,1
weak,11210,1
weak,11211,1
weak,11212,1
weak,11213,1
weak,11214,1
weak,11215,1
weak,11216,1
weak,11217,1
weak,11218,1
weak,11219,1
weak,11220,1
weak,11221,1
weak,11222,1
weak,11223,1
weak,11224,1
weak,11225,1
weak,11226,1
weak,11227,1
weak,11228,1
weak,11229,1
weak,11230,1
weak,11231,1
weak,11232,1
weak,11233,1
weak,11234,1
weak,11235,1
weak,11236,1
weak,11237,1
weak,11238,1
weak,11239,1
weak,11240,1
weak,11241,1
weak,11242,1
weak,11243,1
weak,11244,1
weak,11245,1
weak,11246,1
weak,11247,1
weak,11248,1
weak,11249,1
weak,11250,1
weak,11251,1
weak,11252,1
weak,11253,1
weak,11254,1
weak,11255,1
weak,11256,1
weak,11257,1
weak,11258,1
weak,11259,1
weak,11260,1
weak,11261,1
weak,11262,1
weak,11263,1
weak,11264,1
weak,11265,1
weak,11266,1
weak,11267,1
weak,11268,1
weak,11269,1
weak,11270,1
weak,11271,1
weak,11272,1
weak,11273,1
weak,11274,1
weak,11275,1
weak,11276,1
weak,11277,1
weak,11278,1
weak,11279,1
weak,11280,1
weak,11281,1
weak,11282,1
weak,11283,1
weak,11284,1
weak,11285,1
weak,11286,1
weak,11287,1
weak,11288,1
weak,11289,1
weak,11290,1
weak,11291,1
weak,11292,1
weak,11293,1
weak,11294,1
weak,11295,1
weak,11296,1
weak,11297,1
weak,11298,1
weak,11299,1
weak,11300,1
weak,11301,1
weak,11302,1
weak,11303,1
weak,11304,1
weak,11305,1
weak,11306,1
weak,11307,1
weak,11308,1
weak,11309,1
weak,11310,1
weak,11311,1
weak,11312,1
weak,11313,1
weak,11314,1
weak,11315,1
weak,11316,1
weak,11317,1
weak,11318,1
weak,11319,1
weak,11320,1
weak,11321,1
weak,11322,1
weak,11323,1
weak,11324,1
weak,11325,1
weak,11326,1
weak,11327,1
weak,11328,1
weak,11329,1
weak,11330,1
weak,11331,1
weak,11332,1
weak,11333,1
weak,11334,1
weak,11335,1
weak,11336,1
weak,11337,1
weak,11338,1
weak,11339,1
weak,11340,1
weak,11341,1
weak,11342,1
weak,11343,1
weak,11344,1
weak,11345,1
weak,11346,1
weak,11347,1
weak,11348,1
weak,11349,1
weak,11350,1
weak,11351,1
weak,11352,1
weak,11353,1
weak,11354,1
weak,11355,1
weak,11356,1
weak,11357,1
weak,11358,1
weak,11359,1
weak,11360,1
weak,11361,1
weak,11362,1
weak,11363,1
weak,11364,1
weak,11365,1
weak,11366,1
weak,11367,1
weak,11368,1
weak,11369,1
weak,11370,1
weak,11371,1
weak,11372,1
weak,11373,1
weak,11374,1
weak,11375,1
weak,11376,1
weak,11377,1
weak,11378,1
weak,11379,1
weak,11380,1
weak,11381,1
weak,11382,1
weak,11383,1
weak,11384,1
weak,11385,1
weak,11386,1
weak,11387,1
weak,11388,1
weak,11389,1
weak,11390,1
weak,11391,1
weak,11392,1
weak,11393,1
weak,11394,1
weak,11395,1
weak,11396,1
weak,11397,1
weak,11398,1
weak,11399,1
weak,11400,1
weak,11401,1
weak,11402,1
weak,11403,1
weak,11404,1
weak,11405,1
weak,11406,1
weak,11407,1
weak,11408,1
weak,11409,1
weak,11410,1
weak,11411,1
weak,11412,1
weak,11413,1
weak,11414,1
weak,11415,1
weak,11416,1
weak,11417,1
weak,11418,1
weak,11419,1
weak,11420,1
weak,11421,1
weak,11422,1
weak,11423,1
weak,11424,1
weak,11425,1
weak,11426,1
weak,11427,1
weak,11428,1
weak,11429,1
weak,11430,1
weak,11431,1
weak,11432,1
weak,11433,1
weak,11434,1
weak,11435,1
weak,11436,1
weak,11437,1
weak,11438,1
weak,11439,1
weak,11440,1
weak,11441,1
weak,11442,1
weak,11443,1
weak,11444,1
weak,11445,1
weak,11446,1
weak,11447,1
weak,11448,1
weak,11449,1
weak,11450,1
weak,11451,1
weak,11452,1
weak,11453,1
weak,11454,1
weak,11455,1
weak,11456,1
weak,11457,1
weak,11458,1
weak,11459,1
weak,11460,1
weak,11461,1
weak,11462,1
weak,11463,1
weak,11464,1
weak,11465,1
weak,11466,1
weak,11467,1
weak,11468,1
weak,11469,1
weak,11470,1
weak,11471,1
weak,11472,1
weak,11473,1
weak,11474,1
weak,11475,1
weak,11476,1
weak,11477,1
weak,11478,1
weak,11479,1
weak,11480,1
weak,11481,1
weak,11482,1
weak,11483,1
weak,11484,1
weak,11485,1
weak,11486,1
weak,11487,1
weak,11488,1
weak,11489,1
weak,11490,1
weak,11491,1
weak,11492,1
weak,11493,1
weak,11494,1
weak,11495,1
weak,11496,1
weak,11497,1
weak,11498,1
weak,11499,1
weak,11500,1
weak,11501,1
weak,11502,1
weak,11503,1
weak,11504,1
weak,11505,1
weak,11506,1
weak,11507,1
weak,11508,1
weak,11509,1
weak,11510,1
weak,11511,1
weak,11512,1
weak,11513,1
weak,11514,1
weak,11515,1
weak,11516,1
weak,11517,1
weak,11518,1
weak,11519,1
weak,11520,1
weak,11521,1
weak,11522,1
weak,11523,1
weak,11524,1
weak,11525,1
weak,11526,1
weak,11527,1
weak,11528,1
weak,11529,1
weak,11530,1
weak,11531,1
weak,11532,1
weak,11533,1
weak,11534,1
weak,11535,1
weak,11536,1
weak,11537,1
weak,11538,1
weak,11539,1
weak,11540,1
weak,11541,1
weak,11542,1
weak,11543,1
weak,11544,1
weak,11545,1
weak,11546,1
weak,11547,1
weak,11548,1
weak,11549,1
weak,11550,1
weak,11551,1
weak,11552,1
weak,11553,1
weak,11554,1
weak,11555,1
weak,11556,1
weak,11557,1
weak,11558,1
weak,11559,1
weak,11560,1
weak,11561,1
weak,11562,1
weak,11563,1
weak,11564,1
weak,11565,1
weak,11566,1
weak,11567,1
weak,11568,1
weak,11569,1
weak,11570,1
weak,11571,1
weak,11572,1
weak,11573,1
weak,11574,1
weak,11575,1
weak,11576,1
weak,11577,1
weak,11578,1
weak,11579,1
weak,11580,1
weak,11581,1
weak,11582,1
weak,11583,1
weak,11584,1
weak,11585,1
weak,11586,1
weak,11587,1
weak,11588,1
weak,11589,1
weak,11590,1
weak,11591,1
weak,11592,1
weak,11593,1
weak,11594,1
weak,11595,1
weak,11596,1
weak,11597,1
weak,11598,1
weak,11599,1
weak,11600,1
weak,11601,1
weak,11602,1
weak,11603,1
weak,11604,1
weak,11605,1
weak,11606,1
weak,11607,1
weak,11608,1
weak,11609,1
weak,11610,1
weak,11611,1
weak,11612,1
weak,11613,1
weak,11614,1
weak,11615,1
weak,11616,1
weak,11617,1
weak,11618,1
weak,11619,1
weak,11620,1
weak,11621,1
weak,11622,1
weak,11623,1
weak,11624,1
weak,11625,1
weak,11626,1
weak,11627,1
weak,11628,1
weak,11629,1
weak,11630,1
weak,11631,1
weak,11632,1
weak,11633,1
weak,11634,1
weak,11635,1
weak,11636,1
weak,11637,1
weak,11638,1
weak,11639,1
weak,11640,1
weak,11641,1
weak,11642,1
weak,11643,1
weak,11644,1
weak,11645,1
weak,11646,1
weak,11647,1
weak,11648,1
weak,11649,1
weak,11650,1
weak,11651,1
weak,11652,1
weak,11653,1
weak,11654,1
weak,11655,1
weak,11656,1
weak,11657,1
weak,11658,1
weak,11659,1
weak,11660,1
weak,11661,1
weak,11662,1
weak,11663,1
weak,11664,1
weak,11665,1
weak,11666,1
weak,11667,1
weak,11668,1
weak,11669,1
weak,11670,1
weak,11671,1
weak,11672,1
weak,11673,1
weak,11674,1
weak,11675,1
weak,11676,1
weak,11677,1
weak,11678,1
weak,11679,1
weak,11680,1
weak,11681,1
weak,11682,1
weak,11683,1
weak,11684,1
weak,11685,1
weak,11686,1
weak,11687,1
weak,11688,1
weak,11689,1
weak,11690,1
weak,11691,1
weak,11692,1
weak,11693,1
weak,11694,1
weak,11695,1
weak,11696,1
weak,11697,1
weak,11698,1
weak,11699,1
weak,11700,1
weak,11701,1
weak,11702,1
weak,11703,1
weak,11704,1
weak,11705,1
weak,11706,1
weak,11707,1
weak,11708,1
weak,11709,1
weak,11710,1
weak,11711,1
weak,11712,1
weak,11713,1
weak,11714,1
weak,11715,1
weak,11716,1
weak,11717,1
weak,11718,1
weak,11719,1
weak,11720,1
weak,11721,1
weak,11722,1
weak,11723,1
weak,11724,1
weak,11725,1
weak,11726,1
weak,11727,1
weak,11728,1
weak,11729,1
weak,11730,1
weak,11731,1
weak,11732,1
weak,11733,1
weak,11734,1
weak,11735,1
weak,11736,1
weak,11737,1
weak,11738,1
weak,11739,1
weak,11740,1
weak,11741,1
weak,11742,1
weak,11743,1
weak,11744,1
weak,11745,1
weak,11746,1
weak,11747,1
weak,11748,1
weak,11749,1
weak,11750,1
weak,11751,1
weak,11752,1
weak,11753,1
weak,11754,1
weak,11755,1
weak,11756,1
weak,11757,1
weak,11758,1
weak,11759,1
weak,11760,1
weak,11761,1
weak,11762,1
weak,11763,1
weak,11764,1
weak,11765,1
weak,11766,1
weak,11767,1
weak,11768,1
weak,11769,1
weak,11770,1
weak,11771,1
weak,11772,1
weak,11773,1
weak,11774,1
weak,11775,1
weak,11776,1
weak,11777,1
weak,11778,1
weak,11779,1
weak,11780,1
weak,11781,1
weak,11782,1
weak,11783,1
weak,11784,1
weak,11785,1
weak,11786,1
weak,11787,1
weak,11788,1
weak,11789,1
weak,11790,1
weak,11791,1
weak,11792,1
weak,11793,1
weak,11794,1
weak,11795,1
weak,11796,1
weak,11797,1
weak,11798,1
weak,11799,1
weak,11800,1
weak,11801,1
weak,11802,1
weak,11803,1
weak,11804,1
weak,11805,1
weak,11806,1
weak,11807,1
weak,11808,1
weak,11809,1
weak,11810,1
weak,11811,1
weak,11812,1
weak,11813,1
weak,11814,1
weak,11815,1
weak,11816,1
weak,11817,1
weak,11818,1
weak,11819,1
weak,11820,1
weak,11821,1
weak,11822,1
weak,11823,1
weak,11824,1
weak,11825,1
weak,11826,1
weak,11827,1
weak,11828,1
weak,11829,1
weak,11830,1
weak,11831,1
weak,11832,1
weak,11833,1
weak,11834,1
weak,11835,1
weak,11836,1
weak,11837,1
weak,11838,1
weak,11839,1
weak,11840,1
weak,11841,1
weak,11842,1
weak,11843,1
weak,11844,1
weak,11845,1
weak,11846,1
weak,11847,1
weak,11848,1
weak,11849,1
weak,11850,1
weak,11851,1
weak,11852,1
weak,11853,1
weak,11854,1
weak,11855,1
weak,11856,1
weak,11857,1
weak,11858,1
weak,11859,1
weak,11860,1
weak,11861,1
weak,11862,1
weak,11863,1
weak,11864,1
weak,11865,1
weak,11866,1
weak,11867,1
weak,11868,1
weak,11869,1
weak,11870,1
weak,11871,1
weak,11872,1
weak,11873,1
weak,11874,1
weak,11875,1
weak,11876,1
weak,11877,1
weak,11878,1
weak,11879,1
weak,11880,1
weak,11881,1
weak,11882,1
weak,11883,1
weak,11884,1
weak,11885,1
weak,11886,1
weak,11887,1
weak,11888,1
weak,11889,1
weak,11890,1
weak,11891,1
weak,11892,1
weak,11893,1
weak,11894,1
weak,11895,1
weak,11896,1
weak,11897,1
weak,11898,1
weak,11899,1
weak,11900,1
weak,11901,1
weak,11902,1
weak,11903,1
weak,11904,1
weak,11905,1
weak,11906,1
weak,11907,1
weak,11908,1
weak,11909,1
weak,11910,1
weak,11911,1
weak,11912,1
weak,11913,1
weak,11914,1
weak,11915,1
weak,11916,1
weak,11917,1
weak,11918,1
weak,11919,1
weak,11920,1
weak,11921,1
weak,11922,1
weak,11923,1
weak,11924,1
weak,11925,1
weak,11926,1
weak,11927,1
weak,11928,1
weak,11929,1
weak,11930,1
weak,11931,1
weak,11932,1
weak,11933,1
weak,11934,1
weak,11935,1
weak,11936,1
weak,11937,1
weak,11938,1
weak,11939,1
weak,11940,1
weak,11941,1
weak,11942,1
weak,11943,1
weak,11944,1
weak,11945,1
weak,11946,1
weak,11947,1
weak,11948,1
weak,11949,1
weak,11950,1
weak,11951,1
weak,11952,1
weak,11953,1
weak,11954,1
weak,11955,1
weak,11956,1
weak,11957,1
weak,11958,1
weak,11959,1
weak,11960,1
weak,11961,1
weak,11962,1
weak,11963,1
weak,11964,1
weak,11965,1
weak,11966,1
weak,11967,1
weak,11968,1
weak,11969,1
weak,11970,1
weak,11971,1
weak,11972,1
weak,11973,1
weak,11974,1
weak,11975,1
weak,11976,1
weak,11977,1
weak,11978,1
weak,11979,1
weak,11980,1
weak,11981,1
weak,11982,1
weak,11983,1
weak,11984,1
weak,11985,1
weak,11986,1
weak,11987,1
weak,11988,1
weak,11989,1
weak,11990,1
weak,11991,1
weak,11992,1
weak,11993,1
weak,11994,1
weak,11995,1
weak,11996,1
weak,11997,1
weak,11998,1
weak,11999,1
weak,12000,1
weak,12001,1
weak,12002,1
weak,12003,1
weak,12004,1
weak,12005,1
weak,12006,1
weak,12007,1
weak,12008,1
weak,12009,1
weak,12010,1
weak,12011,1
weak,12012,1
weak,12013,1
weak,12014,1
weak,12015,1
weak,12016,1
weak,12017,1
weak,12018,1
weak,12019,1
weak,12020,1
weak,12021,1
weak,12022,1
weak,12023,1
weak,12024,1
weak,12025,1
weak,12026,1
weak,12027,1
weak,12028,1
weak,12029,1
weak,12030,1
weak,12031,1
weak,12032,1
weak,12033,1
weak,12034,1
weak,12035,1
weak,12036,1
weak,12037,1
weak,12038,1
weak,12039,1
weak,12040,1
weak,12041,1
weak,12042,1
weak,12043,1
weak,12044,1
weak,12045,1
weak,12046,1
weak,12047,1
weak,12048,1
weak,12049,1
weak,12050,1
weak,12051,1
weak,12052,1
weak,12053,1
weak,12054,1
weak,12055,1
weak,12056,1
weak,12057,1
weak,12058,1
weak,12059,1
weak,12060,1
weak,12061,1
weak,12062,1
weak,12063,1
weak,12064,1
weak,12065,1
weak,12066,1
weak,12067,1
weak,12068,1
weak,12069,1
weak,12070,1
weak,12071,1
weak,12072,1
weak,12073,1
weak,12074,1
weak,12075,1
weak,12076,1
weak,12077,1
weak,12078,1
weak,12079,1
weak,12080,1
weak,12081,1
weak,12082,1
weak,12083,1
weak,12084,1
weak,12085,1
weak,12086,1
weak,12087,1
weak,12088,1
weak,12089,1
weak,12090,1
weak,12091,1
weak,12092,1
weak,12093,1
weak,12094,1
weak,12095,1
weak,12096,1
weak,12097,1
weak,12098,1
weak,12099,1
weak,12100,1
weak,12101,1
weak,12102,1
weak,12103,1
weak,12104,1
weak,12105,1
weak,12106,1
weak,12107,1
weak,12108,1
weak,12109,1
weak,12110,1
weak,12111,1
weak,12112,1
weak,12113,1
weak,12114,1
weak,12115,1
weak,12116,1
weak,12117,1
weak,12118,1
weak,12119,1
weak,12120,1
weak,12121,1
weak,12122,1
weak,12123,1
weak,12124,1
weak,12125,1
weak,12126,1
weak,12127,1
weak,12128,1
weak,12129,1
weak,12130,1
weak,12131,1
weak,12132,1
weak,12133,1
weak,12134,1
weak,12135,1
weak,12136,1
weak,12137,1
weak,12138,1
weak,12139,1
weak,12140,1
weak,12141,1
weak,12142,1
weak,12143,1
weak,12144,1
weak,12145,1
weak,12146,1
weak,12147,1
weak,12148,1
weak,12149,1
weak,12150,1
weak,12151,1
weak,12152,1
weak,12153,1
weak,12154,1
weak,12155,1
weak,12156,1
weak,12157,1
weak,12158,1
weak,12159,1
weak,12160,1
weak,12161,1
weak,12162,1
weak,12163,1
weak,12164,1
weak,12165,1
weak,12166,1
weak,12167,1
weak,12168,1
weak,12169,1
weak,12170,1
weak,12171,1
weak,12172,1
weak,12173,1
weak,12174,1
weak,12175,1
weak,12176,1
weak,12177,1
weak,12178,1
weak,12179,1
weak,12180,1
weak,12181,1
weak,12182,1
weak,12183,1
weak,12184,1
weak,12185,1
weak,12186,1
weak,12187,1
weak,12188,1
weak,12189,1
weak,12190,1
weak,12191,1
weak,12192,1
weak,12193,1
weak,12194,1
weak,12195,1
weak,12196,1
weak,12197,1
weak,12198,1
weak,12199,1
weak,12200,1
weak,12201,1
weak,12202,1
weak,12203,1
weak,12204,1
weak,12205,1
weak,12206,1
weak,12207,1
weak,12208,1
weak,12209,1
weak,12210,1
weak,12211,1
weak,12212,1
weak,12213,1
weak,12214,1
weak,12215,1
weak,12216,1
weak,12217,1
weak,12218,1
weak,12219,1
weak,12220,1
weak,12221,1
weak,12222,1
weak,12223,1
weak,12224,1
weak,12225,1
weak,12226,1
weak,12227,1
weak,12228,1
weak,12229,1
weak,12230,1
weak,12231,1
weak,12232,1
weak,12233,1
weak,12234,1
weak,12235,1
weak,12236,1
weak,12237,1
weak,12238,1
weak,12239,1
weak,12240,1
weak,12241,1
weak,12242,1
weak,12243,1
weak,12244,1
weak,12245,1
weak,12246,1
weak,12247,1
weak,12248,1
weak,12249,1
weak,12250,1
weak,12251,1
weak,12252,1
weak,12253,1
weak,12254,1
weak,12255,1
weak,12256,1
weak,12257,1
weak,12258,1
weak,12259,1
weak,12260,1
weak,12261,1
weak,12262,1
weak,12263,1
weak,12264,1
weak,12265,1
weak,12266,1
weak,12267,1
weak,12268,1
weak,12269,1
weak,12270,1
weak,12271,1
weak,12272,1
weak,12273,1
weak,12274,1
weak,12275,1
weak,12276,1
weak,12277,1
weak,12278,1
weak,12279,1
weak,12280,1
weak,12281,1
weak,12282,1
weak,12283,1
weak,12284,1
weak,12285,1
weak,12286,1
weak,12287,1
weak,12288,1
weak,12289,1
weak,12290,1
weak,12291,1
weak,12292,1
weak,12293,1
weak,12294,1
weak,12295,1
weak,12296,1
weak,12297,1
weak,12298,1
weak,12299,1
weak,12300,1
weak,12301,1
weak,12302,1
weak,12303,1
weak,12304,1
weak,12305,1
weak,12306,1
weak,12307,1
weak,12308,1
weak,12309,1
weak,12310,1
weak,12311,1
weak,12312,1
weak,12313,1
weak,12314,1
weak,12315,1
weak,12316,1
weak,12317,1
weak,12318,1
weak,12319,1
weak,12320,1
weak,12321,1
weak,12322,1
weak,12323,1
weak,12324,1
weak,12325,1
weak,12326,1
weak,12327,1
weak,12328,1
weak,12329,1
weak,12330,1
weak,12331,1
weak,12332,1
weak,12333,1
weak,12334,1
weak,12335,1
weak,12336,1
weak,12337,1
weak,12338,1
weak,12339,1
weak,12340,1
weak,12341,1
weak,12342,1
weak,12343,1
weak,12344,1
weak,12345,1
weak,12346,1
weak,12347,1
weak,12348,1
weak,12349,1
weak,12350,1
weak,12351,1
weak,12352,1
weak,12353,1
weak,12354,1
weak,12355,1
weak,12356,1
weak,12357,1
weak,12358,1
weak,12359,1
weak,12360,1
weak,12361,1
weak,12362,1
weak,12363,1
weak,12364,1
weak,12365,1
weak,12366,1
weak,12367,1
weak,12368,1
weak,12369,1
weak,12370,1
weak,12371,1
weak,12372,1
weak,12373,1
weak,12374,1
weak,12375,1
weak,12376,1
weak,12377,1
weak,12378,1
weak,12379,1
weak,12380,1
weak,12381,1
weak,12382,1
weak,12383,1
weak,12384,1
weak,12385,1
weak,12386,1
weak,12387,1
weak,12388,1
weak,12389,1
weak,12390,1
weak,12391,1
weak,12392,1
weak,12393,1
weak,12394,1
weak,12395,1
weak,12396,1
weak,12397,1
weak,12398,1
weak,12399,1
weak,12400,1
weak,12401,1
weak,12402,1
weak,12403,1
weak,12404,1
weak,12405,1
weak,12406,1
weak,12407,1
weak,12408,1
weak,12409,1
weak,12410,1
weak,12411,1
weak,12412,1
weak,12413,1
weak,12414,1
weak,12415,1
weak,12416,1
weak,12417,1
weak,12418,1
weak,12419,1
weak,12420,1
weak,12421,1
weak,12422,1
weak,12423,1
weak,12424,1
weak,12425,1
weak,12426,1
weak,12427,1
weak,12428,1
weak,12429,1
weak,12430,1
weak,12431,1
weak,12432,1
weak,12433,1
weak,12434,1
weak,12435,1
weak,12436,1
weak,12437,1
weak,12438,1
weak,12439,1
weak,12440,1
weak,12441,1
weak,12442,1
weak,12443,1
weak,12444,1
weak,12445,1
weak,12446,1
weak,12447,1
weak,12448,1
weak,12449,1
weak,12450,1
weak,12451,1
weak,12452,1
weak,12453,1
weak,12454,1
weak,12455,1
weak,12456,1
weak,12457,1
weak,12458,1
weak,12459,1
weak,12460,1
weak,12461,1
weak,12462,1
weak,12463,1
weak,12464,1
weak,12465,1
weak,12466,1
weak,12467,1
weak,12468,1
weak,12469,1
weak,12470,1
weak,12471,1
weak,12472,1
weak,12473,1
weak,12474,1
weak,12475,1
weak,12476,1
weak,12477,1
weak,12478,1
weak,12479,1
weak,12480,1
weak,12481,1
weak,12482,1
weak,12483,1
weak,12484,1
weak,12485,1
weak,12486,1
weak,12487,1
weak,12488,1
weak,12489,1
weak,12490,1
weak,12491,1
weak,12492,1
weak,12493,1
weak,12494,1
weak,12495,1
weak,12496,1
weak,12497,1
weak,12498,1
weak,12499,1
weak,12500,1
weak,12501,1
weak,12502,1
weak,12503,1
weak,12504,1
weak,12505,1
weak,12506,1
weak,12507,1
weak,12508,1
weak,12509,1
weak,12510,1
weak,12511,1
weak,12512,1
weak,12513,1
weak,12514,1
weak,12515,1
weak,12516,1
weak,12517,1
weak,12518,1
weak,12519,1
weak,12520,1
weak,12521,1
weak,12522,1
weak,12523,1
weak,12524,1
weak,12525,1
weak,12526,1
weak,12527,1
weak,12528,1
weak,12529,1
weak,12530,1
weak,12531,1
weak,12532,1
weak,12533,1
weak,12534,1
weak,12535,1
weak,12536,1
weak,12537,1
weak,12538,1
weak,12539,1
weak,12540,1
weak,12541,1
weak,12542,1
weak,12543,1
weak,12544,1
weak,12545,1
weak,12546,1
weak,12547,1
weak,12548,1
weak,12549,1
weak,12550,1
weak,12551,1
weak,12552,1
weak,12553,1
weak,12554,1
weak,12555,1
weak,12556,1
weak,12557,1
weak,12558,1
weak,12559,1
weak,12560,1
weak,12561,1
weak,12562,1
weak,12563,1
weak,12564,1
weak,12565,1
weak,12566,1
weak,12567,1
weak,12568,1
weak,12569,1
weak,12570,1
weak,12571,1
weak,12572,1
weak,12573,1
weak,12574,1
weak,12575,1
weak,12576,1
weak,12577,1
weak,12578,1
weak,12579,1
weak,12580,1
weak,12581,1
weak,12582,1
weak,12583,1
weak,12584,1
weak,12585,1
weak,12586,1
weak,12587,1
weak,12588,1
weak,12589,1
weak,12590,1
weak,12591,1
weak,12592,1
weak,12593,1
weak,12594,1
weak,12595,1
weak,12596,1
weak,12597,1
weak,12598,1
weak,12599,1
weak,12600,1
weak,12601,1
weak,12602,1
weak,12603,1
weak,12604,1
weak,12605,1
weak,12606,1
weak,12607,1
weak,12608,1
weak,12609,1
weak,12610,1
weak,12611,1
weak,12612,1
weak,12613,1
weak,12614,1
weak,12615,1
weak,12616,1
weak,12617,1
weak,12618,1
weak,12619,1
weak,12620,1
weak,12621,1
weak,12622,1
weak,12623,1
weak,12624,1
weak,12625,1
weak,12626,1
weak,12627,1
weak,12628,1
weak,12629,1
weak,12630,1
weak,12631,1
weak,12632,1
weak,12633,1
weak,12634,1
weak,12635,1
weak,12636,1
weak,12637,1
weak,12638,1
weak,12639,1
weak,12640,1
weak,12641,1
weak,12642,1
weak,12643,1
weak,12644,1
weak,12645,1
weak,12646,1
weak,12647,1
weak,12648,1
weak,12649,1
weak,12650,1
weak,12651,1
weak,12652,1
weak,12653,1
weak,12654,1
weak,12655,1
weak,12656,1
weak,12657,1
weak,12658,1
weak,12659,1
weak,12660,1
weak,12661,1
weak,12662,1
weak,12663,1
weak,12664,1
weak,12665,1
weak,12666,1
weak,12667,1
weak,12668,1
weak,12669,1
weak,12670,1
weak,12671,1
weak,12672,1
weak,12673,1
weak,12674,1
weak,12675,1
weak,12676,1
weak,12677,1
weak,12678,1
weak,12679,1
weak,12680,1
weak,12681,1
weak,12682,1
weak,12683,1
weak,12684,1
weak,12685,1
weak,12686,1
weak,12687,1
weak,12688,1
weak,12689,1
weak,12690,1
weak,12691,1
weak,12692,1
weak,12693,1
weak,12694,1
weak,12695,1
weak,12696,1
weak,12697,1
weak,12698,1
weak,12699,1
weak,12700,1
weak,12701,1
weak,12702,1
weak,12703,1
weak,12704,1
weak,12705,1
weak,12706,1
weak,12707,1
weak,12708,1
weak,12709,1
weak,12710,1
weak,12711,1
weak,12712,1
weak,12713,1
weak,12714,1
weak,12715,1
weak,12716,1
weak,12717,1
weak,12718,1
weak,12719,1
weak,12720,1
weak,12721,1
weak,12722,1
weak,12723,1
weak,12724,1
weak,12725,1
weak,12726,1
weak,12727,1
weak,12728,1
weak,12729,1
weak,12730,1
weak,12731,1
weak,12732,1
weak,12733,1
weak,12734,1
weak,12735,1
weak,12736,1
weak,12737,1
weak,12738,1
weak,12739,1
weak,12740,1
weak,12741,1
weak,12742,1
weak,12743,1
weak,12744,1
weak,12745,1
weak,12746,1
weak,12747,1
weak,12748,1
weak,12749,1
weak,12750,1
weak,12751,1
weak,12752,1
weak,12753,1
weak,12754,1
weak,12755,1
weak,12756,1
weak,12757,1
weak,12758,1
weak,12759,1
weak,12760,1
weak,12761,1
weak,12762,1
weak,12763,1
weak,12764,1
weak,12765,1
weak,12766,1
weak,12767,1
weak,12768,1
weak,12769,1
weak,12770,1
weak,12771,1
weak,12772,1
weak,12773,1
weak,12774,1
weak,12775,1
weak,12776,1
weak,12777,1
weak,12778,1
weak,12779,1
weak,12780,1
weak,12781,1
weak,12782,1
weak,12783,1
weak,12784,1
weak,12785,1
weak,12786,1
weak,12787,1
weak,12788,1
weak,12789,1
weak,12790,1
weak,12791,1
weak,12792,1
weak,12793,1
weak,12794,1
weak,12795,1
weak,12796,1
weak,12797,1
weak,12798,1
weak,12799,1
weak,12800,1
weak,12801,1
weak,12802,1
weak,12803,1
weak,12804,1
weak,12805,1
weak,12806,1
weak,12807,1
weak,12808,1
weak,12809,1
weak,12810,1
weak,12811,1
weak,12812,1
weak,12813,1
weak,12814,1
weak,12815,1
weak,12816,1
weak,12817,1
weak,12818,1
weak,12819,1
weak,12820,1
weak,12821,1
weak,12822,1
weak,12823,1
weak,12824,1
weak,12825,1
weak,12826,1
weak,12827,1
weak,12828,1
weak,12829,1
weak,12830,1
weak,12831,1
weak,12832,1
weak,12833,1
weak,12834,1
weak,12835,1
weak,12836,1
weak,12837,1
weak,12838,1
weak,12839,1
weak,12840,1
weak,12841,1
weak,12842,1
weak,12843,1
weak,12844,1
weak,12845,1
weak,12846,1
weak,12847,1
weak,12848,1
weak,12849,1
weak,12850,1
weak,12851,1
weak,12852,1
weak,12853,1
weak,12854,1
weak,12855,1
weak,12856,1
weak,12857,1
weak,12858,1
weak,12859,1
weak,12860,1
weak,12861,1
weak,12862,1
weak,12863,1
weak,12864,1
weak,12865,1
weak,12866,1
weak,12867,1
weak,12868,1
weak,12869,1
weak,12870,1
weak,12871,1
weak,12872,1
weak,12873,1
weak,12874,1
weak,12875,1
weak,12876,1
weak,12877,1
weak,12878,1
weak,12879,1
weak,12880,1
weak,12881,1
weak,12882,1
weak,12883,1
weak,12884,1
weak,12885,1
weak,12886,1
weak,12887,1
weak,12888,1
weak,12889,1
weak,12890,1
weak,12891,1
weak,12892,1
weak,12893,1
weak,12894,1
weak,12895,1
weak,12896,1
weak,12897,1
weak,12898,1
weak,12899,1
weak,12900,1
weak,12901,1
weak,12902,1
weak,12903,1
weak,12904,1
weak,12905,1
weak,12906,1
weak,12907,1
weak,12908,1
weak,12909,1
weak,12910,1
weak,12911,1
weak,12912,1
weak,12913,1
weak,12914,1
weak,12915,1
weak,12916,1
weak,12917,1
weak,12918,1
weak,12919,1
weak,12920,1
weak,12921,1
weak,12922,1
weak,12923,1
weak,12924,1
weak,12925,1
weak,12926,1
weak,12927,1
weak,12928,1
weak,12929,1
weak,12930,1
weak,12931,1
weak,12932,1
weak,12933,1
weak,12934,1
weak,12935,1
weak,12936,1
weak,12937,1
weak,12938,1
weak,12939,1
weak,12940,1
weak,12941,1
weak,12942,1
weak,12943,1
weak,12944,1
weak,12945,1
weak,12946,1
weak,12947,1
weak,12948,1
weak,12949,1
weak,12950,1
weak,12951,1
weak,12952,1
weak,12953,1
weak,12954,1
weak,12955,1
weak,12956,1
weak,12957,1
weak,12958,1
weak,12959,1
weak,12960,1
weak,12961,1
weak,12962,1
weak,12963,1
weak,12964,1
weak,12965,1
weak,12966,1
weak,12967,1
weak,12968,1
weak,12969,1
weak,12970,1
weak,12971,1
weak,12972,1
weak,12973,1
weak,12974,1
weak,12975,1
weak,12976,1
weak,12977,1
weak,12978,1
weak,12979,1
weak,12980,1
weak,12981,1
weak,12982,1
weak,12983,1
weak,12984,1
weak,12985,1
weak,12986,1
weak,12987,1
weak,12988,1
weak,12989,1
weak,12990,1
weak,12991,1
weak,12992,1
weak,12993,1
weak,12994,1
weak,12995,1
weak,12996,1
weak,12997,1
weak,12998,1
weak,12999,1
weak,13000,1
weak,13001,1
weak,13002,1
weak,13003,1
weak,13004,1
weak,13005,1
weak,13006,1
weak,13007,1
weak,13008,1
weak,13009,1
weak,13010,1
weak,13011,1
weak,13012,1
weak,13013,1
weak,13014,1
weak,13015,1
weak,13016,1
weak,13017,1
weak,13018,1
weak,13019,1
weak,13020,1
weak,13021,1
weak,13022,1
weak,13023,1
weak,13024,1
weak,13025,1
weak,13026,1
weak,13027,1
weak,13028,1
weak,13029,1
weak,13030,1
weak,13031,1
weak,13032,1
weak,13033,1
weak,13034,1
weak,13035,1
weak,13036,1
weak,13037,1
weak,13038,1
weak,13039,1
weak,13040,1
weak,13041,1
weak,13042,1
weak,13043,1
weak,13044,1
weak,13045,1
weak,13046,1
weak,13047,1
weak,13048,1
weak,13049,1
weak,13050,1
weak,13051,1
weak,13052,1
weak,13053,1
weak,13054,1
weak,13055,1
weak,13056,1
weak,13057,1
weak,13058,1
weak,13059,1
weak,13060,1
weak,13061,1
weak,13062,1
weak,13063,1
weak,13064,1
weak,13065,1
weak,13066,1
weak,13067,1
weak,13068,1
weak,13069,1
weak,13070,1
weak,13071,1
weak,13072,1
weak,13073,1
weak,13074,1
weak,13075,1
weak,13076,1
weak,13077,1
weak,13078,1
weak,13079,1
weak,13080,1
weak,13081,1
weak,13082,1
weak,13083,1
weak,13084,1
weak,13085,1
weak,13086,1
weak,13087,1
weak,13088,1
weak,13089,1
weak,13090,1
weak,13091,1
weak,13092,1
weak,13093,1
weak,13094,1
weak,13095,1
weak,13096,1
weak,13097,1
weak,13098,1
weak,13099,1
weak,13100,1
weak,13101,1
weak,13102,1
weak,13103,1
weak,13104,1
weak,13105,1
weak,13106,1
weak,13107,1
weak,13108,1
weak,13109,1
weak,13110,1
weak,13111,1
weak,13112,1
weak,13113,1
weak,13114,1
weak,13115,1
weak,13116,1
weak,13117,1
weak,13118,1
weak,13119,1
weak,13120,1
weak,13121,1
weak,13122,1
weak,13123,1
weak,13124,1
weak,13125,1
weak,13126,1
weak,13127,1
weak,13128,1
weak,13129,1
weak,13130,1
weak,13131,1
weak,13132,1
weak,13133,1
weak,13134,1
weak,13135,1
weak,13136,1
weak,13137,1
weak,13138,1
weak,13139,1
weak,13140,1
weak,13141,1
weak,13142,1
weak,13143,1
weak,13144,1
weak,13145,1
weak,13146,1
weak,13147,1
weak,13148,1
weak,13149,1
weak,13150,1
weak,13151,1
weak,13152,1
weak,13153,1
weak,13154,1
weak,13155,1
weak,13156,1
weak,13157,1
weak,13158,1
weak,13159,1
weak,13160,1
weak,13161,1
weak,13162,1
weak,13163,1
weak,13164,1
weak,13165,1
weak,13166,1
weak,13167,1
weak,13168,1
weak,13169,1
weak,13170,1
weak,13171,1
weak,13172,1
weak,13173,1
weak,13174,1
weak,13175,1
weak,13176,1
weak,13177,1
weak,13178,1
weak,13179,1
weak,13180,1
weak,13181,1
weak,13182,1
weak,13183,1
weak,13184,1
weak,13185,1
weak,13186,1
weak,13187,1
weak,13188,1
weak,13189,1
weak,13190,1
weak,13191,1
weak,13192,1
weak,13193,1
weak,13194,1
weak,13195,1
weak,13196,1
weak,13197,1
weak,13198,1
weak,13199,1
weak,13200,1
weak,13201,1
weak,13202,1
weak,13203,1
weak,13204,1
weak,13205,1
weak,13206,1
weak,13207,1
weak,13208,1
weak,13209,1
weak,13210,1
weak,13211,1
weak,13212,1
weak,13213,1
weak,13214,1
weak,13215,1
weak,13216,1
weak,13217,1
weak,13218,1
weak,13219,1
weak,13220,1
weak,13221,1
weak,13222,1
weak,13223,1
weak,13224,1
weak,13225,1
weak,13226,1
weak,13227,1
weak,13228,1
weak,13229,1
weak,13230,1
weak,13231,1
weak,13232,1
weak,13233,1
weak,13234,1
weak,13235,1
weak,13236,1
weak,13237,1
weak,13238,1
weak,13239,1
weak,13240,1
weak,13241,1
weak,13242,1
weak,13243,1
weak,13244,1
weak,13245,1
weak,13246,1
weak,13247,1
weak,13248,1
weak,13249,1
weak,13250,1
weak,13251,1
weak,13252,1
weak,13253,1
weak,13254,1
weak,13255,1
weak,13256,1
weak,13257,1
weak,13258,1
weak,13259,1
weak,13260,1
weak,13261,1
weak,13262,1
weak,13263,1
weak,13264,1
weak,13265,1
weak,13266,1
weak,13267,1
weak,13268,1
weak,13269,1
weak,13270,1
weak,13271,1
weak,13272,1
weak,13273,1
weak,13274,1
weak,13275,1
weak,13276,1
weak,13277,1
weak,13278,1
weak,13279,1
weak,13280,1
weak,13281,1
weak,13282,1
weak,13283,1
weak,13284,1
weak,13285,1
weak,13286,1
weak,13287,1
weak,13288,1
weak,13289,1
weak,13290,1
weak,13291,1
weak,13292,1
weak,13293,1
weak,13294,1
weak,13295,1
weak,13296,1
weak,13297,1
weak,13298,1
weak,13299,1
weak,13300,1
weak,13301,1
weak,13302,1
weak,13303,1
weak,13304,1
weak,13305,1
weak,13306,1
weak,13307,1
weak,13308,1
weak,13309,1
weak,13310,1
weak,13311,1
weak,13312,1
weak,13313,1
weak,13314,1
weak,13315,1
weak,13316,1
weak,13317,1
weak,13318,1
weak,13319,1
weak,13320,1
weak,13321,1
weak,13322,1
weak,13323,1
weak,13324,1
weak,13325,1
weak,13326,1
weak,13327,1
weak,13328,1
weak,13329,1
weak,13330,1
weak,13331,1
weak,13332,1
weak,13333,1
weak,13334,1
weak,13335,1
weak,13336,1
weak,13337,1
weak,13338,1
weak,13339,1
weak,13340,1
weak,13341,1
weak,13342,1
weak,13343,1
weak,13344,1
weak,13345,1
weak,13346,1
weak,13347,1
weak,13348,1
weak,13349,1
weak,13350,1
weak,13351,1
weak,13352,1
weak,13353,1
weak,13354,1
weak,13355,1
weak,13356,1
weak,13357,1
weak,13358,1
weak,13359,1
weak,13360,1
weak,13361,1
weak,13362,1
weak,13363,1
weak,13364,1
weak,13365,1
weak,13366,1
weak,13367,1
weak,13368,1
weak,13369,1
weak,13370,1
weak,13371,1
weak,13372,1
weak,13373,1
weak,13374,1
weak,13375,1
weak,13376,1
weak,13377,1
weak,13378,1
weak,13379,1
weak,13380,1
weak,13381,1
weak,13382,1
weak,13383,1
weak,13384,1
weak,13385,1
weak,13386,1
weak,13387,1
weak,13388,1
weak,13389,1
weak,13390,1
weak,13391,1
weak,13392,1
weak,13393,1
weak,13394,1
weak,13395,1
weak,13396,1
weak,13397,1
weak,13398,1
weak,13399,1
weak,13400,1
weak,13401,1
weak,13402,1
weak,13403,1
weak,13404,1
weak,13405,1
weak,13406,1
weak,13407,1
weak,13408,1
weak,13409,1
weak,13410,1
weak,13411,1
weak,13412,1
weak,13413,1
weak,13414,1
weak,13415,1
weak,13416,1
weak,13417,1
weak,13418,1
weak,13419,1
weak,13420,1
weak,13421,1
weak,13422,1
weak,13423,1
weak,13424,1
weak,13425,1
weak,13426,1
weak,13427,1
weak,13428,1
weak,13429,1
weak,13430,1
weak,13431,1
weak,13432,1
weak,13433,1
weak,13434,1
weak,13435,1
weak,13436,1
weak,13437,1
weak,13438,1
weak,13439,1
weak,13440,1
weak,13441,1
weak,13442,1
weak,13443,1
weak,13444,1
weak,13445,1
weak,13446,1
weak,13447,1
weak,13448,1
weak,13449,1
weak,13450,1
weak,13451,1
weak,13452,1
weak,13453,1
weak,13454,1
weak,13455,1
weak,13456,1
weak,13457,1
weak,13458,1
weak,13459,1
weak,13460,1
weak,13461,1
weak,13462,1
weak,13463,1
weak,13464,1
weak,13465,1
weak,13466,1
weak,13467,1
weak,13468,1
weak,13469,1
weak,13470,1
weak,13471,1
weak,13472,1
weak,13473,1
weak,13474,1
weak,13475,1
weak,13476,1
weak,13477,1
weak,13478,1
weak,13479,1
weak,13480,1
weak,13481,1
weak,13482,1
weak,13483,1
weak,13484,1
weak,13485,1
weak,13486,1
weak,13487,1
weak,13488,1
weak,13489,1
weak,13490,1
weak,13491,1
weak,13492,1
weak,13493,1
weak,13494,1
weak,13495,1
weak,13496,1
weak,13497,1
weak,13498,1
weak,13499,1
weak,13500,1
weak,13501,1
weak,13502,1
weak,13503,1
weak,13504,1
weak,13505,1
weak,13506,1
weak,13507,1
weak,13508,1
weak,13509,1
weak,13510,1
weak,13511,1
weak,13512,1
weak,13513,1
weak,13514,1
weak,13515,1
weak,13516,1
weak,13517,1
weak,13518,1
weak,13519,1
weak,13520,1
weak,13521,1
weak,13522,1
weak,13523,1
weak,13524,1
weak,13525,1
weak,13526,1
weak,13527,1
weak,13528,1
weak,13529,1
weak,13530,1
weak,13531,1
weak,13532,1
weak,13533,1
weak,13534,1
weak,13535,1
weak,13536,1
weak,13537,1
weak,13538,1
weak,13539,1
weak,13540,1
weak,13541,1
weak,13542,1
weak,13543,1
weak,13544,1
weak,13545,1
weak,13546,1
weak,13547,1
weak,13548,1
weak,13549,1
weak,13550,1
weak,13551,1
weak,13552,1
weak,13553,1
weak,13554,1
weak,13555,1
weak,13556,1
weak,13557,1
weak,13558,1
weak,13559,1
weak,13560,1
weak,13561,1
weak,13562,1
weak,13563,1
weak,13564,1
weak,13565,1
weak,13566,1
weak,13567,1
weak,13568,1
weak,13569,1
weak,13570,1
weak,13571,1
weak,13572,1
weak,13573,1
weak,13574,1
weak,13575,1
weak,13576,1
weak,13577,1
weak,13578,1
weak,13579,1
weak,13580,1
weak,13581,1
weak,13582,1
weak,13583,1
weak,13584,1
weak,13585,1
weak,13586,1
weak,13587,1
weak,13588,1
weak,13589,1
weak,13590,1
weak,13591,1
weak,13592,1
weak,13593,1
weak,13594,1
weak,13595,1
weak,13596,1
weak,13597,1
weak,13598,1
weak,13599,1
weak,13600,1
weak,13601,1
weak,13602,1
weak,13603,1
weak,13604,1
weak,13605,1
weak,13606,1
weak,13607,1
weak,13608,1
weak,13609,1
weak,13610,1
weak,13611,1
weak,13612,1
weak,13613,1
weak,13614,1
weak,13615,1
weak,13616,1
weak,13617,1
weak,13618,1
weak,13619,1
weak,13620,1
weak,13621,1
weak,13622,1
weak,13623,1
weak,13624,1
weak,13625,1
weak,13626,1
weak,13627,1
weak,13628,1
weak,13629,1
weak,13630,1
weak,13631,1
weak,13632,1
weak,13633,1
weak,13634,1
weak,13635,1
weak,13636,1
weak,13637,1
weak,13638,1
weak,13639,1
weak,13640,1
weak,13641,1
weak,13642,1
weak,13643,1
weak,13644,1
weak,13645,1
weak,13646,1
weak,13647,1
weak,13648,1
weak,13649,1
weak,13650,1
weak,13651,1
weak,13652,1
weak,13653,1
weak,13654,1
weak,13655,1
weak,13656,1
weak,13657,1
weak,13658,1
weak,13659,1
weak,13660,1
weak,13661,1
weak,13662,1
weak,13663,1
weak,13664,1
weak,13665,1
weak,13666,1
weak,13667,1
weak,13668,1
weak,13669,1
weak,13670,1
weak,13671,1
weak,13672,1
weak,13673,1
weak,13674,1
weak,13675,1
weak,13676,1
weak,13677,1
weak,13678,1
weak,13679,1
weak,13680,1
weak,13681,1
weak,13682,1
weak,13683,1
weak,13684,1
weak,13685,1
weak,13686,1
weak,13687,1
weak,13688,1
weak,13689,1
weak,13690,1
weak,13691,1
weak,13692,1
weak,13693,1
weak,13694,1
weak,13695,1
weak,13696,1
weak,13697,1
weak,13698,1
weak,13699,1
weak,13700,1
weak,13701,1
weak,13702,1
weak,13703,1
weak,13704,1
weak,13705,1
weak,13706,1
weak,13707,1
weak,13708,1
weak,13709,1
weak,13710,1
weak,13711,1
weak,13712,1
weak,13713,1
weak,13714,1
weak,13715,1
weak,13716,1
weak,13717,1
weak,13718,1
weak,13719,1
weak,13720,1
weak,13721,1
weak,13722,1
weak,13723,1
weak,13724,1
weak,13725,1
weak,13726,1
weak,13727,1
weak,13728,1
weak,13729,1
weak,13730,1
weak,13731,1
weak,13732,1
weak,13733,1
weak,13734,1
weak,13735,1
weak,13736,1
weak,13737,1
weak,13738,1
weak,13739,1
weak,13740,1
weak,13741,1
weak,13742,1
weak,13743,1
weak,13744,1
weak,13745,1
weak,13746,1
weak,13747,1
weak,13748,1
weak,13749,1
weak,13750,1
weak,13751,1
weak,13752,1
weak,13753,1
weak,13754,1
weak,13755,1
weak,13756,1
weak,13757,1
weak,13758,1
weak,13759,1
weak,13760,1
weak,13761,1
weak,13762,1
weak,13763,1
weak,13764,1
weak,13765,1
weak,13766,1
weak,13767,1
weak,13768,1
weak,13769,1
weak,13770,1
weak,13771,1
weak,13772,1
weak,13773,1
weak,13774,1
weak,13775,1
weak,13776,1
weak,13777,1
weak,13778,1
weak,13779,1
weak,13780,1
weak,13781,1
weak,13782,1
weak,13783,1
weak,13784,1
weak,13785,1
weak,13786,1
weak,13787,1
weak,13788,1
weak,13789,1
weak,13790,1
weak,13791,1
weak,13792,1
weak,13793,1
weak,13794,1
weak,13795,1
weak,13796,1
weak,13797,1
weak,13798,1
weak,13799,1
weak,13800,1
weak,13801,1
weak,13802,1
weak,13803,1
weak,13804,1
weak,13805,1
weak,13806,1
weak,13807,1
weak,13808,1
weak,13809,1
weak,13810,1
weak,13811,1
weak,13812,1
weak,13813,1
weak,13814,1
weak,13815,1
weak,13816,1
weak,13817,1
weak,13818,1
weak,13819,1
weak,13820,1
weak,13821,1
weak,13822,1
weak,13823,1
weak,13824,1
weak,13825,1
weak,13826,1
weak,13827,1
weak,13828,1
weak,13829,1
weak,13830,1
weak,13831,1
weak,13832,1
weak,13833,1
weak,13834,1
weak,13835,1
weak,13836,1
weak,13837,1
weak,13838,1
weak,13839,1
weak,13840,1
weak,13841,1
weak,13842,1
weak,13843,1
weak,13844,1
weak,13845,1
weak,13846,1
weak,13847,1
weak,13848,1
weak,13849,1
weak,13850,1
weak,13851,1
weak,13852,1
weak,13853,1
weak,13854,1
weak,13855,1
weak,13856,1
weak,13857,1
weak,13858,1
weak,13859,1
weak,13860,1
weak,13861,1
weak,13862,1
weak,13863,1
weak,13864,1
weak,13865,1
weak,13866,1
weak,13867,1
weak,13868,1
weak,13869,1
weak,13870,1
weak,13871,1
weak,13872,1
weak,13873,1
weak,13874,1
weak,13875,1
weak,13876,1
weak,13877,1
weak,13878,1
weak,13879,1
weak,13880,1
weak,13881,1
weak,13882,1
weak,13883,1
weak,13884,1
weak,13885,1
weak,13886,1
weak,13887,1
weak,13888,1
weak,13889,1
weak,13890,1
weak,13891,1
weak,13892,1
weak,13893,1
weak,13894,1
weak,13895,1
weak,13896,1
weak,13897,1
weak,13898,1
weak,13899,1
weak,13900,1
weak,13901,1
weak,13902,1
weak,13903,1
weak,13904,1
weak,13905,1
weak,13906,1
weak,13907,1
weak,13908,1
weak,13909,1
weak,13910,1
weak,13911,1
weak,13912,1
weak,13913,1
weak,13914,1
weak,13915,1
weak,13916,1
weak,13917,1
weak,13918,1
weak,13919,1
weak,13920,1
weak,13921,1
weak,13922,1
weak,13923,1
weak,13924,1
weak,13925,1
weak,13926,1
weak,13927,1
weak,13928,1
weak,13929,1
weak,13930,1
weak,13931,1
weak,13932,1
weak,13933,1
weak,13934,1
weak,13935,1
weak,13936,1
weak,13937,1
weak,13938,1
weak,13939,1
weak,13940,1
weak,13941,1
weak,13942,1
weak,13943,1
weak,13944,1
weak,13945,1
weak,13946,1
weak,13947,1
weak,13948,1
weak,13949,1
weak,13950,1
weak,13951,1
weak,13952,1
weak,13953,1
weak,13954,1
weak,13955,1
weak,13956,1
weak,13957,1
weak,13958,1
weak,13959,1
weak,13960,1
weak,13961,1
weak,13962,1
weak,13963,1
weak,13964,1
weak,13965,1
weak,13966,1
weak,13967,1
weak,13968,1
weak,13969,1
weak,13970,1
weak,13971,1
weak,13972,1
weak,13973,1
weak,13974,1
weak,13975,1
weak,13976,1
weak,13977,1
weak,13978,1
weak,13979,1
weak,13980,1
weak,13981,1
weak,13982,1
weak,13983,1
weak,13984,1
weak,13985,1
weak,13986,1
weak,13987,1
weak,13988,1
weak,13989,1
weak,13990,1
weak,13991,1
weak,13992,1
weak,13993,1
weak,13994,1
weak,13995,1
weak,13996,1
weak,13997,1
weak,13998,1
weak,13999,1
weak,14000,1
weak,14001,1
weak,14002,1
weak,14003,1
weak,14004,1
weak,14005,1
weak,14006,1
weak,14007,1
weak,14008,1
weak,14009,1
weak,14010,1
weak,14011,1
weak,14012,1
weak,14013,1
weak,14014,1
weak,14015,1
weak,14016,1
weak,14017,1
weak,14018,1
weak,14019,1
weak,14020,1
weak,14021,1
weak,14022,1
weak,14023,1
weak,14024,1
weak,14025,1
weak,14026,1
weak,14027,1
weak,14028,1
weak,14029,1
weak,14030,1
weak,14031,1
weak,14032,1
weak,14033,1
weak,14034,1
weak,14035,1
weak,14036,1
weak,14037,1
weak,14038,1
weak,14039,1
weak,14040,1
weak,14041,1
weak,14042,1
weak,14043,1
weak,14044,1
weak,14045,1
weak,14046,1
weak,14047,1
weak,14048,1
weak,14049,1
weak,14050,1
weak,14051,1
weak,14052,1
weak,14053,1
weak,14054,1
weak,14055,1
weak,14056,1
weak,14057,1
weak,14058,1
weak,14059,1
weak,14060,1
weak,14061,1
weak,14062,1
weak,14063,1
weak,14064,1
weak,14065,1
weak,14066,1
weak,14067,1
weak,14068,1
weak,14069,1
weak,14070,1
weak,14071,1
weak,14072,1
weak,14073,1
weak,14074,1
weak,14075,1
weak,14076,1
weak,14077,1
weak,14078,1
weak,14079,1
weak,14080,1
weak,14081,1
weak,14082,1
weak,14083,1
weak,14084,1
weak,14085,1
weak,14086,1
weak,14087,1
weak,14088,1
weak,14089,1
weak,14090,1
weak,14091,1
weak,14092,1
weak,14093,1
weak,14094,1
weak,14095,1
weak,14096,1
weak,14097,1
weak,14098,1
weak,14099,1
weak,14100,1
weak,14101,1
weak,14102,1
weak,14103,1
weak,14104,1
weak,14105,1
weak,14106,1
weak,14107,1
weak,14108,1
weak,14109,1
weak,14110,1
weak,14111,1
weak,14112,1
weak,14113,1
weak,14114,1
weak,14115,1
weak,14116,1
weak,14117,1
weak,14118,1
weak,14119,1
weak,14120,1
weak,14121,1
weak,14122,1
weak,14123,1
weak,14124,1
weak,14125,1
weak,14126,1
weak,14127,1
weak,14128,1
weak,14129,1
weak,14130,1
weak,14131,1
weak,14132,1
weak,14133,1
weak,14134,1
weak,14135,1
weak,14136,1
weak,14137,1
weak,14138,1
weak,14139,1
weak,14140,1
weak,14141,1
weak,14142,1
weak,14143,1
weak,14144,1
weak,14145,1
weak,14146,1
weak,14147,1
weak,14148,1
weak,14149,1
weak,14150,1
weak,14151,1
weak,14152,1
weak,14153,1
weak,14154,1
weak,14155,1
weak,14156,1
weak,14157,1
weak,14158,1
weak,14159,1
weak,14160,1
weak,14161,1
weak,14162,1
weak,14163,1
weak,14164,1
weak,14165,1
weak,14166,1
weak,14167,1
weak,14168,1
weak,14169,1
weak,14170,1
weak,14171,1
weak,14172,1
weak,14173,1
weak,14174,1
weak,14175,1
weak,14176,1
weak,14177,1
weak,14178,1
weak,14179,1
weak,14180,1
weak,14181,1
weak,14182,1
weak,14183,1
weak,14184,1
weak,14185,1
weak,14186,1
weak,14187,1
weak,14188,1
weak,14189,1
weak,14190,1
weak,14191,1
weak,14192,1
weak,14193,1
weak,14194,1
weak,14195,1
weak,14196,1
weak,14197,1
weak,14198,1
weak,14199,1
weak,14200,1
weak,14201,1
weak,14202,1
weak,14203,1
weak,14204,1
weak,14205,1
weak,14206,1
weak,14207,1
weak,14208,1
weak,14209,1
weak,14210,1
weak,14211,1
weak,14212,1
weak,14213,1
weak,14214,1
weak,14215,1
weak,14216,1
weak,14217,1
weak,14218,1
weak,14219,1
weak,14220,1
weak,14221,1
weak,14222,1
weak,14223,1
weak,14224,1
weak,14225,1
weak,14226,1
weak,14227,1
weak,14228,1
weak,14229,1
weak,14230,1
weak,14231,1
weak,14232,1
weak,14233,1
weak,14234,1
weak,14235,1
weak,14236,1
weak,14237,1
weak,14238,1
weak,14239,1
weak,14240,1
weak,14241,1
weak,14242,1
weak,14243,1
weak,14244,1
weak,14245,1
weak,14246,1
weak,14247,1
weak,14248,1
weak,14249,1
weak,14250,1
weak,14251,1
weak,14252,1
weak,14253,1
weak,14254,1
weak,14255,1
weak,14256,1
weak,14257,1
weak,14258,1
weak,14259,1
weak,14260,1
weak,14261,1
weak,14262,1
weak,14263,1
weak,14264,1
weak,14265,1
weak,14266,1
weak,14267,1
weak,14268,1
weak,14269,1
weak,14270,1
weak,14271,1
weak,14272,1
weak,14273,1
weak,14274,1
weak,14275,1
weak,14276,1
weak,14277,1
weak,14278,1
weak,14279,1
weak,14280,1
weak,14281,1
weak,14282,1
weak,14283,1
weak,14284,1
weak,14285,1
weak,14286,1
weak,14287,1
weak,14288,1
weak,14289,1
weak,14290,1
weak,14291,1
weak,14292,1
weak,14293,1
weak,14294,1
weak,14295,1
weak,14296,1
weak,14297,1
weak,14298,1
weak,14299,1
weak,14300,1
weak,14301,1
weak,14302,1
weak,14303,1
weak,14304,1
weak,14305,1
weak,14306,1
weak,14307,1
weak,14308,1
weak,14309,1
weak,14310,1
weak,14311,1
weak,14312,1
weak,14313,1
weak,14314,1
weak,14315,1
weak,14316,1
weak,14317,1
weak,14318,1
weak,14319,1
weak,14320,1
weak,14321,1
weak,14322,1
weak,14323,1
weak,14324,1
weak,14325,1
weak,14326,1
weak,14327,1
weak,14328,1
weak,14329,1
weak,14330,1
weak,14331,1
weak,14332,1
weak,14333,1
weak,14334,1
weak,14335,1
weak,14336,1
weak,14337,1
weak,14338,1
weak,14339,1
weak,14340,1
weak,14341,1
weak,14342,1
weak,14343,1
weak,14344,1
weak,14345,1
weak,14346,1
weak,14347,1
weak,14348,1
weak,14349,1
weak,14350,1
weak,14351,1
weak,14352,1
weak,14353,1
weak,14354,1
weak,14355,1
weak,14356,1
weak,14357,1
weak,14358,1
weak,14359,1
weak,14360,1
weak,14361,1
weak,14362,1
weak,14363,1
weak,14364,1
weak,14365,1
weak,14366,1
weak,14367,1
weak,14368,1
weak,14369,1
weak,14370,1
weak,14371,1
weak,14372,1
weak,14373,1
weak,14374,1
weak,14375,1
weak,14376,1
weak,14377,1
weak,14378,1
weak,14379,1
weak,14380,1
weak,14381,1
weak,14382,1
weak,14383,1
weak,14384,1
weak,14385,1
weak,14386,1
weak,14387,1
weak,14388,1
weak,14389,1
weak,14390,1
weak,14391,1
weak,14392,1
weak,14393,1
weak,14394,1
weak,14395,1
weak,14396,1
weak,14397,1
weak,14398,1
weak,14399,1
weak,14400,1
weak,14401,1
weak,14402,1
weak,14403,1
weak,14404,1
weak,14405,1
weak,14406,1
weak,14407,1
weak,14408,1
weak,14409,1
weak,14410,1
weak,14411,1
weak,14412,1
weak,14413,1
weak,14414,1
weak,14415,1
weak,14416,1
weak,14417,1
weak,14418,1
weak,14419,1
weak,14420,1
weak,14421,1
weak,14422,1
weak,14423,1
weak,14424,1
weak,14425,1
weak,14426,1
weak,14427,1
weak,14428,1
weak,14429,1
weak,14430,1
weak,14431,1
weak,14432,1
weak,14433,1
weak,14434,1
weak,14435,1
weak,14436,1
weak,14437,1
weak,14438,1
weak,14439,1
weak,14440,1
weak,14441,1
weak,14442,1
weak,14443,1
weak,14444,1
weak,14445,1
weak,14446,1
weak,14447,1
weak,14448,1
weak,14449,1
weak,14450,1
weak,14451,1
weak,14452,1
weak,14453,1
weak,14454,1
weak,14455,1
weak,14456,1
weak,14457,1
weak,14458,1
weak,14459,1
weak,14460,1
weak,14461,1
weak,14462,1
weak,14463,1
weak,14464,1
weak,14465,1
weak,14466,1
weak,14467,1
weak,14468,1
weak,14469,1
weak,14470,1
weak,14471,1
weak,14472,1
weak,14473,1
weak,14474,1
weak,14475,1
weak,14476,1
weak,14477,1
weak,14478,1
weak,14479,1
weak,14480,1
weak,14481,1
weak,14482,1
weak,14483,1
weak,14484,1
weak,14485,1
weak,14486,1
weak,14487,1
weak,14488,1
weak,14489,1
weak,14490,1
weak,14491,1
weak,14492,1
weak,14493,1
weak,14494,1
weak,14495,1
weak,14496,1
weak,14497,1
weak,14498,1
weak,14499,1
weak,14500,1
weak,14501,1
weak,14502,1
weak,14503,1
weak,14504,1
weak,14505,1
weak,14506,1
weak,14507,1
weak,14508,1
weak,14509,1
weak,14510,1
weak,14511,1
weak,14512,1
weak,14513,1
weak,14514,1
weak,14515,1
weak,14516,1
weak,14517,1
weak,14518,1
weak,14519,1
weak,14520,1
weak,14521,1
weak,14522,1
weak,14523,1
weak,14524,1
weak,14525,1
weak,14526,1
weak,14527,1
weak,14528,1
weak,14529,1
weak,14530,1
weak,14531,1
weak,14532,1
weak,14533,1
weak,14534,1
weak,14535,1
weak,14536,1
weak,14537,1
weak,14538,1
weak,14539,1
weak,14540,1
weak,14541,1
weak,14542,1
weak,14543,1
weak,14544,1
weak,14545,1
weak,14546,1
weak,14547,1
weak,14548,1
weak,14549,1
weak,14550,1
weak,14551,1
weak,14552,1
weak,14553,1
weak,14554,1
weak,14555,1
weak,14556,1
weak,14557,1
weak,14558,1
weak,14559,1
weak,14560,1
weak,14561,1
weak,14562,1
weak,14563,1
weak,14564,1
weak,14565,1
weak,14566,1
weak,14567,1
weak,14568,1
weak,14569,1
weak,14570,1
weak,14571,1
weak,14572,1
weak,14573,1
weak,14574,1
weak,14575,1
weak,14576,1
weak,14577,1
weak,14578,1
weak,14579,1
weak,14580,1
weak,14581,1
weak,14582,1
weak,14583,1
weak,14584,1
weak,14585,1
weak,14586,1
weak,14587,1
weak,14588,1
weak,14589,1
weak,14590,1
weak,14591,1
weak,14592,1
weak,14593,1
weak,14594,1
weak,14595,1
weak,14596,1
weak,14597,1
weak,14598,1
weak,14599,1
weak,14600,1
weak,14601,1
weak,14602,1
weak,14603,1
weak,14604,1
weak,14605,1
weak,14606,1
weak,14607,1
weak,14608,1
weak,14609,1
weak,14610,1
weak,14611,1
weak,14612,1
weak,14613,1
weak,14614,1
weak,14615,1
weak,14616,1
weak,14617,1
weak,14618,1
weak,14619,1
weak,14620,1
weak,14621,1
weak,14622,1
weak,14623,1
weak,14624,1
weak,14625,1
weak,14626,1
weak,14627,1
weak,14628,1
weak,14629,1
weak,14630,1
weak,14631,1
weak,14632,1
weak,14633,1
weak,14634,1
weak,14635,1
weak,14636,1
weak,14637,1
weak,14638,1
weak,14639,1
weak,14640,1
weak,14641,1
weak,14642,1
weak,14643,1
weak,14644,1
weak,14645,1
weak,14646,1
weak,14647,1
weak,14648,1
weak,14649,1
weak,14650,1
weak,14651,1
weak,14652,1
weak,14653,1
weak,14654,1
weak,14655,1
weak,14656,1
weak,14657,1
weak,14658,1
weak,14659,1
weak,14660,1
weak,14661,1
weak,14662,1
weak,14663,1
weak,14664,1
weak,14665,1
weak,14666,1
weak,14667,1
weak,14668,1
weak,14669,1
weak,14670,1
weak,14671,1
weak,14672,1
weak,14673,1
weak,14674,1
weak,14675,1
weak,14676,1
weak,14677,1
weak,14678,1
weak,14679,1
weak,14680,1
weak,14681,1
weak,14682,1
weak,14683,1
weak,14684,1
weak,14685,1
weak,14686,1
weak,14687,1
weak,14688,1
weak,14689,1
weak,14690,1
weak,14691,1
weak,14692,1
weak,14693,1
weak,14694,1
weak,14695,1
weak,14696,1
weak,14697,1
weak,14698,1
weak,14699,1
weak,14700,1
weak,14701,1
weak,14702,1
weak,14703,1
weak,14704,1
weak,14705,1
weak,14706,1
weak,14707,1
weak,14708,1
weak,14709,1
weak,14710,1
weak,14711,1
weak,14712,1
weak,14713,1
weak,14714,1
weak,14715,1
weak,14716,1
weak,14717,1
weak,14718,1
weak,14719,1
weak,14720,1
weak,14721,1
weak,14722,1
weak,14723,1
weak,14724,1
weak,14725,1
weak,14726,1
weak,14727,1
weak,14728,1
weak,14729,1
weak,14730,1
weak,14731,1
weak,14732,1
weak,14733,1
weak,14734,1
weak,14735,1
weak,14736,1
weak,14737,1
weak,14738,1
weak,14739,1
weak,14740,1
weak,14741,1
weak,14742,1
weak,14743,1
weak,14744,1
weak,14745,1
weak,14746,1
weak,14747,1
weak,14748,1
weak,14749,1
weak,14750,1
weak,14751,1
weak,14752,1
weak,14753,1
weak,14754,1
weak,14755,1
weak,14756,1
weak,14757,1
weak,14758,1
weak,14759,1
weak,14760,1
weak,14761,1
weak,14762,1
weak,14763,1
weak,14764,1
weak,14765,1
weak,14766,1
weak,14767,1
weak,14768,1
weak,14769,1
weak,14770,1
weak,14771,1
weak,14772,1
weak,14773,1
weak,14774,1
weak,14775,1
weak,14776,1
weak,14777,1
weak,14778,1
weak,14779,1
weak,14780,1
weak,14781,1
weak,14782,1
weak,14783,1
weak,14784,1
weak,14785,1
weak,14786,1
weak,14787,1
weak,14788,1
weak,14789,1
weak,14790,1
weak,14791,1
weak,14792,1
weak,14793,1
weak,14794,1
weak,14795,1
weak,14796,1
weak,14797,1
weak,14798,1
weak,14799,1
weak,14800,1
weak,14801,1
weak,14802,1
weak,14803,1
weak,14804,1
weak,14805,1
weak,14806,1
weak,14807,1
weak,14808,1
weak,14809,1
weak,14810,1
weak,14811,1
weak,14812,1
weak,14813,1
weak,14814,1
weak,14815,1
weak,14816,1
weak,14817,1
weak,14818,1
weak,14819,1
weak,14820,1
weak,14821,1
weak,14822,1
weak,14823,1
weak,14824,1
weak,14825,1
weak,14826,1
weak,14827,1
weak,14828,1
weak,14829,1
weak,14830,1
weak,14831,1
weak,14832,1
weak,14833,1
weak,14834,1
weak,14835,1
weak,14836,1
weak,14837,1
weak,14838,1
weak,14839,1
weak,14840,1
weak,14841,1
weak,14842,1
weak,14843,1
weak,14844,1
weak,14845,1
weak,14846,1
weak,14847,1
weak,14848,1
weak,14849,1
weak,14850,1
weak,14851,1
weak,14852,1
weak,14853,1
weak,14854,1
weak,14855,1
weak,14856,1
weak,14857,1
weak,14858,1
weak,14859,1
weak,14860,1
weak,14861,1
weak,14862,1
weak,14863,1
weak,14864,1
weak,14865,1
weak,14866,1
weak,14867,1
weak,14868,1
weak,14869,1
weak,14870,1
weak,14871,1
weak,14872,1
weak,14873,1
weak,14874,1
weak,14875,1
weak,14876,1
weak,14877,1
weak,14878,1
weak,14879,1
weak,14880,1
weak,14881,1
weak,14882,1
weak,14883,1
weak,14884,1
weak,14885,1
weak,14886,1
weak,14887,1
weak,14888,1
weak,14889,1
weak,14890,1
weak,14891,1
weak,14892,1
weak,14893,1
weak,14894,1
weak,14895,1
weak,14896,1
weak,14897,1
weak,14898,1
weak,14899,1
weak,14900,1
weak,14901,1
weak,14902,1
weak,14903,1
weak,14904,1
weak,14905,1
weak,14906,1
weak,14907,1
weak,14908,1
weak,14909,1
weak,14910,1
weak,14911,1
weak,14912,1
weak,14913,1
weak,14914,1
weak,14915,1
weak,14916,1
weak,14917,1
weak,14918,1
weak,14919,1
weak,14920,1
weak,14921,1
weak,14922,1
weak,14923,1
weak,14924,1
weak,14925,1
weak,14926,1
weak,14927,1
weak,14928,1
weak,14929,1
weak,14930,1
weak,14931,1
weak,14932,1
weak,14933,1
weak,14934,1
weak,14935,1
weak,14936,1
weak,14937,1
weak,14938,1
weak,14939,1
weak,14940,1
weak,14941,1
weak,14942,1
weak,14943,1
weak,14944,1
weak,14945,1
weak,14946,1
weak,14947,1
weak,14948,1
weak,14949,1
weak,14950,1
weak,14951,1
weak,14952,1
weak,14953,1
weak,14954,1
weak,14955,1
weak,14956,1
weak,14957,1
weak,14958,1
weak,14959,1
weak,14960,1
weak,14961,1
weak,14962,1
weak,14963,1
weak,14964,1
weak,14965,1
weak,14966,1
weak,14967,1
weak,14968,1
weak,14969,1
weak,14970,1
weak,14971,1
weak,14972,1
weak,14973,1
weak,14974,1
weak,14975,1
weak,14976,1
weak,14977,1
weak,14978,1
weak,14979,1
weak,14980,1
weak,14981,1
weak,14982,1
weak,14983,1
weak,14984,1
weak,14985,1
weak,14986,1
weak,14987,1
weak,14988,1
weak,14989,1
weak,14990,1
weak,14991,1
weak,14992,1
weak,14993,1
weak,14994,1
weak,14995,1
weak,14996,1
weak,14997,1
weak,14998,1
weak,14999,1
weak,15000,1
weak,15001,1
weak,15002,1
weak,15003,1
weak,15004,1
weak,15005,1
weak,15006,1
weak,15007,1
weak,15008,1
weak,15009,1
weak,15010,1
weak,15011,1
weak,15012,1
weak,15013,1
weak,15014,1
weak,15015,1
weak,15016,1
weak,15017,1
weak,15018,1
weak,15019,1
weak,15020,1
weak,15021,1
weak,15022,1
weak,15023,1
weak,15024,1
weak,15025,1
weak,15026,1
weak,15027,1
weak,15028,1
weak,15029,1
weak,15030,1
weak,15031,1
weak,15032,1
weak,15033,1
weak,15034,1
weak,15035,1
weak,15036,1
weak,15037,1
weak,15038,1
weak,15039,1
weak,15040,1
weak,15041,1
weak,15042,1
weak,15043,1
weak,15044,1
weak,15045,1
weak,15046,1
weak,15047,1
weak,15048,1
weak,15049,1
weak,15050,1
weak,15051,1
weak,15052,1
weak,15053,1
weak,15054,1
weak,15055,1
weak,15056,1
weak,15057,1
weak,15058,1
weak,15059,1
weak,15060,1
weak,15061,1
weak,15062,1
weak,15063,1
weak,15064,1
weak,15065,1
weak,15066,1
weak,15067,1
weak,15068,1
weak,15069,1
weak,15070,1
weak,15071,1
weak,15072,1
weak,15073,1
weak,15074,1
weak,15075,1
weak,15076,1
weak,15077,1
weak,15078,1
weak,15079,1
weak,15080,1
weak,15081,1
weak,15082,1
weak,15083,1
weak,15084,1
weak,15085,1
weak,15086,1
weak,15087,1
weak,15088,1
weak,15089,1
weak,15090,1
weak,15091,1
weak,15092,1
weak,15093,1
weak,15094,1
weak,15095,1
weak,15096,1
weak,15097,1
weak,15098,1
weak,15099,1
weak,15100,1
weak,15101,1
weak,15102,1
weak,15103,1
weak,15104,1
weak,15105,1
weak,15106,1
weak,15107,1
weak,15108,1
weak,15109,1
weak,15110,1
weak,15111,1
weak,15112,1
weak,15113,1
weak,15114,1
weak,15115,1
weak,15116,1
weak,15117,1
weak,15118,1
weak,15119,1
weak,15120,1
weak,15121,1
weak,15122,1
weak,15123,1
weak,15124,1
weak,15125,1
weak,15126,1
weak,15127,1
weak,15128,1
weak,15129,1
weak,15130,1
weak,15131,1
weak,15132,1
weak,15133,1
weak,15134,1
weak,15135,1
weak,15136,1
weak,15137,1
weak,15138,1
weak,15139,1
weak,15140,1
weak,15141,1
weak,15142,1
weak,15143,1
weak,15144,1
weak,15145,1
weak,15146,1
weak,15147,1
weak,15148,1
weak,15149,1
weak,15150,1
weak,15151,1
weak,15152,1
weak,15153,1
weak,15154,1
weak,15155,1
weak,15156,1
weak,15157,1
weak,15158,1
weak,15159,1
weak,15160,1
weak,15161,1
weak,15162,1
weak,15163,1
weak,15164,1
weak,15165,1
weak,15166,1
weak,15167,1
weak,15168,1
weak,15169,1
weak,15170,1
weak,15171,1
weak,15172,1
weak,15173,1
weak,15174,1
weak,15175,1
weak,15176,1
weak,15177,1
weak,15178,1
weak,15179,1
weak,15180,1
weak,15181,1
weak,15182,1
weak,15183,1
weak,15184,1
weak,15185,1
weak,15186,1
weak,15187,1
weak,15188,1
weak,15189,1
weak,15190,1
weak,15191,1
weak,15192,1
weak,15193,1
weak,15194,1
weak,15195,1
weak,15196,1
weak,15197,1
weak,15198,1
weak,15199,1
weak,15200,1
weak,15201,1
weak,15202,1
weak,15203,1
weak,15204,1
weak,15205,1
weak,15206,1
weak,15207,1
weak,15208,1
weak,15209,1
weak,15210,1
weak,15211,1
weak,15212,1
weak,15213,1
weak,15214,1
weak,15215,1
weak,15216,1
weak,15217,1
weak,15218,1
weak,15219,1
weak,15220,1
weak,15221,1
weak,15222,1
weak,15223,1
weak,15224,1
weak,15225,1
weak,15226,1
weak,15227,1
weak,15228,1
weak,15229,1
weak,15230,1
weak,15231,1
weak,15232,1
weak,15233,1
weak,15234,1
weak,15235,1
weak,15236,1
weak,15237,1
weak,15238,1
weak,15239,1
weak,15240,1
weak,15241,1
weak,15242,1
weak,15243,1
weak,15244,1
weak,15245,1
weak,15246,1
weak,15247,1
weak,15248,1
weak,15249,1
weak,15250,1
weak,15251,1
weak,15252,1
weak,15253,1
weak,15254,1
weak,15255,1
weak,15256,1
weak,15257,1
weak,15258,1
weak,15259,1
weak,15260,1
weak,15261,1
weak,15262,1
weak,15263,1
weak,15264,1
weak,15265,1
weak,15266,1
weak,15267,1
weak,15268,1
weak,15269,1
weak,15270,1
weak,15271,1
weak,15272,1
weak,15273,1
weak,15274,1
weak,15275,1
weak,15276,1
weak,15277,1
weak,15278,1
weak,15279,1
weak,15280,1
weak,15281,1
weak,15282,1
weak,15283,1
weak,15284,1
weak,15285,1
weak,15286,1
weak,15287,1
weak,15288,1
weak,15289,1
weak,15290,1
weak,15291,1
weak,15292,1
weak,15293,1
weak,15294,1
weak,15295,1
weak,15296,1
weak,15297,1
weak,15298,1
weak,15299,1
weak,15300,1
weak,15301,1
weak,15302,1
weak,15303,1
weak,15304,1
weak,15305,1
weak,15306,1
weak,15307,1
weak,15308,1
weak,15309,1
weak,15310,1
weak,15311,1
weak,15312,1
weak,15313,1
weak,15314,1
weak,15315,1
weak,15316,1
weak,15317,1
weak,15318,1
weak,15319,1
weak,15320,1
weak,15321,1
weak,15322,1
weak,15323,1
weak,15324,1
weak,15325,1
weak,15326,1
weak,15327,1
weak,15328,1
weak,15329,1
weak,15330,1
weak,15331,1
weak,15332,1
weak,15333,1
weak,15334,1
weak,15335,1
weak,15336,1
weak,15337,1
weak,15338,1
weak,15339,1
weak,15340,1
weak,15341,1
weak,15342,1
weak,15343,1
weak,15344,1
weak,15345,1
weak,15346,1
weak,15347,1
weak,15348,1
weak,15349,1
weak,15350,1
weak,15351,1
weak,15352,1
weak,15353,1
weak,15354,1
weak,15355,1
weak,15356,1
weak,15357,1
weak,15358,1
weak,15359,1
weak,15360,1
weak,15361,1
weak,15362,1
weak,15363,1
weak,15364,1
weak,15365,1
weak,15366,1
weak,15367,1
weak,15368,1
weak,15369,1
weak,15370,1
weak,15371,1
weak,15372,1
weak,15373,1
weak,15374,1
weak,15375,1
weak,15376,1
weak,15377,1
weak,15378,1
weak,15379,1
weak,15380,1
weak,15381,1
weak,15382,1
weak,15383,1
weak,15384,1
weak,15385,1
weak,15386,1
weak,15387,1
weak,15388,1
weak,15389,1
weak,15390,1
weak,15391,1
weak,15392,1
weak,15393,1
weak,15394,1
weak,15395,1
weak,15396,1
weak,15397,1
weak,15398,1
weak,15399,1
weak,15400,1
weak,15401,1
weak,15402,1
weak,15403,1
weak,15404,1
weak,15405,1
weak,15406,1
weak,15407,1
weak,15408,1
weak,15409,1
weak,15410,1
weak,15411,1
weak,15412,1
weak,15413,1
weak,15414,1
weak,15415,1
weak,15416,1
weak,15417,1
weak,15418,1
weak,15419,1
weak,15420,1
weak,15421,1
weak,15422,1
weak,15423,1
weak,15424,1
weak,15425,1
weak,15426,1
weak,15427,1
weak,15428,1
weak,15429,1
weak,15430,1
weak,15431,1
weak,15432,1
weak,15433,1
weak,15434,1
weak,15435,1
weak,15436,1
weak,15437,1
weak,15438,1
weak,15439,1
weak,15440,1
weak,15441,1
weak,15442,1
weak,15443,1
weak,15444,1
weak,15445,1
weak,15446,1
weak,15447,1
weak,15448,1
weak,15449,1
weak,15450,1
weak,15451,1
weak,15452,1
weak,15453,1
weak,15454,1
weak,15455,1
weak,15456,1
weak,15457,1
weak,15458,1
weak,15459,1
weak,15460,1
weak,15461,1
weak,15462,1
weak,15463,1
weak,15464,1
weak,15465,1
weak,15466,1
weak,15467,1
weak,15468,1
weak,15469,1
weak,15470,1
weak,15471,1
weak,15472,1
weak,15473,1
weak,15474,1
weak,15475,1
weak,15476,1
weak,15477,1
weak,15478,1
weak,15479,1
weak,15480,1
weak,15481,1
weak,15482,1
weak,15483,1
weak,15484,1
weak,15485,1
weak,15486,1
weak,15487,1
weak,15488,1
weak,15489,1
weak,15490,1
weak,15491,1
weak,15492,1
weak,15493,1
weak,15494,1
weak,15495,1
weak,15496,1
weak,15497,1
weak,15498,1
weak,15499,1
weak,15500,1
weak,15501,1
weak,15502,1
weak,15503,1
weak,15504,1
weak,15505,1
weak,15506,1
weak,15507,1
weak,15508,1
weak,15509,1
weak,15510,1
weak,15511,1
weak,15512,1
weak,15513,1
weak,15514,1
weak,15515,1
weak,15516,1
weak,15517,1
weak,15518,1
weak,15519,1
weak,15520,1
weak,15521,1
weak,15522,1
weak,15523,1
weak,15524,1
weak,15525,1
weak,15526,1
weak,15527,1
weak,15528,1
weak,15529,1
weak,15530,1
weak,15531,1
weak,15532,1
weak,15533,1
weak,15534,1
weak,15535,1
weak,15536,1
weak,15537,1
weak,15538,1
weak,15539,1
weak,15540,1
weak,15541,1
weak,15542,1
weak,15543,1
weak,15544,1
weak,15545,1
weak,15546,1
weak,15547,1
weak,15548,1
weak,15549,1
weak,15550,1
weak,15551,1
weak,15552,1
weak,15553,1
weak,15554,1
weak,15555,1
weak,15556,1
weak,15557,1
weak,15558,1
weak,15559,1
weak,15560,1
weak,15561,1
weak,15562,1
weak,15563,1
weak,15564,1
weak,15565,1
weak,15566,1
weak,15567,1
weak,15568,1
weak,15569,1
weak,15570,1
weak,15571,1
weak,15572,1
weak,15573,1
weak,15574,1
weak,15575,1
weak,15576,1
weak,15577,1
weak,15578,1
weak,15579,1
weak,15580,1
weak,15581,1
weak,15582,1
weak,15583,1
weak,15584,1
weak,15585,1
weak,15586,1
weak,15587,1
weak,15588,1
weak,15589,1
weak,15590,1
weak,15591,1
weak,15592,1
weak,15593,1
weak,15594,1
weak,15595,1
weak,15596,1
weak,15597,1
weak,15598,1
weak,15599,1
weak,15600,1
weak,15601,1
weak,15602,1
weak,15603,1
weak,15604,1
weak,15605,1
weak,15606,1
weak,15607,1
weak,15608,1
weak,15609,1
weak,15610,1
weak,15611,1
weak,15612,1
weak,15613,1
weak,15614,1
weak,15615,1
weak,15616,1
weak,15617,1
weak,15618,1
weak,15619,1
weak,15620,1
weak,15621,1
weak,15622,1
weak,15623,1
weak,15624,1
weak,15625,1
weak,15626,1
weak,15627,1
weak,15628,1
weak,15629,1
weak,15630,1
weak,15631,1
weak,15632,1
weak,15633,1
weak,15634,1
weak,15635,1
weak,15636,1
weak,15637,1
weak,15638,1
weak,15639,1
weak,15640,1
weak,15641,1
weak,15642,1
weak,15643,1
weak,15644,1
weak,15645,1
weak,15646,1
weak,15647,1
weak,15648,1
weak,15649,1
weak,15650,1
weak,15651,1
weak,15652,1
weak,15653,1
weak,15654,1
weak,15655,1
weak,15656,1
weak,15657,1
weak,15658,1
weak,15659,1
weak,15660,1
weak,15661,1
weak,15662,1
weak,15663,1
weak,15664,1
weak,15665,1
weak,15666,1
weak,15667,1
weak,15668,1
weak,15669,1
weak,15670,1
weak,15671,1
weak,15672,1
weak,15673,1
weak,15674,1
weak,15675,1
weak,15676,1
weak,15677,1
weak,15678,1
weak,15679,1
weak,15680,1
weak,15681,1
weak,15682,1
weak,15683,1
weak,15684,1
weak,15685,1
weak,15686,1
weak,15687,1
weak,15688,1
weak,15689,1
weak,15690,1
weak,15691,1
weak,15692,1
weak,15693,1
weak,15694,1
weak,15695,1
weak,15696,1
weak,15697,1
weak,15698,1
weak,15699,1
weak,15700,1
weak,15701,1
weak,15702,1
weak,15703,1
weak,15704,1
weak,15705,1
weak,15706,1
weak,15707,1
weak,15708,1
weak,15709,1
weak,15710,1
weak,15711,1
weak,15712,1
weak,15713,1
weak,15714,1
weak,15715,1
weak,15716,1
weak,15717,1
weak,15718,1
weak,15719,1
weak,15720,1
weak,15721,1
weak,15722,1
weak,15723,1
weak,15724,1
weak,15725,1
weak,15726,1
weak,15727,1
weak,15728,1
weak,15729,1
weak,15730,1
weak,15731,1
weak,15732,1
weak,15733,1
weak,15734,1
weak,15735,1
weak,15736,1
weak,15737,1
weak,15738,1
weak,15739,1
weak,15740,1
weak,15741,1
weak,15742,1
weak,15743,1
weak,15744,1
weak,15745,1
weak,15746,1
weak,15747,1
weak,15748,1
weak,15749,1
weak,15750,1
weak,15751,1
weak,15752,1
weak,15753,1
weak,15754,1
weak,15755,1
weak,15756,1
weak,15757,1
weak,15758,1
weak,15759,1
weak,15760,1
weak,15761,1
weak,15762,1
weak,15763,1
weak,15764,1
weak,15765,1
weak,15766,1
weak,15767,1
weak,15768,1
weak,15769,1
weak,15770,1
weak,15771,1
weak,15772,1
weak,15773,1
weak,15774,1
weak,15775,1
weak,15776,1
weak,15777,1
weak,15778,1
weak,15779,1
weak,15780,1
weak,15781,1
weak,15782,1
weak,15783,1
weak,15784,1
weak,15785,1
weak,15786,1
weak,15787,1
weak,15788,1
weak,15789,1
weak,15790,1
weak,15791,1
weak,15792,1
weak,15793,1
weak,15794,1
weak,15795,1
weak,15796,1
weak,15797,1
weak,15798,1
weak,15799,1
weak,15800,1
weak,15801,1
weak,15802,1
weak,15803,1
weak,15804,1
weak,15805,1
weak,15806,1
weak,15807,1
weak,15808,1
weak,15809,1
weak,15810,1
weak,15811,1
weak,15812,1
weak,15813,1
weak,15814,1
weak,15815,1
weak,15816,1
weak,15817,1
weak,15818,1
weak,15819,1
weak,15820,1
weak,15821,1
weak,15822,1
weak,15823,1
weak,15824,1
weak,15825,1
weak,15826,1
weak,15827,1
weak,15828,1
weak,15829,1
weak,15830,1
weak,15831,1
weak,15832,1
weak,15833,1
weak,15834,1
weak,15835,1
weak,15836,1
weak,15837,1
weak,15838,1
weak,15839,1
weak,15840,1
weak,15841,1
weak,15842,1
weak,15843,1
weak,15844,1
weak,15845,1
weak,15846,1
weak,15847,1
weak,15848,1
weak,15849,1
weak,15850,1
weak,15851,1
weak,15852,1
weak,15853,1
weak,15854,1
weak,15855,1
weak,15856,1
weak,15857,1
weak,15858,1
weak,15859,1
weak,15860,1
weak,15861,1
weak,15862,1
weak,15863,1
weak,15864,1
weak,15865,1
weak,15866,1
weak,15867,1
weak,15868,1
weak,15869,1
weak,15870,1
weak,15871,1
weak,15872,1
weak,15873,1
weak,15874,1
weak,15875,1
weak,15876,1
weak,15877,1
weak,15878,1
weak,15879,1
weak,15880,1
weak,15881,1
weak,15882,1
weak,15883,1
weak,15884,1
weak,15885,1
weak,15886,1
weak,15887,1
weak,15888,1
weak,15889,1
weak,15890,1
weak,15891,1
weak,15892,1
weak,15893,1
weak,15894,1
weak,15895,1
weak,15896,1
weak,15897,1
weak,15898,1
weak,15899,1
weak,15900,1
weak,15901,1
weak,15902,1
weak,15903,1
weak,15904,1
weak,15905,1
weak,15906,1
weak,15907,1
weak,15908,1
weak,15909,1
weak,15910,1
weak,15911,1
weak,15912,1
weak,15913,1
weak,15914,1
weak,15915,1
weak,15916,1
weak,15917,1
weak,15918,1
weak,15919,1
weak,15920,1
weak,15921,1
weak,15922,1
weak,15923,1
weak,15924,1
weak,15925,1
weak,15926,1
weak,15927,1
weak,15928,1
weak,15929,1
weak,15930,1
weak,15931,1
weak,15932,1
weak,15933,1
weak,15934,1
weak,15935,1
weak,15936,1
weak,15937,1
weak,15938,1
weak,15939,1
weak,15940,1
weak,15941,1
weak,15942,1
weak,15943,1
weak,15944,1
weak,15945,1
weak,15946,1
weak,15947,1
weak,15948,1
weak,15949,1
weak,15950,1
weak,15951,1
weak,15952,1
weak,15953,1
weak,15954,1
weak,15955,1
weak,15956,1
weak,15957,1
weak,15958,1
weak,15959,1
weak,15960,1
weak,15961,1
weak,15962,1
weak,15963,1
weak,15964,1
weak,15965,1
weak,15966,1
weak,15967,1
weak,15968,1
weak,15969,1
weak,15970,1
weak,15971,1
weak,15972,1
weak,15973,1
weak,15974,1
weak,15975,1
weak,15976,1
weak,15977,1
weak,15978,1
weak,15979,1
weak,15980,1
weak,15981,1
weak,15982,1
weak,15983,1
weak,15984,1
weak,15985,1
weak,15986,1
weak,15987,1
weak,15988,1
weak,15989,1
weak,15990,1
weak,15991,1
weak,15992,1
weak,15993,1
weak,15994,1
weak,15995,1
weak,15996,1
weak,15997,1
weak,15998,1
weak,15999,1
weak,16000,1
weak,16001,1
weak,16002,1
weak,16003,1
weak,16004,1
weak,16005,1
weak,16006,1
weak,16007,1
weak,16008,1
weak,16009,1
weak,16010,1
weak,16011,1
weak,16012,1
weak,16013,1
weak,16014,1
weak,16015,1
weak,16016,1
weak,16017,1
weak,16018,1
weak,16019,1
weak,16020,1
weak,16021,1
weak,16022,1
weak,16023,1
weak,16024,1
weak,16025,1
weak,16026,1
weak,16027,1
weak,16028,1
weak,16029,1
weak,16030,1
weak,16031,1
weak,16032,1
weak,16033,1
weak,16034,1
weak,16035,1
weak,16036,1
weak,16037,1
weak,16038,1
weak,16039,1
weak,16040,1
weak,16041,1
weak,16042,1
weak,16043,1
weak,16044,1
weak,16045,1
weak,16046,1
weak,16047,1
weak,16048,1
weak,16049,1
weak,16050,1
weak,16051,1
weak,16052,1
weak,16053,1
weak,16054,1
weak,16055,1
weak,16056,1
weak,16057,1
weak,16058,1
weak,16059,1
weak,16060,1
weak,16061,1
weak,16062,1
weak,16063,1
weak,16064,1
weak,16065,1
weak,16066,1
weak,16067,1
weak,16068,1
weak,16069,1
weak,16070,1
weak,16071,1
weak,16072,1
weak,16073,1
weak,16074,1
weak,16075,1
weak,16076,1
weak,16077,1
weak,16078,1
weak,16079,1
weak,16080,1
weak,16081,1
weak,16082,1
weak,16083,1
weak,16084,1
weak,16085,1
weak,16086,1
weak,16087,1
weak,16088,1
weak,16089,1
weak,16090,1
weak,16091,1
weak,16092,1
weak,16093,1
weak,16094,1
weak,16095,1
weak,16096,1
weak,16097,1
weak,16098,1
weak,16099,1
weak,16100,1
weak,16101,1
weak,16102,1
weak,16103,1
weak,16104,1
weak,16105,1
weak,16106,1
weak,16107,1
weak,16108,1
weak,16109,1
weak,16110,1
weak,16111,1
weak,16112,1
weak,16113,1
weak,16114,1
weak,16115,1
weak,16116,1
weak,16117,1
weak,16118,1
weak,16119,1
weak,16120,1
weak,16121,1
weak,16122,1
weak,16123,1
weak,16124,1
weak,16125,1
weak,16126,1
weak,16127,1
weak,16128,1
weak,16129,1
weak,16130,1
weak,16131,1
weak,16132,1
weak,16133,1
weak,16134,1
weak,16135,1
weak,16136,1
weak,16137,1
weak,16138,1
weak,16139,1
weak,16140,1
weak,16141,1
weak,16142,1
weak,16143,1
weak,16144,1
weak,16145,1
weak,16146,1
weak,16147,1
weak,16148,1
weak,16149,1
weak,16150,1
weak,16151,1
weak,16152,1
weak,16153,1
weak,16154,1
weak,16155,1
weak,16156,1
weak,16157,1
weak,16158,1
weak,16159,1
weak,16160,1
weak,16161,1
weak,16162,1
weak,16163,1
weak,16164,1
weak,16165,1
weak,16166,1
weak,16167,1
weak,16168,1
weak,16169,1
weak,16170,1
weak,16171,1
weak,16172,1
weak,16173,1
weak,16174,1
weak,16175,1
weak,16176,1
weak,16177,1
weak,16178,1
weak,16179,1
weak,16180,1
weak,16181,1
weak,16182,1
weak,16183,1
weak,16184,1
weak,16185,1
weak,16186,1
weak,16187,1
weak,16188,1
weak,16189,1
weak,16190,1
weak,16191,1
weak,16192,1
weak,16193,1
weak,16194,1
weak,16195,1
weak,16196,1
weak,16197,1
weak,16198,1
weak,16199,1
weak,16200,1
weak,16201,1
weak,16202,1
weak,16203,1
weak,16204,1
weak,16205,1
weak,16206,1
weak,16207,1
weak,16208,1
weak,16209,1
weak,16210,1
weak,16211,1
weak,16212,1
weak,16213,1
weak,16214,1
weak,16215,1
weak,16216,1
weak,16217,1
weak,16218,1
weak,16219,1
weak,16220,1
weak,16221,1
weak,16222,1
weak,16223,1
weak,16224,1
weak,16225,1
weak,16226,1
weak,16227,1
weak,16228,1
weak,16229,1
weak,16230,1
weak,16231,1
weak,16232,1
weak,16233,1
weak,16234,1
weak,16235,1
weak,16236,1
weak,16237,1
weak,16238,1
weak,16239,1
weak,16240,1
weak,16241,1
weak,16242,1
weak,16243,1
weak,16244,1
weak,16245,1
weak,16246,1
weak,16247,1
weak,16248,1
weak,16249,1
weak,16250,1
weak,16251,1
weak,16252,1
weak,16253,1
weak,16254,1
weak,16255,1
weak,16256,1
weak,16257,1
weak,16258,1
weak,16259,1
weak,16260,1
weak,16261,1
weak,16262,1
weak,16263,1
weak,16264,1
weak,16265,1
weak,16266,1
weak,16267,1
weak,16268,1
weak,16269,1
weak,16270,1
weak,16271,1
weak,16272,1
weak,16273,1
weak,16274,1
weak,16275,1
weak,16276,1
weak,16277,1
weak,16278,1
weak,16279,1
weak,16280,1
weak,16281,1
weak,16282,1
weak,16283,1
weak,16284,1
weak,16285,1
weak,16286,1
weak,16287,1
weak,16288,1
weak,16289,1
weak,16290,1
weak,16291,1
weak,16292,1
weak,16293,1
weak,16294,1
weak,16295,1
weak,16296,1
weak,16297,1
weak,16298,1
weak,16299,1
weak,16300,1
weak,16301,1
weak,16302,1
weak,16303,1
weak,16304,1
weak,16305,1
weak,16306,1
weak,16307,1
weak,16308,1
weak,16309,1
weak,16310,1
weak,16311,1
weak,16312,1
weak,16313,1
weak,16314,1
weak,16315,1
weak,16316,1
weak,16317,1
weak,16318,1
weak,16319,1
weak,16320,1
weak,16321,1
weak,16322,1
weak,16323,1
weak,16324,1
weak,16325,1
weak,16326,1
weak,16327,1
weak,16328,1
weak,16329,1
weak,16330,1
weak,16331,1
weak,16332,1
weak,16333,1
weak,16334,1
weak,16335,1
weak,16336,1
weak,16337,1
weak,16338,1
weak,16339,1
weak,16340,1
weak,16341,1
weak,16342,1
weak,16343,1
weak,16344,1
weak,16345,1
weak,16346,1
weak,16347,1
weak,16348,1
weak,16349,1
weak,16350,1
weak,16351,1
weak,16352,1
weak,16353,1
weak,16354,1
weak,16355,1
weak,16356,1
weak,16357,1
weak,16358,1
weak,16359,1
weak,16360,1
weak,16361,1
weak,16362,1
weak,16363,1
weak,16364,1
weak,16365,1
weak,16366,1
weak,16367,1
weak,16368,1
weak,16369,1
weak,16370,1
weak,16371,1
weak,16372,1
weak,16373,1
weak,16374,1
weak,16375,1
weak,16376,1
weak,16377,1
weak,16378,1
weak,16379,1
weak,16380,1
weak,16381,1
weak,16382,1
weak,16383,1
weak,16384,1
weak,16385,1
weak,16386,1
weak,16387,1
weak,16388,1
weak,16389,1
weak,16390,1
weak,16391,1
weak,16392,1
weak,16393,1
weak,16394,1
weak,16395,1
weak,16396,1
weak,16397,1
weak,16398,1
weak,16399,1
weak,16400,1
weak,16401,1
weak,16402,1
weak,16403,1
weak,16404,1
weak,16405,1
weak,16406,1
weak,16407,1
weak,16408,1
weak,16409,1
weak,16410,1
weak,16411,1
weak,16412,1
weak,16413,1
weak,16414,1
weak,16415,1
weak,16416,1
weak,16417,1
weak,16418,1
weak,16419,1
weak,16420,1
weak,16421,1
weak,16422,1
weak,16423,1
weak,16424,1
weak,16425,1
weak,16426,1
weak,16427,1
weak,16428,1
weak,16429,1
weak,16430,1
weak,16431,1
weak,16432,1
weak,16433,1
weak,16434,1
weak,16435,1
weak,16436,1
weak,16437,1
weak,16438,1
weak,16439,1
weak,16440,1
weak,16441,1
weak,16442,1
weak,16443,1
weak,16444,1
weak,16445,1
weak,16446,1
weak,16447,1
weak,16448,1
weak,16449,1
weak,16450,1
weak,16451,1
weak,16452,1
weak,16453,1
weak,16454,1
weak,16455,1
weak,16456,1
weak,16457,1
weak,16458,1
weak,16459,1
weak,16460,1
weak,16461,1
weak,16462,1
weak,16463,1
weak,16464,1
weak,16465,1
weak,16466,1
weak,16467,1
weak,16468,1
weak,16469,1
weak,16470,1
weak,16471,1
weak,16472,1
weak,16473,1
weak,16474,1
weak,16475,1
weak,16476,1
weak,16477,1
weak,16478,1
weak,16479,1
weak,16480,1
weak,16481,1
weak,16482,1
weak,16483,1
weak,16484,1
weak,16485,1
weak,16486,1
weak,16487,1
weak,16488,1
weak,16489,1
weak,16490,1
weak,16491,1
weak,16492,1
weak,16493,1
weak,16494,1
weak,16495,1
weak,16496,1
weak,16497,1
weak,16498,1
weak,16499,1
weak,16500,1
weak,16501,1
weak,16502,1
weak,16503,1
weak,16504,1
weak,16505,1
weak,16506,1
weak,16507,1
weak,16508,1
weak,16509,1
weak,16510,1
weak,16511,1
weak,16512,1
weak,16513,1
weak,16514,1
weak,16515,1
weak,16516,1
weak,16517,1
weak,16518,1
weak,16519,1
weak,16520,1
weak,16521,1
weak,16522,1
weak,16523,1
weak,16524,1
weak,16525,1
weak,16526,1
weak,16527,1
weak,16528,1
weak,16529,1
weak,16530,1
weak,16531,1
weak,16532,1
weak,16533,1
weak,16534,1
weak,16535,1
weak,16536,1
weak,16537,1
weak,16538,1
weak,16539,1
weak,16540,1
weak,16541,1
weak,16542,1
weak,16543,1
weak,16544,1
weak,16545,1
weak,16546,1
weak,16547,1
weak,16548,1
weak,16549,1
weak,16550,1
weak,16551,1
weak,16552,1
weak,16553,1
weak,16554,1
weak,16555,1
weak,16556,1
weak,16557,1
weak,16558,1
weak,16559,1
weak,16560,1
weak,16561,1
weak,16562,1
weak,16563,1
weak,16564,1
weak,16565,1
weak,16566,1
weak,16567,1
weak,16568,1
weak,16569,1
weak,16570,1
weak,16571,1
weak,16572,1
weak,16573,1
weak,16574,1
weak,16575,1
weak,16576,1
weak,16577,1
weak,16578,1
weak,16579,1
weak,16580,1
weak,16581,1
weak,16582,1
weak,16583,1
weak,16584,1
weak,16585,1
weak,16586,1
weak,16587,1
weak,16588,1
weak,16589,1
weak,16590,1
weak,16591,1
weak,16592,1
weak,16593,1
weak,16594,1
weak,16595,1
weak,16596,1
weak,16597,1
weak,16598,1
weak,16599,1
weak,16600,1
weak,16601,1
weak,16602,1
weak,16603,1
weak,16604,1
weak,16605,1
weak,16606,1
weak,16607,1
weak,16608,1
weak,16609,1
weak,16610,1
weak,16611,1
weak,16612,1
weak,16613,1
weak,16614,1
weak,16615,1
weak,16616,1
weak,16617,1
weak,16618,1
weak,16619,1
weak,16620,1
weak,16621,1
weak,16622,1
weak,16623,1
weak,16624,1
weak,16625,1
weak,16626,1
weak,16627,1
weak,16628,1
weak,16629,1
weak,16630,1
weak,16631,1
weak,16632,1
weak,16633,1
weak,16634,1
weak,16635,1
weak,16636,1
weak,16637,1
weak,16638,1
weak,16639,1
weak,16640,1
weak,16641,1
weak,16642,1
weak,16643,1
weak,16644,1
weak,16645,1
weak,16646,1
weak,16647,1
weak,16648,1
weak,16649,1
weak,16650,1
weak,16651,1
weak,16652,1
weak,16653,1
weak,16654,1
weak,16655,1
weak,16656,1
weak,16657,1
weak,16658,1
weak,16659,1
weak,16660,1
weak,16661,1
weak,16662,1
weak,16663,1
weak,16664,1
weak,16665,1
weak,16666,1
weak,16667,1
weak,16668,1
weak,16669,1
weak,16670,1
weak,16671,1
weak,16672,1
weak,16673,1
weak,16674,1
weak,16675,1
weak,16676,1
weak,16677,1
weak,16678,1
weak,16679,1
weak,16680,1
weak,16681,1
weak,16682,1
weak,16683,1
weak,16684,1
weak,16685,1
weak,16686,1
weak,16687,1
weak,16688,1
weak,16689,1
weak,16690,1
weak,16691,1
weak,16692,1
weak,16693,1
weak,16694,1
weak,16695,1
weak,16696,1
weak,16697,1
weak,16698,1
weak,16699,1
weak,16700,1
weak,16701,1
weak,16702,1
weak,16703,1
weak,16704,1
weak,16705,1
weak,16706,1
weak,16707,1
weak,16708,1
weak,16709,1
weak,16710,1
weak,16711,1
weak,16712,1
weak,16713,1
weak,16714,1
weak,16715,1
weak,16716,1
weak,16717,1
weak,16718,1
weak,16719,1
weak,16720,1
weak,16721,1
weak,16722,1
weak,16723,1
weak,16724,1
weak,16725,1
weak,16726,1
weak,16727,1
weak,16728,1
weak,16729,1
weak,16730,1
weak,16731,1
weak,16732,1
weak,16733,1
weak,16734,1
weak,16735,1
weak,16736,1
weak,16737,1
weak,16738,1
weak,16739,1
weak,16740,1
weak,16741,1
weak,16742,1
weak,16743,1
weak,16744,1
weak,16745,1
weak,16746,1
weak,16747,1
weak,16748,1
weak,16749,1
weak,16750,1
weak,16751,1
weak,16752,1
weak,16753,1
weak,16754,1
weak,16755,1
weak,16756,1
weak,16757,1
weak,16758,1
weak,16759,1
weak,16760,1
weak,16761,1
weak,16762,1
weak,16763,1
weak,16764,1
weak,16765,1
weak,16766,1
weak,16767,1
weak,16768,1
weak,16769,1
weak,16770,1
weak,16771,1
weak,16772,1
weak,16773,1
weak,16774,1
weak,16775,1
weak,16776,1
weak,16777,1
weak,16778,1
weak,16779,1
weak,16780,1
weak,16781,1
weak,16782,1
weak,16783,1
weak,16784,1
weak,16785,1
weak,16786,1
weak,16787,1
weak,16788,1
weak,16789,1
weak,16790,1
weak,16791,1
weak,16792,1
weak,16793,1
weak,16794,1
weak,16795,1
weak,16796,1
weak,16797,1
weak,16798,1
weak,16799,1
weak,16800,1
weak,16801,1
weak,16802,1
weak,16803,1
weak,16804,1
weak,16805,1
weak,16806,1
weak,16807,1
weak,16808,1
weak,16809,1
weak,16810,1
weak,16811,1
weak,16812,1
weak,16813,1
weak,16814,1
weak,16815,1
weak,16816,1
weak,16817,1
weak,16818,1
weak,16819,1
weak,16820,1
weak,16821,1
weak,16822,1
weak,16823,1
weak,16824,1
weak,16825,1
weak,16826,1
weak,16827,1
weak,16828,1
weak,16829,1
weak,16830,1
weak,16831,1
weak,16832,1
weak,16833,1
weak,16834,1
weak,16835,1
weak,16836,1
weak,16837,1
weak,16838,1
weak,16839,1
weak,16840,1
weak,16841,1
weak,16842,1
weak,16843,1
weak,16844,1
weak,16845,1
weak,16846,1
weak,16847,1
weak,16848,1
weak,16849,1
weak,16850,1
weak,16851,1
weak,16852,1
weak,16853,1
weak,16854,1
weak,16855,1
weak,16856,1
weak,16857,1
weak,16858,1
weak,16859,1
weak,16860,1
weak,16861,1
weak,16862,1
weak,16863,1
weak,16864,1
weak,16865,1
weak,16866,1
weak,16867,1
weak,16868,1
weak,16869,1
weak,16870,1
weak,16871,1
weak,16872,1
weak,16873,1
weak,16874,1
weak,16875,1
weak,16876,1
weak,16877,1
weak,16878,1
weak,16879,1
weak,16880,1
weak,16881,1
weak,16882,1
weak,16883,1
weak,16884,1
weak,16885,1
weak,16886,1
weak,16887,1
weak,16888,1
weak,16889,1
weak,16890,1
weak,16891,1
weak,16892,1
weak,16893,1
weak,16894,1
weak,16895,1
weak,16896,1
weak,16897,1
weak,16898,1
weak,16899,1
weak,16900,1
weak,16901,1
weak,16902,1
weak,16903,1
weak,16904,1
weak,16905,1
weak,16906,1
weak,16907,1
weak,16908,1
weak,16909,1
weak,16910,1
weak,16911,1
weak,16912,1
weak,16913,1
weak,16914,1
weak,16915,1
weak,16916,1
weak,16917,1
weak,16918,1
weak,16919,1
weak,16920,1
weak,16921,1
weak,16922,1
weak,16923,1
weak,16924,1
weak,16925,1
weak,16926,1
weak,16927,1
weak,16928,1
weak,16929,1
weak,16930,1
weak,16931,1
weak,16932,1
weak,16933,1
weak,16934,1
weak,16935,1
weak,16936,1
weak,16937,1
weak,16938,1
weak,16939,1
weak,16940,1
weak,16941,1
weak,16942,1
weak,16943,1
weak,16944,1
weak,16945,1
weak,16946,1
weak,16947,1
weak,16948,1
weak,16949,1
weak,16950,1
weak,16951,1
weak,16952,1
weak,16953,1
weak,16954,1
weak,16955,1
weak,16956,1
weak,16957,1
weak,16958,1
weak,16959,1
weak,16960,1
weak,16961,1
weak,16962,1
weak,16963,1
weak,16964,1
weak,16965,1
weak,16966,1
weak,16967,1
weak,16968,1
weak,16969,1
weak,16970,1
weak,16971,1
weak,16972,1
weak,16973,1
weak,16974,1
weak,16975,1
weak,16976,1
weak,16977,1
weak,16978,1
weak,16979,1
weak,16980,1
weak,16981,1
weak,16982,1
weak,16983,1
weak,16984,1
weak,16985,1
weak,16986,1
weak,16987,1
weak,16988,1
weak,16989,1
weak,16990,1
weak,16991,1
weak,16992,1
weak,16993,1
weak,16994,1
weak,16995,1
weak,16996,1
weak,16997,1
weak,16998,1
weak,16999,1
weak,17000,1
weak,17001,1
weak,17002,1
weak,17003,1
weak,17004,1
weak,17005,1
weak,17006,1
weak,17007,1
weak,17008,1
weak,17009,1
weak,17010,1
weak,17011,1
weak,17012,1
weak,17013,1
weak,17014,1
weak,17015,1
weak,17016,1
weak,17017,1
weak,17018,1
weak,17019,1
weak,17020,1
weak,17021,1
weak,17022,1
weak,17023,1
weak,17024,1
weak,17025,1
weak,17026,1
weak,17027,1
weak,17028,1
weak,17029,1
weak,17030,1
weak,17031,1
weak,17032,1
weak,17033,1
weak,17034,1
weak,17035,1
weak,17036,1
weak,17037,1
weak,17038,1
weak,17039,1
weak,17040,1
weak,17041,1
weak,17042,1
weak,17043,1
weak,17044,1
weak,17045,1
weak,17046,1
weak,17047,1
weak,17048,1
weak,17049,1
weak,17050,1
weak,17051,1
weak,17052,1
weak,17053,1
weak,17054,1
weak,17055,1
weak,17056,1
weak,17057,1
weak,17058,1
weak,17059,1
weak,17060,1
weak,17061,1
weak,17062,1
weak,17063,1
weak,17064,1
weak,17065,1
weak,17066,1
weak,17067,1
weak,17068,1
weak,17069,1
weak,17070,1
weak,17071,1
weak,17072,1
weak,17073,1
weak,17074,1
weak,17075,1
weak,17076,1
weak,17077,1
weak,17078,1
weak,17079,1
weak,17080,1
weak,17081,1
weak,17082,1
weak,17083,1
weak,17084,1
weak,17085,1
weak,17086,1
weak,17087,1
weak,17088,1
weak,17089,1
weak,17090,1
weak,17091,1
weak,17092,1
weak,17093,1
weak,17094,1
weak,17095,1
weak,17096,1
weak,17097,1
weak,17098,1
weak,17099,1
weak,17100,1
weak,17101,1
weak,17102,1
weak,17103,1
weak,17104,1
weak,17105,1
weak,17106,1
weak,17107,1
weak,17108,1
weak,17109,1
weak,17110,1
weak,17111,1
weak,17112,1
weak,17113,1
weak,17114,1
weak,17115,1
weak,17116,1
weak,17117,1
weak,17118,1
weak,17119,1
weak,17120,1
weak,17121,1
weak,17122,1
weak,17123,1
weak,17124,1
weak,17125,1
weak,17126,1
weak,17127,1
weak,17128,1
weak,17129,1
weak,17130,1
weak,17131,1
weak,17132,1
weak,17133,1
weak,17134,1
weak,17135,1
weak,17136,1
weak,17137,1
weak,17138,1
weak,17139,1
weak,17140,1
weak,17141,1
weak,17142,1
weak,17143,1
weak,17144,1
weak,17145,1
weak,17146,1
weak,17147,1
weak,17148,1
weak,17149,1
weak,17150,1
weak,17151,1
weak,17152,1
weak,17153,1
weak,17154,1
weak,17155,1
weak,17156,1
weak,17157,1
weak,17158,1
weak,17159,1
weak,17160,1
weak,17161,1
weak,17162,1
weak,17163,1
weak,17164,1
weak,17165,1
weak,17166,1
weak,17167,1
weak,17168,1
weak,17169,1
weak,17170,1
weak,17171,1
weak,17172,1
weak,17173,1
weak,17174,1
weak,17175,1
weak,17176,1
weak,17177,1
weak,17178,1
weak,17179,1
weak,17180,1
weak,17181,1
weak,17182,1
weak,17183,1
weak,17184,1
weak,17185,1
weak,17186,1
weak,17187,1
weak,17188,1
weak,17189,1
weak,17190,1
weak,17191,1
weak,17192,1
weak,17193,1
weak,17194,1
weak,17195,1
weak,17196,1
weak,17197,1
weak,17198,1
weak,17199,1
weak,17200,1
weak,17201,1
weak,17202,1
weak,17203,1
weak,17204,1
weak,17205,1
weak,17206,1
weak,17207,1
weak,17208,1
weak,17209,1
weak,17210,1
weak,17211,1
weak,17212,1
weak,17213,1
weak,17214,1
weak,17215,1
weak,17216,1
weak,17217,1
weak,17218,1
weak,17219,1
weak,17220,1
weak,17221,1
weak,17222,1
weak,17223,1
weak,17224,1
weak,17225,1
weak,17226,1
weak,17227,1
weak,17228,1
weak,17229,1
weak,17230,1
weak,17231,1
weak,17232,1
weak,17233,1
weak,17234,1
weak,17235,1
weak,17236,1
weak,17237,1
weak,17238,1
weak,17239,1
weak,17240,1
weak,17241,1
weak,17242,1
weak,17243,1
weak,17244,1
weak,17245,1
weak,17246,1
weak,17247,1
weak,17248,1
weak,17249,1
weak,17250,1
weak,17251,1
weak,17252,1
weak,17253,1
weak,17254,1
weak,17255,1
weak,17256,1
weak,17257,1
weak,17258,1
weak,17259,1
weak,17260,1
weak,17261,1
weak,17262,1
weak,17263,1
weak,17264,1
weak,17265,1
weak,17266,1
weak,17267,1
weak,17268,1
weak,17269,1
weak,17270,1
weak,17271,1
weak,17272,1
weak,17273,1
weak,17274,1
weak,17275,1
weak,17276,1
weak,17277,1
weak,17278,1
weak,17279,1
weak,17280,1
weak,17281,1
weak,17282,1
weak,17283,1
weak,17284,1
weak,17285,1
weak,17286,1
weak,17287,1
weak,17288,1
weak,17289,1
weak,17290,1
weak,17291,1
weak,17292,1
weak,17293,1
weak,17294,1
weak,17295,1
weak,17296,1
weak,17297,1
weak,17298,1
weak,17299,1
weak,17300,1
weak,17301,1
weak,17302,1
weak,17303,1
weak,17304,1
weak,17305,1
weak,17306,1
weak,17307,1
weak,17308,1
weak,17309,1
weak,17310,1
weak,17311,1
weak,17312,1
weak,17313,1
weak,17314,1
weak,17315,1
weak,17316,1
weak,17317,1
weak,17318,1
weak,17319,1
weak,17320,1
weak,17321,1
weak,17322,1
weak,17323,1
weak,17324,1
weak,17325,1
weak,17326,1
weak,17327,1
weak,17328,1
weak,17329,1
weak,17330,1
weak,17331,1
weak,17332,1
weak,17333,1
weak,17334,1
weak,17335,1
weak,17336,1
weak,17337,1
weak,17338,1
weak,17339,1
weak,17340,1
weak,17341,1
weak,17342,1
weak,17343,1
weak,17344,1
weak,17345,1
weak,17346,1
weak,17347,1
weak,17348,1
weak,17349,1
weak,17350,1
weak,17351,1
weak,17352,1
weak,17353,1
weak,17354,1
weak,17355,1
weak,17356,1
weak,17357,1
weak,17358,1
weak,17359,1
weak,17360,1
weak,17361,1
weak,17362,1
weak,17363,1
weak,17364,1
weak,17365,1
weak,17366,1
weak,17367,1
weak,17368,1
weak,17369,1
weak,17370,1
weak,17371,1
weak,17372,1
weak,17373,1
weak,17374,1
weak,17375,1
weak,17376,1
weak,17377,1
weak,17378,1
weak,17379,1
weak,17380,1
weak,17381,1
weak,17382,1
weak,17383,1
weak,17384,1
weak,17385,1
weak,17386,1
weak,17387,1
weak,17388,1
weak,17389,1
weak,17390,1
weak,17391,1
weak,17392,1
weak,17393,1
weak,17394,1
weak,17395,1
weak,17396,1
weak,17397,1
weak,17398,1
weak,17399,1
weak,17400,1
weak,17401,1
weak,17402,1
weak,17403,1
weak,17404,1
weak,17405,1
weak,17406,1
weak,17407,1
weak,17408,1
weak,17409,1
weak,17410,1
weak,17411,1
weak,17412,1
weak,17413,1
weak,17414,1
weak,17415,1
weak,17416,1
weak,17417,1
weak,17418,1
weak,17419,1
weak,17420,1
weak,17421,1
weak,17422,1
weak,17423,1
weak,17424,1
weak,17425,1
weak,17426,1
weak,17427,1
weak,17428,1
weak,17429,1
weak,17430,1
weak,17431,1
weak,17432,1
weak,17433,1
weak,17434,1
weak,17435,1
weak,17436,1
weak,17437,1
weak,17438,1
weak,17439,1
weak,17440,1
weak,17441,1
weak,17442,1
weak,17443,1
weak,17444,1
weak,17445,1
weak,17446,1
weak,17447,1
weak,17448,1
weak,17449,1
weak,17450,1
weak,17451,1
weak,17452,1
weak,17453,1
weak,17454,1
weak,17455,1
weak,17456,1
weak,17457,1
weak,17458,1
weak,17459,1
weak,17460,1
weak,17461,1
weak,17462,1
weak,17463,1
weak,17464,1
weak,17465,1
weak,17466,1
weak,17467,1
weak,17468,1
weak,17469,1
weak,17470,1
weak,17471,1
weak,17472,1
weak,17473,1
weak,17474,1
weak,17475,1
weak,17476,1
weak,17477,1
weak,17478,1
weak,17479,1
weak,17480,1
weak,17481,1
weak,17482,1
weak,17483,1
weak,17484,1
weak,17485,1
weak,17486,1
weak,17487,1
weak,17488,1
weak,17489,1
weak,17490,1
weak,17491,1
weak,17492,1
weak,17493,1
weak,17494,1
weak,17495,1
weak,17496,1
weak,17497,1
weak,17498,1
weak,17499,1
weak,17500,1
weak,17501,1
weak,17502,1
weak,17503,1
weak,17504,1
weak,17505,1
weak,17506,1
weak,17507,1
weak,17508,1
weak,17509,1
weak,17510,1
weak,17511,1
weak,17512,1
weak,17513,1
weak,17514,1
weak,17515,1
weak,17516,1
weak,17517,1
weak,17518,1
weak,17519,1
weak,17520,1
weak,17521,1
weak,17522,1
weak,17523,1
weak,17524,1
weak,17525,1
weak,17526,1
weak,17527,1
weak,17528,1
weak,17529,1
weak,17530,1
weak,17531,1
weak,17532,1
weak,17533,1
weak,17534,1
weak,17535,1
weak,17536,1
weak,17537,1
weak,17538,1
weak,17539,1
weak,17540,1
weak,17541,1
weak,17542,1
weak,17543,1
weak,17544,1
weak,17545,1
weak,17546,1
weak,17547,1
weak,17548,1
weak,17549,1
weak,17550,1
weak,17551,1
weak,17552,1
weak,17553,1
weak,17554,1
weak,17555,1
weak,17556,1
weak,17557,1
weak,17558,1
weak,17559,1
weak,17560,1
weak,17561,1
weak,17562,1
weak,17563,1
weak,17564,1
weak,17565,1
weak,17566,1
weak,17567,1
weak,17568,1
weak,17569,1
weak,17570,1
weak,17571,1
weak,17572,1
weak,17573,1
weak,17574,1
weak,17575,1
weak,17576,1
weak,17577,1
weak,17578,1
weak,17579,1
weak,17580,1
weak,17581,1
weak,17582,1
weak,17583,1
weak,17584,1
weak,17585,1
weak,17586,1
weak,17587,1
weak,17588,1
weak,17589,1
weak,17590,1
weak,17591,1
weak,17592,1
weak,17593,1
weak,17594,1
weak,17595,1
weak,17596,1
weak,17597,1
weak,17598,1
weak,17599,1
weak,17600,1
weak,17601,1
weak,17602,1
weak,17603,1
weak,17604,1
weak,17605,1
weak,17606,1
weak,17607,1
weak,17608,1
weak,17609,1
weak,17610,1
weak,17611,1
weak,17612,1
weak,17613,1
weak,17614,1
weak,17615,1
weak,17616,1
weak,17617,1
weak,17618,1
weak,17619,1
weak,17620,1
weak,17621,1
weak,17622,1
weak,17623,1
weak,17624,1
weak,17625,1
weak,17626,1
weak,17627,1
weak,17628,1
weak,17629,1
weak,17630,1
weak,17631,1
weak,17632,1
weak,17633,1
weak,17634,1
weak,17635,1
weak,17636,1
weak,17637,1
weak,17638,1
weak,17639,1
weak,17640,1
weak,17641,1
weak,17642,1
weak,17643,1
weak,17644,1
weak,17645,1
weak,17646,1
weak,17647,1
weak,17648,1
weak,17649,1
weak,17650,1
weak,17651,1
weak,17652,1
weak,17653,1
weak,17654,1
weak,17655,1
weak,17656,1
weak,17657,1
weak,17658,1
weak,17659,1
weak,17660,1
weak,17661,1
weak,17662,1
weak,17663,1
weak,17664,1
weak,17665,1
weak,17666,1
weak,17667,1
weak,17668,1
weak,17669,1
weak,17670,1
weak,17671,1
weak,17672,1
weak,17673,1
weak,17674,1
weak,17675,1
weak,17676,1
weak,17677,1
weak,17678,1
weak,17679,1
weak,17680,1
weak,17681,1
weak,17682,1
weak,17683,1
weak,17684,1
weak,17685,1
weak,17686,1
weak,17687,1
weak,17688,1
weak,17689,1
weak,17690,1
weak,17691,1
weak,17692,1
weak,17693,1
weak,17694,1
weak,17695,1
weak,17696,1
weak,17697,1
weak,17698,1
weak,17699,1
weak,17700,1
weak,17701,1
weak,17702,1
weak,17703,1
weak,17704,1
weak,17705,1
weak,17706,1
weak,17707,1
weak,17708,1
weak,17709,1
weak,17710,1
weak,17711,1
weak,17712,1
weak,17713,1
weak,17714,1
weak,17715,1
weak,17716,1
weak,17717,1
weak,17718,1
weak,17719,1
weak,17720,1
weak,17721,1
weak,17722,1
weak,17723,1
weak,17724,1
weak,17725,1
weak,17726,1
weak,17727,1
weak,17728,1
weak,17729,1
weak,17730,1
weak,17731,1
weak,17732,1
weak,17733,1
weak,17734,1
weak,17735,1
weak,17736,1
weak,17737,1
weak,17738,1
weak,17739,1
weak,17740,1
weak,17741,1
weak,17742,1
weak,17743,1
weak,17744,1
weak,17745,1
weak,17746,1
weak,17747,1
weak,17748,1
weak,17749,1
weak,17750,1
weak,17751,1
weak,17752,1
weak,17753,1
weak,17754,1
weak,17755,1
weak,17756,1
weak,17757,1
weak,17758,1
weak,17759,1
weak,17760,1
weak,17761,1
weak,17762,1
weak,17763,1
weak,17764,1
weak,17765,1
weak,17766,1
weak,17767,1
weak,17768,1
weak,17769,1
weak,17770,1
weak,17771,1
weak,17772,1
weak,17773,1
weak,17774,1
weak,17775,1
weak,17776,1
weak,17777,1
weak,17778,1
weak,17779,1
weak,17780,1
weak,17781,1
weak,17782,1
weak,17783,1
weak,17784,1
weak,17785,1
weak,17786,1
weak,17787,1
weak,17788,1
weak,17789,1
weak,17790,1
weak,17791,1
weak,17792,1
weak,17793,1
weak,17794,1
weak,17795,1
weak,17796,1
weak,17797,1
weak,17798,1
weak,17799,1
weak,17800,1
weak,17801,1
weak,17802,1
weak,17803,1
weak,17804,1
weak,17805,1
weak,17806,1
weak,17807,1
weak,17808,1
weak,17809,1
weak,17810,1
weak,17811,1
weak,17812,1
weak,17813,1
weak,17814,1
weak,17815,1
weak,17816,1
weak,17817,1
weak,17818,1
weak,17819,1
weak,17820,1
weak,17821,1
weak,17822,1
weak,17823,1
weak,17824,1
weak,17825,1
weak,17826,1
weak,17827,1
weak,17828,1
weak,17829,1
weak,17830,1
weak,17831,1
weak,17832,1
weak,17833,1
weak,17834,1
weak,17835,1
weak,17836,1
weak,17837,1
weak,17838,1
weak,17839,1
weak,17840,1
weak,17841,1
weak,17842,1
weak,17843,1
weak,17844,1
weak,17845,1
weak,17846,1
weak,17847,1
weak,17848,1
weak,17849,1
weak,17850,1
weak,17851,1
weak,17852,1
weak,17853,1
weak,17854,1
weak,17855,1
weak,17856,1
weak,17857,1
weak,17858,1
weak,17859,1
weak,17860,1
weak,17861,1
weak,17862,1
weak,17863,1
weak,17864,1
weak,17865,1
weak,17866,1
weak,17867,1
weak,17868,1
weak,17869,1
weak,17870,1
weak,17871,1
weak,17872,1
weak,17873,1
weak,17874,1
weak,17875,1
weak,17876,1
weak,17877,1
weak,17878,1
weak,17879,1
weak,17880,1
weak,17881,1
weak,17882,1
weak,17883,1
weak,17884,1
weak,17885,1
weak,17886,1
weak,17887,1
weak,17888,1
weak,17889,1
weak,17890,1
weak,17891,1
weak,17892,1
weak,17893,1
weak,17894,1
weak,17895,1
weak,17896,1
weak,17897,1
weak,17898,1
weak,17899,1
weak,17900,1
weak,17901,1
weak,17902,1
weak,17903,1
weak,17904,1
weak,17905,1
weak,17906,1
weak,17907,1
weak,17908,1
weak,17909,1
weak,17910,1
weak,17911,1
weak,17912,1
weak,17913,1
weak,17914,1
weak,17915,1
weak,17916,1
weak,17917,1
weak,17918,1
weak,17919,1
weak,17920,1
weak,17921,1
weak,17922,1
weak,17923,1
weak,17924,1
weak,17925,1
weak,17926,1
weak,17927,1
weak,17928,1
weak,17929,1
weak,17930,1
weak,17931,1
weak,17932,1
weak,17933,1
weak,17934,1
weak,17935,1
weak,17936,1
weak,17937,1
weak,17938,1
weak,17939,1
weak,17940,1
weak,17941,1
weak,17942,1
weak,17943,1
weak,17944,1
weak,17945,1
weak,17946,1
weak,17947,1
weak,17948,1
weak,17949,1
weak,17950,1
weak,17951,1
weak,17952,1
weak,17953,1
weak,17954,1
weak,17955,1
weak,17956,1
weak,17957,1
weak,17958,1
weak,17959,1
weak,17960,1
weak,17961,1
weak,17962,1
weak,17963,1
weak,17964,1
weak,17965,1
weak,17966,1
weak,17967,1
weak,17968,1
weak,17969,1
weak,17970,1
weak,17971,1
weak,17972,1
weak,17973,1
weak,17974,1
weak,17975,1
weak,17976,1
weak,17977,1
weak,17978,1
weak,17979,1
weak,17980,1
weak,17981,1
weak,17982,1
weak,17983,1
weak,17984,1
weak,17985,1
weak,17986,1
weak,17987,1
weak,17988,1
weak,17989,1
weak,17990,1
weak,17991,1
weak,17992,1
weak,17993,1
weak,17994,1
weak,17995,1
weak,17996,1
weak,17997,1
weak,17998,1
weak,17999,1
weak,18000,1
weak,18001,1
weak,18002,1
weak,18003,1
weak,18004,1
weak,18005,1
weak,18006,1
weak,18007,1
weak,18008,1
weak,18009,1
weak,18010,1
weak,18011,1
weak,18012,1
weak,18013,1
weak,18014,1
weak,18015,1
weak,18016,1
weak,18017,1
weak,18018,1
weak,18019,1
weak,18020,1
weak,18021,1
weak,18022,1
weak,18023,1
weak,18024,1
weak,18025,1
weak,18026,1
weak,18027,1
weak,18028,1
weak,18029,1
weak,18030,1
weak,18031,1
weak,18032,1
weak,18033,1
weak,18034,1
weak,18035,1
weak,18036,1
weak,18037,1
weak,18038,1
weak,18039,1
weak,18040,1
weak,18041,1
weak,18042,1
weak,18043,1
weak,18044,1
weak,18045,1
weak,18046,1
weak,18047,1
weak,18048,1
weak,18049,1
weak,18050,1
weak,18051,1
weak,18052,1
weak,18053,1
weak,18054,1
weak,18055,1
weak,18056,1
weak,18057,1
weak,18058,1
weak,18059,1
weak,18060,1
weak,18061,1
weak,18062,1
weak,18063,1
weak,18064,1
weak,18065,1
weak,18066,1
weak,18067,1
weak,18068,1
weak,18069,1
weak,18070,1
weak,18071,1
weak,18072,1
weak,18073,1
weak,18074,1
weak,18075,1
weak,18076,1
weak,18077,1
weak,18078,1
weak,18079,1
weak,18080,1
weak,18081,1
weak,18082,1
weak,18083,1
weak,18084,1
weak,18085,1
weak,18086,1
weak,18087,1
weak,18088,1
weak,18089,1
weak,18090,1
weak,18091,1
weak,18092,1
weak,18093,1
weak,18094,1
weak,18095,1
weak,18096,1
weak,18097,1
weak,18098,1
weak,18099,1
weak,18100,1
weak,18101,1
weak,18102,1
weak,18103,1
weak,18104,1
weak,18105,1
weak,18106,1
weak,18107,1
weak,18108,1
weak,18109,1
weak,18110,1
weak,18111,1
weak,18112,1
weak,18113,1
weak,18114,1
weak,18115,1
weak,18116,1
weak,18117,1
weak,18118,1
weak,18119,1
weak,18120,1
weak,18121,1
weak,18122,1
weak,18123,1
weak,18124,1
weak,18125,1
weak,18126,1
weak,18127,1
weak,18128,1
weak,18129,1
weak,18130,1
weak,18131,1
weak,18132,1
weak,18133,1
weak,18134,1
weak,18135,1
weak,18136,1
weak,18137,1
weak,18138,1
weak,18139,1
weak,18140,1
weak,18141,1
weak,18142,1
weak,18143,1
weak,18144,1
weak,18145,1
weak,18146,1
weak,18147,1
weak,18148,1
weak,18149,1
weak,18150,1
weak,18151,1
weak,18152,1
weak,18153,1
weak,18154,1
weak,18155,1
weak,18156,1
weak,18157,1
weak,18158,1
weak,18159,1
weak,18160,1
weak,18161,1
weak,18162,1
weak,18163,1
weak,18164,1
weak,18165,1
weak,18166,1
weak,18167,1
weak,18168,1
weak,18169,1
weak,18170,1
weak,18171,1
weak,18172,1
weak,18173,1
weak,18174,1
weak,18175,1
weak,18176,1
weak,18177,1
weak,18178,1
weak,18179,1
weak,18180,1
weak,18181,1
weak,18182,1
weak,18183,1
weak,18184,1
weak,18185,1
weak,18186,1
weak,18187,1
weak,18188,1
weak,18189,1
weak,18190,1
weak,18191,1
weak,18192,1
weak,18193,1
weak,18194,1
weak,18195,1
weak,18196,1
weak,18197,1
weak,18198,1
weak,18199,1
weak,18200,1
weak,18201,1
weak,18202,1
weak,18203,1
weak,18204,1
weak,18205,1
weak,18206,1
weak,18207,1
weak,18208,1
weak,18209,1
weak,18210,1
weak,18211,1
weak,18212,1
weak,18213,1
weak,18214,1
weak,18215,1
weak,18216,1
weak,18217,1
weak,18218,1
weak,18219,1
weak,18220,1
weak,18221,1
weak,18222,1
weak,18223,1
weak,18224,1
weak,18225,1
weak,18226,1
weak,18227,1
weak,18228,1
weak,18229,1
weak,18230,1
weak,18231,1
weak,18232,1
weak,18233,1
weak,18234,1
weak,18235,1
weak,18236,1
weak,18237,1
weak,18238,1
weak,18239,1
weak,18240,1
weak,18241,1
weak,18242,1
weak,18243,1
weak,18244,1
weak,18245,1
weak,18246,1
weak,18247,1
weak,18248,1
weak,18249,1
weak,18250,1
weak,18251,1
weak,18252,1
weak,18253,1
weak,18254,1
weak,18255,1
weak,18256,1
weak,18257,1
weak,18258,1
weak,18259,1
weak,18260,1
weak,18261,1
weak,18262,1
weak,18263,1
weak,18264,1
weak,18265,1
weak,18266,1
weak,18267,1
weak,18268,1
weak,18269,1
weak,18270,1
weak,18271,1
weak,18272,1
weak,18273,1
weak,18274,1
weak,18275,1
weak,18276,1
weak,18277,1
weak,18278,1
weak,18279,1
weak,18280,1
weak,18281,1
weak,18282,1
weak,18283,1
weak,18284,1
weak,18285,1
weak,18286,1
weak,18287,1
weak,18288,1
weak,18289,1
weak,18290,1
weak,18291,1
weak,18292,1
weak,18293,1
weak,18294,1
weak,18295,1
weak,18296,1
weak,18297,1
weak,18298,1
weak,18299,1
weak,18300,1
weak,18301,1
weak,18302,1
weak,18303,1
weak,18304,1
weak,18305,1
weak,18306,1
weak,18307,1
weak,18308,1
weak,18309,1
weak,18310,1
weak,18311,1
weak,18312,1
weak,18313,1
weak,18314,1
weak,18315,1
weak,18316,1
weak,18317,1
weak,18318,1
weak,18319,1
weak,18320,1
weak,18321,1
weak,18322,1
weak,18323,1
weak,18324,1
weak,18325,1
weak,18326,1
weak,18327,1
weak,18328,1
weak,18329,1
weak,18330,1
weak,18331,1
weak,18332,1
weak,18333,1
weak,18334,1
weak,18335,1
weak,18336,1
weak,18337,1
weak,18338,1
weak,18339,1
weak,18340,1
weak,18341,1
weak,18342,1
weak,18343,1
weak,18344,1
weak,18345,1
weak,18346,1
weak,18347,1
weak,18348,1
weak,18349,1
weak,18350,1
weak,18351,1
weak,18352,1
weak,18353,1
weak,18354,1
weak,18355,1
weak,18356,1
weak,18357,1
weak,18358,1
weak,18359,1
weak,18360,1
weak,18361,1
weak,18362,1
weak,18363,1
weak,18364,1
weak,18365,1
weak,18366,1
weak,18367,1
weak,18368,1
weak,18369,1
weak,18370,1
weak,18371,1
weak,18372,1
weak,18373,1
weak,18374,1
weak,18375,1
weak,18376,1
weak,18377,1
weak,18378,1
weak,18379,1
weak,18380,1
weak,18381,1
weak,18382,1
weak,18383,1
weak,18384,1
weak,18385,1
weak,18386,1
weak,18387,1
weak,18388,1
weak,18389,1
weak,18390,1
weak,18391,1
weak,18392,1
weak,18393,1
weak,18394,1
weak,18395,1
weak,18396,1
weak,18397,1
weak,18398,1
weak,18399,1
weak,18400,1
weak,18401,1
weak,18402,1
weak,18403,1
weak,18404,1
weak,18405,1
weak,18406,1
weak,18407,1
weak,18408,1
weak,18409,1
weak,18410,1
weak,18411,1
weak,18412,1
weak,18413,1
weak,18414,1
weak,18415,1
weak,18416,1
weak,18417,1
weak,18418,1
weak,18419,1
weak,18420,1
weak,18421,1
weak,18422,1
weak,18423,1
weak,18424,1
weak,18425,1
weak,18426,1
weak,18427,1
weak,18428,1
weak,18429,1
weak,18430,1
weak,18431,1
weak,18432,1
weak,18433,1
weak,18434,1
weak,18435,1
weak,18436,1
weak,18437,1
weak,18438,1
weak,18439,1
weak,18440,1
weak,18441,1
weak,18442,1
weak,18443,1
weak,18444,1
weak,18445,1
weak,18446,1
weak,18447,1
weak,18448,1
weak,18449,1
weak,18450,1
weak,18451,1
weak,18452,1
weak,18453,1
weak,18454,1
weak,18455,1
weak,18456,1
weak,18457,1
weak,18458,1
weak,18459,1
weak,18460,1
weak,18461,1
weak,18462,1
weak,18463,1
weak,18464,1
weak,18465,1
weak,18466,1
weak,18467,1
weak,18468,1
weak,18469,1
weak,18470,1
weak,18471,1
weak,18472,1
weak,18473,1
weak,18474,1
weak,18475,1
weak,18476,1
weak,18477,1
weak,18478,1
weak,18479,1
weak,18480,1
weak,18481,1
weak,18482,1
weak,18483,1
weak,18484,1
weak,18485,1
weak,18486,1
weak,18487,1
weak,18488,1
weak,18489,1
weak,18490,1
weak,18491,1
weak,18492,1
weak,18493,1
weak,18494,1
weak,18495,1
weak,18496,1
weak,18497,1
weak,18498,1
weak,18499,1
weak,18500,1
weak,18501,1
weak,18502,1
weak,18503,1
weak,18504,1
weak,18505,1
weak,18506,1
weak,18507,1
weak,18508,1
weak,18509,1
weak,18510,1
weak,18511,1
weak,18512,1
weak,18513,1
weak,18514,1
weak,18515,1
weak,18516,1
weak,18517,1
weak,18518,1
weak,18519,1
weak,18520,1
weak,18521,1
weak,18522,1
weak,18523,1
weak,18524,1
weak,18525,1
weak,18526,1
weak,18527,1
weak,18528,1
weak,18529,1
weak,18530,1
weak,18531,1
weak,18532,1
weak,18533,1
weak,18534,1
weak,18535,1
weak,18536,1
weak,18537,1
weak,18538,1
weak,18539,1
weak,18540,1
weak,18541,1
weak,18542,1
weak,18543,1
weak,18544,1
weak,18545,1
weak,18546,1
weak,18547,1
weak,18548,1
weak,18549,1
weak,18550,1
weak,18551,1
weak,18552,1
weak,18553,1
weak,18554,1
weak,18555,1
weak,18556,1
weak,18557,1
weak,18558,1
weak,18559,1
weak,18560,1
weak,18561,1
weak,18562,1
weak,18563,1
weak,18564,1
weak,18565,1
weak,18566,1
weak,18567,1
weak,18568,1
weak,18569,1
weak,18570,1
weak,18571,1
weak,18572,1
weak,18573,1
weak,18574,1
weak,18575,1
weak,18576,1
weak,18577,1
weak,18578,1
weak,18579,1
weak,18580,1
weak,18581,1
weak,18582,1
weak,18583,1
weak,18584,1
weak,18585,1
weak,18586,1
weak,18587,1
weak,18588,1
weak,18589,1
weak,18590,1
weak,18591,1
weak,18592,1
weak,18593,1
weak,18594,1
weak,18595,1
weak,18596,1
weak,18597,1
weak,18598,1
weak,18599,1
weak,18600,1
weak,18601,1
weak,18602,1
weak,18603,1
weak,18604,1
weak,18605,1
weak,18606,1
weak,18607,1
weak,18608,1
weak,18609,1
weak,18610,1
weak,18611,1
weak,18612,1
weak,18613,1
weak,18614,1
weak,18615,1
weak,18616,1
weak,18617,1
weak,18618,1
weak,18619,1
weak,18620,1
weak,18621,1
weak,18622,1
weak,18623,1
weak,18624,1
weak,18625,1
weak,18626,1
weak,18627,1
weak,18628,1
weak,18629,1
weak,18630,1
weak,18631,1
weak,18632,1
weak,18633,1
weak,18634,1
weak,18635,1
weak,18636,1
weak,18637,1
weak,18638,1
weak,18639,1
weak,18640,1
weak,18641,1
weak,18642,1
weak,18643,1
weak,18644,1
weak,18645,1
weak,18646,1
weak,18647,1
weak,18648,1
weak,18649,1
weak,18650,1
weak,18651,1
weak,18652,1
weak,18653,1
weak,18654,1
weak,18655,1
weak,18656,1
weak,18657,1
weak,18658,1
weak,18659,1
weak,18660,1
weak,18661,1
weak,18662,1
weak,18663,1
weak,18664,1
weak,18665,1
weak,18666,1
weak,18667,1
weak,18668,1
weak,18669,1
weak,18670,1
weak,18671,1
weak,18672,1
weak,18673,1
weak,18674,1
weak,18675,1
weak,18676,1
weak,18677,1
weak,18678,1
weak,18679,1
weak,18680,1
weak,18681,1
weak,18682,1
weak,18683,1
weak,18684,1
weak,18685,1
weak,18686,1
weak,18687,1
weak,18688,1
weak,18689,1
weak,18690,1
weak,18691,1
weak,18692,1
weak,18693,1
weak,18694,1
weak,18695,1
weak,18696,1
weak,18697,1
weak,18698,1
weak,18699,1
weak,18700,1
weak,18701,1
weak,18702,1
weak,18703,1
weak,18704,1
weak,18705,1
weak,18706,1
weak,18707,1
weak,18708,1
weak,18709,1
weak,18710,1
weak,18711,1
weak,18712,1
weak,18713,1
weak,18714,1
weak,18715,1
weak,18716,1
weak,18717,1
weak,18718,1
weak,18719,1
weak,18720,1
weak,18721,1
weak,18722,1
weak,18723,1
weak,18724,1
weak,18725,1
weak,18726,1
weak,18727,1
weak,18728,1
weak,18729,1
weak,18730,1
weak,18731,1
weak,18732,1
weak,18733,1
weak,18734,1
weak,18735,1
weak,18736,1
weak,18737,1
weak,18738,1
weak,18739,1
weak,18740,1
weak,18741,1
weak,18742,1
weak,18743,1
weak,18744,1
weak,18745,1
weak,18746,1
weak,18747,1
weak,18748,1
weak,18749,1
weak,18750,1
weak,18751,1
weak,18752,1
weak,18753,1
weak,18754,1
weak,18755,1
weak,18756,1
weak,18757,1
weak,18758,1
weak,18759,1
weak,18760,1
weak,18761,1
weak,18762,1
weak,18763,1
weak,18764,1
weak,18765,1
weak,18766,1
weak,18767,1
weak,18768,1
weak,18769,1
weak,18770,1
weak,18771,1
weak,18772,1
weak,18773,1
weak,18774,1
weak,18775,1
weak,18776,1
weak,18777,1
weak,18778,1
weak,18779,1
weak,18780,1
weak,18781,1
weak,18782,1
weak,18783,1
weak,18784,1
weak,18785,1
weak,18786,1
weak,18787,1
weak,18788,1
weak,18789,1
weak,18790,1
weak,18791,1
weak,18792,1
weak,18793,1
weak,18794,1
weak,18795,1
weak,18796,1
weak,18797,1
weak,18798,1
weak,18799,1
weak,18800,1
weak,18801,1
weak,18802,1
weak,18803,1
weak,18804,1
weak,18805,1
weak,18806,1
weak,18807,1
weak,18808,1
weak,18809,1
weak,18810,1
weak,18811,1
weak,18812,1
weak,18813,1
weak,18814,1
weak,18815,1
weak,18816,1
weak,18817,1
weak,18818,1
weak,18819,1
weak,18820,1
weak,18821,1
weak,18822,1
weak,18823,1
weak,18824,1
weak,18825,1
weak,18826,1
weak,18827,1
weak,18828,1
weak,18829,1
weak,18830,1
weak,18831,1
weak,18832,1
weak,18833,1
weak,18834,1
weak,18835,1
weak,18836,1
weak,18837,1
weak,18838,1
weak,18839,1
weak,18840,1
weak,18841,1
weak,18842,1
weak,18843,1
weak,18844,1
weak,18845,1
weak,18846,1
weak,18847,1
weak,18848,1
weak,18849,1
weak,18850,1
weak,18851,1
weak,18852,1
weak,18853,1
weak,18854,1
weak,18855,1
weak,18856,1
weak,18857,1
weak,18858,1
weak,18859,1
weak,18860,1
weak,18861,1
weak,18862,1
weak,18863,1
weak,18864,1
weak,18865,1
weak,18866,1
weak,18867,1
weak,18868,1
weak,18869,1
weak,18870,1
weak,18871,1
weak,18872,1
weak,18873,1
weak,18874,1
weak,18875,1
weak,18876,1
weak,18877,1
weak,18878,1
weak,18879,1
weak,18880,1
weak,18881,1
weak,18882,1
weak,18883,1
weak,18884,1
weak,18885,1
weak,18886,1
weak,18887,1
weak,18888,1
weak,18889,1
weak,18890,1
weak,18891,1
weak,18892,1
weak,18893,1
weak,18894,1
weak,18895,1
weak,18896,1
weak,18897,1
weak,18898,1
weak,18899,1
weak,18900,1
weak,18901,1
weak,18902,1
weak,18903,1
weak,18904,1
weak,18905,1
weak,18906,1
weak,18907,1
weak,18908,1
weak,18909,1
weak,18910,1
weak,18911,1
weak,18912,1
weak,18913,1
weak,18914,1
weak,18915,1
weak,18916,1
weak,18917,1
weak,18918,1
weak,18919,1
weak,18920,1
weak,18921,1
weak,18922,1
weak,18923,1
weak,18924,1
weak,18925,1
weak,18926,1
weak,18927,1
weak,18928,1
weak,18929,1
weak,18930,1
weak,18931,1
weak,18932,1
weak,18933,1
weak,18934,1
weak,18935,1
weak,18936,1
weak,18937,1
weak,18938,1
weak,18939,1
weak,18940,1
weak,18941,1
weak,18942,1
weak,18943,1
weak,18944,1
weak,18945,1
weak,18946,1
weak,18947,1
weak,18948,1
weak,18949,1
weak,18950,1
weak,18951,1
weak,18952,1
weak,18953,1
weak,18954,1
weak,18955,1
weak,18956,1
weak,18957,1
weak,18958,1
weak,18959,1
weak,18960,1
weak,18961,1
weak,18962,1
weak,18963,1
weak,18964,1
weak,18965,1
weak,18966,1
weak,18967,1
weak,18968,1
weak,18969,1
weak,18970,1
weak,18971,1
weak,18972,1
weak,18973,1
weak,18974,1
weak,18975,1
weak,18976,1
weak,18977,1
weak,18978,1
weak,18979,1
weak,18980,1
weak,18981,1
weak,18982,1
weak,18983,1
weak,18984,1
weak,18985,1
weak,18986,1
weak,18987,1
weak,18988,1
weak,18989,1
weak,18990,1
weak,18991,1
weak,18992,1
weak,18993,1
weak,18994,1
weak,18995,1
weak,18996,1
weak,18997,1
weak,18998,1
weak,18999,1
weak,19000,1
weak,19001,1
weak,19002,1
weak,19003,1
weak,19004,1
weak,19005,1
weak,19006,1
weak,19007,1
weak,19008,1
weak,19009,1
weak,19010,1
weak,19011,1
weak,19012,1
weak,19013,1
weak,19014,1
weak,19015,1
weak,19016,1
weak,19017,1
weak,19018,1
weak,19019,1
weak,19020,1
weak,19021,1
weak,19022,1
weak,19023,1
weak,19024,1
weak,19025,1
weak,19026,1
weak,19027,1
weak,19028,1
weak,19029,1
weak,19030,1
weak,19031,1
weak,19032,1
weak,19033,1
weak,19034,1
weak,19035,1
weak,19036,1
weak,19037,1
weak,19038,1
weak,19039,1
weak,19040,1
weak,19041,1
weak,19042,1
weak,19043,1
weak,19044,1
weak,19045,1
weak,19046,1
weak,19047,1
weak,19048,1
weak,19049,1
weak,19050,1
weak,19051,1
weak,19052,1
weak,19053,1
weak,19054,1
weak,19055,1
weak,19056,1
weak,19057,1
weak,19058,1
weak,19059,1
weak,19060,1
weak,19061,1
weak,19062,1
weak,19063,1
weak,19064,1
weak,19065,1
weak,19066,1
weak,19067,1
weak,19068,1
weak,19069,1
weak,19070,1
weak,19071,1
weak,19072,1
weak,19073,1
weak,19074,1
weak,19075,1
weak,19076,1
weak,19077,1
weak,19078,1
weak,19079,1
weak,19080,1
weak,19081,1
weak,19082,1
weak,19083,1
weak,19084,1
weak,19085,1
weak,19086,1
weak,19087,1
weak,19088,1
weak,19089,1
weak,19090,1
weak,19091,1
weak,19092,1
weak,19093,1
weak,19094,1
weak,19095,1
weak,19096,1
weak,19097,1
weak,19098,1
weak,19099,1
weak,19100,1
weak,19101,1
weak,19102,1
weak,19103,1
weak,19104,1
weak,19105,1
weak,19106,1
weak,19107,1
weak,19108,1
weak,19109,1
weak,19110,1
weak,19111,1
weak,19112,1
weak,19113,1
weak,19114,1
weak,19115,1
weak,19116,1
weak,19117,1
weak,19118,1
weak,19119,1
weak,19120,1
weak,19121,1
weak,19122,1
weak,19123,1
weak,19124,1
weak,19125,1
weak,19126,1
weak,19127,1
weak,19128,1
weak,19129,1
weak,19130,1
weak,19131,1
weak,19132,1
weak,19133,1
weak,19134,1
weak,19135,1
weak,19136,1
weak,19137,1
weak,19138,1
weak,19139,1
weak,19140,1
weak,19141,1
weak,19142,1
weak,19143,1
weak,19144,1
weak,19145,1
weak,19146,1
weak,19147,1
weak,19148,1
weak,19149,1
weak,19150,1
weak,19151,1
weak,19152,1
weak,19153,1
weak,19154,1
weak,19155,1
weak,19156,1
weak,19157,1
weak,19158,1
weak,19159,1
weak,19160,1
weak,19161,1
weak,19162,1
weak,19163,1
weak,19164,1
weak,19165,1
weak,19166,1
weak,19167,1
weak,19168,1
weak,19169,1
weak,19170,1
weak,19171,1
weak,19172,1
weak,19173,1
weak,19174,1
weak,19175,1
weak,19176,1
weak,19177,1
weak,19178,1
weak,19179,1
weak,19180,1
weak,19181,1
weak,19182,1
weak,19183,1
weak,19184,1
weak,19185,1
weak,19186,1
weak,19187,1
weak,19188,1
weak,19189,1
weak,19190,1
weak,19191,1
weak,19192,1
weak,19193,1
weak,19194,1
weak,19195,1
weak,19196,1
weak,19197,1
weak,19198,1
weak,19199,1
weak,19200,1
weak,19201,1
weak,19202,1
weak,19203,1
weak,19204,1
weak,19205,1
weak,19206,1
weak,19207,1
weak,19208,1
weak,19209,1
weak,19210,1
weak,19211,1
weak,19212,1
weak,19213,1
weak,19214,1
weak,19215,1
weak,19216,1
weak,19217,1
weak,19218,1
weak,19219,1
weak,19220,1
weak,19221,1
weak,19222,1
weak,19223,1
weak,19224,1
weak,19225,1
weak,19226,1
weak,19227,1
weak,19228,1
weak,19229,1
weak,19230,1
weak,19231,1
weak,19232,1
weak,19233,1
weak,19234,1
weak,19235,1
weak,19236,1
weak,19237,1
weak,19238,1
weak,19239,1
weak,19240,1
weak,19241,1
weak,19242,1
weak,19243,1
weak,19244,1
weak,19245,1
weak,19246,1
weak,19247,1
weak,19248,1
weak,19249,1
weak,19250,1
weak,19251,1
weak,19252,1
weak,19253,1
weak,19254,1
weak,19255,1
weak,19256,1
weak,19257,1
weak,19258,1
weak,19259,1
weak,19260,1
weak,19261,1
weak,19262,1
weak,19263,1
weak,19264,1
weak,19265,1
weak,19266,1
weak,19267,1
weak,19268,1
weak,19269,1
weak,19270,1
weak,19271,1
weak,19272,1
weak,19273,1
weak,19274,1
weak,19275,1
weak,19276,1
weak,19277,1
weak,19278,1
weak,19279,1
weak,19280,1
weak,19281,1
weak,19282,1
weak,19283,1
weak,19284,1
weak,19285,1
weak,19286,1
weak,19287,1
weak,19288,1
weak,19289,1
weak,19290,1
weak,19291,1
weak,19292,1
weak,19293,1
weak,19294,1
weak,19295,1
weak,19296,1
weak,19297,1
weak,19298,1
weak,19299,1
weak,19300,1
weak,19301,1
weak,19302,1
weak,19303,1
weak,19304,1
weak,19305,1
weak,19306,1
weak,19307,1
weak,19308,1
weak,19309,1
weak,19310,1
weak,19311,1
weak,19312,1
weak,19313,1
weak,19314,1
weak,19315,1
weak,19316,1
weak,19317,1
weak,19318,1
weak,19319,1
weak,19320,1
weak,19321,1
weak,19322,1
weak,19323,1
weak,19324,1
weak,19325,1
weak,19326,1
weak,19327,1
weak,19328,1
weak,19329,1
weak,19330,1
weak,19331,1
weak,19332,1
weak,19333,1
weak,19334,1
weak,19335,1
weak,19336,1
weak,19337,1
weak,19338,1
weak,19339,1
weak,19340,1
weak,19341,1
weak,19342,1
weak,19343,1
weak,19344,1
weak,19345,1
weak,19346,1
weak,19347,1
weak,19348,1
weak,19349,1
weak,19350,1
weak,19351,1
weak,19352,1
weak,19353,1
weak,19354,1
weak,19355,1
weak,19356,1
weak,19357,1
weak,19358,1
weak,19359,1
weak,19360,1
weak,19361,1
weak,19362,1
weak,19363,1
weak,19364,1
weak,19365,1
weak,19366,1
weak,19367,1
weak,19368,1
weak,19369,1
weak,19370,1
weak,19371,1
weak,19372,1
weak,19373,1
weak,19374,1
weak,19375,1
weak,19376,1
weak,19377,1
weak,19378,1
weak,19379,1
weak,19380,1
weak,19381,1
weak,19382,1
weak,19383,1
weak,19384,1
weak,19385,1
weak,19386,1
weak,19387,1
weak,19388,1
weak,19389,1
weak,19390,1
weak,19391,1
weak,19392,1
weak,19393,1
weak,19394,1
weak,19395,1
weak,19396,1
weak,19397,1
weak,19398,1
weak,19399,1
weak,19400,1
weak,19401,1
weak,19402,1
weak,19403,1
weak,19404,1
weak,19405,1
weak,19406,1
weak,19407,1
weak,19408,1
weak,19409,1
weak,19410,1
weak,19411,1
weak,19412,1
weak,19413,1
weak,19414,1
weak,19415,1
weak,19416,1
weak,19417,1
weak,19418,1
weak,19419,1
weak,19420,1
weak,19421,1
weak,19422,1
weak,19423,1
weak,19424,1
weak,19425,1
weak,19426,1
weak,19427,1
weak,19428,1
weak,19429,1
weak,19430,1
weak,19431,1
weak,19432,1
weak,19433,1
weak,19434,1
weak,19435,1
weak,19436,1
weak,19437,1
weak,19438,1
weak,19439,1
weak,19440,1
weak,19441,1
weak,19442,1
weak,19443,1
weak,19444,1
weak,19445,1
weak,19446,1
weak,19447,1
weak,19448,1
weak,19449,1
weak,19450,1
weak,19451,1
weak,19452,1
weak,19453,1
weak,19454,1
weak,19455,1
weak,19456,1
weak,19457,1
weak,19458,1
weak,19459,1
weak,19460,1
weak,19461,1
weak,19462,1
weak,19463,1
weak,19464,1
weak,19465,1
weak,19466,1
weak,19467,1
weak,19468,1
weak,19469,1
weak,19470,1
weak,19471,1
weak,19472,1
weak,19473,1
weak,19474,1
weak,19475,1
weak,19476,1
weak,19477,1
weak,19478,1
weak,19479,1
weak,19480,1
weak,19481,1
weak,19482,1
weak,19483,1
weak,19484,1
weak,19485,1
weak,19486,1
weak,19487,1
weak,19488,1
weak,19489,1
weak,19490,1
weak,19491,1
weak,19492,1
weak,19493,1
weak,19494,1
weak,19495,1
weak,19496,1
weak,19497,1
weak,19498,1
weak,19499,1
weak,19500,1
weak,19501,1
weak,19502,1
weak,19503,1
weak,19504,1
weak,19505,1
weak,19506,1
weak,19507,1
weak,19508,1
weak,19509,1
weak,19510,1
weak,19511,1
weak,19512,1
weak,19513,1
weak,19514,1
weak,19515,1
weak,19516,1
weak,19517,1
weak,19518,1
weak,19519,1
weak,19520,1
weak,19521,1
weak,19522,1
weak,19523,1
weak,19524,1
weak,19525,1
weak,19526,1
weak,19527,1
weak,19528,1
weak,19529,1
weak,19530,1
weak,19531,1
weak,19532,1
weak,19533,1
weak,19534,1
weak,19535,1
weak,19536,1
weak,19537,1
weak,19538,1
weak,19539,1
weak,19540,1
weak,19541,1
weak,19542,1
weak,19543,1
weak,19544,1
weak,19545,1
weak,19546,1
weak,19547,1
weak,19548,1
weak,19549,1
weak,19550,1
weak,19551,1
weak,19552,1
weak,19553,1
weak,19554,1
weak,19555,1
weak,19556,1
weak,19557,1
weak,19558,1
weak,19559,1
weak,19560,1
weak,19561,1
weak,19562,1
weak,19563,1
weak,19564,1
weak,19565,1
weak,19566,1
weak,19567,1
weak,19568,1
weak,19569,1
weak,19570,1
weak,19571,1
weak,19572,1
weak,19573,1
weak,19574,1
weak,19575,1
weak,19576,1
weak,19577,1
weak,19578,1
weak,19579,1
weak,19580,1
weak,19581,1
weak,19582,1
weak,19583,1
weak,19584,1
weak,19585,1
weak,19586,1
weak,19587,1
weak,19588,1
weak,19589,1
weak,19590,1
weak,19591,1
weak,19592,1
weak,19593,1
weak,19594,1
weak,19595,1
weak,19596,1
weak,19597,1
weak,19598,1
weak,19599,1
weak,19600,1
weak,19601,1
weak,19602,1
weak,19603,1
weak,19604,1
weak,19605,1
weak,19606,1
weak,19607,1
weak,19608,1
weak,19609,1
weak,19610,1
weak,19611,1
weak,19612,1
weak,19613,1
weak,19614,1
weak,19615,1
weak,19616,1
weak,19617,1
weak,19618,1
weak,19619,1
weak,19620,1
weak,19621,1
weak,19622,1
weak,19623,1
weak,19624,1
weak,19625,1
weak,19626,1
weak,19627,1
weak,19628,1
weak,19629,1
weak,19630,1
weak,19631,1
weak,19632,1
weak,19633,1
weak,19634,1
weak,19635,1
weak,19636,1
weak,19637,1
weak,19638,1
weak,19639,1
weak,19640,1
weak,19641,1
weak,19642,1
weak,19643,1
weak,19644,1
weak,19645,1
weak,19646,1
weak,19647,1
weak,19648,1
weak,19649,1
weak,19650,1
weak,19651,1
weak,19652,1
weak,19653,1
weak,19654,1
weak,19655,1
weak,19656,1
weak,19657,1
weak,19658,1
weak,19659,1
weak,19660,1
weak,19661,1
weak,19662,1
weak,19663,1
weak,19664,1
weak,19665,1
weak,19666,1
weak,19667,1
weak,19668,1
weak,19669,1
weak,19670,1
weak,19671,1
weak,19672,1
weak,19673,1
weak,19674,1
weak,19675,1
weak,19676,1
weak,19677,1
weak,19678,1
weak,19679,1
weak,19680,1
weak,19681,1
weak,19682,1
weak,19683,1
weak,19684,1
weak,19685,1
weak,19686,1
weak,19687,1
weak,19688,1
weak,19689,1
weak,19690,1
weak,19691,1
weak,19692,1
weak,19693,1
weak,19694,1
weak,19695,1
weak,19696,1
weak,19697,1
weak,19698,1
weak,19699,1
weak,19700,1
weak,19701,1
weak,19702,1
weak,19703,1
weak,19704,1
weak,19705,1
weak,19706,1
weak,19707,1
weak,19708,1
weak,19709,1
weak,19710,1
weak,19711,1
weak,19712,1
weak,19713,1
weak,19714,1
weak,19715,1
weak,19716,1
weak,19717,1
weak,19718,1
weak,19719,1
weak,19720,1
weak,19721,1
weak,19722,1
weak,19723,1
weak,19724,1
weak,19725,1
weak,19726,1
weak,19727,1
weak,19728,1
weak,19729,1
weak,19730,1
weak,19731,1
weak,19732,1
weak,19733,1
weak,19734,1
weak,19735,1
weak,19736,1
weak,19737,1
weak,19738,1
weak,19739,1
weak,19740,1
weak,19741,1
weak,19742,1
weak,19743,1
weak,19744,1
weak,19745,1
weak,19746,1
weak,19747,1
weak,19748,1
weak,19749,1
weak,19750,1
weak,19751,1
weak,19752,1
weak,19753,1
weak,19754,1
weak,19755,1
weak,19756,1
weak,19757,1
weak,19758,1
weak,19759,1
weak,19760,1
weak,19761,1
weak,19762,1
weak,19763,1
weak,19764,1
weak,19765,1
weak,19766,1
weak,19767,1
weak,19768,1
weak,19769,1
weak,19770,1
weak,19771,1
weak,19772,1
weak,19773,1
weak,19774,1
weak,19775,1
weak,19776,1
weak,19777,1
weak,19778,1
weak,19779,1
weak,19780,1
weak,19781,1
weak,19782,1
weak,19783,1
weak,19784,1
weak,19785,1
weak,19786,1
weak,19787,1
weak,19788,1
weak,19789,1
weak,19790,1
weak,19791,1
weak,19792,1
weak,19793,1
weak,19794,1
weak,19795,1
weak,19796,1
weak,19797,1
weak,19798,1
weak,19799,1
weak,19800,1
weak,19801,1
weak,19802,1
weak,19803,1
weak,19804,1
weak,19805,1
weak,19806,1
weak,19807,1
weak,19808,1
weak,19809,1
weak,19810,1
weak,19811,1
weak,19812,1
weak,19813,1
weak,19814,1
weak,19815,1
weak,19816,1
weak,19817,1
weak,19818,1
weak,19819,1
weak,19820,1
weak,19821,1
weak,19822,1
weak,19823,1
weak,19824,1
weak,19825,1
weak,19826,1
weak,19827,1
weak,19828,1
weak,19829,1
weak,19830,1
weak,19831,1
weak,19832,1
weak,19833,1
weak,19834,1
weak,19835,1
weak,19836,1
weak,19837,1
weak,19838,1
weak,19839,1
weak,19840,1
weak,19841,1
weak,19842,1
weak,19843,1
weak,19844,1
weak,19845,1
weak,19846,1
weak,19847,1
weak,19848,1
weak,19849,1
weak,19850,1
weak,19851,1
weak,19852,1
weak,19853,1
weak,19854,1
weak,19855,1
weak,19856,1
weak,19857,1
weak,19858,1
weak,19859,1
weak,19860,1
weak,19861,1
weak,19862,1
weak,19863,1
weak,19864,1
weak,19865,1
weak,19866,1
weak,19867,1
weak,19868,1
weak,19869,1
weak,19870,1
weak,19871,1
weak,19872,1
weak,19873,1
weak,19874,1
weak,19875,1
weak,19876,1
weak,19877,1
weak,19878,1
weak,19879,1
weak,19880,1
weak,19881,1
weak,19882,1
weak,19883,1
weak,19884,1
weak,19885,1
weak,19886,1
weak,19887,1
weak,19888,1
weak,19889,1
weak,19890,1
weak,19891,1
weak,19892,1
weak,19893,1
weak,19894,1
weak,19895,1
weak,19896,1
weak,19897,1
weak,19898,1
weak,19899,1
weak,19900,1
weak,19901,1
weak,19902,1
weak,19903,1
weak,19904,1
weak,19905,1
weak,19906,1
weak,19907,1
weak,19908,1
weak,19909,1
weak,19910,1
weak,19911,1
weak,19912,1
weak,19913,1
weak,19914,1
weak,19915,1
weak,19916,1
weak,19917,1
weak,19918,1
weak,19919,1
weak,19920,1
weak,19921,1
weak,19922,1
weak,19923,1
weak,19924,1
weak,19925,1
weak,19926,1
weak,19927,1
weak,19928,1
weak,19929,1
weak,19930,1
weak,19931,1
weak,19932,1
weak,19933,1
weak,19934,1
weak,19935,1
weak,19936,1
weak,19937,1
weak,19938,1
weak,19939,1
weak,19940,1
weak,19941,1
weak,19942,1
weak,19943,1
weak,19944,1
weak,19945,1
weak,19946,1
weak,19947,1
weak,19948,1
weak,19949,1
weak,19950,1
weak,19951,1
weak,19952,1
weak,19953,1
weak,19954,1
weak,19955,1
weak,19956,1
weak,19957,1
weak,19958,1
weak,19959,1
weak,19960,1
weak,19961,1
weak,19962,1
weak,19963,1
weak,19964,1
weak,19965,1
weak,19966,1
weak,19967,1
weak,19968,1
weak,19969,1
weak,19970,1
weak,19971,1
weak,19972,1
weak,19973,1
weak,19974,1
weak,19975,1
weak,19976,1
weak,19977,1
weak,19978,1
weak,19979,1
weak,19980,1
weak,19981,1
weak,19982,1
weak,19983,1
weak,19984,1
weak,19985,1
weak,19986,1
weak,19987,1
weak,19988,1
weak,19989,1
weak,19990,1
weak,19991,1
weak,19992,1
weak,19993,1
weak,19994,1
weak,19995,1
weak,19996,1
weak,19997,1
weak,19998,1
weak,19999,1
weak,20000,1
weak,20001,1
weak,20002,1
weak,20003,1
weak,20004,1
weak,20005,1
weak,20006,1
weak,20007,1
weak,20008,1
weak,20009,1
weak,20010,1
weak,20011,1
weak,20012,1
weak,20013,1
weak,20014,1
weak,20015,1
weak,20016,1
weak,20017,1
weak,20018,1
weak,20019,1
weak,20020,1
weak,20021,1
weak,20022,1
weak,20023,1
weak,20024,1
weak,20025,1
weak,20026,1
weak,20027,1
weak,20028,1
weak,20029,1
weak,20030,1
weak,20031,1
weak,20032,1
weak,20033,1
weak,20034,1
weak,20035,1
weak,20036,1
weak,20037,1
weak,20038,1
weak,20039,1
weak,20040,1
weak,20041,1
weak,20042,1
weak,20043,1
weak,20044,1
weak,20045,1
weak,20046,1
weak,20047,1
weak,20048,1
weak,20049,1
weak,20050,1
weak,20051,1
weak,20052,1
weak,20053,1
weak,20054,1
weak,20055,1
weak,20056,1
weak,20057,1
weak,20058,1
weak,20059,1
weak,20060,1
weak,20061,1
weak,20062,1
weak,20063,1
weak,20064,1
weak,20065,1
weak,20066,1
weak,20067,1
weak,20068,1
weak,20069,1
weak,20070,1
weak,20071,1
weak,20072,1
weak,20073,1
weak,20074,1
weak,20075,1
weak,20076,1
weak,20077,1
weak,20078,1
weak,20079,1
weak,20080,1
weak,20081,1
weak,20082,1
weak,20083,1
weak,20084,1
weak,20085,1
weak,20086,1
weak,20087,1
weak,20088,1
weak,20089,1
weak,20090,1
weak,20091,1
weak,20092,1
weak,20093,1
weak,20094,1
weak,20095,1
weak,20096,1
weak,20097,1
weak,20098,1
weak,20099,1
weak,20100,1
weak,20101,1
weak,20102,1
weak,20103,1
weak,20104,1
weak,20105,1
weak,20106,1
weak,20107,1
weak,20108,1
weak,20109,1
weak,20110,1
weak,20111,1
weak,20112,1
weak,20113,1
weak,20114,1
weak,20115,1
weak,20116,1
weak,20117,1
weak,20118,1
weak,20119,1
weak,20120,1
weak,20121,1
weak,20122,1
weak,20123,1
weak,20124,1
weak,20125,1
weak,20126,1
weak,20127,1
weak,20128,1
weak,20129,1
weak,20130,1
weak,20131,1
weak,20132,1
weak,20133,1
weak,20134,1
weak,20135,1
weak,20136,1
weak,20137,1
weak,20138,1
weak,20139,1
weak,20140,1
weak,20141,1
weak,20142,1
weak,20143,1
weak,20144,1
weak,20145,1
weak,20146,1
weak,20147,1
weak,20148,1
weak,20149,1
weak,20150,1
weak,20151,1
weak,20152,1
weak,20153,1
weak,20154,1
weak,20155,1
weak,20156,1
weak,20157,1
weak,20158,1
weak,20159,1
weak,20160,1
weak,20161,1
weak,20162,1
weak,20163,1
weak,20164,1
weak,20165,1
weak,20166,1
weak,20167,1
weak,20168,1
weak,20169,1
weak,20170,1
weak,20171,1
weak,20172,1
weak,20173,1
weak,20174,1
weak,20175,1
weak,20176,1
weak,20177,1
weak,20178,1
weak,20179,1
weak,20180,1
weak,20181,1
weak,20182,1
weak,20183,1
weak,20184,1
weak,20185,1
weak,20186,1
weak,20187,1
weak,20188,1
weak,20189,1
weak,20190,1
weak,20191,1
weak,20192,1
weak,20193,1
weak,20194,1
weak,20195,1
weak,20196,1
weak,20197,1
weak,20198,1
weak,20199,1
weak,20200,1
weak,20201,1
weak,20202,1
weak,20203,1
weak,20204,1
weak,20205,1
weak,20206,1
weak,20207,1
weak,20208,1
weak,20209,1
weak,20210,1
weak,20211,1
weak,20212,1
weak,20213,1
weak,20214,1
weak,20215,1
weak,20216,1
weak,20217,1
weak,20218,1
weak,20219,1
weak,20220,1
weak,20221,1
weak,20222,1
weak,20223,1
weak,20224,1
weak,20225,1
weak,20226,1
weak,20227,1
weak,20228,1
weak,20229,1
weak,20230,1
weak,20231,1
weak,20232,1
weak,20233,1
weak,20234,1
weak,20235,1
weak,20236,1
weak,20237,1
weak,20238,1
weak,20239,1
weak,20240,1
weak,20241,1
weak,20242,1
weak,20243,1
weak,20244,1
weak,20245,1
weak,20246,1
weak,20247,1
weak,20248,1
weak,20249,1
weak,20250,1
weak,20251,1
weak,20252,1
weak,20253,1
weak,20254,1
weak,20255,1
weak,20256,1
weak,20257,1
weak,20258,1
weak,20259,1
weak,20260,1
weak,20261,1
weak,20262,1
weak,20263,1
weak,20264,1
weak,20265,1
weak,20266,1
weak,20267,1
weak,20268,1
weak,20269,1
weak,20270,1
weak,20271,1
weak,20272,1
weak,20273,1
weak,20274,1
weak,20275,1
weak,20276,1
weak,20277,1
weak,20278,1
weak,20279,1
weak,20280,1
weak,20281,1
weak,20282,1
weak,20283,1
weak,20284,1
weak,20285,1
weak,20286,1
weak,20287,1
weak,20288,1
weak,20289,1
weak,20290,1
weak,20291,1
weak,20292,1
weak,20293,1
weak,20294,1
weak,20295,1
weak,20296,1
weak,20297,1
weak,20298,1
weak,20299,1
weak,20300,1
weak,20301,1
weak,20302,1
weak,20303,1
weak,20304,1
weak,20305,1
weak,20306,1
weak,20307,1
weak,20308,1
weak,20309,1
weak,20310,1
weak,20311,1
weak,20312,1
weak,20313,1
weak,20314,1
weak,20315,1
weak,20316,1
weak,20317,1
weak,20318,1
weak,20319,1
weak,20320,1
weak,20321,1
weak,20322,1
weak,20323,1
weak,20324,1
weak,20325,1
weak,20326,1
weak,20327,1
weak,20328,1
weak,20329,1
weak,20330,1
weak,20331,1
weak,20332,1
weak,20333,1
weak,20334,1
weak,20335,1
weak,20336,1
weak,20337,1
weak,20338,1
weak,20339,1
weak,20340,1
weak,20341,1
weak,20342,1
weak,20343,1
weak,20344,1
weak,20345,1
weak,20346,1
weak,20347,1
weak,20348,1
weak,20349,1
weak,20350,1
weak,20351,1
weak,20352,1
weak,20353,1
weak,20354,1
weak,20355,1
weak,20356,1
weak,20357,1
weak,20358,1
weak,20359,1
weak,20360,1
weak,20361,1
weak,20362,1
weak,20363,1
weak,20364,1
weak,20365,1
weak,20366,1
weak,20367,1
weak,20368,1
weak,20369,1
weak,20370,1
weak,20371,1
weak,20372,1
weak,20373,1
weak,20374,1
weak,20375,1
weak,20376,1
weak,20377,1
weak,20378,1
weak,20379,1
weak,20380,1
weak,20381,1
weak,20382,1
weak,20383,1
weak,20384,1
weak,20385,1
weak,20386,1
weak,20387,1
weak,20388,1
weak,20389,1
weak,20390,1
weak,20391,1
weak,20392,1
weak,20393,1
weak,20394,1
weak,20395,1
weak,20396,1
weak,20397,1
weak,20398,1
weak,20399,1
weak,20400,1
weak,20401,1
weak,20402,1
weak,20403,1
weak,20404,1
weak,20405,1
weak,20406,1
weak,20407,1
weak,20408,1
weak,20409,1
weak,20410,1
weak,20411,1
weak,20412,1
weak,20413,1
weak,20414,1
weak,20415,1
weak,20416,1
weak,20417,1
weak,20418,1
weak,20419,1
weak,20420,1
weak,20421,1
weak,20422,1
weak,20423,1
weak,20424,1
weak,20425,1
weak,20426,1
weak,20427,1
weak,20428,1
weak,20429,1
weak,20430,1
weak,20431,1
weak,20432,1
weak,20433,1
weak,20434,1
weak,20435,1
weak,20436,1
weak,20437,1
weak,20438,1
weak,20439,1
weak,20440,1
weak,20441,1
weak,20442,1
weak,20443,1
weak,20444,1
weak,20445,1
weak,20446,1
weak,20447,1
weak,20448,1
weak,20449,1
weak,20450,1
weak,20451,1
weak,20452,1
weak,20453,1
weak,20454,1
weak,20455,1
weak,20456,1
weak,20457,1
weak,20458,1
weak,20459,1
weak,20460,1
weak,20461,1
weak,20462,1
weak,20463,1
weak,20464,1
weak,20465,1
weak,20466,1
weak,20467,1
weak,20468,1
weak,20469,1
weak,20470,1
weak,20471,1
weak,20472,1
weak,20473,1
weak,20474,1
weak,20475,1
weak,20476,1
weak,20477,1
weak,20478,1
weak,20479,1
weak,20480,1
weak,20481,1
weak,20482,1
weak,20483,1
weak,20484,1
weak,20485,1
weak,20486,1
weak,20487,1
weak,20488,1
weak,20489,1
weak,20490,1
weak,20491,1
weak,20492,1
weak,20493,1
weak,20494,1
weak,20495,1
weak,20496,1
weak,20497,1
weak,20498,1
weak,20499,1
weak,20500,1
weak,20501,1
weak,20502,1
weak,20503,1
weak,20504,1
weak,20505,1
weak,20506,1
weak,20507,1
weak,20508,1
weak,20509,1
weak,20510,1
weak,20511,1
weak,20512,1
weak,20513,1
weak,20514,1
weak,20515,1
weak,20516,1
weak,20517,1
weak,20518,1
weak,20519,1
weak,20520,1
weak,20521,1
weak,20522,1
weak,20523,1
weak,20524,1
weak,20525,1
weak,20526,1
weak,20527,1
weak,20528,1
weak,20529,1
weak,20530,1
weak,20531,1
weak,20532,1
weak,20533,1
weak,20534,1
weak,20535,1
weak,20536,1
weak,20537,1
weak,20538,1
weak,20539,1
weak,20540,1
weak,20541,1
weak,20542,1
weak,20543,1
weak,20544,1
weak,20545,1
weak,20546,1
weak,20547,1
weak,20548,1
weak,20549,1
weak,20550,1
weak,20551,1
weak,20552,1
weak,20553,1
weak,20554,1
weak,20555,1
weak,20556,1
weak,20557,1
weak,20558,1
weak,20559,1
weak,20560,1
weak,20561,1
weak,20562,1
weak,20563,1
weak,20564,1
weak,20565,1
weak,20566,1
weak,20567,1
weak,20568,1
weak,20569,1
weak,20570,1
weak,20571,1
weak,20572,1
weak,20573,1
weak,20574,1
weak,20575,1
weak,20576,1
weak,20577,1
weak,20578,1
weak,20579,1
weak,20580,1
weak,20581,1
weak,20582,1
weak,20583,1
weak,20584,1
weak,20585,1
weak,20586,1
weak,20587,1
weak,20588,1
weak,20589,1
weak,20590,1
weak,20591,1
weak,20592,1
weak,20593,1
weak,20594,1
weak,20595,1
weak,20596,1
weak,20597,1
weak,20598,1
weak,20599,1
weak,20600,1
weak,20601,1
weak,20602,1
weak,20603,1
weak,20604,1
weak,20605,1
weak,20606,1
weak,20607,1
weak,20608,1
weak,20609,1
weak,20610,1
weak,20611,1
weak,20612,1
weak,20613,1
weak,20614,1
weak,20615,1
weak,20616,1
weak,20617,1
weak,20618,1
weak,20619,1
weak,20620,1
weak,20621,1
weak,20622,1
weak,20623,1
weak,20624,1
weak,20625,1
weak,20626,1
weak,20627,1
weak,20628,1
weak,20629,1
weak,20630,1
weak,20631,1
weak,20632,1
weak,20633,1
weak,20634,1
weak,20635,1
weak,20636,1
weak,20637,1
weak,20638,1
weak,20639,1
weak,20640,1
weak,20641,1
weak,20642,1
weak,20643,1
weak,20644,1
weak,20645,1
weak,20646,1
weak,20647,1
weak,20648,1
weak,20649,1
weak,20650,1
weak,20651,1
weak,20652,1
weak,20653,1
weak,20654,1
weak,20655,1
weak,20656,1
weak,20657,1
weak,20658,1
weak,20659,1
weak,20660,1
weak,20661,1
weak,20662,1
weak,20663,1
weak,20664,1
weak,20665,1
weak,20666,1
weak,20667,1
weak,20668,1
weak,20669,1
weak,20670,1
weak,20671,1
weak,20672,1
weak,20673,1
weak,20674,1
weak,20675,1
weak,20676,1
weak,20677,1
weak,20678,1
weak,20679,1
weak,20680,1
weak,20681,1
weak,20682,1
weak,20683,1
weak,20684,1
weak,20685,1
weak,20686,1
weak,20687,1
weak,20688,1
weak,20689,1
weak,20690,1
weak,20691,1
weak,20692,1
weak,20693,1
weak,20694,1
weak,20695,1
weak,20696,1
weak,20697,1
weak,20698,1
weak,20699,1
weak,20700,1
weak,20701,1
weak,20702,1
weak,20703,1
weak,20704,1
weak,20705,1
weak,20706,1
weak,20707,1
weak,20708,1
weak,20709,1
weak,20710,1
weak,20711,1
weak,20712,1
weak,20713,1
weak,20714,1
weak,20715,1
weak,20716,1
weak,20717,1
weak,20718,1
weak,20719,1
weak,20720,1
weak,20721,1
weak,20722,1
weak,20723,1
weak,20724,1
weak,20725,1
weak,20726,1
weak,20727,1
weak,20728,1
weak,20729,1
weak,20730,1
weak,20731,1
weak,20732,1
weak,20733,1
weak,20734,1
weak,20735,1
weak,20736,1
weak,20737,1
weak,20738,1
weak,20739,1
weak,20740,1
weak,20741,1
weak,20742,1
weak,20743,1
weak,20744,1
weak,20745,1
weak,20746,1
weak,20747,1
weak,20748,1
weak,20749,1
weak,20750,1
weak,20751,1
weak,20752,1
weak,20753,1
weak,20754,1
weak,20755,1
weak,20756,1
weak,20757,1
weak,20758,1
weak,20759,1
weak,20760,1
weak,20761,1
weak,20762,1
weak,20763,1
weak,20764,1
weak,20765,1
weak,20766,1
weak,20767,1
weak,20768,1
weak,20769,1
weak,20770,1
weak,20771,1
weak,20772,1
weak,20773,1
weak,20774,1
weak,20775,1
weak,20776,1
weak,20777,1
weak,20778,1
weak,20779,1
weak,20780,1
weak,20781,1
weak,20782,1
weak,20783,1
weak,20784,1
weak,20785,1
weak,20786,1
weak,20787,1
weak,20788,1
weak,20789,1
weak,20790,1
weak,20791,1
weak,20792,1
weak,20793,1
weak,20794,1
weak,20795,1
weak,20796,1
weak,20797,1
weak,20798,1
weak,20799,1
weak,20800,1
weak,20801,1
weak,20802,1
weak,20803,1
weak,20804,1
weak,20805,1
weak,20806,1
weak,20807,1
weak,20808,1
weak,20809,1
weak,20810,1
weak,20811,1
weak,20812,1
weak,20813,1
weak,20814,1
weak,20815,1
weak,20816,1
weak,20817,1
weak,20818,1
weak,20819,1
weak,20820,1
weak,20821,1
weak,20822,1
weak,20823,1
weak,20824,1
weak,20825,1
weak,20826,1
weak,20827,1
weak,20828,1
weak,20829,1
weak,20830,1
weak,20831,1
weak,20832,1
weak,20833,1
weak,20834,1
weak,20835,1
weak,20836,1
weak,20837,1
weak,20838,1
weak,20839,1
weak,20840,1
weak,20841,1
weak,20842,1
weak,20843,1
weak,20844,1
weak,20845,1
weak,20846,1
weak,20847,1
weak,20848,1
weak,20849,1
weak,20850,1
weak,20851,1
weak,20852,1
weak,20853,1
weak,20854,1
weak,20855,1
weak,20856,1
weak,20857,1
weak,20858,1
weak,20859,1
weak,20860,1
weak,20861,1
weak,20862,1
weak,20863,1
weak,20864,1
weak,20865,1
weak,20866,1
weak,20867,1
weak,20868,1
weak,20869,1
weak,20870,1
weak,20871,1
weak,20872,1
weak,20873,1
weak,20874,1
weak,20875,1
weak,20876,1
weak,20877,1
weak,20878,1
weak,20879,1
weak,20880,1
weak,20881,1
weak,20882,1
weak,20883,1
weak,20884,1
weak,20885,1
weak,20886,1
weak,20887,1
weak,20888,1
weak,20889,1
weak,20890,1
weak,20891,1
weak,20892,1
weak,20893,1
weak,20894,1
weak,20895,1
weak,20896,1
weak,20897,1
weak,20898,1
weak,20899,1
weak,20900,1
weak,20901,1
weak,20902,1
weak,20903,1
weak,20904,1
weak,20905,1
weak,20906,1
weak,20907,1
weak,20908,1
weak,20909,1
weak,20910,1
weak,20911,1
weak,20912,1
weak,20913,1
weak,20914,1
weak,20915,1
weak,20916,1
weak,20917,1
weak,20918,1
weak,20919,1
weak,20920,1
weak,20921,1
weak,20922,1
weak,20923,1
weak,20924,1
weak,20925,1
weak,20926,1
weak,20927,1
weak,20928,1
weak,20929,1
weak,20930,1
weak,20931,1
weak,20932,1
weak,20933,1
weak,20934,1
weak,20935,1
weak,20936,1
weak,20937,1
weak,20938,1
weak,20939,1
weak,20940,1
weak,20941,1
weak,20942,1
weak,20943,1
weak,20944,1
weak,20945,1
weak,20946,1
weak,20947,1
weak,20948,1
weak,20949,1
weak,20950,1
weak,20951,1
weak,20952,1
weak,20953,1
weak,20954,1
weak,20955,1
weak,20956,1
weak,20957,1
weak,20958,1
weak,20959,1
weak,20960,1
weak,20961,1
weak,20962,1
weak,20963,1
weak,20964,1
weak,20965,1
weak,20966,1
weak,20967,1
weak,20968,1
weak,20969,1
weak,20970,1
weak,20971,1
weak,20972,1
weak,20973,1
weak,20974,1
weak,20975,1
weak,20976,1
weak,20977,1
weak,20978,1
weak,20979,1
weak,20980,1
weak,20981,1
weak,20982,1
weak,20983,1
weak,20984,1
weak,20985,1
weak,20986,1
weak,20987,1
weak,20988,1
weak,20989,1
weak,20990,1
weak,20991,1
weak,20992,1
weak,20993,1
weak,20994,1
weak,20995,1
weak,20996,1
weak,20997,1
weak,20998,1
weak,20999,1
weak,21000,1
weak,21001,1
weak,21002,1
weak,21003,1
weak,21004,1
weak,21005,1
weak,21006,1
weak,21007,1
weak,21008,1
weak,21009,1
weak,21010,1
weak,21011,1
weak,21012,1
weak,21013,1
weak,21014,1
weak,21015,1
weak,21016,1
weak,21017,1
weak,21018,1
weak,21019,1
weak,21020,1
weak,21021,1
weak,21022,1
weak,21023,1
weak,21024,1
weak,21025,1
weak,21026,1
weak,21027,1
weak,21028,1
weak,21029,1
weak,21030,1
weak,21031,1
weak,21032,1
weak,21033,1
weak,21034,1
weak,21035,1
weak,21036,1
weak,21037,1
weak,21038,1
weak,21039,1
weak,21040,1
weak,21041,1
weak,21042,1
weak,21043,1
weak,21044,1
weak,21045,1
weak,21046,1
weak,21047,1
weak,21048,1
weak,21049,1
weak,21050,1
weak,21051,1
weak,21052,1
weak,21053,1
weak,21054,1
weak,21055,1
weak,21056,1
weak,21057,1
weak,21058,1
weak,21059,1
weak,21060,1
weak,21061,1
weak,21062,1
weak,21063,1
weak,21064,1
weak,21065,1
weak,21066,1
weak,21067,1
weak,21068,1
weak,21069,1
weak,21070,1
weak,21071,1
weak,21072,1
weak,21073,1
weak,21074,1
weak,21075,1
weak,21076,1
weak,21077,1
weak,21078,1
weak,21079,1
weak,21080,1
weak,21081,1
weak,21082,1
weak,21083,1
weak,21084,1
weak,21085,1
weak,21086,1
weak,21087,1
weak,21088,1
weak,21089,1
weak,21090,1
weak,21091,1
weak,21092,1
weak,21093,1
weak,21094,1
weak,21095,1
weak,21096,1
weak,21097,1
weak,21098,1
weak,21099,1
weak,21100,1
weak,21101,1
weak,21102,1
weak,21103,1
weak,21104,1
weak,21105,1
weak,21106,1
weak,21107,1
weak,21108,1
weak,21109,1
weak,21110,1
weak,21111,1
weak,21112,1
weak,21113,1
weak,21114,1
weak,21115,1
weak,21116,1
weak,21117,1
weak,21118,1
weak,21119,1
weak,21120,1
weak,21121,1
weak,21122,1
weak,21123,1
weak,21124,1
weak,21125,1
weak,21126,1
weak,21127,1
weak,21128,1
weak,21129,1
weak,21130,1
weak,21131,1
weak,21132,1
weak,21133,1
weak,21134,1
weak,21135,1
weak,21136,1
weak,21137,1
weak,21138,1
weak,21139,1
weak,21140,1
weak,21141,1
weak,21142,1
weak,21143,1
weak,21144,1
weak,21145,1
weak,21146,1
weak,21147,1
weak,21148,1
weak,21149,1
weak,21150,1
weak,21151,1
weak,21152,1
weak,21153,1
weak,21154,1
weak,21155,1
weak,21156,1
weak,21157,1
weak,21158,1
weak,21159,1
weak,21160,1
weak,21161,1
weak,21162,1
weak,21163,1
weak,21164,1
weak,21165,1
weak,21166,1
weak,21167,1
weak,21168,1
weak,21169,1
weak,21170,1
weak,21171,1
weak,21172,1
weak,21173,1
weak,21174,1
weak,21175,1
weak,21176,1
weak,21177,1
weak,21178,1
weak,21179,1
weak,21180,1
weak,21181,1
weak,21182,1
weak,21183,1
weak,21184,1
weak,21185,1
weak,21186,1
weak,21187,1
weak,21188,1
weak,21189,1
weak,21190,1
weak,21191,1
weak,21192,1
weak,21193,1
weak,21194,1
weak,21195,1
weak,21196,1
weak,21197,1
weak,21198,1
weak,21199,1
weak,21200,1
weak,21201,1
weak,21202,1
weak,21203,1
weak,21204,1
weak,21205,1
weak,21206,1
weak,21207,1
weak,21208,1
weak,21209,1
weak,21210,1
weak,21211,1
weak,21212,1
weak,21213,1
weak,21214,1
weak,21215,1
weak,21216,1
weak,21217,1
weak,21218,1
weak,21219,1
weak,21220,1
weak,21221,1
weak,21222,1
weak,21223,1
weak,21224,1
weak,21225,1
weak,21226,1
weak,21227,1
weak,21228,1
weak,21229,1
weak,21230,1
weak,21231,1
weak,21232,1
weak,21233,1
weak,21234,1
weak,21235,1
weak,21236,1
weak,21237,1
weak,21238,1
weak,21239,1
weak,21240,1
weak,21241,1
weak,21242,1
weak,21243,1
weak,21244,1
weak,21245,1
weak,21246,1
weak,21247,1
weak,21248,1
weak,21249,1
weak,21250,1
weak,21251,1
weak,21252,1
weak,21253,1
weak,21254,1
weak,21255,1
weak,21256,1
weak,21257,1
weak,21258,1
weak,21259,1
weak,21260,1
weak,21261,1
weak,21262,1
weak,21263,1
weak,21264,1
weak,21265,1
weak,21266,1
weak,21267,1
weak,21268,1
weak,21269,1
weak,21270,1
weak,21271,1
weak,21272,1
weak,21273,1
weak,21274,1
weak,21275,1
weak,21276,1
weak,21277,1
weak,21278,1
weak,21279,1
weak,21280,1
weak,21281,1
weak,21282,1
weak,21283,1
weak,21284,1
weak,21285,1
weak,21286,1
weak,21287,1
weak,21288,1
weak,21289,1
weak,21290,1
weak,21291,1
weak,21292,1
weak,21293,1
weak,21294,1
weak,21295,1
weak,21296,1
weak,21297,1
weak,21298,1
weak,21299,1
weak,21300,1
weak,21301,1
weak,21302,1
weak,21303,1
weak,21304,1
weak,21305,1
weak,21306,1
weak,21307,1
weak,21308,1
weak,21309,1
weak,21310,1
weak,21311,1
weak,21312,1
weak,21313,1
weak,21314,1
weak,21315,1
weak,21316,1
weak,21317,1
weak,21318,1
weak,21319,1
weak,21320,1
weak,21321,1
weak,21322,1
weak,21323,1
weak,21324,1
weak,21325,1
weak,21326,1
weak,21327,1
weak,21328,1
weak,21329,1
weak,21330,1
weak,21331,1
weak,21332,1
weak,21333,1
weak,21334,1
weak,21335,1
weak,21336,1
weak,21337,1
weak,21338,1
weak,21339,1
weak,21340,1
weak,21341,1
weak,21342,1
weak,21343,1
weak,21344,1
weak,21345,1
weak,21346,1
weak,21347,1
weak,21348,1
weak,21349,1
weak,21350,1
weak,21351,1
weak,21352,1
weak,21353,1
weak,21354,1
weak,21355,1
weak,21356,1
weak,21357,1
weak,21358,1
weak,21359,1
weak,21360,1
weak,21361,1
weak,21362,1
weak,21363,1
weak,21364,1
weak,21365,1
weak,21366,1
weak,21367,1
weak,21368,1
weak,21369,1
weak,21370,1
weak,21371,1
weak,21372,1
weak,21373,1
weak,21374,1
weak,21375,1
weak,21376,1
weak,21377,1
weak,21378,1
weak,21379,1
weak,21380,1
weak,21381,1
weak,21382,1
weak,21383,1
weak,21384,1
weak,21385,1
weak,21386,1
weak,21387,1
weak,21388,1
weak,21389,1
weak,21390,1
weak,21391,1
weak,21392,1
weak,21393,1
weak,21394,1
weak,21395,1
weak,21396,1
weak,21397,1
weak,21398,1
weak,21399,1
weak,21400,1
weak,21401,1
weak,21402,1
weak,21403,1
weak,21404,1
weak,21405,1
weak,21406,1
weak,21407,1
weak,21408,1
weak,21409,1
weak,21410,1
weak,21411,1
weak,21412,1
weak,21413,1
weak,21414,1
weak,21415,1
weak,21416,1
weak,21417,1
weak,21418,1
weak,21419,1
weak,21420,1
weak,21421,1
weak,21422,1
weak,21423,1
weak,21424,1
weak,21425,1
weak,21426,1
weak,21427,1
weak,21428,1
weak,21429,1
weak,21430,1
weak,21431,1
weak,21432,1
weak,21433,1
weak,21434,1
weak,21435,1
weak,21436,1
weak,21437,1
weak,21438,1
weak,21439,1
weak,21440,1
weak,21441,1
weak,21442,1
weak,21443,1
weak,21444,1
weak,21445,1
weak,21446,1
weak,21447,1
weak,21448,1
weak,21449,1
weak,21450,1
weak,21451,1
weak,21452,1
weak,21453,1
weak,21454,1
weak,21455,1
weak,21456,1
weak,21457,1
weak,21458,1
weak,21459,1
weak,21460,1
weak,21461,1
weak,21462,1
weak,21463,1
weak,21464,1
weak,21465,1
weak,21466,1
weak,21467,1
weak,21468,1
weak,21469,1
weak,21470,1
weak,21471,1
weak,21472,1
weak,21473,1
weak,21474,1
weak,21475,1
weak,21476,1
weak,21477,1
weak,21478,1
weak,21479,1
weak,21480,1
weak,21481,1
weak,21482,1
weak,21483,1
weak,21484,1
weak,21485,1
weak,21486,1
weak,21487,1
weak,21488,1
weak,21489,1
weak,21490,1
weak,21491,1
weak,21492,1
weak,21493,1
weak,21494,1
weak,21495,1
weak,21496,1
weak,21497,1
weak,21498,1
weak,21499,1
weak,21500,1
weak,21501,1
weak,21502,1
weak,21503,1
weak,21504,1
weak,21505,1
weak,21506,1
weak,21507,1
weak,21508,1
weak,21509,1
weak,21510,1
weak,21511,1
weak,21512,1
weak,21513,1
weak,21514,1
weak,21515,1
weak,21516,1
weak,21517,1
weak,21518,1
weak,21519,1
weak,21520,1
weak,21521,1
weak,21522,1
weak,21523,1
weak,21524,1
weak,21525,1
weak,21526,1
weak,21527,1
weak,21528,1
weak,21529,1
weak,21530,1
weak,21531,1
weak,21532,1
weak,21533,1
weak,21534,1
weak,21535,1
weak,21536,1
weak,21537,1
weak,21538,1
weak,21539,1
weak,21540,1
weak,21541,1
weak,21542,1
weak,21543,1
weak,21544,1
weak,21545,1
weak,21546,1
weak,21547,1
weak,21548,1
weak,21549,1
weak,21550,1
weak,21551,1
weak,21552,1
weak,21553,1
weak,21554,1
weak,21555,1
weak,21556,1
weak,21557,1
weak,21558,1
weak,21559,1
weak,21560,1
weak,21561,1
weak,21562,1
weak,21563,1
weak,21564,1
weak,21565,1
weak,21566,1
weak,21567,1
weak,21568,1
weak,21569,1
weak,21570,1
weak,21571,1
weak,21572,1
weak,21573,1
weak,21574,1
weak,21575,1
weak,21576,1
weak,21577,1
weak,21578,1
weak,21579,1
weak,21580,1
weak,21581,1
weak,21582,1
weak,21583,1
weak,21584,1
weak,21585,1
weak,21586,1
weak,21587,1
weak,21588,1
weak,21589,1
weak,21590,1
weak,21591,1
weak,21592,1
weak,21593,1
weak,21594,1
weak,21595,1
weak,21596,1
weak,21597,1
weak,21598,1
weak,21599,1
weak,21600,1
weak,21601,1
weak,21602,1
weak,21603,1
weak,21604,1
weak,21605,1
weak,21606,1
weak,21607,1
weak,21608,1
weak,21609,1
weak,21610,1
weak,21611,1
weak,21612,1
weak,21613,1
weak,21614,1
weak,21615,1
weak,21616,1
weak,21617,1
weak,21618,1
weak,21619,1
weak,21620,1
weak,21621,1
weak,21622,1
weak,21623,1
weak,21624,1
weak,21625,1
weak,21626,1
weak,21627,1
weak,21628,1
weak,21629,1
weak,21630,1
weak,21631,1
weak,21632,1
weak,21633,1
weak,21634,1
weak,21635,1
weak,21636,1
weak,21637,1
weak,21638,1
weak,21639,1
weak,21640,1
weak,21641,1
weak,21642,1
weak,21643,1
weak,21644,1
weak,21645,1
weak,21646,1
weak,21647,1
weak,21648,1
weak,21649,1
weak,21650,1
weak,21651,1
weak,21652,1
weak,21653,1
weak,21654,1
weak,21655,1
weak,21656,1
weak,21657,1
weak,21658,1
weak,21659,1
weak,21660,1
weak,21661,1
weak,21662,1
weak,21663,1
weak,21664,1
weak,21665,1
weak,21666,1
weak,21667,1
weak,21668,1
weak,21669,1
weak,21670,1
weak,21671,1
weak,21672,1
weak,21673,1
weak,21674,1
weak,21675,1
weak,21676,1
weak,21677,1
weak,21678,1
weak,21679,1
weak,21680,1
weak,21681,1
weak,21682,1
weak,21683,1
weak,21684,1
weak,21685,1
weak,21686,1
weak,21687,1
weak,21688,1
weak,21689,1
weak,21690,1
weak,21691,1
weak,21692,1
weak,21693,1
weak,21694,1
weak,21695,1
weak,21696,1
weak,21697,1
weak,21698,1
weak,21699,1
weak,21700,1
weak,21701,1
weak,21702,1
weak,21703,1
weak,21704,1
weak,21705,1
weak,21706,1
weak,21707,1
weak,21708,1
weak,21709,1
weak,21710,1
weak,21711,1
weak,21712,1
weak,21713,1
weak,21714,1
weak,21715,1
weak,21716,1
weak,21717,1
weak,21718,1
weak,21719,1
weak,21720,1
weak,21721,1
weak,21722,1
weak,21723,1
weak,21724,1
weak,21725,1
weak,21726,1
weak,21727,1
weak,21728,1
weak,21729,1
weak,21730,1
weak,21731,1
weak,21732,1
weak,21733,1
weak,21734,1
weak,21735,1
weak,21736,1
weak,21737,1
weak,21738,1
weak,21739,1
weak,21740,1
weak,21741,1
weak,21742,1
weak,21743,1
weak,21744,1
weak,21745,1
weak,21746,1
weak,21747,1
weak,21748,1
weak,21749,1
weak,21750,1
weak,21751,1
weak,21752,1
weak,21753,1
weak,21754,1
weak,21755,1
weak,21756,1
weak,21757,1
weak,21758,1
weak,21759,1
weak,21760,1
weak,21761,1
weak,21762,1
weak,21763,1
weak,21764,1
weak,21765,1
weak,21766,1
weak,21767,1
weak,21768,1
weak,21769,1
weak,21770,1
weak,21771,1
weak,21772,1
weak,21773,1
weak,21774,1
weak,21775,1
weak,21776,1
weak,21777,1
weak,21778,1
weak,21779,1
weak,21780,1
weak,21781,1
weak,21782,1
weak,21783,1
weak,21784,1
weak,21785,1
weak,21786,1
weak,21787,1
weak,21788,1
weak,21789,1
weak,21790,1
weak,21791,1
weak,21792,1
weak,21793,1
weak,21794,1
weak,21795,1
weak,21796,1
weak,21797,1
weak,21798,1
weak,21799,1
weak,21800,1
weak,21801,1
weak,21802,1
weak,21803,1
weak,21804,1
weak,21805,1
weak,21806,1
weak,21807,1
weak,21808,1
weak,21809,1
weak,21810,1
weak,21811,1
weak,21812,1
weak,21813,1
weak,21814,1
weak,21815,1
weak,21816,1
weak,21817,1
weak,21818,1
weak,21819,1
weak,21820,1
weak,21821,1
weak,21822,1
weak,21823,1
weak,21824,1
weak,21825,1
weak,21826,1
weak,21827,1
weak,21828,1
weak,21829,1
weak,21830,1
weak,21831,1
weak,21832,1
weak,21833,1
weak,21834,1
weak,21835,1
weak,21836,1
weak,21837,1
weak,21838,1
weak,21839,1
weak,21840,1
weak,21841,1
weak,21842,1
weak,21843,1
weak,21844,1
weak,21845,1
weak,21846,1
weak,21847,1
weak,21848,1
weak,21849,1
weak,21850,1
weak,21851,1
weak,21852,1
weak,21853,1
weak,21854,1
weak,21855,1
weak,21856,1
weak,21857,1
weak,21858,1
weak,21859,1
weak,21860,1
weak,21861,1
weak,21862,1
weak,21863,1
weak,21864,1
weak,21865,1
weak,21866,1
weak,21867,1
weak,21868,1
weak,21869,1
weak,21870,1
weak,21871,1
weak,21872,1
weak,21873,1
weak,21874,1
weak,21875,1
weak,21876,1
weak,21877,1
weak,21878,1
weak,21879,1
weak,21880,1
weak,21881,1
weak,21882,1
weak,21883,1
weak,21884,1
weak,21885,1
weak,21886,1
weak,21887,1
weak,21888,1
weak,21889,1
weak,21890,1
weak,21891,1
weak,21892,1
weak,21893,1
weak,21894,1
weak,21895,1
weak,21896,1
weak,21897,1
weak,21898,1
weak,21899,1
weak,21900,1
weak,21901,1
weak,21902,1
weak,21903,1
weak,21904,1
weak,21905,1
weak,21906,1
weak,21907,1
weak,21908,1
weak,21909,1
weak,21910,1
weak,21911,1
weak,21912,1
weak,21913,1
weak,21914,1
weak,21915,1
weak,21916,1
weak,21917,1
weak,21918,1
weak,21919,1
weak,21920,1
weak,21921,1
weak,21922,1
weak,21923,1
weak,21924,1
weak,21925,1
weak,21926,1
weak,21927,1
weak,21928,1
weak,21929,1
weak,21930,1
weak,21931,1
weak,21932,1
weak,21933,1
weak,21934,1
weak,21935,1
weak,21936,1
weak,21937,1
weak,21938,1
weak,21939,1
weak,21940,1
weak,21941,1
weak,21942,1
weak,21943,1
weak,21944,1
weak,21945,1
weak,21946,1
weak,21947,1
weak,21948,1
weak,21949,1
weak,21950,1
weak,21951,1
weak,21952,1
weak,21953,1
weak,21954,1
weak,21955,1
weak,21956,1
weak,21957,1
weak,21958,1
weak,21959,1
weak,21960,1
weak,21961,1
weak,21962,1
weak,21963,1
weak,21964,1
weak,21965,1
weak,21966,1
weak,21967,1
weak,21968,1
weak,21969,1
weak,21970,1
weak,21971,1
weak,21972,1
weak,21973,1
weak,21974,1
weak,21975,1
weak,21976,1
weak,21977,1
weak,21978,1
weak,21979,1
weak,21980,1
weak,21981,1
weak,21982,1
weak,21983,1
weak,21984,1
weak,21985,1
weak,21986,1
weak,21987,1
weak,21988,1
weak,21989,1
weak,21990,1
weak,21991,1
weak,21992,1
weak,21993,1
weak,21994,1
weak,21995,1
weak,21996,1
weak,21997,1
weak,21998,1
weak,21999,1
weak,22000,1
weak,22001,1
weak,22002,1
weak,22003,1
weak,22004,1
weak,22005,1
weak,22006,1
weak,22007,1
weak,22008,1
weak,22009,1
weak,22010,1
weak,22011,1
weak,22012,1
weak,22013,1
weak,22014,1
weak,22015,1
weak,22016,1
weak,22017,1
weak,22018,1
weak,22019,1
weak,22020,1
weak,22021,1
weak,22022,1
weak,22023,1
weak,22024,1
weak,22025,1
weak,22026,1
weak,22027,1
weak,22028,1
weak,22029,1
weak,22030,1
weak,22031,1
weak,22032,1
weak,22033,1
weak,22034,1
weak,22035,1
weak,22036,1
weak,22037,1
weak,22038,1
weak,22039,1
weak,22040,1
weak,22041,1
weak,22042,1
weak,22043,1
weak,22044,1
weak,22045,1
weak,22046,1
weak,22047,1
weak,22048,1
weak,22049,1
weak,22050,1
weak,22051,1
weak,22052,1
weak,22053,1
weak,22054,1
weak,22055,1
weak,22056,1
weak,22057,1
weak,22058,1
weak,22059,1
weak,22060,1
weak,22061,1
weak,22062,1
weak,22063,1
weak,22064,1
weak,22065,1
weak,22066,1
weak,22067,1
weak,22068,1
weak,22069,1
weak,22070,1
weak,22071,1
weak,22072,1
weak,22073,1
weak,22074,1
weak,22075,1
weak,22076,1
weak,22077,1
weak,22078,1
weak,22079,1
weak,22080,1
weak,22081,1
weak,22082,1
weak,22083,1
weak,22084,1
weak,22085,1
weak,22086,1
weak,22087,1
weak,22088,1
weak,22089,1
weak,22090,1
weak,22091,1
weak,22092,1
weak,22093,1
weak,22094,1
weak,22095,1
weak,22096,1
weak,22097,1
weak,22098,1
weak,22099,1
weak,22100,1
weak,22101,1
weak,22102,1
weak,22103,1
weak,22104,1
weak,22105,1
weak,22106,1
weak,22107,1
weak,22108,1
weak,22109,1
weak,22110,1
weak,22111,1
weak,22112,1
weak,22113,1
weak,22114,1
weak,22115,1
weak,22116,1
weak,22117,1
weak,22118,1
weak,22119,1
weak,22120,1
weak,22121,1
weak,22122,1
weak,22123,1
weak,22124,1
weak,22125,1
weak,22126,1
weak,22127,1
weak,22128,1
weak,22129,1
weak,22130,1
weak,22131,1
weak,22132,1
weak,22133,1
weak,22134,1
weak,22135,1
weak,22136,1
weak,22137,1
weak,22138,1
weak,22139,1
weak,22140,1
weak,22141,1
weak,22142,1
weak,22143,1
weak,22144,1
weak,22145,1
weak,22146,1
weak,22147,1
weak,22148,1
weak,22149,1
weak,22150,1
weak,22151,1
weak,22152,1
weak,22153,1
weak,22154,1
weak,22155,1
weak,22156,1
weak,22157,1
weak,22158,1
weak,22159,1
weak,22160,1
weak,22161,1
weak,22162,1
weak,22163,1
weak,22164,1
weak,22165,1
weak,22166,1
weak,22167,1
weak,22168,1
weak,22169,1
weak,22170,1
weak,22171,1
weak,22172,1
weak,22173,1
weak,22174,1
weak,22175,1
weak,22176,1
weak,22177,1
weak,22178,1
weak,22179,1
weak,22180,1
weak,22181,1
weak,22182,1
weak,22183,1
weak,22184,1
weak,22185,1
weak,22186,1
weak,22187,1
weak,22188,1
weak,22189,1
weak,22190,1
weak,22191,1
weak,22192,1
weak,22193,1
weak,22194,1
weak,22195,1
weak,22196,1
weak,22197,1
weak,22198,1
weak,22199,1
weak,22200,1
weak,22201,1
weak,22202,1
weak,22203,1
weak,22204,1
weak,22205,1
weak,22206,1
weak,22207,1
weak,22208,1
weak,22209,1
weak,22210,1
weak,22211,1
weak,22212,1
weak,22213,1
weak,22214,1
weak,22215,1
weak,22216,1
weak,22217,1
weak,22218,1
weak,22219,1
weak,22220,1
weak,22221,1
weak,22222,1
weak,22223,1
weak,22224,1
weak,22225,1
weak,22226,1
weak,22227,1
weak,22228,1
weak,22229,1
weak,22230,1
weak,22231,1
weak,22232,1
weak,22233,1
weak,22234,1
weak,22235,1
weak,22236,1
weak,22237,1
weak,22238,1
weak,22239,1
weak,22240,1
weak,22241,1
weak,22242,1
weak,22243,1
weak,22244,1
weak,22245,1
weak,22246,1
weak,22247,1
weak,22248,1
weak,22249,1
weak,22250,1
weak,22251,1
weak,22252,1
weak,22253,1
weak,22254,1
weak,22255,1
weak,22256,1
weak,22257,1
weak,22258,1
weak,22259,1
weak,22260,1
weak,22261,1
weak,22262,1
weak,22263,1
weak,22264,1
weak,22265,1
weak,22266,1
weak,22267,1
weak,22268,1
weak,22269,1
weak,22270,1
weak,22271,1
weak,22272,1
weak,22273,1
weak,22274,1
weak,22275,1
weak,22276,1
weak,22277,1
weak,22278,1
weak,22279,1
weak,22280,1
weak,22281,1
weak,22282,1
weak,22283,1
weak,22284,1
weak,22285,1
weak,22286,1
weak,22287,1
weak,22288,1
weak,22289,1
weak,22290,1
weak,22291,1
weak,22292,1
weak,22293,1
weak,22294,1
weak,22295,1
weak,22296,1
weak,22297,1
weak,22298,1
weak,22299,1
weak,22300,1
weak,22301,1
weak,22302,1
weak,22303,1
weak,22304,1
weak,22305,1
weak,22306,1
weak,22307,1
weak,22308,1
weak,22309,1
weak,22310,1
weak,22311,1
weak,22312,1
weak,22313,1
weak,22314,1
weak,22315,1
weak,22316,1
weak,22317,1
weak,22318,1
weak,22319,1
weak,22320,1
weak,22321,1
weak,22322,1
weak,22323,1
weak,22324,1
weak,22325,1
weak,22326,1
weak,22327,1
weak,22328,1
weak,22329,1
weak,22330,1
weak,22331,1
weak,22332,1
weak,22333,1
weak,22334,1
weak,22335,1
weak,22336,1
weak,22337,1
weak,22338,1
weak,22339,1
weak,22340,1
weak,22341,1
weak,22342,1
weak,22343,1
weak,22344,1
weak,22345,1
weak,22346,1
weak,22347,1
weak,22348,1
weak,22349,1
weak,22350,1
weak,22351,1
weak,22352,1
weak,22353,1
weak,22354,1
weak,22355,1
weak,22356,1
weak,22357,1
weak,22358,1
weak,22359,1
weak,22360,1
weak,22361,1
weak,22362,1
weak,22363,1
weak,22364,1
weak,22365,1
weak,22366,1
weak,22367,1
weak,22368,1
weak,22369,1
weak,22370,1
weak,22371,1
weak,22372,1
weak,22373,1
weak,22374,1
weak,22375,1
weak,22376,1
weak,22377,1
weak,22378,1
weak,22379,1
weak,22380,1
weak,22381,1
weak,22382,1
weak,22383,1
weak,22384,1
weak,22385,1
weak,22386,1
weak,22387,1
weak,22388,1
weak,22389,1
weak,22390,1
weak,22391,1
weak,22392,1
weak,22393,1
weak,22394,1
weak,22395,1
weak,22396,1
weak,22397,1
weak,22398,1
weak,22399,1
weak,22400,1
weak,22401,1
weak,22402,1
weak,22403,1
weak,22404,1
weak,22405,1
weak,22406,1
weak,22407,1
weak,22408,1
weak,22409,1
weak,22410,1
weak,22411,1
weak,22412,1
weak,22413,1
weak,22414,1
weak,22415,1
weak,22416,1
weak,22417,1
weak,22418,1
weak,22419,1
weak,22420,1
weak,22421,1
weak,22422,1
weak,22423,1
weak,22424,1
weak,22425,1
weak,22426,1
weak,22427,1
weak,22428,1
weak,22429,1
weak,22430,1
weak,22431,1
weak,22432,1
weak,22433,1
weak,22434,1
weak,22435,1
weak,22436,1
weak,22437,1
weak,22438,1
weak,22439,1
weak,22440,1
weak,22441,1
weak,22442,1
weak,22443,1
weak,22444,1
weak,22445,1
weak,22446,1
weak,22447,1
weak,22448,1
weak,22449,1
weak,22450,1
weak,22451,1
weak,22452,1
weak,22453,1
weak,22454,1
weak,22455,1
weak,22456,1
weak,22457,1
weak,22458,1
weak,22459,1
weak,22460,1
weak,22461,1
weak,22462,1
weak,22463,1
weak,22464,1
weak,22465,1
weak,22466,1
weak,22467,1
weak,22468,1
weak,22469,1
weak,22470,1
weak,22471,1
weak,22472,1
weak,22473,1
weak,22474,1
weak,22475,1
weak,22476,1
weak,22477,1
weak,22478,1
weak,22479,1
weak,22480,1
weak,22481,1
weak,22482,1
weak,22483,1
weak,22484,1
weak,22485,1
weak,22486,1
weak,22487,1
weak,22488,1
weak,22489,1
weak,22490,1
weak,22491,1
weak,22492,1
weak,22493,1
weak,22494,1
weak,22495,1
weak,22496,1
weak,22497,1
weak,22498,1
weak,22499,1
weak,22500,1
weak,22501,1
weak,22502,1
weak,22503,1
weak,22504,1
weak,22505,1
weak,22506,1
weak,22507,1
weak,22508,1
weak,22509,1
weak,22510,1
weak,22511,1
weak,22512,1
weak,22513,1
weak,22514,1
weak,22515,1
weak,22516,1
weak,22517,1
weak,22518,1
weak,22519,1
weak,22520,1
weak,22521,1
weak,22522,1
weak,22523,1
weak,22524,1
weak,22525,1
weak,22526,1
weak,22527,1
weak,22528,1
weak,22529,1
weak,22530,1
weak,22531,1
weak,22532,1
weak,22533,1
weak,22534,1
weak,22535,1
weak,22536,1
weak,22537,1
weak,22538,1
weak,22539,1
weak,22540,1
weak,22541,1
weak,22542,1
weak,22543,1
weak,22544,1
weak,22545,1
weak,22546,1
weak,22547,1
weak,22548,1
weak,22549,1
weak,22550,1
weak,22551,1
weak,22552,1
weak,22553,1
weak,22554,1
weak,22555,1
weak,22556,1
weak,22557,1
weak,22558,1
weak,22559,1
weak,22560,1
weak,22561,1
weak,22562,1
weak,22563,1
weak,22564,1
weak,22565,1
weak,22566,1
weak,22567,1
weak,22568,1
weak,22569,1
weak,22570,1
weak,22571,1
weak,22572,1
weak,22573,1
weak,22574,1
weak,22575,1
weak,22576,1
weak,22577,1
weak,22578,1
weak,22579,1
weak,22580,1
weak,22581,1
weak,22582,1
weak,22583,1
weak,22584,1
weak,22585,1
weak,22586,1
weak,22587,1
weak,22588,1
weak,22589,1
weak,22590,1
weak,22591,1
weak,22592,1
weak,22593,1
weak,22594,1
weak,22595,1
weak,22596,1
weak,22597,1
weak,22598,1
weak,22599,1
weak,22600,1
weak,22601,1
weak,22602,1
weak,22603,1
weak,22604,1
weak,22605,1
weak,22606,1
weak,22607,1
weak,22608,1
weak,22609,1
weak,22610,1
weak,22611,1
weak,22612,1
weak,22613,1
weak,22614,1
weak,22615,1
weak,22616,1
weak,22617,1
weak,22618,1
weak,22619,1
weak,22620,1
weak,22621,1
weak,22622,1
weak,22623,1
weak,22624,1
weak,22625,1
weak,22626,1
weak,22627,1
weak,22628,1
weak,22629,1
weak,22630,1
weak,22631,1
weak,22632,1
weak,22633,1
weak,22634,1
weak,22635,1
weak,22636,1
weak,22637,1
weak,22638,1
weak,22639,1
weak,22640,1
weak,22641,1
weak,22642,1
weak,22643,1
weak,22644,1
weak,22645,1
weak,22646,1
weak,22647,1
weak,22648,1
weak,22649,1
weak,22650,1
weak,22651,1
weak,22652,1
weak,22653,1
weak,22654,1
weak,22655,1
weak,22656,1
weak,22657,1
weak,22658,1
weak,22659,1
weak,22660,1
weak,22661,1
weak,22662,1
weak,22663,1
weak,22664,1
weak,22665,1
weak,22666,1
weak,22667,1
weak,22668,1
weak,22669,1
weak,22670,1
weak,22671,1
weak,22672,1
weak,22673,1
weak,22674,1
weak,22675,1
weak,22676,1
weak,22677,1
weak,22678,1
weak,22679,1
weak,22680,1
weak,22681,1
weak,22682,1
weak,22683,1
weak,22684,1
weak,22685,1
weak,22686,1
weak,22687,1
weak,22688,1
weak,22689,1
weak,22690,1
weak,22691,1
weak,22692,1
weak,22693,1
weak,22694,1
weak,22695,1
weak,22696,1
weak,22697,1
weak,22698,1
weak,22699,1
weak,22700,1
weak,22701,1
weak,22702,1
weak,22703,1
weak,22704,1
weak,22705,1
weak,22706,1
weak,22707,1
weak,22708,1
weak,22709,1
weak,22710,1
weak,22711,1
weak,22712,1
weak,22713,1
weak,22714,1
weak,22715,1
weak,22716,1
weak,22717,1
weak,22718,1
weak,22719,1
weak,22720,1
weak,22721,1
weak,22722,1
weak,22723,1
weak,22724,1
weak,22725,1
weak,22726,1
weak,22727,1
weak,22728,1
weak,22729,1
weak,22730,1
weak,22731,1
weak,22732,1
weak,22733,1
weak,22734,1
weak,22735,1
weak,22736,1
weak,22737,1
weak,22738,1
weak,22739,1
weak,22740,1
weak,22741,1
weak,22742,1
weak,22743,1
weak,22744,1
weak,22745,1
weak,22746,1
weak,22747,1
weak,22748,1
weak,22749,1
weak,22750,1
weak,22751,1
weak,22752,1
weak,22753,1
weak,22754,1
weak,22755,1
weak,22756,1
weak,22757,1
weak,22758,1
weak,22759,1
weak,22760,1
weak,22761,1
weak,22762,1
weak,22763,1
weak,22764,1
weak,22765,1
weak,22766,1
weak,22767,1
weak,22768,1
weak,22769,1
weak,22770,1
weak,22771,1
weak,22772,1
weak,22773,1
weak,22774,1
weak,22775,1
weak,22776,1
weak,22777,1
weak,22778,1
weak,22779,1
weak,22780,1
weak,22781,1
weak,22782,1
weak,22783,1
weak,22784,1
weak,22785,1
weak,22786,1
weak,22787,1
weak,22788,1
weak,22789,1
weak,22790,1
weak,22791,1
weak,22792,1
weak,22793,1
weak,22794,1
weak,22795,1
weak,22796,1
weak,22797,1
weak,22798,1
weak,22799,1
weak,22800,1
weak,22801,1
weak,22802,1
weak,22803,1
weak,22804,1
weak,22805,1
weak,22806,1
weak,22807,1
weak,22808,1
weak,22809,1
weak,22810,1
weak,22811,1
weak,22812,1
weak,22813,1
weak,22814,1
weak,22815,1
weak,22816,1
weak,22817,1
weak,22818,1
weak,22819,1
weak,22820,1
weak,22821,1
weak,22822,1
weak,22823,1
weak,22824,1
weak,22825,1
weak,22826,1
weak,22827,1
weak,22828,1
weak,22829,1
weak,22830,1
weak,22831,1
weak,22832,1
weak,22833,1
weak,22834,1
weak,22835,1
weak,22836,1
weak,22837,1
weak,22838,1
weak,22839,1
weak,22840,1
weak,22841,1
weak,22842,1
weak,22843,1
weak,22844,1
weak,22845,1
weak,22846,1
weak,22847,1
weak,22848,1
weak,22849,1
weak,22850,1
weak,22851,1
weak,22852,1
weak,22853,1
weak,22854,1
weak,22855,1
weak,22856,1
weak,22857,1
weak,22858,1
weak,22859,1
weak,22860,1
weak,22861,1
weak,22862,1
weak,22863,1
weak,22864,1
weak,22865,1
weak,22866,1
weak,22867,1
weak,22868,1
weak,22869,1
weak,22870,1
weak,22871,1
weak,22872,1
weak,22873,1
weak,22874,1
weak,22875,1
weak,22876,1
weak,22877,1
weak,22878,1
weak,22879,1
weak,22880,1
weak,22881,1
weak,22882,1
weak,22883,1
weak,22884,1
weak,22885,1
weak,22886,1
weak,22887,1
weak,22888,1
weak,22889,1
weak,22890,1
weak,22891,1
weak,22892,1
weak,22893,1
weak,22894,1
weak,22895,1
weak,22896,1
weak,22897,1
weak,22898,1
weak,22899,1
weak,22900,1
weak,22901,1
weak,22902,1
weak,22903,1
weak,22904,1
weak,22905,1
weak,22906,1
weak,22907,1
weak,22908,1
weak,22909,1
weak,22910,1
weak,22911,1
weak,22912,1
weak,22913,1
weak,22914,1
weak,22915,1
weak,22916,1
weak,22917,1
weak,22918,1
weak,22919,1
weak,22920,1
weak,22921,1
weak,22922,1
weak,22923,1
weak,22924,1
weak,22925,1
weak,22926,1
weak,22927,1
weak,22928,1
weak,22929,1
weak,22930,1
weak,22931,1
weak,22932,1
weak,22933,1
weak,22934,1
weak,22935,1
weak,22936,1
weak,22937,1
weak,22938,1
weak,22939,1
weak,22940,1
weak,22941,1
weak,22942,1
weak,22943,1
weak,22944,1
weak,22945,1
weak,22946,1
weak,22947,1
weak,22948,1
weak,22949,1
weak,22950,1
weak,22951,1
weak,22952,1
weak,22953,1
weak,22954,1
weak,22955,1
weak,22956,1
weak,22957,1
weak,22958,1
weak,22959,1
weak,22960,1
weak,22961,1
weak,22962,1
weak,22963,1
weak,22964,1
weak,22965,1
weak,22966,1
weak,22967,1
weak,22968,1
weak,22969,1
weak,22970,1
weak,22971,1
weak,22972,1
weak,22973,1
weak,22974,1
weak,22975,1
weak,22976,1
weak,22977,1
weak,22978,1
weak,22979,1
weak,22980,1
weak,22981,1
weak,22982,1
weak,22983,1
weak,22984,1
weak,22985,1
weak,22986,1
weak,22987,1
weak,22988,1
weak,22989,1
weak,22990,1
weak,22991,1
weak,22992,1
weak,22993,1
weak,22994,1
weak,22995,1
weak,22996,1
weak,22997,1
weak,22998,1
weak,22999,1
weak,23000,1
weak,23001,1
weak,23002,1
weak,23003,1
weak,23004,1
weak,23005,1
weak,23006,1
weak,23007,1
weak,23008,1
weak,23009,1
weak,23010,1
weak,23011,1
weak,23012,1
weak,23013,1
weak,23014,1
weak,23015,1
weak,23016,1
weak,23017,1
weak,23018,1
weak,23019,1
weak,23020,1
weak,23021,1
weak,23022,1
weak,23023,1
weak,23024,1
weak,23025,1
weak,23026,1
weak,23027,1
weak,23028,1
weak,23029,1
weak,23030,1
weak,23031,1
weak,23032,1
weak,23033,1
weak,23034,1
weak,23035,1
weak,23036,1
weak,23037,1
weak,23038,1
weak,23039,1
weak,23040,1
weak,23041,1
weak,23042,1
weak,23043,1
weak,23044,1
weak,23045,1
weak,23046,1
weak,23047,1
weak,23048,1
weak,23049,1
weak,23050,1
weak,23051,1
weak,23052,1
weak,23053,1
weak,23054,1
weak,23055,1
weak,23056,1
weak,23057,1
weak,23058,1
weak,23059,1
weak,23060,1
weak,23061,1
weak,23062,1
weak,23063,1
weak,23064,1
weak,23065,1
weak,23066,1
weak,23067,1
weak,23068,1
weak,23069,1
weak,23070,1
weak,23071,1
weak,23072,1
weak,23073,1
weak,23074,1
weak,23075,1
weak,23076,1
weak,23077,1
weak,23078,1
weak,23079,1
weak,23080,1
weak,23081,1
weak,23082,1
weak,23083,1
weak,23084,1
weak,23085,1
weak,23086,1
weak,23087,1
weak,23088,1
weak,23089,1
weak,23090,1
weak,23091,1
weak,23092,1
weak,23093,1
weak,23094,1
weak,23095,1
weak,23096,1
weak,23097,1
weak,23098,1
weak,23099,1
weak,23100,1
weak,23101,1
weak,23102,1
weak,23103,1
weak,23104,1
weak,23105,1
weak,23106,1
weak,23107,1
weak,23108,1
weak,23109,1
weak,23110,1
weak,23111,1
weak,23112,1
weak,23113,1
weak,23114,1
weak,23115,1
weak,23116,1
weak,23117,1
weak,23118,1
weak,23119,1
weak,23120,1
weak,23121,1
weak,23122,1
weak,23123,1
weak,23124,1
weak,23125,1
weak,23126,1
weak,23127,1
weak,23128,1
weak,23129,1
weak,23130,1
weak,23131,1
weak,23132,1
weak,23133,1
weak,23134,1
weak,23135,1
weak,23136,1
weak,23137,1
weak,23138,1
weak,23139,1
weak,23140,1
weak,23141,1
weak,23142,1
weak,23143,1
weak,23144,1
weak,23145,1
weak,23146,1
weak,23147,1
weak,23148,1
weak,23149,1
weak,23150,1
weak,23151,1
weak,23152,1
weak,23153,1
weak,23154,1
weak,23155,1
weak,23156,1
weak,23157,1
weak,23158,1
weak,23159,1
weak,23160,1
weak,23161,1
weak,23162,1
weak,23163,1
weak,23164,1
weak,23165,1
weak,23166,1
weak,23167,1
weak,23168,1
weak,23169,1
weak,23170,1
weak,23171,1
weak,23172,1
weak,23173,1
weak,23174,1
weak,23175,1
weak,23176,1
weak,23177,1
weak,23178,1
weak,23179,1
weak,23180,1
weak,23181,1
weak,23182,1
weak,23183,1
weak,23184,1
weak,23185,1
weak,23186,1
weak,23187,1
weak,23188,1
weak,23189,1
weak,23190,1
weak,23191,1
weak,23192,1
weak,23193,1
weak,23194,1
weak,23195,1
weak,23196,1
weak,23197,1
weak,23198,1
weak,23199,1
weak,23200,1
weak,23201,1
weak,23202,1
weak,23203,1
weak,23204,1
weak,23205,1
weak,23206,1
weak,23207,1
weak,23208,1
weak,23209,1
weak,23210,1
weak,23211,1
weak,23212,1
weak,23213,1
weak,23214,1
weak,23215,1
weak,23216,1
weak,23217,1
weak,23218,1
weak,23219,1
weak,23220,1
weak,23221,1
weak,23222,1
weak,23223,1
weak,23224,1
weak,23225,1
weak,23226,1
weak,23227,1
weak,23228,1
weak,23229,1
weak,23230,1
weak,23231,1
weak,23232,1
weak,23233,1
weak,23234,1
weak,23235,1
weak,23236,1
weak,23237,1
weak,23238,1
weak,23239,1
weak,23240,1
weak,23241,1
weak,23242,1
weak,23243,1
weak,23244,1
weak,23245,1
weak,23246,1
weak,23247,1
weak,23248,1
weak,23249,1
weak,23250,1
weak,23251,1
weak,23252,1
weak,23253,1
weak,23254,1
weak,23255,1
weak,23256,1
weak,23257,1
weak,23258,1
weak,23259,1
weak,23260,1
weak,23261,1
weak,23262,1
weak,23263,1
weak,23264,1
weak,23265,1
weak,23266,1
weak,23267,1
weak,23268,1
weak,23269,1
weak,23270,1
weak,23271,1
weak,23272,1
weak,23273,1
weak,23274,1
weak,23275,1
weak,23276,1
weak,23277,1
weak,23278,1
weak,23279,1
weak,23280,1
weak,23281,1
weak,23282,1
weak,23283,1
weak,23284,1
weak,23285,1
weak,23286,1
weak,23287,1
weak,23288,1
weak,23289,1
weak,23290,1
weak,23291,1
weak,23292,1
weak,23293,1
weak,23294,1
weak,23295,1
weak,23296,1
weak,23297,1
weak,23298,1
weak,23299,1
weak,23300,1
weak,23301,1
weak,23302,1
weak,23303,1
weak,23304,1
weak,23305,1
weak,23306,1
weak,23307,1
weak,23308,1
weak,23309,1
weak,23310,1
weak,23311,1
weak,23312,1
weak,23313,1
weak,23314,1
weak,23315,1
weak,23316,1
weak,23317,1
weak,23318,1
weak,23319,1
weak,23320,1
weak,23321,1
weak,23322,1
weak,23323,1
weak,23324,1
weak,23325,1
weak,23326,1
weak,23327,1
weak,23328,1
weak,23329,1
weak,23330,1
weak,23331,1
weak,23332,1
weak,23333,1
weak,23334,1
weak,23335,1
weak,23336,1
weak,23337,1
weak,23338,1
weak,23339,1
weak,23340,1
weak,23341,1
weak,23342,1
weak,23343,1
weak,23344,1
weak,23345,1
weak,23346,1
weak,23347,1
weak,23348,1
weak,23349,1
weak,23350,1
weak,23351,1
weak,23352,1
weak,23353,1
weak,23354,1
weak,23355,1
weak,23356,1
weak,23357,1
weak,23358,1
weak,23359,1
weak,23360,1
weak,23361,1
weak,23362,1
weak,23363,1
weak,23364,1
weak,23365,1
weak,23366,1
weak,23367,1
weak,23368,1
weak,23369,1
weak,23370,1
weak,23371,1
weak,23372,1
weak,23373,1
weak,23374,1
weak,23375,1
weak,23376,1
weak,23377,1
weak,23378,1
weak,23379,1
weak,23380,1
weak,23381,1
weak,23382,1
weak,23383,1
weak,23384,1
weak,23385,1
weak,23386,1
weak,23387,1
weak,23388,1
weak,23389,1
weak,23390,1
weak,23391,1
weak,23392,1
weak,23393,1
weak,23394,1
weak,23395,1
weak,23396,1
weak,23397,1
weak,23398,1
weak,23399,1
weak,23400,1
weak,23401,1
weak,23402,1
weak,23403,1
weak,23404,1
weak,23405,1
weak,23406,1
weak,23407,1
weak,23408,1
weak,23409,1
weak,23410,1
weak,23411,1
weak,23412,1
weak,23413,1
weak,23414,1
weak,23415,1
weak,23416,1
weak,23417,1
weak,23418,1
weak,23419,1
weak,23420,1
weak,23421,1
weak,23422,1
weak,23423,1
weak,23424,1
weak,23425,1
weak,23426,1
weak,23427,1
weak,23428,1
weak,23429,1
weak,23430,1
weak,23431,1
weak,23432,1
weak,23433,1
weak,23434,1
weak,23435,1
weak,23436,1
weak,23437,1
weak,23438,1
weak,23439,1
weak,23440,1
weak,23441,1
weak,23442,1
weak,23443,1
weak,23444,1
weak,23445,1
weak,23446,1
weak,23447,1
weak,23448,1
weak,23449,1
weak,23450,1
weak,23451,1
weak,23452,1
weak,23453,1
weak,23454,1
weak,23455,1
weak,23456,1
weak,23457,1
weak,23458,1
weak,23459,1
weak,23460,1
weak,23461,1
weak,23462,1
weak,23463,1
weak,23464,1
weak,23465,1
weak,23466,1
weak,23467,1
weak,23468,1
weak,23469,1
weak,23470,1
weak,23471,1
weak,23472,1
weak,23473,1
weak,23474,1
weak,23475,1
weak,23476,1
weak,23477,1
weak,23478,1
weak,23479,1
weak,23480,1
weak,23481,1
weak,23482,1
weak,23483,1
weak,23484,1
weak,23485,1
weak,23486,1
weak,23487,1
weak,23488,1
weak,23489,1
weak,23490,1
weak,23491,1
weak,23492,1
weak,23493,1
weak,23494,1
weak,23495,1
weak,23496,1
weak,23497,1
weak,23498,1
weak,23499,1
weak,23500,1
weak,23501,1
weak,23502,1
weak,23503,1
weak,23504,1
weak,23505,1
weak,23506,1
weak,23507,1
weak,23508,1
weak,23509,1
weak,23510,1
weak,23511,1
weak,23512,1
weak,23513,1
weak,23514,1
weak,23515,1
weak,23516,1
weak,23517,1
weak,23518,1
weak,23519,1
weak,23520,1
weak,23521,1
weak,23522,1
weak,23523,1
weak,23524,1
weak,23525,1
weak,23526,1
weak,23527,1
weak,23528,1
weak,23529,1
weak,23530,1
weak,23531,1
weak,23532,1
weak,23533,1
weak,23534,1
weak,23535,1
weak,23536,1
weak,23537,1
weak,23538,1
weak,23539,1
weak,23540,1
weak,23541,1
weak,23542,1
weak,23543,1
weak,23544,1
weak,23545,1
weak,23546,1
weak,23547,1
weak,23548,1
weak,23549,1
weak,23550,1
weak,23551,1
weak,23552,1
weak,23553,1
weak,23554,1
weak,23555,1
weak,23556,1
weak,23557,1
weak,23558,1
weak,23559,1
weak,23560,1
weak,23561,1
weak,23562,1
weak,23563,1
weak,23564,1
weak,23565,1
weak,23566,1
weak,23567,1
weak,23568,1
weak,23569,1
weak,23570,1
weak,23571,1
weak,23572,1
weak,23573,1
weak,23574,1
weak,23575,1
weak,23576,1
weak,23577,1
weak,23578,1
weak,23579,1
weak,23580,1
weak,23581,1
weak,23582,1
weak,23583,1
weak,23584,1
weak,23585,1
weak,23586,1
weak,23587,1
weak,23588,1
weak,23589,1
weak,23590,1
weak,23591,1
weak,23592,1
weak,23593,1
weak,23594,1
weak,23595,1
weak,23596,1
weak,23597,1
weak,23598,1
weak,23599,1
weak,23600,1
weak,23601,1
weak,23602,1
weak,23603,1
weak,23604,1
weak,23605,1
weak,23606,1
weak,23607,1
weak,23608,1
weak,23609,1
weak,23610,1
weak,23611,1
weak,23612,1
weak,23613,1
weak,23614,1
weak,23615,1
weak,23616,1
weak,23617,1
weak,23618,1
weak,23619,1
weak,23620,1
weak,23621,1
weak,23622,1
weak,23623,1
weak,23624,1
weak,23625,1
weak,23626,1
weak,23627,1
weak,23628,1
weak,23629,1
weak,23630,1
weak,23631,1
weak,23632,1
weak,23633,1
weak,23634,1
weak,23635,1
weak,23636,1
weak,23637,1
weak,23638,1
weak,23639,1
weak,23640,1
weak,23641,1
weak,23642,1
weak,23643,1
weak,23644,1
weak,23645,1
weak,23646,1
weak,23647,1
weak,23648,1
weak,23649,1
weak,23650,1
weak,23651,1
weak,23652,1
weak,23653,1
weak,23654,1
weak,23655,1
weak,23656,1
weak,23657,1
weak,23658,1
weak,23659,1
weak,23660,1
weak,23661,1
weak,23662,1
weak,23663,1
weak,23664,1
weak,23665,1
weak,23666,1
weak,23667,1
weak,23668,1
weak,23669,1
weak,23670,1
weak,23671,1
weak,23672,1
weak,23673,1
weak,23674,1
weak,23675,1
weak,23676,1
weak,23677,1
weak,23678,1
weak,23679,1
weak,23680,1
weak,23681,1
weak,23682,1
weak,23683,1
weak,23684,1
weak,23685,1
weak,23686,1
weak,23687,1
weak,23688,1
weak,23689,1
weak,23690,1
weak,23691,1
weak,23692,1
weak,23693,1
weak,23694,1
weak,23695,1
weak,23696,1
weak,23697,1
weak,23698,1
weak,23699,1
weak,23700,1
weak,23701,1
weak,23702,1
weak,23703,1
weak,23704,1
weak,23705,1
weak,23706,1
weak,23707,1
weak,23708,1
weak,23709,1
weak,23710,1
weak,23711,1
weak,23712,1
weak,23713,1
weak,23714,1
weak,23715,1
weak,23716,1
weak,23717,1
weak,23718,1
weak,23719,1
weak,23720,1
weak,23721,1
weak,23722,1
weak,23723,1
weak,23724,1
weak,23725,1
weak,23726,1
weak,23727,1
weak,23728,1
weak,23729,1
weak,23730,1
weak,23731,1
weak,23732,1
weak,23733,1
weak,23734,1
weak,23735,1
weak,23736,1
weak,23737,1
weak,23738,1
weak,23739,1
weak,23740,1
weak,23741,1
weak,23742,1
weak,23743,1
weak,23744,1
weak,23745,1
weak,23746,1
weak,23747,1
weak,23748,1
weak,23749,1
weak,23750,1
weak,23751,1
weak,23752,1
weak,23753,1
weak,23754,1
weak,23755,1
weak,23756,1
weak,23757,1
weak,23758,1
weak,23759,1
weak,23760,1
weak,23761,1
weak,23762,1
weak,23763,1
weak,23764,1
weak,23765,1
weak,23766,1
weak,23767,1
weak,23768,1
weak,23769,1
weak,23770,1
weak,23771,1
weak,23772,1
weak,23773,1
weak,23774,1
weak,23775,1
weak,23776,1
weak,23777,1
weak,23778,1
weak,23779,1
weak,23780,1
weak,23781,1
weak,23782,1
weak,23783,1
weak,23784,1
weak,23785,1
weak,23786,1
weak,23787,1
weak,23788,1
weak,23789,1
weak,23790,1
weak,23791,1
weak,23792,1
weak,23793,1
weak,23794,1
weak,23795,1
weak,23796,1
weak,23797,1
weak,23798,1
weak,23799,1
weak,23800,1
weak,23801,1
weak,23802,1
weak,23803,1
weak,23804,1
weak,23805,1
weak,23806,1
weak,23807,1
weak,23808,1
weak,23809,1
weak,23810,1
weak,23811,1
weak,23812,1
weak,23813,1
weak,23814,1
weak,23815,1
weak,23816,1
weak,23817,1
weak,23818,1
weak,23819,1
weak,23820,1
weak,23821,1
weak,23822,1
weak,23823,1
weak,23824,1
weak,23825,1
weak,23826,1
weak,23827,1
weak,23828,1
weak,23829,1
weak,23830,1
weak,23831,1
weak,23832,1
weak,23833,1
weak,23834,1
weak,23835,1
weak,23836,1
weak,23837,1
weak,23838,1
weak,23839,1
weak,23840,1
weak,23841,1
weak,23842,1
weak,23843,1
weak,23844,1
weak,23845,1
weak,23846,1
weak,23847,1
weak,23848,1
weak,23849,1
weak,23850,1
weak,23851,1
weak,23852,1
weak,23853,1
weak,23854,1
weak,23855,1
weak,23856,1
weak,23857,1
weak,23858,1
weak,23859,1
weak,23860,1
weak,23861,1
weak,23862,1
weak,23863,1
weak,23864,1
weak,23865,1
weak,23866,1
weak,23867,1
weak,23868,1
weak,23869,1
weak,23870,1
weak,23871,1
weak,23872,1
weak,23873,1
weak,23874,1
weak,23875,1
weak,23876,1
weak,23877,1
weak,23878,1
weak,23879,1
weak,23880,1
weak,23881,1
weak,23882,1
weak,23883,1
weak,23884,1
weak,23885,1
weak,23886,1
weak,23887,1
weak,23888,1
weak,23889,1
weak,23890,1
weak,23891,1
weak,23892,1
weak,23893,1
weak,23894,1
weak,23895,1
weak,23896,1
weak,23897,1
weak,23898,1
weak,23899,1
weak,23900,1
weak,23901,1
weak,23902,1
weak,23903,1
weak,23904,1
weak,23905,1
weak,23906,1
weak,23907,1
weak,23908,1
weak,23909,1
weak,23910,1
weak,23911,1
weak,23912,1
weak,23913,1
weak,23914,1
weak,23915,1
weak,23916,1
weak,23917,1
weak,23918,1
weak,23919,1
weak,23920,1
weak,23921,1
weak,23922,1
weak,23923,1
weak,23924,1
weak,23925,1
weak,23926,1
weak,23927,1
weak,23928,1
weak,23929,1
weak,23930,1
weak,23931,1
weak,23932,1
weak,23933,1
weak,23934,1
weak,23935,1
weak,23936,1
weak,23937,1
weak,23938,1
weak,23939,1
weak,23940,1
weak,23941,1
weak,23942,1
weak,23943,1
weak,23944,1
weak,23945,1
weak,23946,1
weak,23947,1
weak,23948,1
weak,23949,1
weak,23950,1
weak,23951,1
weak,23952,1
weak,23953,1
weak,23954,1
weak,23955,1
weak,23956,1
weak,23957,1
weak,23958,1
weak,23959,1
weak,23960,1
weak,23961,1
weak,23962,1
weak,23963,1
weak,23964,1
weak,23965,1
weak,23966,1
weak,23967,1
weak,23968,1
weak,23969,1
weak,23970,1
weak,23971,1
weak,23972,1
weak,23973,1
weak,23974,1
weak,23975,1
weak,23976,1
weak,23977,1
weak,23978,1
weak,23979,1
weak,23980,1
weak,23981,1
weak,23982,1
weak,23983,1
weak,23984,1
weak,23985,1
weak,23986,1
weak,23987,1
weak,23988,1
weak,23989,1
weak,23990,1
weak,23991,1
weak,23992,1
weak,23993,1
weak,23994,1
weak,23995,1
weak,23996,1
weak,23997,1
weak,23998,1
weak,23999,1
weak,24000,1
weak,24001,1
weak,24002,1
weak,24003,1
weak,24004,1
weak,24005,1
weak,24006,1
weak,24007,1
weak,24008,1
weak,24009,1
weak,24010,1
weak,24011,1
weak,24012,1
weak,24013,1
weak,24014,1
weak,24015,1
weak,24016,1
weak,24017,1
weak,24018,1
weak,24019,1
weak,24020,1
weak,24021,1
weak,24022,1
weak,24023,1
weak,24024,1
weak,24025,1
weak,24026,1
weak,24027,1
weak,24028,1
weak,24029,1
weak,24030,1
weak,24031,1
weak,24032,1
weak,24033,1
weak,24034,1
weak,24035,1
weak,24036,1
weak,24037,1
weak,24038,1
weak,24039,1
weak,24040,1
weak,24041,1
weak,24042,1
weak,24043,1
weak,24044,1
weak,24045,1
weak,24046,1
weak,24047,1
weak,24048,1
weak,24049,1
weak,24050,1
weak,24051,1
weak,24052,1
weak,24053,1
weak,24054,1
weak,24055,1
weak,24056,1
weak,24057,1
weak,24058,1
weak,24059,1
weak,24060,1
weak,24061,1
weak,24062,1
weak,24063,1
weak,24064,1
weak,24065,1
weak,24066,1
weak,24067,1
weak,24068,1
weak,24069,1
weak,24070,1
weak,24071,1
weak,24072,1
weak,24073,1
weak,24074,1
weak,24075,1
weak,24076,1
weak,24077,1
weak,24078,1
weak,24079,1
weak,24080,1
weak,24081,1
weak,24082,1
weak,24083,1
weak,24084,1
weak,24085,1
weak,24086,1
weak,24087,1
weak,24088,1
weak,24089,1
weak,24090,1
weak,24091,1
weak,24092,1
weak,24093,1
weak,24094,1
weak,24095,1
weak,24096,1
weak,24097,1
weak,24098,1
weak,24099,1
weak,24100,1
weak,24101,1
weak,24102,1
weak,24103,1
weak,24104,1
weak,24105,1
weak,24106,1
weak,24107,1
weak,24108,1
weak,24109,1
weak,24110,1
weak,24111,1
weak,24112,1
weak,24113,1
weak,24114,1
weak,24115,1
weak,24116,1
weak,24117,1
weak,24118,1
weak,24119,1
weak,24120,1
weak,24121,1
weak,24122,1
weak,24123,1
weak,24124,1
weak,24125,1
weak,24126,1
weak,24127,1
weak,24128,1
weak,24129,1
weak,24130,1
weak,24131,1
weak,24132,1
weak,24133,1
weak,24134,1
weak,24135,1
weak,24136,1
weak,24137,1
weak,24138,1
weak,24139,1
weak,24140,1
weak,24141,1
weak,24142,1
weak,24143,1
weak,24144,1
weak,24145,1
weak,24146,1
weak,24147,1
weak,24148,1
weak,24149,1
weak,24150,1
weak,24151,1
weak,24152,1
weak,24153,1
weak,24154,1
weak,24155,1
weak,24156,1
weak,24157,1
weak,24158,1
weak,24159,1
weak,24160,1
weak,24161,1
weak,24162,1
weak,24163,1
weak,24164,1
weak,24165,1
weak,24166,1
weak,24167,1
weak,24168,1
weak,24169,1
weak,24170,1
weak,24171,1
weak,24172,1
weak,24173,1
weak,24174,1
weak,24175,1
weak,24176,1
weak,24177,1
weak,24178,1
weak,24179,1
weak,24180,1
weak,24181,1
weak,24182,1
weak,24183,1
weak,24184,1
weak,24185,1
weak,24186,1
weak,24187,1
weak,24188,1
weak,24189,1
weak,24190,1
weak,24191,1
weak,24192,1
weak,24193,1
weak,24194,1
weak,24195,1
weak,24196,1
weak,24197,1
weak,24198,1
weak,24199,1
weak,24200,1
weak,24201,1
weak,24202,1
weak,24203,1
weak,24204,1
weak,24205,1
weak,24206,1
weak,24207,1
weak,24208,1
weak,24209,1
weak,24210,1
weak,24211,1
weak,24212,1
weak,24213,1
weak,24214,1
weak,24215,1
weak,24216,1
weak,24217,1
weak,24218,1
weak,24219,1
weak,24220,1
weak,24221,1
weak,24222,1
weak,24223,1
weak,24224,1
weak,24225,1
weak,24226,1
weak,24227,1
weak,24228,1
weak,24229,1
weak,24230,1
weak,24231,1
weak,24232,1
weak,24233,1
weak,24234,1
weak,24235,1
weak,24236,1
weak,24237,1
weak,24238,1
weak,24239,1
weak,24240,1
weak,24241,1
weak,24242,1
weak,24243,1
weak,24244,1
weak,24245,1
weak,24246,1
weak,24247,1
weak,24248,1
weak,24249,1
weak,24250,1
weak,24251,1
weak,24252,1
weak,24253,1
weak,24254,1
weak,24255,1
weak,24256,1
weak,24257,1
weak,24258,1
weak,24259,1
weak,24260,1
weak,24261,1
weak,24262,1
weak,24263,1
weak,24264,1
weak,24265,1
weak,24266,1
weak,24267,1
weak,24268,1
weak,24269,1
weak,24270,1
weak,24271,1
weak,24272,1
weak,24273,1
weak,24274,1
weak,24275,1
weak,24276,1
weak,24277,1
weak,24278,1
weak,24279,1
weak,24280,1
weak,24281,1
weak,24282,1
weak,24283,1
weak,24284,1
weak,24285,1
weak,24286,1
weak,24287,1
weak,24288,1
weak,24289,1
weak,24290,1
weak,24291,1
weak,24292,1
weak,24293,1
weak,24294,1
weak,24295,1
weak,24296,1
weak,24297,1
weak,24298,1
weak,24299,1
weak,24300,1
weak,24301,1
weak,24302,1
weak,24303,1
weak,24304,1
weak,24305,1
weak,24306,1
weak,24307,1
weak,24308,1
weak,24309,1
weak,24310,1
weak,24311,1
weak,24312,1
weak,24313,1
weak,24314,1
weak,24315,1
weak,24316,1
weak,24317,1
weak,24318,1
weak,24319,1
weak,24320,1
weak,24321,1
weak,24322,1
weak,24323,1
weak,24324,1
weak,24325,1
weak,24326,1
weak,24327,1
weak,24328,1
weak,24329,1
weak,24330,1
weak,24331,1
weak,24332,1
weak,24333,1
weak,24334,1
weak,24335,1
weak,24336,1
weak,24337,1
weak,24338,1
weak,24339,1
weak,24340,1
weak,24341,1
weak,24342,1
weak,24343,1
weak,24344,1
weak,24345,1
weak,24346,1
weak,24347,1
weak,24348,1
weak,24349,1
weak,24350,1
weak,24351,1
weak,24352,1
weak,24353,1
weak,24354,1
weak,24355,1
weak,24356,1
weak,24357,1
weak,24358,1
weak,24359,1
weak,24360,1
weak,24361,1
weak,24362,1
weak,24363,1
weak,24364,1
weak,24365,1
weak,24366,1
weak,24367,1
weak,24368,1
weak,24369,1
weak,24370,1
weak,24371,1
weak,24372,1
weak,24373,1
weak,24374,1
weak,24375,1
weak,24376,1
weak,24377,1
weak,24378,1
weak,24379,1
weak,24380,1
weak,24381,1
weak,24382,1
weak,24383,1
weak,24384,1
weak,24385,1
weak,24386,1
weak,24387,1
weak,24388,1
weak,24389,1
weak,24390,1
weak,24391,1
weak,24392,1
weak,24393,1
weak,24394,1
weak,24395,1
weak,24396,1
weak,24397,1
weak,24398,1
weak,24399,1
weak,24400,1
weak,24401,1
weak,24402,1
weak,24403,1
weak,24404,1
weak,24405,1
weak,24406,1
weak,24407,1
weak,24408,1
weak,24409,1
weak,24410,1
weak,24411,1
weak,24412,1
weak,24413,1
weak,24414,1
weak,24415,1
weak,24416,1
weak,24417,1
weak,24418,1
weak,24419,1
weak,24420,1
weak,24421,1
weak,24422,1
weak,24423,1
weak,24424,1
weak,24425,1
weak,24426,1
weak,24427,1
weak,24428,1
weak,24429,1
weak,24430,1
weak,24431,1
weak,24432,1
weak,24433,1
weak,24434,1
weak,24435,1
weak,24436,1
weak,24437,1
weak,24438,1
weak,24439,1
weak,24440,1
weak,24441,1
weak,24442,1
weak,24443,1
weak,24444,1
weak,24445,1
weak,24446,1
weak,24447,1
weak,24448,1
weak,24449,1
weak,24450,1
weak,24451,1
weak,24452,1
weak,24453,1
weak,24454,1
weak,24455,1
weak,24456,1
weak,24457,1
weak,24458,1
weak,24459,1
weak,24460,1
weak,24461,1
weak,24462,1
weak,24463,1
weak,24464,1
weak,24465,1
weak,24466,1
weak,24467,1
weak,24468,1
weak,24469,1
weak,24470,1
weak,24471,1
weak,24472,1
weak,24473,1
weak,24474,1
weak,24475,1
weak,24476,1
weak,24477,1
weak,24478,1
weak,24479,1
weak,24480,1
weak,24481,1
weak,24482,1
weak,24483,1
weak,24484,1
weak,24485,1
weak,24486,1
weak,24487,1
weak,24488,1
weak,24489,1
weak,24490,1
weak,24491,1
weak,24492,1
weak,24493,1
weak,24494,1
weak,24495,1
weak,24496,1
weak,24497,1
weak,24498,1
weak,24499,1
weak,24500,1
weak,24501,1
weak,24502,1
weak,24503,1
weak,24504,1
weak,24505,1
weak,24506,1
weak,24507,1
weak,24508,1
weak,24509,1
weak,24510,1
weak,24511,1
weak,24512,1
weak,24513,1
weak,24514,1
weak,24515,1
weak,24516,1
weak,24517,1
weak,24518,1
weak,24519,1
weak,24520,1
weak,24521,1
weak,24522,1
weak,24523,1
weak,24524,1
weak,24525,1
weak,24526,1
weak,24527,1
weak,24528,1
weak,24529,1
weak,24530,1
weak,24531,1
weak,24532,1
weak,24533,1
weak,24534,1
weak,24535,1
weak,24536,1
weak,24537,1
weak,24538,1
weak,24539,1
weak,24540,1
weak,24541,1
weak,24542,1
weak,24543,1
weak,24544,1
weak,24545,1
weak,24546,1
weak,24547,1
weak,24548,1
weak,24549,1
weak,24550,1
weak,24551,1
weak,24552,1
weak,24553,1
weak,24554,1
weak,24555,1
weak,24556,1
weak,24557,1
weak,24558,1
weak,24559,1
weak,24560,1
weak,24561,1
weak,24562,1
weak,24563,1
weak,24564,1
weak,24565,1
weak,24566,1
weak,24567,1
weak,24568,1
weak,24569,1
weak,24570,1
weak,24571,1
weak,24572,1
weak,24573,1
weak,24574,1
weak,24575,1
weak,24576,1
weak,24577,1
weak,24578,1
weak,24579,1
weak,24580,1
weak,24581,1
weak,24582,1
weak,24583,1
weak,24584,1
weak,24585,1
weak,24586,1
weak,24587,1
weak,24588,1
weak,24589,1
weak,24590,1
weak,24591,1
weak,24592,1
weak,24593,1
weak,24594,1
weak,24595,1
weak,24596,1
weak,24597,1
weak,24598,1
weak,24599,1
weak,24600,1
weak,24601,1
weak,24602,1
weak,24603,1
weak,24604,1
weak,24605,1
weak,24606,1
weak,24607,1
weak,24608,1
weak,24609,1
weak,24610,1
weak,24611,1
weak,24612,1
weak,24613,1
weak,24614,1
weak,24615,1
weak,24616,1
weak,24617,1
weak,24618,1
weak,24619,1
weak,24620,1
weak,24621,1
weak,24622,1
weak,24623,1
weak,24624,1
weak,24625,1
weak,24626,1
weak,24627,1
weak,24628,1
weak,24629,1
weak,24630,1
weak,24631,1
weak,24632,1
weak,24633,1
weak,24634,1
weak,24635,1
weak,24636,1
weak,24637,1
weak,24638,1
weak,24639,1
weak,24640,1
weak,24641,1
weak,24642,1
weak,24643,1
weak,24644,1
weak,24645,1
weak,24646,1
weak,24647,1
weak,24648,1
weak,24649,1
weak,24650,1
weak,24651,1
weak,24652,1
weak,24653,1
weak,24654,1
weak,24655,1
weak,24656,1
weak,24657,1
weak,24658,1
weak,24659,1
weak,24660,1
weak,24661,1
weak,24662,1
weak,24663,1
weak,24664,1
weak,24665,1
weak,24666,1
weak,24667,1
weak,24668,1
weak,24669,1
weak,24670,1
weak,24671,1
weak,24672,1
weak,24673,1
weak,24674,1
weak,24675,1
weak,24676,1
weak,24677,1
weak,24678,1
weak,24679,1
weak,24680,1
weak,24681,1
weak,24682,1
weak,24683,1
weak,24684,1
weak,24685,1
weak,24686,1
weak,24687,1
weak,24688,1
weak,24689,1
weak,24690,1
weak,24691,1
weak,24692,1
weak,24693,1
weak,24694,1
weak,24695,1
weak,24696,1
weak,24697,1
weak,24698,1
weak,24699,1
weak,24700,1
weak,24701,1
weak,24702,1
weak,24703,1
weak,24704,1
weak,24705,1
weak,24706,1
weak,24707,1
weak,24708,1
weak,24709,1
weak,24710,1
weak,24711,1
weak,24712,1
weak,24713,1
weak,24714,1
weak,24715,1
weak,24716,1
weak,24717,1
weak,24718,1
weak,24719,1
weak,24720,1
weak,24721,1
weak,24722,1
weak,24723,1
weak,24724,1
weak,24725,1
weak,24726,1
weak,24727,1
weak,24728,1
weak,24729,1
weak,24730,1
weak,24731,1
weak,24732,1
weak,24733,1
weak,24734,1
weak,24735,1
weak,24736,1
weak,24737,1
weak,24738,1
weak,24739,1
weak,24740,1
weak,24741,1
weak,24742,1
weak,24743,1
weak,24744,1
weak,24745,1
weak,24746,1
weak,24747,1
weak,24748,1
weak,24749,1
weak,24750,1
weak,24751,1
weak,24752,1
weak,24753,1
weak,24754,1
weak,24755,1
weak,24756,1
weak,24757,1
weak,24758,1
weak,24759,1
weak,24760,1
weak,24761,1
weak,24762,1
weak,24763,1
weak,24764,1
weak,24765,1
weak,24766,1
weak,24767,1
weak,24768,1
weak,24769,1
weak,24770,1
weak,24771,1
weak,24772,1
weak,24773,1
weak,24774,1
weak,24775,1
weak,24776,1
weak,24777,1
weak,24778,1
weak,24779,1
weak,24780,1
weak,24781,1
weak,24782,1
weak,24783,1
weak,24784,1
weak,24785,1
weak,24786,1
weak,24787,1
weak,24788,1
weak,24789,1
weak,24790,1
weak,24791,1
weak,24792,1
weak,24793,1
weak,24794,1
weak,24795,1
weak,24796,1
weak,24797,1
weak,24798,1
weak,24799,1
weak,24800,1
weak,24801,1
weak,24802,1
weak,24803,1
weak,24804,1
weak,24805,1
weak,24806,1
weak,24807,1
weak,24808,1
weak,24809,1
weak,24810,1
weak,24811,1
weak,24812,1
weak,24813,1
weak,24814,1
weak,24815,1
weak,24816,1
weak,24817,1
weak,24818,1
weak,24819,1
weak,24820,1
weak,24821,1
weak,24822,1
weak,24823,1
weak,24824,1
weak,24825,1
weak,24826,1
weak,24827,1
weak,24828,1
weak,24829,1
weak,24830,1
weak,24831,1
weak,24832,1
weak,24833,1
weak,24834,1
weak,24835,1
weak,24836,1
weak,24837,1
weak,24838,1
weak,24839,1
weak,24840,1
weak,24841,1
weak,24842,1
weak,24843,1
weak,24844,1
weak,24845,1
weak,24846,1
weak,24847,1
weak,24848,1
weak,24849,1
weak,24850,1
weak,24851,1
weak,24852,1
weak,24853,1
weak,24854,1
weak,24855,1
weak,24856,1
weak,24857,1
weak,24858,1
weak,24859,1
weak,24860,1
weak,24861,1
weak,24862,1
weak,24863,1
weak,24864,1
weak,24865,1
weak,24866,1
weak,24867,1
weak,24868,1
weak,24869,1
weak,24870,1
weak,24871,1
weak,24872,1
weak,24873,1
weak,24874,1
weak,24875,1
weak,24876,1
weak,24877,1
weak,24878,1
weak,24879,1
weak,24880,1
weak,24881,1
weak,24882,1
weak,24883,1
weak,24884,1
weak,24885,1
weak,24886,1
weak,24887,1
weak,24888,1
weak,24889,1
weak,24890,1
weak,24891,1
weak,24892,1
weak,24893,1
weak,24894,1
weak,24895,1
weak,24896,1
weak,24897,1
weak,24898,1
weak,24899,1
weak,24900,1
weak,24901,1
weak,24902,1
weak,24903,1
weak,24904,1
weak,24905,1
weak,24906,1
weak,24907,1
weak,24908,1
weak,24909,1
weak,24910,1
weak,24911,1
weak,24912,1
weak,24913,1
weak,24914,1
weak,24915,1
weak,24916,1
weak,24917,1
weak,24918,1
weak,24919,1
weak,24920,1
weak,24921,1
weak,24922,1
weak,24923,1
weak,24924,1
weak,24925,1
weak,24926,1
weak,24927,1
weak,24928,1
weak,24929,1
weak,24930,1
weak,24931,1
weak,24932,1
weak,24933,1
weak,24934,1
weak,24935,1
weak,24936,1
weak,24937,1
weak,24938,1
weak,24939,1
weak,24940,1
weak,24941,1
weak,24942,1
weak,24943,1
weak,24944,1
weak,24945,1
weak,24946,1
weak,24947,1
weak,24948,1
weak,24949,1
weak,24950,1
weak,24951,1
weak,24952,1
weak,24953,1
weak,24954,1
weak,24955,1
weak,24956,1
weak,24957,1
weak,24958,1
weak,24959,1
weak,24960,1
weak,24961,1
weak,24962,1
weak,24963,1
weak,24964,1
weak,24965,1
weak,24966,1
weak,24967,1
weak,24968,1
weak,24969,1
weak,24970,1
weak,24971,1
weak,24972,1
weak,24973,1
weak,24974,1
weak,24975,1
weak,24976,1
weak,24977,1
weak,24978,1
weak,24979,1
weak,24980,1
weak,24981,1
weak,24982,1
weak,24983,1
weak,24984,1
weak,24985,1
weak,24986,1
weak,24987,1
weak,24988,1
weak,24989,1
weak,24990,1
weak,24991,1
weak,24992,1
weak,24993,1
weak,24994,1
weak,24995,1
weak,24996,1
weak,24997,1
weak,24998,1
weak,24999,1
weak,25000,1
weak,25001,1
weak,25002,1
weak,25003,1
weak,25004,1
weak,25005,1
weak,25006,1
weak,25007,1
weak,25008,1
weak,25009,1
weak,25010,1
weak,25011,1
weak,25012,1
weak,25013,1
weak,25014,1
weak,25015,1
weak,25016,1
weak,25017,1
weak,25018,1
weak,25019,1
weak,25020,1
weak,25021,1
weak,25022,1
weak,25023,1
weak,25024,1
weak,25025,1
weak,25026,1
weak,25027,1
weak,25028,1
weak,25029,1
weak,25030,1
weak,25031,1
weak,25032,1
weak,25033,1
weak,25034,1
weak,25035,1
weak,25036,1
weak,25037,1
weak,25038,1
weak,25039,1
weak,25040,1
weak,25041,1
weak,25042,1
weak,25043,1
weak,25044,1
weak,25045,1
weak,25046,1
weak,25047,1
weak,25048,1
weak,25049,1
weak,25050,1
weak,25051,1
weak,25052,1
weak,25053,1
weak,25054,1
weak,25055,1
weak,25056,1
weak,25057,1
weak,25058,1
weak,25059,1
weak,25060,1
weak,25061,1
weak,25062,1
weak,25063,1
weak,25064,1
weak,25065,1
weak,25066,1
weak,25067,1
weak,25068,1
weak,25069,1
weak,25070,1
weak,25071,1
weak,25072,1
weak,25073,1
weak,25074,1
weak,25075,1
weak,25076,1
weak,25077,1
weak,25078,1
weak,25079,1
weak,25080,1
weak,25081,1
weak,25082,1
weak,25083,1
weak,25084,1
weak,25085,1
weak,25086,1
weak,25087,1
weak,25088,1
weak,25089,1
weak,25090,1
weak,25091,1
weak,25092,1
weak,25093,1
weak,25094,1
weak,25095,1
weak,25096,1
weak,25097,1
weak,25098,1
weak,25099,1
weak,25100,1
weak,25101,1
weak,25102,1
weak,25103,1
weak,25104,1
weak,25105,1
weak,25106,1
weak,25107,1
weak,25108,1
weak,25109,1
weak,25110,1
weak,25111,1
weak,25112,1
weak,25113,1
weak,25114,1
weak,25115,1
weak,25116,1
weak,25117,1
weak,25118,1
weak,25119,1
weak,25120,1
weak,25121,1
weak,25122,1
weak,25123,1
weak,25124,1
weak,25125,1
weak,25126,1
weak,25127,1
weak,25128,1
weak,25129,1
weak,25130,1
weak,25131,1
weak,25132,1
weak,25133,1
weak,25134,1
weak,25135,1
weak,25136,1
weak,25137,1
weak,25138,1
weak,25139,1
weak,25140,1
weak,25141,1
weak,25142,1
weak,25143,1
weak,25144,1
weak,25145,1
weak,25146,1
weak,25147,1
weak,25148,1
weak,25149,1
weak,25150,1
weak,25151,1
weak,25152,1
weak,25153,1
weak,25154,1
weak,25155,1
weak,25156,1
weak,25157,1
weak,25158,1
weak,25159,1
weak,25160,1
weak,25161,1
weak,25162,1
weak,25163,1
weak,25164,1
weak,25165,1
weak,25166,1
weak,25167,1
weak,25168,1
weak,25169,1
weak,25170,1
weak,25171,1
weak,25172,1
weak,25173,1
weak,25174,1
weak,25175,1
weak,25176,1
weak,25177,1
weak,25178,1
weak,25179,1
weak,25180,1
weak,25181,1
weak,25182,1
weak,25183,1
weak,25184,1
weak,25185,1
weak,25186,1
weak,25187,1
weak,25188,1
weak,25189,1
weak,25190,1
weak,25191,1
weak,25192,1
weak,25193,1
weak,25194,1
weak,25195,1
weak,25196,1
weak,25197,1
weak,25198,1
weak,25199,1
weak,25200,1
weak,25201,1
weak,25202,1
weak,25203,1
weak,25204,1
weak,25205,1
weak,25206,1
weak,25207,1
weak,25208,1
weak,25209,1
weak,25210,1
weak,25211,1
weak,25212,1
weak,25213,1
weak,25214,1
weak,25215,1
weak,25216,1
weak,25217,1
weak,25218,1
weak,25219,1
weak,25220,1
weak,25221,1
weak,25222,1
weak,25223,1
weak,25224,1
weak,25225,1
weak,25226,1
weak,25227,1
weak,25228,1
weak,25229,1
weak,25230,1
weak,25231,1
weak,25232,1
weak,25233,1
weak,25234,1
weak,25235,1
weak,25236,1
weak,25237,1
weak,25238,1
weak,25239,1
weak,25240,1
weak,25241,1
weak,25242,1
weak,25243,1
weak,25244,1
weak,25245,1
weak,25246,1
weak,25247,1
weak,25248,1
weak,25249,1
weak,25250,1
weak,25251,1
weak,25252,1
weak,25253,1
weak,25254,1
weak,25255,1
weak,25256,1
weak,25257,1
weak,25258,1
weak,25259,1
weak,25260,1
weak,25261,1
weak,25262,1
weak,25263,1
weak,25264,1
weak,25265,1
weak,25266,1
weak,25267,1
weak,25268,1
weak,25269,1
weak,25270,1
weak,25271,1
weak,25272,1
weak,25273,1
weak,25274,1
weak,25275,1
weak,25276,1
weak,25277,1
weak,25278,1
weak,25279,1
weak,25280,1
weak,25281,1
weak,25282,1
weak,25283,1
weak,25284,1
weak,25285,1
weak,25286,1
weak,25287,1
weak,25288,1
weak,25289,1
weak,25290,1
weak,25291,1
weak,25292,1
weak,25293,1
weak,25294,1
weak,25295,1
weak,25296,1
weak,25297,1
weak,25298,1
weak,25299,1
weak,25300,1
weak,25301,1
weak,25302,1
weak,25303,1
weak,25304,1
weak,25305,1
weak,25306,1
weak,25307,1
weak,25308,1
weak,25309,1
weak,25310,1
weak,25311,1
weak,25312,1
weak,25313,1
weak,25314,1
weak,25315,1
weak,25316,1
weak,25317,1
weak,25318,1
weak,25319,1
weak,25320,1
weak,25321,1
weak,25322,1
weak,25323,1
weak,25324,1
weak,25325,1
weak,25326,1
weak,25327,1
weak,25328,1
weak,25329,1
weak,25330,1
weak,25331,1
weak,25332,1
weak,25333,1
weak,25334,1
weak,25335,1
weak,25336,1
weak,25337,1
weak,25338,1
weak,25339,1
weak,25340,1
weak,25341,1
weak,25342,1
weak,25343,1
weak,25344,1
weak,25345,1
weak,25346,1
weak,25347,1
weak,25348,1
weak,25349,1
weak,25350,1
weak,25351,1
weak,25352,1
weak,25353,1
weak,25354,1
weak,25355,1
weak,25356,1
weak,25357,1
weak,25358,1
weak,25359,1
weak,25360,1
weak,25361,1
weak,25362,1
weak,25363,1
weak,25364,1
weak,25365,1
weak,25366,1
weak,25367,1
weak,25368,1
weak,25369,1
weak,25370,1
weak,25371,1
weak,25372,1
weak,25373,1
weak,25374,1
weak,25375,1
weak,25376,1
weak,25377,1
weak,25378,1
weak,25379,1
weak,25380,1
weak,25381,1
weak,25382,1
weak,25383,1
weak,25384,1
weak,25385,1
weak,25386,1
weak,25387,1
weak,25388,1
weak,25389,1
weak,25390,1
weak,25391,1
weak,25392,1
weak,25393,1
weak,25394,1
weak,25395,1
weak,25396,1
weak,25397,1
weak,25398,1
weak,25399,1
weak,25400,1
weak,25401,1
weak,25402,1
weak,25403,1
weak,25404,1
weak,25405,1
weak,25406,1
weak,25407,1
weak,25408,1
weak,25409,1
weak,25410,1
weak,25411,1
weak,25412,1
weak,25413,1
weak,25414,1
weak,25415,1
weak,25416,1
weak,25417,1
weak,25418,1
weak,25419,1
weak,25420,1
weak,25421,1
weak,25422,1
weak,25423,1
weak,25424,1
weak,25425,1
weak,25426,1
weak,25427,1
weak,25428,1
weak,25429,1
weak,25430,1
weak,25431,1
weak,25432,1
weak,25433,1
weak,25434,1
weak,25435,1
weak,25436,1
weak,25437,1
weak,25438,1
weak,25439,1
weak,25440,1
weak,25441,1
weak,25442,1
weak,25443,1
weak,25444,1
weak,25445,1
weak,25446,1
weak,25447,1
weak,25448,1
weak,25449,1
weak,25450,1
weak,25451,1
weak,25452,1
weak,25453,1
weak,25454,1
weak,25455,1
weak,25456,1
weak,25457,1
weak,25458,1
weak,25459,1
weak,25460,1
weak,25461,1
weak,25462,1
weak,25463,1
weak,25464,1
weak,25465,1
weak,25466,1
weak,25467,1
weak,25468,1
weak,25469,1
weak,25470,1
weak,25471,1
weak,25472,1
weak,25473,1
weak,25474,1
weak,25475,1
weak,25476,1
weak,25477,1
weak,25478,1
weak,25479,1
weak,25480,1
weak,25481,1
weak,25482,1
weak,25483,1
weak,25484,1
weak,25485,1
weak,25486,1
weak,25487,1
weak,25488,1
weak,25489,1
weak,25490,1
weak,25491,1
weak,25492,1
weak,25493,1
weak,25494,1
weak,25495,1
weak,25496,1
weak,25497,1
weak,25498,1
weak,25499,1
weak,25500,1
weak,25501,1
weak,25502,1
weak,25503,1
weak,25504,1
weak,25505,1
weak,25506,1
weak,25507,1
weak,25508,1
weak,25509,1
weak,25510,1
weak,25511,1
weak,25512,1
weak,25513,1
weak,25514,1
weak,25515,1
weak,25516,1
weak,25517,1
weak,25518,1
weak,25519,1
weak,25520,1
weak,25521,1
weak,25522,1
weak,25523,1
weak,25524,1
weak,25525,1
weak,25526,1
weak,25527,1
weak,25528,1
weak,25529,1
weak,25530,1
weak,25531,1
weak,25532,1
weak,25533,1
weak,25534,1
weak,25535,1
weak,25536,1
weak,25537,1
weak,25538,1
weak,25539,1
weak,25540,1
weak,25541,1
weak,25542,1
weak,25543,1
weak,25544,1
weak,25545,1
weak,25546,1
weak,25547,1
weak,25548,1
weak,25549,1
weak,25550,1
weak,25551,1
weak,25552,1
weak,25553,1
weak,25554,1
weak,25555,1
weak,25556,1
weak,25557,1
weak,25558,1
weak,25559,1
weak,25560,1
weak,25561,1
weak,25562,1
weak,25563,1
weak,25564,1
weak,25565,1
weak,25566,1
weak,25567,1
weak,25568,1
weak,25569,1
weak,25570,1
weak,25571,1
weak,25572,1
weak,25573,1
weak,25574,1
weak,25575,1
weak,25576,1
weak,25577,1
weak,25578,1
weak,25579,1
weak,25580,1
weak,25581,1
weak,25582,1
weak,25583,1
weak,25584,1
weak,25585,1
weak,25586,1
weak,25587,1
weak,25588,1
weak,25589,1
weak,25590,1
weak,25591,1
weak,25592,1
weak,25593,1
weak,25594,1
weak,25595,1
weak,25596,1
weak,25597,1
weak,25598,1
weak,25599,1
weak,25600,1
weak,25601,1
weak,25602,1
weak,25603,1
weak,25604,1
weak,25605,1
weak,25606,1
weak,25607,1
weak,25608,1
weak,25609,1
weak,25610,1
weak,25611,1
weak,25612,1
weak,25613,1
weak,25614,1
weak,25615,1
weak,25616,1
weak,25617,1
weak,25618,1
weak,25619,1
weak,25620,1
weak,25621,1
weak,25622,1
weak,25623,1
weak,25624,1
weak,25625,1
weak,25626,1
weak,25627,1
weak,25628,1
weak,25629,1
weak,25630,1
weak,25631,1
weak,25632,1
weak,25633,1
weak,25634,1
weak,25635,1
weak,25636,1
weak,25637,1
weak,25638,1
weak,25639,1
weak,25640,1
weak,25641,1
weak,25642,1
weak,25643,1
weak,25644,1
weak,25645,1
weak,25646,1
weak,25647,1
weak,25648,1
weak,25649,1
weak,25650,1
weak,25651,1
weak,25652,1
weak,25653,1
weak,25654,1
weak,25655,1
weak,25656,1
weak,25657,1
weak,25658,1
weak,25659,1
weak,25660,1
weak,25661,1
weak,25662,1
weak,25663,1
weak,25664,1
weak,25665,1
weak,25666,1
weak,25667,1
weak,25668,1
weak,25669,1
weak,25670,1
weak,25671,1
weak,25672,1
weak,25673,1
weak,25674,1
weak,25675,1
weak,25676,1
weak,25677,1
weak,25678,1
weak,25679,1
weak,25680,1
weak,25681,1
weak,25682,1
weak,25683,1
weak,25684,1
weak,25685,1
weak,25686,1
weak,25687,1
weak,25688,1
weak,25689,1
weak,25690,1
weak,25691,1
weak,25692,1
weak,25693,1
weak,25694,1
weak,25695,1
weak,25696,1
weak,25697,1
weak,25698,1
weak,25699,1
weak,25700,1
weak,25701,1
weak,25702,1
weak,25703,1
weak,25704,1
weak,25705,1
weak,25706,1
weak,25707,1
weak,25708,1
weak,25709,1
weak,25710,1
weak,25711,1
weak,25712,1
weak,25713,1
weak,25714,1
weak,25715,1
weak,25716,1
weak,25717,1
weak,25718,1
weak,25719,1
weak,25720,1
weak,25721,1
weak,25722,1
weak,25723,1
weak,25724,1
weak,25725,1
weak,25726,1
weak,25727,1
weak,25728,1
weak,25729,1
weak,25730,1
weak,25731,1
weak,25732,1
weak,25733,1
weak,25734,1
weak,25735,1
weak,25736,1
weak,25737,1
weak,25738,1
weak,25739,1
weak,25740,1
weak,25741,1
weak,25742,1
weak,25743,1
weak,25744,1
weak,25745,1
weak,25746,1
weak,25747,1
weak,25748,1
weak,25749,1
weak,25750,1
weak,25751,1
weak,25752,1
weak,25753,1
weak,25754,1
weak,25755,1
weak,25756,1
weak,25757,1
weak,25758,1
weak,25759,1
weak,25760,1
weak,25761,1
weak,25762,1
weak,25763,1
weak,25764,1
weak,25765,1
weak,25766,1
weak,25767,1
weak,25768,1
weak,25769,1
weak,25770,1
weak,25771,1
weak,25772,1
weak,25773,1
weak,25774,1
weak,25775,1
weak,25776,1
weak,25777,1
weak,25778,1
weak,25779,1
weak,25780,1
weak,25781,1
weak,25782,1
weak,25783,1
weak,25784,1
weak,25785,1
weak,25786,1
weak,25787,1
weak,25788,1
weak,25789,1
weak,25790,1
weak,25791,1
weak,25792,1
weak,25793,1
weak,25794,1
weak,25795,1
weak,25796,1
weak,25797,1
weak,25798,1
weak,25799,1
weak,25800,1
weak,25801,1
weak,25802,1
weak,25803,1
weak,25804,1
weak,25805,1
weak,25806,1
weak,25807,1
weak,25808,1
weak,25809,1
weak,25810,1
weak,25811,1
weak,25812,1
weak,25813,1
weak,25814,1
weak,25815,1
weak,25816,1
weak,25817,1
weak,25818,1
weak,25819,1
weak,25820,1
weak,25821,1
weak,25822,1
weak,25823,1
weak,25824,1
weak,25825,1
weak,25826,1
weak,25827,1
weak,25828,1
weak,25829,1
weak,25830,1
weak,25831,1
weak,25832,1
weak,25833,1
weak,25834,1
weak,25835,1
weak,25836,1
weak,25837,1
weak,25838,1
weak,25839,1
weak,25840,1
weak,25841,1
weak,25842,1
weak,25843,1
weak,25844,1
weak,25845,1
weak,25846,1
weak,25847,1
weak,25848,1
weak,25849,1
weak,25850,1
weak,25851,1
weak,25852,1
weak,25853,1
weak,25854,1
weak,25855,1
weak,25856,1
weak,25857,1
weak,25858,1
weak,25859,1
weak,25860,1
weak,25861,1
weak,25862,1
weak,25863,1
weak,25864,1
weak,25865,1
weak,25866,1
weak,25867,1
weak,25868,1
weak,25869,1
weak,25870,1
weak,25871,1
weak,25872,1
weak,25873,1
weak,25874,1
weak,25875,1
weak,25876,1
weak,25877,1
weak,25878,1
weak,25879,1
weak,25880,1
weak,25881,1
weak,25882,1
weak,25883,1
weak,25884,1
weak,25885,1
weak,25886,1
weak,25887,1
weak,25888,1
weak,25889,1
weak,25890,1
weak,25891,1
weak,25892,1
weak,25893,1
weak,25894,1
weak,25895,1
weak,25896,1
weak,25897,1
weak,25898,1
weak,25899,1
weak,25900,1
weak,25901,1
weak,25902,1
weak,25903,1
weak,25904,1
weak,25905,1
weak,25906,1
weak,25907,1
weak,25908,1
weak,25909,1
weak,25910,1
weak,25911,1
weak,25912,1
weak,25913,1
weak,25914,1
weak,25915,1
weak,25916,1
weak,25917,1
weak,25918,1
weak,25919,1
weak,25920,1
weak,25921,1
weak,25922,1
weak,25923,1
weak,25924,1
weak,25925,1
weak,25926,1
weak,25927,1
weak,25928,1
weak,25929,1
weak,25930,1
weak,25931,1
weak,25932,1
weak,25933,1
weak,25934,1
weak,25935,1
weak,25936,1
weak,25937,1
weak,25938,1
weak,25939,1
weak,25940,1
weak,25941,1
weak,25942,1
weak,25943,1
weak,25944,1
weak,25945,1
weak,25946,1
weak,25947,1
weak,25948,1
weak,25949,1
weak,25950,1
weak,25951,1
weak,25952,1
weak,25953,1
weak,25954,1
weak,25955,1
weak,25956,1
weak,25957,1
weak,25958,1
weak,25959,1
weak,25960,1
weak,25961,1
weak,25962,1
weak,25963,1
weak,25964,1
weak,25965,1
weak,25966,1
weak,25967,1
weak,25968,1
weak,25969,1
weak,25970,1
weak,25971,1
weak,25972,1
weak,25973,1
weak,25974,1
weak,25975,1
weak,25976,1
weak,25977,1
weak,25978,1
weak,25979,1
weak,25980,1
weak,25981,1
weak,25982,1
weak,25983,1
weak,25984,1
weak,25985,1
weak,25986,1
weak,25987,1
weak,25988,1
weak,25989,1
weak,25990,1
weak,25991,1
weak,25992,1
weak,25993,1
weak,25994,1
weak,25995,1
weak,25996,1
weak,25997,1
weak,25998,1
weak,25999,1
weak,26000,1
weak,26001,1
weak,26002,1
weak,26003,1
weak,26004,1
weak,26005,1
weak,26006,1
weak,26007,1
weak,26008,1
weak,26009,1
weak,26010,1
weak,26011,1
weak,26012,1
weak,26013,1
weak,26014,1
weak,26015,1
weak,26016,1
weak,26017,1
weak,26018,1
weak,26019,1
weak,26020,1
weak,26021,1
weak,26022,1
weak,26023,1
weak,26024,1
weak,26025,1
weak,26026,1
weak,26027,1
weak,26028,1
weak,26029,1
weak,26030,1
weak,26031,1
weak,26032,1
weak,26033,1
weak,26034,1
weak,26035,1
weak,26036,1
weak,26037,1
weak,26038,1
weak,26039,1
weak,26040,1
weak,26041,1
weak,26042,1
weak,26043,1
weak,26044,1
weak,26045,1
weak,26046,1
weak,26047,1
weak,26048,1
weak,26049,1
weak,26050,1
weak,26051,1
weak,26052,1
weak,26053,1
weak,26054,1
weak,26055,1
weak,26056,1
weak,26057,1
weak,26058,1
weak,26059,1
weak,26060,1
weak,26061,1
weak,26062,1
weak,26063,1
weak,26064,1
weak,26065,1
weak,26066,1
weak,26067,1
weak,26068,1
weak,26069,1
weak,26070,1
weak,26071,1
weak,26072,1
weak,26073,1
weak,26074,1
weak,26075,1
weak,26076,1
weak,26077,1
weak,26078,1
weak,26079,1
weak,26080,1
weak,26081,1
weak,26082,1
weak,26083,1
weak,26084,1
weak,26085,1
weak,26086,1
weak,26087,1
weak,26088,1
weak,26089,1
weak,26090,1
weak,26091,1
weak,26092,1
weak,26093,1
weak,26094,1
weak,26095,1
weak,26096,1
weak,26097,1
weak,26098,1
weak,26099,1
weak,26100,1
weak,26101,1
weak,26102,1
weak,26103,1
weak,26104,1
weak,26105,1
weak,26106,1
weak,26107,1
weak,26108,1
weak,26109,1
weak,26110,1
weak,26111,1
weak,26112,1
weak,26113,1
weak,26114,1
weak,26115,1
weak,26116,1
weak,26117,1
weak,26118,1
weak,26119,1
weak,26120,1
weak,26121,1
weak,26122,1
weak,26123,1
weak,26124,1
weak,26125,1
weak,26126,1
weak,26127,1
weak,26128,1
weak,26129,1
weak,26130,1
weak,26131,1
weak,26132,1
weak,26133,1
weak,26134,1
weak,26135,1
weak,26136,1
weak,26137,1
weak,26138,1
weak,26139,1
weak,26140,1
weak,26141,1
weak,26142,1
weak,26143,1
weak,26144,1
weak,26145,1
weak,26146,1
weak,26147,1
weak,26148,1
weak,26149,1
weak,26150,1
weak,26151,1
weak,26152,1
weak,26153,1
weak,26154,1
weak,26155,1
weak,26156,1
weak,26157,1
weak,26158,1
weak,26159,1
weak,26160,1
weak,26161,1
weak,26162,1
weak,26163,1
weak,26164,1
weak,26165,1
weak,26166,1
weak,26167,1
weak,26168,1
weak,26169,1
weak,26170,1
weak,26171,1
weak,26172,1
weak,26173,1
weak,26174,1
weak,26175,1
weak,26176,1
weak,26177,1
weak,26178,1
weak,26179,1
weak,26180,1
weak,26181,1
weak,26182,1
weak,26183,1
weak,26184,1
weak,26185,1
weak,26186,1
weak,26187,1
weak,26188,1
weak,26189,1
weak,26190,1
weak,26191,1
weak,26192,1
weak,26193,1
weak,26194,1
weak,26195,1
weak,26196,1
weak,26197,1
weak,26198,1
weak,26199,1
weak,26200,1
weak,26201,1
weak,26202,1
weak,26203,1
weak,26204,1
weak,26205,1
weak,26206,1
weak,26207,1
weak,26208,1
weak,26209,1
weak,26210,1
weak,26211,1
weak,26212,1
weak,26213,1
weak,26214,1
weak,26215,1
weak,26216,1
weak,26217,1
weak,26218,1
weak,26219,1
weak,26220,1
weak,26221,1
weak,26222,1
weak,26223,1
weak,26224,1
weak,26225,1
weak,26226,1
weak,26227,1
weak,26228,1
weak,26229,1
weak,26230,1
weak,26231,1
weak,26232,1
weak,26233,1
weak,26234,1
weak,26235,1
weak,26236,1
weak,26237,1
weak,26238,1
weak,26239,1
weak,26240,1
weak,26241,1
weak,26242,1
weak,26243,1
weak,26244,1
weak,26245,1
weak,26246,1
weak,26247,1
weak,26248,1
weak,26249,1
weak,26250,1
weak,26251,1
weak,26252,1
weak,26253,1
weak,26254,1
weak,26255,1
weak,26256,1
weak,26257,1
weak,26258,1
weak,26259,1
weak,26260,1
weak,26261,1
weak,26262,1
weak,26263,1
weak,26264,1
weak,26265,1
weak,26266,1
weak,26267,1
weak,26268,1
weak,26269,1
weak,26270,1
weak,26271,1
weak,26272,1
weak,26273,1
weak,26274,1
weak,26275,1
weak,26276,1
weak,26277,1
weak,26278,1
weak,26279,1
weak,26280,1
weak,26281,1
weak,26282,1
weak,26283,1
weak,26284,1
weak,26285,1
weak,26286,1
weak,26287,1
weak,26288,1
weak,26289,1
weak,26290,1
weak,26291,1
weak,26292,1
weak,26293,1
weak,26294,1
weak,26295,1
weak,26296,1
weak,26297,1
weak,26298,1
weak,26299,1
weak,26300,1
weak,26301,1
weak,26302,1
weak,26303,1
weak,26304,1
weak,26305,1
weak,26306,1
weak,26307,1
weak,26308,1
weak,26309,1
weak,26310,1
weak,26311,1
weak,26312,1
weak,26313,1
weak,26314,1
weak,26315,1
weak,26316,1
weak,26317,1
weak,26318,1
weak,26319,1
weak,26320,1
weak,26321,1
weak,26322,1
weak,26323,1
weak,26324,1
weak,26325,1
weak,26326,1
weak,26327,1
weak,26328,1
weak,26329,1
weak,26330,1
weak,26331,1
weak,26332,1
weak,26333,1
weak,26334,1
weak,26335,1
weak,26336,1
weak,26337,1
weak,26338,1
weak,26339,1
weak,26340,1
weak,26341,1
weak,26342,1
weak,26343,1
weak,26344,1
weak,26345,1
weak,26346,1
weak,26347,1
weak,26348,1
weak,26349,1
weak,26350,1
weak,26351,1
weak,26352,1
weak,26353,1
weak,26354,1
weak,26355,1
weak,26356,1
weak,26357,1
weak,26358,1
weak,26359,1
weak,26360,1
weak,26361,1
weak,26362,1
weak,26363,1
weak,26364,1
weak,26365,1
weak,26366,1
weak,26367,1
weak,26368,1
weak,26369,1
weak,26370,1
weak,26371,1
weak,26372,1
weak,26373,1
weak,26374,1
weak,26375,1
weak,26376,1
weak,26377,1
weak,26378,1
weak,26379,1
weak,26380,1
weak,26381,1
weak,26382,1
weak,26383,1
weak,26384,1
weak,26385,1
weak,26386,1
weak,26387,1
weak,26388,1
weak,26389,1
weak,26390,1
weak,26391,1
weak,26392,1
weak,26393,1
weak,26394,1
weak,26395,1
weak,26396,1
weak,26397,1
weak,26398,1
weak,26399,1
weak,26400,1
weak,26401,1
weak,26402,1
weak,26403,1
weak,26404,1
weak,26405,1
weak,26406,1
weak,26407,1
weak,26408,1
weak,26409,1
weak,26410,1
weak,26411,1
weak,26412,1
weak,26413,1
weak,26414,1
weak,26415,1
weak,26416,1
weak,26417,1
weak,26418,1
weak,26419,1
weak,26420,1
weak,26421,1
weak,26422,1
weak,26423,1
weak,26424,1
weak,26425,1
weak,26426,1
weak,26427,1
weak,26428,1
weak,26429,1
weak,26430,1
weak,26431,1
weak,26432,1
weak,26433,1
weak,26434,1
weak,26435,1
weak,26436,1
weak,26437,1
weak,26438,1
weak,26439,1
weak,26440,1
weak,26441,1
weak,26442,1
weak,26443,1
weak,26444,1
weak,26445,1
weak,26446,1
weak,26447,1
weak,26448,1
weak,26449,1
weak,26450,1
weak,26451,1
weak,26452,1
weak,26453,1
weak,26454,1
weak,26455,1
weak,26456,1
weak,26457,1
weak,26458,1
weak,26459,1
weak,26460,1
weak,26461,1
weak,26462,1
weak,26463,1
weak,26464,1
weak,26465,1
weak,26466,1
weak,26467,1
weak,26468,1
weak,26469,1
weak,26470,1
weak,26471,1
weak,26472,1
weak,26473,1
weak,26474,1
weak,26475,1
weak,26476,1
weak,26477,1
weak,26478,1
weak,26479,1
weak,26480,1
weak,26481,1
weak,26482,1
weak,26483,1
weak,26484,1
weak,26485,1
weak,26486,1
weak,26487,1
weak,26488,1
weak,26489,1
weak,26490,1
weak,26491,1
weak,26492,1
weak,26493,1
weak,26494,1
weak,26495,1
weak,26496,1
weak,26497,1
weak,26498,1
weak,26499,1
weak,26500,1
weak,26501,1
weak,26502,1
weak,26503,1
weak,26504,1
weak,26505,1
weak,26506,1
weak,26507,1
weak,26508,1
weak,26509,1
weak,26510,1
weak,26511,1
weak,26512,1
weak,26513,1
weak,26514,1
weak,26515,1
weak,26516,1
weak,26517,1
weak,26518,1
weak,26519,1
weak,26520,1
weak,26521,1
weak,26522,1
weak,26523,1
weak,26524,1
weak,26525,1
weak,26526,1
weak,26527,1
weak,26528,1
weak,26529,1
weak,26530,1
weak,26531,1
weak,26532,1
weak,26533,1
weak,26534,1
weak,26535,1
weak,26536,1
weak,26537,1
weak,26538,1
weak,26539,1
weak,26540,1
weak,26541,1
weak,26542,1
weak,26543,1
weak,26544,1
weak,26545,1
weak,26546,1
weak,26547,1
weak,26548,1
weak,26549,1
weak,26550,1
weak,26551,1
weak,26552,1
weak,26553,1
weak,26554,1
weak,26555,1
weak,26556,1
weak,26557,1
weak,26558,1
weak,26559,1
weak,26560,1
weak,26561,1
weak,26562,1
weak,26563,1
weak,26564,1
weak,26565,1
weak,26566,1
weak,26567,1
weak,26568,1
weak,26569,1
weak,26570,1
weak,26571,1
weak,26572,1
weak,26573,1
weak,26574,1
weak,26575,1
weak,26576,1
weak,26577,1
weak,26578,1
weak,26579,1
weak,26580,1
weak,26581,1
weak,26582,1
weak,26583,1
weak,26584,1
weak,26585,1
weak,26586,1
weak,26587,1
weak,26588,1
weak,26589,1
weak,26590,1
weak,26591,1
weak,26592,1
weak,26593,1
weak,26594,1
weak,26595,1
weak,26596,1
weak,26597,1
weak,26598,1
weak,26599,1
weak,26600,1
weak,26601,1
weak,26602,1
weak,26603,1
weak,26604,1
weak,26605,1
weak,26606,1
weak,26607,1
weak,26608,1
weak,26609,1
weak,26610,1
weak,26611,1
weak,26612,1
weak,26613,1
weak,26614,1
weak,26615,1
weak,26616,1
weak,26617,1
weak,26618,1
weak,26619,1
weak,26620,1
weak,26621,1
weak,26622,1
weak,26623,1
weak,26624,1
weak,26625,1
weak,26626,1
weak,26627,1
weak,26628,1
weak,26629,1
weak,26630,1
weak,26631,1
weak,26632,1
weak,26633,1
weak,26634,1
weak,26635,1
weak,26636,1
weak,26637,1
weak,26638,1
weak,26639,1
weak,26640,1
weak,26641,1
weak,26642,1
weak,26643,1
weak,26644,1
weak,26645,1
weak,26646,1
weak,26647,1
weak,26648,1
weak,26649,1
weak,26650,1
weak,26651,1
weak,26652,1
weak,26653,1
weak,26654,1
weak,26655,1
weak,26656,1
weak,26657,1
weak,26658,1
weak,26659,1
weak,26660,1
weak,26661,1
weak,26662,1
weak,26663,1
weak,26664,1
weak,26665,1
weak,26666,1
weak,26667,1
weak,26668,1
weak,26669,1
weak,26670,1
weak,26671,1
weak,26672,1
weak,26673,1
weak,26674,1
weak,26675,1
weak,26676,1
weak,26677,1
weak,26678,1
weak,26679,1
weak,26680,1
weak,26681,1
weak,26682,1
weak,26683,1
weak,26684,1
weak,26685,1
weak,26686,1
weak,26687,1
weak,26688,1
weak,26689,1
weak,26690,1
weak,26691,1
weak,26692,1
weak,26693,1
weak,26694,1
weak,26695,1
weak,26696,1
weak,26697,1
weak,26698,1
weak,26699,1
weak,26700,1
weak,26701,1
weak,26702,1
weak,26703,1
weak,26704,1
weak,26705,1
weak,26706,1
weak,26707,1
weak,26708,1
weak,26709,1
weak,26710,1
weak,26711,1
weak,26712,1
weak,26713,1
weak,26714,1
weak,26715,1
weak,26716,1
weak,26717,1
weak,26718,1
weak,26719,1
weak,26720,1
weak,26721,1
weak,26722,1
weak,26723,1
weak,26724,1
weak,26725,1
weak,26726,1
weak,26727,1
weak,26728,1
weak,26729,1
weak,26730,1
weak,26731,1
weak,26732,1
weak,26733,1
weak,26734,1
weak,26735,1
weak,26736,1
weak,26737,1
weak,26738,1
weak,26739,1
weak,26740,1
weak,26741,1
weak,26742,1
weak,26743,1
weak,26744,1
weak,26745,1
weak,26746,1
weak,26747,1
weak,26748,1
weak,26749,1
weak,26750,1
weak,26751,1
weak,26752,1
weak,26753,1
weak,26754,1
weak,26755,1
weak,26756,1
weak,26757,1
weak,26758,1
weak,26759,1
weak,26760,1
weak,26761,1
weak,26762,1
weak,26763,1
weak,26764,1
weak,26765,1
weak,26766,1
weak,26767,1
weak,26768,1
weak,26769,1
weak,26770,1
weak,26771,1
weak,26772,1
weak,26773,1
weak,26774,1
weak,26775,1
weak,26776,1
weak,26777,1
weak,26778,1
weak,26779,1
weak,26780,1
weak,26781,1
weak,26782,1
weak,26783,1
weak,26784,1
weak,26785,1
weak,26786,1
weak,26787,1
weak,26788,1
weak,26789,1
weak,26790,1
weak,26791,1
weak,26792,1
weak,26793,1
weak,26794,1
weak,26795,1
weak,26796,1
weak,26797,1
weak,26798,1
weak,26799,1
weak,26800,1
weak,26801,1
weak,26802,1
weak,26803,1
weak,26804,1
weak,26805,1
weak,26806,1
weak,26807,1
weak,26808,1
weak,26809,1
weak,26810,1
weak,26811,1
weak,26812,1
weak,26813,1
weak,26814,1
weak,26815,1
weak,26816,1
weak,26817,1
weak,26818,1
weak,26819,1
weak,26820,1
weak,26821,1
weak,26822,1
weak,26823,1
weak,26824,1
weak,26825,1
weak,26826,1
weak,26827,1
weak,26828,1
weak,26829,1
weak,26830,1
weak,26831,1
weak,26832,1
weak,26833,1
weak,26834,1
weak,26835,1
weak,26836,1
weak,26837,1
weak,26838,1
weak,26839,1
weak,26840,1
weak,26841,1
weak,26842,1
weak,26843,1
weak,26844,1
weak,26845,1
weak,26846,1
weak,26847,1
weak,26848,1
weak,26849,1
weak,26850,1
weak,26851,1
weak,26852,1
weak,26853,1
weak,26854,1
weak,26855,1
weak,26856,1
weak,26857,1
weak,26858,1
weak,26859,1
weak,26860,1
weak,26861,1
weak,26862,1
weak,26863,1
weak,26864,1
weak,26865,1
weak,26866,1
weak,26867,1
weak,26868,1
weak,26869,1
weak,26870,1
weak,26871,1
weak,26872,1
weak,26873,1
weak,26874,1
weak,26875,1
weak,26876,1
weak,26877,1
weak,26878,1
weak,26879,1
weak,26880,1
weak,26881,1
weak,26882,1
weak,26883,1
weak,26884,1
weak,26885,1
weak,26886,1
weak,26887,1
weak,26888,1
weak,26889,1
weak,26890,1
weak,26891,1
weak,26892,1
weak,26893,1
weak,26894,1
weak,26895,1
weak,26896,1
weak,26897,1
weak,26898,1
weak,26899,1
weak,26900,1
weak,26901,1
weak,26902,1
weak,26903,1
weak,26904,1
weak,26905,1
weak,26906,1
weak,26907,1
weak,26908,1
weak,26909,1
weak,26910,1
weak,26911,1
weak,26912,1
weak,26913,1
weak,26914,1
weak,26915,1
weak,26916,1
weak,26917,1
weak,26918,1
weak,26919,1
weak,26920,1
weak,26921,1
weak,26922,1
weak,26923,1
weak,26924,1
weak,26925,1
weak,26926,1
weak,26927,1
weak,26928,1
weak,26929,1
weak,26930,1
weak,26931,1
weak,26932,1
weak,26933,1
weak,26934,1
weak,26935,1
weak,26936,1
weak,26937,1
weak,26938,1
weak,26939,1
weak,26940,1
weak,26941,1
weak,26942,1
weak,26943,1
weak,26944,1
weak,26945,1
weak,26946,1
weak,26947,1
weak,26948,1
weak,26949,1
weak,26950,1
weak,26951,1
weak,26952,1
weak,26953,1
weak,26954,1
weak,26955,1
weak,26956,1
weak,26957,1
weak,26958,1
weak,26959,1
weak,26960,1
weak,26961,1
weak,26962,1
weak,26963,1
weak,26964,1
weak,26965,1
weak,26966,1
weak,26967,1
weak,26968,1
weak,26969,1
weak,26970,1
weak,26971,1
weak,26972,1
weak,26973,1
weak,26974,1
weak,26975,1
weak,26976,1
weak,26977,1
weak,26978,1
weak,26979,1
weak,26980,1
weak,26981,1
weak,26982,1
weak,26983,1
weak,26984,1
weak,26985,1
weak,26986,1
weak,26987,1
weak,26988,1
weak,26989,1
weak,26990,1
weak,26991,1
weak,26992,1
weak,26993,1
weak,26994,1
weak,26995,1
weak,26996,1
weak,26997,1
weak,26998,1
weak,26999,1
weak,27000,1
weak,27001,1
weak,27002,1
weak,27003,1
weak,27004,1
weak,27005,1
weak,27006,1
weak,27007,1
weak,27008,1
weak,27009,1
weak,27010,1
weak,27011,1
weak,27012,1
weak,27013,1
weak,27014,1
weak,27015,1
weak,27016,1
weak,27017,1
weak,27018,1
weak,27019,1
weak,27020,1
weak,27021,1
weak,27022,1
weak,27023,1
weak,27024,1
weak,27025,1
weak,27026,1
weak,27027,1
weak,27028,1
weak,27029,1
weak,27030,1
weak,27031,1
weak,27032,1
weak,27033,1
weak,27034,1
weak,27035,1
weak,27036,1
weak,27037,1
weak,27038,1
weak,27039,1
weak,27040,1
weak,27041,1
weak,27042,1
weak,27043,1
weak,27044,1
weak,27045,1
weak,27046,1
weak,27047,1
weak,27048,1
weak,27049,1
weak,27050,1
weak,27051,1
weak,27052,1
weak,27053,1
weak,27054,1
weak,27055,1
weak,27056,1
weak,27057,1
weak,27058,1
weak,27059,1
weak,27060,1
weak,27061,1
weak,27062,1
weak,27063,1
weak,27064,1
weak,27065,1
weak,27066,1
weak,27067,1
weak,27068,1
weak,27069,1
weak,27070,1
weak,27071,1
weak,27072,1
weak,27073,1
weak,27074,1
weak,27075,1
weak,27076,1
weak,27077,1
weak,27078,1
weak,27079,1
weak,27080,1
weak,27081,1
weak,27082,1
weak,27083,1
weak,27084,1
weak,27085,1
weak,27086,1
weak,27087,1
weak,27088,1
weak,27089,1
weak,27090,1
weak,27091,1
weak,27092,1
weak,27093,1
weak,27094,1
weak,27095,1
weak,27096,1
weak,27097,1
weak,27098,1
weak,27099,1
weak,27100,1
weak,27101,1
weak,27102,1
weak,27103,1
weak,27104,1
weak,27105,1
weak,27106,1
weak,27107,1
weak,27108,1
weak,27109,1
weak,27110,1
weak,27111,1
weak,27112,1
weak,27113,1
weak,27114,1
weak,27115,1
weak,27116,1
weak,27117,1
weak,27118,1
weak,27119,1
weak,27120,1
weak,27121,1
weak,27122,1
weak,27123,1
weak,27124,1
weak,27125,1
weak,27126,1
weak,27127,1
weak,27128,1
weak,27129,1
weak,27130,1
weak,27131,1
weak,27132,1
weak,27133,1
weak,27134,1
weak,27135,1
weak,27136,1
weak,27137,1
weak,27138,1
weak,27139,1
weak,27140,1
weak,27141,1
weak,27142,1
weak,27143,1
weak,27144,1
weak,27145,1
weak,27146,1
weak,27147,1
weak,27148,1
weak,27149,1
weak,27150,1
weak,27151,1
weak,27152,1
weak,27153,1
weak,27154,1
weak,27155,1
weak,27156,1
weak,27157,1
weak,27158,1
weak,27159,1
weak,27160,1
weak,27161,1
weak,27162,1
weak,27163,1
weak,27164,1
weak,27165,1
weak,27166,1
weak,27167,1
weak,27168,1
weak,27169,1
weak,27170,1
weak,27171,1
weak,27172,1
weak,27173,1
weak,27174,1
weak,27175,1
weak,27176,1
weak,27177,1
weak,27178,1
weak,27179,1
weak,27180,1
weak,27181,1
weak,27182,1
weak,27183,1
weak,27184,1
weak,27185,1
weak,27186,1
weak,27187,1
weak,27188,1
weak,27189,1
weak,27190,1
weak,27191,1
weak,27192,1
weak,27193,1
weak,27194,1
weak,27195,1
weak,27196,1
weak,27197,1
weak,27198,1
weak,27199,1
weak,27200,1
weak,27201,1
weak,27202,1
weak,27203,1
weak,27204,1
weak,27205,1
weak,27206,1
weak,27207,1
weak,27208,1
weak,27209,1
weak,27210,1
weak,27211,1
weak,27212,1
weak,27213,1
weak,27214,1
weak,27215,1
weak,27216,1
weak,27217,1
weak,27218,1
weak,27219,1
weak,27220,1
weak,27221,1
weak,27222,1
weak,27223,1
weak,27224,1
weak,27225,1
weak,27226,1
weak,27227,1
weak,27228,1
weak,27229,1
weak,27230,1
weak,27231,1
weak,27232,1
weak,27233,1
weak,27234,1
weak,27235,1
weak,27236,1
weak,27237,1
weak,27238,1
weak,27239,1
weak,27240,1
weak,27241,1
weak,27242,1
weak,27243,1
weak,27244,1
weak,27245,1
weak,27246,1
weak,27247,1
weak,27248,1
weak,27249,1
weak,27250,1
weak,27251,1
weak,27252,1
weak,27253,1
weak,27254,1
weak,27255,1
weak,27256,1
weak,27257,1
weak,27258,1
weak,27259,1
weak,27260,1
weak,27261,1
weak,27262,1
weak,27263,1
weak,27264,1
weak,27265,1
weak,27266,1
weak,27267,1
weak,27268,1
weak,27269,1
weak,27270,1
weak,27271,1
weak,27272,1
weak,27273,1
weak,27274,1
weak,27275,1
weak,27276,1
weak,27277,1
weak,27278,1
weak,27279,1
weak,27280,1
weak,27281,1
weak,27282,1
weak,27283,1
weak,27284,1
weak,27285,1
weak,27286,1
weak,27287,1
weak,27288,1
weak,27289,1
weak,27290,1
weak,27291,1
weak,27292,1
weak,27293,1
weak,27294,1
weak,27295,1
weak,27296,1
weak,27297,1
weak,27298,1
weak,27299,1
weak,27300,1
weak,27301,1
weak,27302,1
weak,27303,1
weak,27304,1
weak,27305,1
weak,27306,1
weak,27307,1
weak,27308,1
weak,27309,1
weak,27310,1
weak,27311,1
weak,27312,1
weak,27313,1
weak,27314,1
weak,27315,1
weak,27316,1
weak,27317,1
weak,27318,1
weak,27319,1
weak,27320,1
weak,27321,1
weak,27322,1
weak,27323,1
weak,27324,1
weak,27325,1
weak,27326,1
weak,27327,1
weak,27328,1
weak,27329,1
weak,27330,1
weak,27331,1
weak,27332,1
weak,27333,1
weak,27334,1
weak,27335,1
weak,27336,1
weak,27337,1
weak,27338,1
weak,27339,1
weak,27340,1
weak,27341,1
weak,27342,1
weak,27343,1
weak,27344,1
weak,27345,1
weak,27346,1
weak,27347,1
weak,27348,1
weak,27349,1
weak,27350,1
weak,27351,1
weak,27352,1
weak,27353,1
weak,27354,1
weak,27355,1
weak,27356,1
weak,27357,1
weak,27358,1
weak,27359,1
weak,27360,1
weak,27361,1
weak,27362,1
weak,27363,1
weak,27364,1
weak,27365,1
weak,27366,1
weak,27367,1
weak,27368,1
weak,27369,1
weak,27370,1
weak,27371,1
weak,27372,1
weak,27373,1
weak,27374,1
weak,27375,1
weak,27376,1
weak,27377,1
weak,27378,1
weak,27379,1
weak,27380,1
weak,27381,1
weak,27382,1
weak,27383,1
weak,27384,1
weak,27385,1
weak,27386,1
weak,27387,1
weak,27388,1
weak,27389,1
weak,27390,1
weak,27391,1
weak,27392,1
weak,27393,1
weak,27394,1
weak,27395,1
weak,27396,1
weak,27397,1
weak,27398,1
weak,27399,1
weak,27400,1
weak,27401,1
weak,27402,1
weak,27403,1
weak,27404,1
weak,27405,1
weak,27406,1
weak,27407,1
weak,27408,1
weak,27409,1
weak,27410,1
weak,27411,1
weak,27412,1
weak,27413,1
weak,27414,1
weak,27415,1
weak,27416,1
weak,27417,1
weak,27418,1
weak,27419,1
weak,27420,1
weak,27421,1
weak,27422,1
weak,27423,1
weak,27424,1
weak,27425,1
weak,27426,1
weak,27427,1
weak,27428,1
weak,27429,1
weak,27430,1
weak,27431,1
weak,27432,1
weak,27433,1
weak,27434,1
weak,27435,1
weak,27436,1
weak,27437,1
weak,27438,1
weak,27439,1
weak,27440,1
weak,27441,1
weak,27442,1
weak,27443,1
weak,27444,1
weak,27445,1
weak,27446,1
weak,27447,1
weak,27448,1
weak,27449,1
weak,27450,1
weak,27451,1
weak,27452,1
weak,27453,1
weak,27454,1
weak,27455,1
weak,27456,1
weak,27457,1
weak,27458,1
weak,27459,1
weak,27460,1
weak,27461,1
weak,27462,1
weak,27463,1
weak,27464,1
weak,27465,1
weak,27466,1
weak,27467,1
weak,27468,1
weak,27469,1
weak,27470,1
weak,27471,1
weak,27472,1
weak,27473,1
weak,27474,1
weak,27475,1
weak,27476,1
weak,27477,1
weak,27478,1
weak,27479,1
weak,27480,1
weak,27481,1
weak,27482,1
weak,27483,1
weak,27484,1
weak,27485,1
weak,27486,1
weak,27487,1
weak,27488,1
weak,27489,1
weak,27490,1
weak,27491,1
weak,27492,1
weak,27493,1
weak,27494,1
weak,27495,1
weak,27496,1
weak,27497,1
weak,27498,1
weak,27499,1
weak,27500,1
weak,27501,1
weak,27502,1
weak,27503,1
weak,27504,1
weak,27505,1
weak,27506,1
weak,27507,1
weak,27508,1
weak,27509,1
weak,27510,1
weak,27511,1
weak,27512,1
weak,27513,1
weak,27514,1
weak,27515,1
weak,27516,1
weak,27517,1
weak,27518,1
weak,27519,1
weak,27520,1
weak,27521,1
weak,27522,1
weak,27523,1
weak,27524,1
weak,27525,1
weak,27526,1
weak,27527,1
weak,27528,1
weak,27529,1
weak,27530,1
weak,27531,1
weak,27532,1
weak,27533,1
weak,27534,1
weak,27535,1
weak,27536,1
weak,27537,1
weak,27538,1
weak,27539,1
weak,27540,1
weak,27541,1
weak,27542,1
weak,27543,1
weak,27544,1
weak,27545,1
weak,27546,1
weak,27547,1
weak,27548,1
weak,27549,1
weak,27550,1
weak,27551,1
weak,27552,1
weak,27553,1
weak,27554,1
weak,27555,1
weak,27556,1
weak,27557,1
weak,27558,1
weak,27559,1
weak,27560,1
weak,27561,1
weak,27562,1
weak,27563,1
weak,27564,1
weak,27565,1
weak,27566,1
weak,27567,1
weak,27568,1
weak,27569,1
weak,27570,1
weak,27571,1
weak,27572,1
weak,27573,1
weak,27574,1
weak,27575,1
weak,27576,1
weak,27577,1
weak,27578,1
weak,27579,1
weak,27580,1
weak,27581,1
weak,27582,1
weak,27583,1
weak,27584,1
weak,27585,1
weak,27586,1
weak,27587,1
weak,27588,1
weak,27589,1
weak,27590,1
weak,27591,1
weak,27592,1
weak,27593,1
weak,27594,1
weak,27595,1
weak,27596,1
weak,27597,1
weak,27598,1
weak,27599,1
weak,27600,1
weak,27601,1
weak,27602,1
weak,27603,1
weak,27604,1
weak,27605,1
weak,27606,1
weak,27607,1
weak,27608,1
weak,27609,1
weak,27610,1
weak,27611,1
weak,27612,1
weak,27613,1
weak,27614,1
weak,27615,1
weak,27616,1
weak,27617,1
weak,27618,1
weak,27619,1
weak,27620,1
weak,27621,1
weak,27622,1
weak,27623,1
weak,27624,1
weak,27625,1
weak,27626,1
weak,27627,1
weak,27628,1
weak,27629,1
weak,27630,1
weak,27631,1
weak,27632,1
weak,27633,1
weak,27634,1
weak,27635,1
weak,27636,1
weak,27637,1
weak,27638,1
weak,27639,1
weak,27640,1
weak,27641,1
weak,27642,1
weak,27643,1
weak,27644,1
weak,27645,1
weak,27646,1
weak,27647,1
weak,27648,1
weak,27649,1
weak,27650,1
weak,27651,1
weak,27652,1
weak,27653,1
weak,27654,1
weak,27655,1
weak,27656,1
weak,27657,1
weak,27658,1
weak,27659,1
weak,27660,1
weak,27661,1
weak,27662,1
weak,27663,1
weak,27664,1
weak,27665,1
weak,27666,1
weak,27667,1
weak,27668,1
weak,27669,1
weak,27670,1
weak,27671,1
weak,27672,1
weak,27673,1
weak,27674,1
weak,27675,1
weak,27676,1
weak,27677,1
weak,27678,1
weak,27679,1
weak,27680,1
weak,27681,1
weak,27682,1
weak,27683,1
weak,27684,1
weak,27685,1
weak,27686,1
weak,27687,1
weak,27688,1
weak,27689,1
weak,27690,1
weak,27691,1
weak,27692,1
weak,27693,1
weak,27694,1
weak,27695,1
weak,27696,1
weak,27697,1
weak,27698,1
weak,27699,1
weak,27700,1
weak,27701,1
weak,27702,1
weak,27703,1
weak,27704,1
weak,27705,1
weak,27706,1
weak,27707,1
weak,27708,1
weak,27709,1
weak,27710,1
weak,27711,1
weak,27712,1
weak,27713,1
weak,27714,1
weak,27715,1
weak,27716,1
weak,27717,1
weak,27718,1
weak,27719,1
weak,27720,1
weak,27721,1
weak,27722,1
weak,27723,1
weak,27724,1
weak,27725,1
weak,27726,1
weak,27727,1
weak,27728,1
weak,27729,1
weak,27730,1
weak,27731,1
weak,27732,1
weak,27733,1
weak,27734,1
weak,27735,1
weak,27736,1
weak,27737,1
weak,27738,1
weak,27739,1
weak,27740,1
weak,27741,1
weak,27742,1
weak,27743,1
weak,27744,1
weak,27745,1
weak,27746,1
weak,27747,1
weak,27748,1
weak,27749,1
weak,27750,1
weak,27751,1
weak,27752,1
weak,27753,1
weak,27754,1
weak,27755,1
weak,27756,1
weak,27757,1
weak,27758,1
weak,27759,1
weak,27760,1
weak,27761,1
weak,27762,1
weak,27763,1
weak,27764,1
weak,27765,1
weak,27766,1
weak,27767,1
weak,27768,1
weak,27769,1
weak,27770,1
weak,27771,1
weak,27772,1
weak,27773,1
weak,27774,1
weak,27775,1
weak,27776,1
weak,27777,1
weak,27778,1
weak,27779,1
weak,27780,1
weak,27781,1
weak,27782,1
weak,27783,1
weak,27784,1
weak,27785,1
weak,27786,1
weak,27787,1
weak,27788,1
weak,27789,1
weak,27790,1
weak,27791,1
weak,27792,1
weak,27793,1
weak,27794,1
weak,27795,1
weak,27796,1
weak,27797,1
weak,27798,1
weak,27799,1
weak,27800,1
weak,27801,1
weak,27802,1
weak,27803,1
weak,27804,1
weak,27805,1
weak,27806,1
weak,27807,1
weak,27808,1
weak,27809,1
weak,27810,1
weak,27811,1
weak,27812,1
weak,27813,1
weak,27814,1
weak,27815,1
weak,27816,1
weak,27817,1
weak,27818,1
weak,27819,1
weak,27820,1
weak,27821,1
weak,27822,1
weak,27823,1
weak,27824,1
weak,27825,1
weak,27826,1
weak,27827,1
weak,27828,1
weak,27829,1
weak,27830,1
weak,27831,1
weak,27832,1
weak,27833,1
weak,27834,1
weak,27835,1
weak,27836,1
weak,27837,1
weak,27838,1
weak,27839,1
weak,27840,1
weak,27841,1
weak,27842,1
weak,27843,1
weak,27844,1
weak,27845,1
weak,27846,1
weak,27847,1
weak,27848,1
weak,27849,1
weak,27850,1
weak,27851,1
weak,27852,1
weak,27853,1
weak,27854,1
weak,27855,1
weak,27856,1
weak,27857,1
weak,27858,1
weak,27859,1
weak,27860,1
weak,27861,1
weak,27862,1
weak,27863,1
weak,27864,1
weak,27865,1
weak,27866,1
weak,27867,1
weak,27868,1
weak,27869,1
weak,27870,1
weak,27871,1
weak,27872,1
weak,27873,1
weak,27874,1
weak,27875,1
weak,27876,1
weak,27877,1
weak,27878,1
weak,27879,1
weak,27880,1
weak,27881,1
weak,27882,1
weak,27883,1
weak,27884,1
weak,27885,1
weak,27886,1
weak,27887,1
weak,27888,1
weak,27889,1
weak,27890,1
weak,27891,1
weak,27892,1
weak,27893,1
weak,27894,1
weak,27895,1
weak,27896,1
weak,27897,1
weak,27898,1
weak,27899,1
weak,27900,1
weak,27901,1
weak,27902,1
weak,27903,1
weak,27904,1
weak,27905,1
weak,27906,1
weak,27907,1
weak,27908,1
weak,27909,1
weak,27910,1
weak,27911,1
weak,27912,1
weak,27913,1
weak,27914,1
weak,27915,1
weak,27916,1
weak,27917,1
weak,27918,1
weak,27919,1
weak,27920,1
weak,27921,1
weak,27922,1
weak,27923,1
weak,27924,1
weak,27925,1
weak,27926,1
weak,27927,1
weak,27928,1
weak,27929,1
weak,27930,1
weak,27931,1
weak,27932,1
weak,27933,1
weak,27934,1
weak,27935,1
weak,27936,1
weak,27937,1
weak,27938,1
weak,27939,1
weak,27940,1
weak,27941,1
weak,27942,1
weak,27943,1
weak,27944,1
weak,27945,1
weak,27946,1
weak,27947,1
weak,27948,1
weak,27949,1
weak,27950,1
weak,27951,1
weak,27952,1
weak,27953,1
weak,27954,1
weak,27955,1
weak,27956,1
weak,27957,1
weak,27958,1
weak,27959,1
weak,27960,1
weak,27961,1
weak,27962,1
weak,27963,1
weak,27964,1
weak,27965,1
weak,27966,1
weak,27967,1
weak,27968,1
weak,27969,1
weak,27970,1
weak,27971,1
weak,27972,1
weak,27973,1
weak,27974,1
weak,27975,1
weak,27976,1
weak,27977,1
weak,27978,1
weak,27979,1
weak,27980,1
weak,27981,1
weak,27982,1
weak,27983,1
weak,27984,1
weak,27985,1
weak,27986,1
weak,27987,1
weak,27988,1
weak,27989,1
weak,27990,1
weak,27991,1
weak,27992,1
weak,27993,1
weak,27994,1
weak,27995,1
weak,27996,1
weak,27997,1
weak,27998,1
weak,27999,1
weak,28000,1
weak,28001,1
weak,28002,1
weak,28003,1
weak,28004,1
weak,28005,1
weak,28006,1
weak,28007,1
weak,28008,1
weak,28009,1
weak,28010,1
weak,28011,1
weak,28012,1
weak,28013,1
weak,28014,1
weak,28015,1
weak,28016,1
weak,28017,1
weak,28018,1
weak,28019,1
weak,28020,1
weak,28021,1
weak,28022,1
weak,28023,1
weak,28024,1
weak,28025,1
weak,28026,1
weak,28027,1
weak,28028,1
weak,28029,1
weak,28030,1
weak,28031,1
weak,28032,1
weak,28033,1
weak,28034,1
weak,28035,1
weak,28036,1
weak,28037,1
weak,28038,1
weak,28039,1
weak,28040,1
weak,28041,1
weak,28042,1
weak,28043,1
weak,28044,1
weak,28045,1
weak,28046,1
weak,28047,1
weak,28048,1
weak,28049,1
weak,28050,1
weak,28051,1
weak,28052,1
weak,28053,1
weak,28054,1
weak,28055,1
weak,28056,1
weak,28057,1
weak,28058,1
weak,28059,1
weak,28060,1
weak,28061,1
weak,28062,1
weak,28063,1
weak,28064,1
weak,28065,1
weak,28066,1
weak,28067,1
weak,28068,1
weak,28069,1
weak,28070,1
weak,28071,1
weak,28072,1
weak,28073,1
weak,28074,1
weak,28075,1
weak,28076,1
weak,28077,1
weak,28078,1
weak,28079,1
weak,28080,1
weak,28081,1
weak,28082,1
weak,28083,1
weak,28084,1
weak,28085,1
weak,28086,1
weak,28087,1
weak,28088,1
weak,28089,1
weak,28090,1
weak,28091,1
weak,28092,1
weak,28093,1
weak,28094,1
weak,28095,1
weak,28096,1
weak,28097,1
weak,28098,1
weak,28099,1
weak,28100,1
weak,28101,1
weak,28102,1
weak,28103,1
weak,28104,1
weak,28105,1
weak,28106,1
weak,28107,1
weak,28108,1
weak,28109,1
weak,28110,1
weak,28111,1
weak,28112,1
weak,28113,1
weak,28114,1
weak,28115,1
weak,28116,1
weak,28117,1
weak,28118,1
weak,28119,1
weak,28120,1
weak,28121,1
weak,28122,1
weak,28123,1
weak,28124,1
weak,28125,1
weak,28126,1
weak,28127,1
weak,28128,1
weak,28129,1
weak,28130,1
weak,28131,1
weak,28132,1
weak,28133,1
weak,28134,1
weak,28135,1
weak,28136,1
weak,28137,1
weak,28138,1
weak,28139,1
weak,28140,1
weak,28141,1
weak,28142,1
weak,28143,1
weak,28144,1
weak,28145,1
weak,28146,1
weak,28147,1
weak,28148,1
weak,28149,1
weak,28150,1
weak,28151,1
weak,28152,1
weak,28153,1
weak,28154,1
weak,28155,1
weak,28156,1
weak,28157,1
weak,28158,1
weak,28159,1
weak,28160,1
weak,28161,1
weak,28162,1
weak,28163,1
weak,28164,1
weak,28165,1
weak,28166,1
weak,28167,1
weak,28168,1
weak,28169,1
weak,28170,1
weak,28171,1
weak,28172,1
weak,28173,1
weak,28174,1
weak,28175,1
weak,28176,1
weak,28177,1
weak,28178,1
weak,28179,1
weak,28180,1
weak,28181,1
weak,28182,1
weak,28183,1
weak,28184,1
weak,28185,1
weak,28186,1
weak,28187,1
weak,28188,1
weak,28189,1
weak,28190,1
weak,28191,1
weak,28192,1
weak,28193,1
weak,28194,1
weak,28195,1
weak,28196,1
weak,28197,1
weak,28198,1
weak,28199,1
weak,28200,1
weak,28201,1
weak,28202,1
weak,28203,1
weak,28204,1
weak,28205,1
weak,28206,1
weak,28207,1
weak,28208,1
weak,28209,1
weak,28210,1
weak,28211,1
weak,28212,1
weak,28213,1
weak,28214,1
weak,28215,1
weak,28216,1
weak,28217,1
weak,28218,1
weak,28219,1
weak,28220,1
weak,28221,1
weak,28222,1
weak,28223,1
weak,28224,1
weak,28225,1
weak,28226,1
weak,28227,1
weak,28228,1
weak,28229,1
weak,28230,1
weak,28231,1
weak,28232,1
weak,28233,1
weak,28234,1
weak,28235,1
weak,28236,1
weak,28237,1
weak,28238,1
weak,28239,1
weak,28240,1
weak,28241,1
weak,28242,1
weak,28243,1
weak,28244,1
weak,28245,1
weak,28246,1
weak,28247,1
weak,28248,1
weak,28249,1
weak,28250,1
weak,28251,1
weak,28252,1
weak,28253,1
weak,28254,1
weak,28255,1
weak,28256,1
weak,28257,1
weak,28258,1
weak,28259,1
weak,28260,1
weak,28261,1
weak,28262,1
weak,28263,1
weak,28264,1
weak,28265,1
weak,28266,1
weak,28267,1
weak,28268,1
weak,28269,1
weak,28270,1
weak,28271,1
weak,28272,1
weak,28273,1
weak,28274,1
weak,28275,1
weak,28276,1
weak,28277,1
weak,28278,1
weak,28279,1
weak,28280,1
weak,28281,1
weak,28282,1
weak,28283,1
weak,28284,1
weak,28285,1
weak,28286,1
weak,28287,1
weak,28288,1
weak,28289,1
weak,28290,1
weak,28291,1
weak,28292,1
weak,28293,1
weak,28294,1
weak,28295,1
weak,28296,1
weak,28297,1
weak,28298,1
weak,28299,1
weak,28300,1
weak,28301,1
weak,28302,1
weak,28303,1
weak,28304,1
weak,28305,1
weak,28306,1
weak,28307,1
weak,28308,1
weak,28309,1
weak,28310,1
weak,28311,1
weak,28312,1
weak,28313,1
weak,28314,1
weak,28315,1
weak,28316,1
weak,28317,1
weak,28318,1
weak,28319,1
weak,28320,1
weak,28321,1
weak,28322,1
weak,28323,1
weak,28324,1
weak,28325,1
weak,28326,1
weak,28327,1
weak,28328,1
weak,28329,1
weak,28330,1
weak,28331,1
weak,28332,1
weak,28333,1
weak,28334,1
weak,28335,1
weak,28336,1
weak,28337,1
weak,28338,1
weak,28339,1
weak,28340,1
weak,28341,1
weak,28342,1
weak,28343,1
weak,28344,1
weak,28345,1
weak,28346,1
weak,28347,1
weak,28348,1
weak,28349,1
weak,28350,1
weak,28351,1
weak,28352,1
weak,28353,1
weak,28354,1
weak,28355,1
weak,28356,1
weak,28357,1
weak,28358,1
weak,28359,1
weak,28360,1
weak,28361,1
weak,28362,1
weak,28363,1
weak,28364,1
weak,28365,1
weak,28366,1
weak,28367,1
weak,28368,1
weak,28369,1
weak,28370,1
weak,28371,1
weak,28372,1
weak,28373,1
weak,28374,1
weak,28375,1
weak,28376,1
weak,28377,1
weak,28378,1
weak,28379,1
weak,28380,1
weak,28381,1
weak,28382,1
weak,28383,1
weak,28384,1
weak,28385,1
weak,28386,1
weak,28387,1
weak,28388,1
weak,28389,1
weak,28390,1
weak,28391,1
weak,28392,1
weak,28393,1
weak,28394,1
weak,28395,1
weak,28396,1
weak,28397,1
weak,28398,1
weak,28399,1
weak,28400,1
weak,28401,1
weak,28402,1
weak,28403,1
weak,28404,1
weak,28405,1
weak,28406,1
weak,28407,1
weak,28408,1
weak,28409,1
weak,28410,1
weak,28411,1
weak,28412,1
weak,28413,1
weak,28414,1
weak,28415,1
weak,28416,1
weak,28417,1
weak,28418,1
weak,28419,1
weak,28420,1
weak,28421,1
weak,28422,1
weak,28423,1
weak,28424,1
weak,28425,1
weak,28426,1
weak,28427,1
weak,28428,1
weak,28429,1
weak,28430,1
weak,28431,1
weak,28432,1
weak,28433,1
weak,28434,1
weak,28435,1
weak,28436,1
weak,28437,1
weak,28438,1
weak,28439,1
weak,28440,1
weak,28441,1
weak,28442,1
weak,28443,1
weak,28444,1
weak,28445,1
weak,28446,1
weak,28447,1
weak,28448,1
weak,28449,1
weak,28450,1
weak,28451,1
weak,28452,1
weak,28453,1
weak,28454,1
weak,28455,1
weak,28456,1
weak,28457,1
weak,28458,1
weak,28459,1
weak,28460,1
weak,28461,1
weak,28462,1
weak,28463,1
weak,28464,1
weak,28465,1
weak,28466,1
weak,28467,1
weak,28468,1
weak,28469,1
weak,28470,1
weak,28471,1
weak,28472,1
weak,28473,1
weak,28474,1
weak,28475,1
weak,28476,1
weak,28477,1
weak,28478,1
weak,28479,1
weak,28480,1
weak,28481,1
weak,28482,1
weak,28483,1
weak,28484,1
weak,28485,1
weak,28486,1
weak,28487,1
weak,28488,1
weak,28489,1
weak,28490,1
weak,28491,1
weak,28492,1
weak,28493,1
weak,28494,1
weak,28495,1
weak,28496,1
weak,28497,1
weak,28498,1
weak,28499,1
weak,28500,1
weak,28501,1
weak,28502,1
weak,28503,1
weak,28504,1
weak,28505,1
weak,28506,1
weak,28507,1
weak,28508,1
weak,28509,1
weak,28510,1
weak,28511,1
weak,28512,1
weak,28513,1
weak,28514,1
weak,28515,1
weak,28516,1
weak,28517,1
weak,28518,1
weak,28519,1
weak,28520,1
weak,28521,1
weak,28522,1
weak,28523,1
weak,28524,1
weak,28525,1
weak,28526,1
weak,28527,1
weak,28528,1
weak,28529,1
weak,28530,1
weak,28531,1
weak,28532,1
weak,28533,1
weak,28534,1
weak,28535,1
weak,28536,1
weak,28537,1
weak,28538,1
weak,28539,1
weak,28540,1
weak,28541,1
weak,28542,1
weak,28543,1
weak,28544,1
weak,28545,1
weak,28546,1
weak,28547,1
weak,28548,1
weak,28549,1
weak,28550,1
weak,28551,1
weak,28552,1
weak,28553,1
weak,28554,1
weak,28555,1
weak,28556,1
weak,28557,1
weak,28558,1
weak,28559,1
weak,28560,1
weak,28561,1
weak,28562,1
weak,28563,1
weak,28564,1
weak,28565,1
weak,28566,1
weak,28567,1
weak,28568,1
weak,28569,1
weak,28570,1
weak,28571,1
weak,28572,1
weak,28573,1
weak,28574,1
weak,28575,1
weak,28576,1
weak,28577,1
weak,28578,1
weak,28579,1
weak,28580,1
weak,28581,1
weak,28582,1
weak,28583,1
weak,28584,1
weak,28585,1
weak,28586,1
weak,28587,1
weak,28588,1
weak,28589,1
weak,28590,1
weak,28591,1
weak,28592,1
weak,28593,1
weak,28594,1
weak,28595,1
weak,28596,1
weak,28597,1
weak,28598,1
weak,28599,1
weak,28600,1
weak,28601,1
weak,28602,1
weak,28603,1
weak,28604,1
weak,28605,1
weak,28606,1
weak,28607,1
weak,28608,1
weak,28609,1
weak,28610,1
weak,28611,1
weak,28612,1
weak,28613,1
weak,28614,1
weak,28615,1
weak,28616,1
weak,28617,1
weak,28618,1
weak,28619,1
weak,28620,1
weak,28621,1
weak,28622,1
weak,28623,1
weak,28624,1
weak,28625,1
weak,28626,1
weak,28627,1
weak,28628,1
weak,28629,1
weak,28630,1
weak,28631,1
weak,28632,1
weak,28633,1
weak,28634,1
weak,28635,1
weak,28636,1
weak,28637,1
weak,28638,1
weak,28639,1
weak,28640,1
weak,28641,1
weak,28642,1
weak,28643,1
weak,28644,1
weak,28645,1
weak,28646,1
weak,28647,1
weak,28648,1
weak,28649,1
weak,28650,1
weak,28651,1
weak,28652,1
weak,28653,1
weak,28654,1
weak,28655,1
weak,28656,1
weak,28657,1
weak,28658,1
weak,28659,1
weak,28660,1
weak,28661,1
weak,28662,1
weak,28663,1
weak,28664,1
weak,28665,1
weak,28666,1
weak,28667,1
weak,28668,1
weak,28669,1
weak,28670,1
weak,28671,1
weak,28672,1
weak,28673,1
weak,28674,1
weak,28675,1
weak,28676,1
weak,28677,1
weak,28678,1
weak,28679,1
weak,28680,1
weak,28681,1
weak,28682,1
weak,28683,1
weak,28684,1
weak,28685,1
weak,28686,1
weak,28687,1
weak,28688,1
weak,28689,1
weak,28690,1
weak,28691,1
weak,28692,1
weak,28693,1
weak,28694,1
weak,28695,1
weak,28696,1
weak,28697,1
weak,28698,1
weak,28699,1
weak,28700,1
weak,28701,1
weak,28702,1
weak,28703,1
weak,28704,1
weak,28705,1
weak,28706,1
weak,28707,1
weak,28708,1
weak,28709,1
weak,28710,1
weak,28711,1
weak,28712,1
weak,28713,1
weak,28714,1
weak,28715,1
weak,28716,1
weak,28717,1
weak,28718,1
weak,28719,1
weak,28720,1
weak,28721,1
weak,28722,1
weak,28723,1
weak,28724,1
weak,28725,1
weak,28726,1
weak,28727,1
weak,28728,1
weak,28729,1
weak,28730,1
weak,28731,1
weak,28732,1
weak,28733,1
weak,28734,1
weak,28735,1
weak,28736,1
weak,28737,1
weak,28738,1
weak,28739,1
weak,28740,1
weak,28741,1
weak,28742,1
weak,28743,1
weak,28744,1
weak,28745,1
weak,28746,1
weak,28747,1
weak,28748,1
weak,28749,1
weak,28750,1
weak,28751,1
weak,28752,1
weak,28753,1
weak,28754,1
weak,28755,1
weak,28756,1
weak,28757,1
weak,28758,1
weak,28759,1
weak,28760,1
weak,28761,1
weak,28762,1
weak,28763,1
weak,28764,1
weak,28765,1
weak,28766,1
weak,28767,1
weak,28768,1
weak,28769,1
weak,28770,1
weak,28771,1
weak,28772,1
weak,28773,1
weak,28774,1
weak,28775,1
weak,28776,1
weak,28777,1
weak,28778,1
weak,28779,1
weak,28780,1
weak,28781,1
weak,28782,1
weak,28783,1
weak,28784,1
weak,28785,1
weak,28786,1
weak,28787,1
weak,28788,1
weak,28789,1
weak,28790,1
weak,28791,1
weak,28792,1
weak,28793,1
weak,28794,1
weak,28795,1
weak,28796,1
weak,28797,1
weak,28798,1
weak,28799,1
weak,28800,1
weak,28801,1
weak,28802,1
weak,28803,1
weak,28804,1
weak,28805,1
weak,28806,1
weak,28807,1
weak,28808,1
weak,28809,1
weak,28810,1
weak,28811,1
weak,28812,1
weak,28813,1
weak,28814,1
weak,28815,1
weak,28816,1
weak,28817,1
weak,28818,1
weak,28819,1
weak,28820,1
weak,28821,1
weak,28822,1
weak,28823,1
weak,28824,1
weak,28825,1
weak,28826,1
weak,28827,1
weak,28828,1
weak,28829,1
weak,28830,1
weak,28831,1
weak,28832,1
weak,28833,1
weak,28834,1
weak,28835,1
weak,28836,1
weak,28837,1
weak,28838,1
weak,28839,1
weak,28840,1
weak,28841,1
weak,28842,1
weak,28843,1
weak,28844,1
weak,28845,1
weak,28846,1
weak,28847,1
weak,28848,1
weak,28849,1
weak,28850,1
weak,28851,1
weak,28852,1
weak,28853,1
weak,28854,1
weak,28855,1
weak,28856,1
weak,28857,1
weak,28858,1
weak,28859,1
weak,28860,1
weak,28861,1
weak,28862,1
weak,28863,1
weak,28864,1
weak,28865,1
weak,28866,1
weak,28867,1
weak,28868,1
weak,28869,1
weak,28870,1
weak,28871,1
weak,28872,1
weak,28873,1
weak,28874,1
weak,28875,1
weak,28876,1
weak,28877,1
weak,28878,1
weak,28879,1
weak,28880,1
weak,28881,1
weak,28882,1
weak,28883,1
weak,28884,1
weak,28885,1
weak,28886,1
weak,28887,1
weak,28888,1
weak,28889,1
weak,28890,1
weak,28891,1
weak,28892,1
weak,28893,1
weak,28894,1
weak,28895,1
weak,28896,1
weak,28897,1
weak,28898,1
weak,28899,1
weak,28900,1
weak,28901,1
weak,28902,1
weak,28903,1
weak,28904,1
weak,28905,1
weak,28906,1
weak,28907,1
weak,28908,1
weak,28909,1
weak,28910,1
weak,28911,1
weak,28912,1
weak,28913,1
weak,28914,1
weak,28915,1
weak,28916,1
weak,28917,1
weak,28918,1
weak,28919,1
weak,28920,1
weak,28921,1
weak,28922,1
weak,28923,1
weak,28924,1
weak,28925,1
weak,28926,1
weak,28927,1
weak,28928,1
weak,28929,1
weak,28930,1
weak,28931,1
weak,28932,1
weak,28933,1
weak,28934,1
weak,28935,1
weak,28936,1
weak,28937,1
weak,28938,1
weak,28939,1
weak,28940,1
weak,28941,1
weak,28942,1
weak,28943,1
weak,28944,1
weak,28945,1
weak,28946,1
weak,28947,1
weak,28948,1
weak,28949,1
weak,28950,1
weak,28951,1
weak,28952,1
weak,28953,1
weak,28954,1
weak,28955,1
weak,28956,1
weak,28957,1
weak,28958,1
weak,28959,1
weak,28960,1
weak,28961,1
weak,28962,1
weak,28963,1
weak,28964,1
weak,28965,1
weak,28966,1
weak,28967,1
weak,28968,1
weak,28969,1
weak,28970,1
weak,28971,1
weak,28972,1
weak,28973,1
weak,28974,1
weak,28975,1
weak,28976,1
weak,28977,1
weak,28978,1
weak,28979,1
weak,28980,1
weak,28981,1
weak,28982,1
weak,28983,1
weak,28984,1
weak,28985,1
weak,28986,1
weak,28987,1
weak,28988,1
weak,28989,1
weak,28990,1
weak,28991,1
weak,28992,1
weak,28993,1
weak,28994,1
weak,28995,1
weak,28996,1
weak,28997,1
weak,28998,1
weak,28999,1
weak,29000,1
weak,29001,1
weak,29002,1
weak,29003,1
weak,29004,1
weak,29005,1
weak,29006,1
weak,29007,1
weak,29008,1
weak,29009,1
weak,29010,1
weak,29011,1
weak,29012,1
weak,29013,1
weak,29014,1
weak,29015,1
weak,29016,1
weak,29017,1
weak,29018,1
weak,29019,1
weak,29020,1
weak,29021,1
weak,29022,1
weak,29023,1
weak,29024,1
weak,29025,1
weak,29026,1
weak,29027,1
weak,29028,1
weak,29029,1
weak,29030,1
weak,29031,1
weak,29032,1
weak,29033,1
weak,29034,1
weak,29035,1
weak,29036,1
weak,29037,1
weak,29038,1
weak,29039,1
weak,29040,1
weak,29041,1
weak,29042,1
weak,29043,1
weak,29044,1
weak,29045,1
weak,29046,1
weak,29047,1
weak,29048,1
weak,29049,1
weak,29050,1
weak,29051,1
weak,29052,1
weak,29053,1
weak,29054,1
weak,29055,1
weak,29056,1
weak,29057,1
weak,29058,1
weak,29059,1
weak,29060,1
weak,29061,1
weak,29062,1
weak,29063,1
weak,29064,1
weak,29065,1
weak,29066,1
weak,29067,1
weak,29068,1
weak,29069,1
weak,29070,1
weak,29071,1
weak,29072,1
weak,29073,1
weak,29074,1
weak,29075,1
weak,29076,1
weak,29077,1
weak,29078,1
weak,29079,1
weak,29080,1
weak,29081,1
weak,29082,1
weak,29083,1
weak,29084,1
weak,29085,1
weak,29086,1
weak,29087,1
weak,29088,1
weak,29089,1
weak,29090,1
weak,29091,1
weak,29092,1
weak,29093,1
weak,29094,1
weak,29095,1
weak,29096,1
weak,29097,1
weak,29098,1
weak,29099,1
weak,29100,1
weak,29101,1
weak,29102,1
weak,29103,1
weak,29104,1
weak,29105,1
weak,29106,1
weak,29107,1
weak,29108,1
weak,29109,1
weak,29110,1
weak,29111,1
weak,29112,1
weak,29113,1
weak,29114,1
weak,29115,1
weak,29116,1
weak,29117,1
weak,29118,1
weak,29119,1
weak,29120,1
weak,29121,1
weak,29122,1
weak,29123,1
weak,29124,1
weak,29125,1
weak,29126,1
weak,29127,1
weak,29128,1
weak,29129,1
weak,29130,1
weak,29131,1
weak,29132,1
weak,29133,1
weak,29134,1
weak,29135,1
weak,29136,1
weak,29137,1
weak,29138,1
weak,29139,1
weak,29140,1
weak,29141,1
weak,29142,1
weak,29143,1
weak,29144,1
weak,29145,1
weak,29146,1
weak,29147,1
weak,29148,1
weak,29149,1
weak,29150,1
weak,29151,1
weak,29152,1
weak,29153,1
weak,29154,1
weak,29155,1
weak,29156,1
weak,29157,1
weak,29158,1
weak,29159,1
weak,29160,1
weak,29161,1
weak,29162,1
weak,29163,1
weak,29164,1
weak,29165,1
weak,29166,1
weak,29167,1
weak,29168,1
weak,29169,1
weak,29170,1
weak,29171,1
weak,29172,1
weak,29173,1
weak,29174,1
weak,29175,1
weak,29176,1
weak,29177,1
weak,29178,1
weak,29179,1
weak,29180,1
weak,29181,1
weak,29182,1
weak,29183,1
weak,29184,1
weak,29185,1
weak,29186,1
weak,29187,1
weak,29188,1
weak,29189,1
weak,29190,1
weak,29191,1
weak,29192,1
weak,29193,1
weak,29194,1
weak,29195,1
weak,29196,1
weak,29197,1
weak,29198,1
weak,29199,1
weak,29200,1
weak,29201,1
weak,29202,1
weak,29203,1
weak,29204,1
weak,29205,1
weak,29206,1
weak,29207,1
weak,29208,1
weak,29209,1
weak,29210,1
weak,29211,1
weak,29212,1
weak,29213,1
weak,29214,1
weak,29215,1
weak,29216,1
weak,29217,1
weak,29218,1
weak,29219,1
weak,29220,1
weak,29221,1
weak,29222,1
weak,29223,1
weak,29224,1
weak,29225,1
weak,29226,1
weak,29227,1
weak,29228,1
weak,29229,1
weak,29230,1
weak,29231,1
weak,29232,1
weak,29233,1
weak,29234,1
weak,29235,1
weak,29236,1
weak,29237,1
weak,29238,1
weak,29239,1
weak,29240,1
weak,29241,1
weak,29242,1
weak,29243,1
weak,29244,1
weak,29245,1
weak,29246,1
weak,29247,1
weak,29248,1
weak,29249,1
weak,29250,1
weak,29251,1
weak,29252,1
weak,29253,1
weak,29254,1
weak,29255,1
weak,29256,1
weak,29257,1
weak,29258,1
weak,29259,1
weak,29260,1
weak,29261,1
weak,29262,1
weak,29263,1
weak,29264,1
weak,29265,1
weak,29266,1
weak,29267,1
weak,29268,1
weak,29269,1
weak,29270,1
weak,29271,1
weak,29272,1
weak,29273,1
weak,29274,1
weak,29275,1
weak,29276,1
weak,29277,1
weak,29278,1
weak,29279,1
weak,29280,1
weak,29281,1
weak,29282,1
weak,29283,1
weak,29284,1
weak,29285,1
weak,29286,1
weak,29287,1
weak,29288,1
weak,29289,1
weak,29290,1
weak,29291,1
weak,29292,1
weak,29293,1
weak,29294,1
weak,29295,1
weak,29296,1
weak,29297,1
weak,29298,1
weak,29299,1
weak,29300,1
weak,29301,1
weak,29302,1
weak,29303,1
weak,29304,1
weak,29305,1
weak,29306,1
weak,29307,1
weak,29308,1
weak,29309,1
weak,29310,1
weak,29311,1
weak,29312,1
weak,29313,1
weak,29314,1
weak,29315,1
weak,29316,1
weak,29317,1
weak,29318,1
weak,29319,1
weak,29320,1
weak,29321,1
weak,29322,1
weak,29323,1
weak,29324,1
weak,29325,1
weak,29326,1
weak,29327,1
weak,29328,1
weak,29329,1
weak,29330,1
weak,29331,1
weak,29332,1
weak,29333,1
weak,29334,1
weak,29335,1
weak,29336,1
weak,29337,1
weak,29338,1
weak,29339,1
weak,29340,1
weak,29341,1
weak,29342,1
weak,29343,1
weak,29344,1
weak,29345,1
weak,29346,1
weak,29347,1
weak,29348,1
weak,29349,1
weak,29350,1
weak,29351,1
weak,29352,1
weak,29353,1
weak,29354,1
weak,29355,1
weak,29356,1
weak,29357,1
weak,29358,1
weak,29359,1
weak,29360,1
weak,29361,1
weak,29362,1
weak,29363,1
weak,29364,1
weak,29365,1
weak,29366,1
weak,29367,1
weak,29368,1
weak,29369,1
weak,29370,1
weak,29371,1
weak,29372,1
weak,29373,1
weak,29374,1
weak,29375,1
weak,29376,1
weak,29377,1
weak,29378,1
weak,29379,1
weak,29380,1
weak,29381,1
weak,29382,1
weak,29383,1
weak,29384,1
weak,29385,1
weak,29386,1
weak,29387,1
weak,29388,1
weak,29389,1
weak,29390,1
weak,29391,1
weak,29392,1
weak,29393,1
weak,29394,1
weak,29395,1
weak,29396,1
weak,29397,1
weak,29398,1
weak,29399,1
weak,29400,1
weak,29401,1
weak,29402,1
weak,29403,1
weak,29404,1
weak,29405,1
weak,29406,1
weak,29407,1
weak,29408,1
weak,29409,1
weak,29410,1
weak,29411,1
weak,29412,1
weak,29413,1
weak,29414,1
weak,29415,1
weak,29416,1
weak,29417,1
weak,29418,1
weak,29419,1
weak,29420,1
weak,29421,1
weak,29422,1
weak,29423,1
weak,29424,1
weak,29425,1
weak,29426,1
weak,29427,1
weak,29428,1
weak,29429,1
weak,29430,1
weak,29431,1
weak,29432,1
weak,29433,1
weak,29434,1
weak,29435,1
weak,29436,1
weak,29437,1
weak,29438,1
weak,29439,1
weak,29440,1
weak,29441,1
weak,29442,1
weak,29443,1
weak,29444,1
weak,29445,1
weak,29446,1
weak,29447,1
weak,29448,1
weak,29449,1
weak,29450,1
weak,29451,1
weak,29452,1
weak,29453,1
weak,29454,1
weak,29455,1
weak,29456,1
weak,29457,1
weak,29458,1
weak,29459,1
weak,29460,1
weak,29461,1
weak,29462,1
weak,29463,1
weak,29464,1
weak,29465,1
weak,29466,1
weak,29467,1
weak,29468,1
weak,29469,1
weak,29470,1
weak,29471,1
weak,29472,1
weak,29473,1
weak,29474,1
weak,29475,1
weak,29476,1
weak,29477,1
weak,29478,1
weak,29479,1
weak,29480,1
weak,29481,1
weak,29482,1
weak,29483,1
weak,29484,1
weak,29485,1
weak,29486,1
weak,29487,1
weak,29488,1
weak,29489,1
weak,29490,1
weak,29491,1
weak,29492,1
weak,29493,1
weak,29494,1
weak,29495,1
weak,29496,1
weak,29497,1
weak,29498,1
weak,29499,1
weak,29500,1
weak,29501,1
weak,29502,1
weak,29503,1
weak,29504,1
weak,29505,1
weak,29506,1
weak,29507,1
weak,29508,1
weak,29509,1
weak,29510,1
weak,29511,1
weak,29512,1
weak,29513,1
weak,29514,1
weak,29515,1
weak,29516,1
weak,29517,1
weak,29518,1
weak,29519,1
weak,29520,1
weak,29521,1
weak,29522,1
weak,29523,1
weak,29524,1
weak,29525,1
weak,29526,1
weak,29527,1
weak,29528,1
weak,29529,1
weak,29530,1
weak,29531,1
weak,29532,1
weak,29533,1
weak,29534,1
weak,29535,1
weak,29536,1
weak,29537,1
weak,29538,1
weak,29539,1
weak,29540,1
weak,29541,1
weak,29542,1
weak,29543,1
weak,29544,1
weak,29545,1
weak,29546,1
weak,29547,1
weak,29548,1
weak,29549,1
weak,29550,1
weak,29551,1
weak,29552,1
weak,29553,1
weak,29554,1
weak,29555,1
weak,29556,1
weak,29557,1
weak,29558,1
weak,29559,1
weak,29560,1
weak,29561,1
weak,29562,1
weak,29563,1
weak,29564,1
weak,29565,1
weak,29566,1
weak,29567,1
weak,29568,1
weak,29569,1
weak,29570,1
weak,29571,1
weak,29572,1
weak,29573,1
weak,29574,1
weak,29575,1
weak,29576,1
weak,29577,1
weak,29578,1
weak,29579,1
weak,29580,1
weak,29581,1
weak,29582,1
weak,29583,1
weak,29584,1
weak,29585,1
weak,29586,1
weak,29587,1
weak,29588,1
weak,29589,1
weak,29590,1
weak,29591,1
weak,29592,1
weak,29593,1
weak,29594,1
weak,29595,1
weak,29596,1
weak,29597,1
weak,29598,1
weak,29599,1
weak,29600,1
weak,29601,1
weak,29602,1
weak,29603,1
weak,29604,1
weak,29605,1
weak,29606,1
weak,29607,1
weak,29608,1
weak,29609,1
weak,29610,1
weak,29611,1
weak,29612,1
weak,29613,1
weak,29614,1
weak,29615,1
weak,29616,1
weak,29617,1
weak,29618,1
weak,29619,1
weak,29620,1
weak,29621,1
weak,29622,1
weak,29623,1
weak,29624,1
weak,29625,1
weak,29626,1
weak,29627,1
weak,29628,1
weak,29629,1
weak,29630,1
weak,29631,1
weak,29632,1
weak,29633,1
weak,29634,1
weak,29635,1
weak,29636,1
weak,29637,1
weak,29638,1
weak,29639,1
weak,29640,1
weak,29641,1
weak,29642,1
weak,29643,1
weak,29644,1
weak,29645,1
weak,29646,1
weak,29647,1
weak,29648,1
weak,29649,1
weak,29650,1
weak,29651,1
weak,29652,1
weak,29653,1
weak,29654,1
weak,29655,1
weak,29656,1
weak,29657,1
weak,29658,1
weak,29659,1
weak,29660,1
weak,29661,1
weak,29662,1
weak,29663,1
weak,29664,1
weak,29665,1
weak,29666,1
weak,29667,1
weak,29668,1
weak,29669,1
weak,29670,1
weak,29671,1
weak,29672,1
weak,29673,1
weak,29674,1
weak,29675,1
weak,29676,1
weak,29677,1
weak,29678,1
weak,29679,1
weak,29680,1
weak,29681,1
weak,29682,1
weak,29683,1
weak,29684,1
weak,29685,1
weak,29686,1
weak,29687,1
weak,29688,1
weak,29689,1
weak,29690,1
weak,29691,1
weak,29692,1
weak,29693,1
weak,29694,1
weak,29695,1
weak,29696,1
weak,29697,1
weak,29698,1
weak,29699,1
weak,29700,1
weak,29701,1
weak,29702,1
weak,29703,1
weak,29704,1
weak,29705,1
weak,29706,1
weak,29707,1
weak,29708,1
weak,29709,1
weak,29710,1
weak,29711,1
weak,29712,1
weak,29713,1
weak,29714,1
weak,29715,1
weak,29716,1
weak,29717,1
weak,29718,1
weak,29719,1
weak,29720,1
weak,29721,1
weak,29722,1
weak,29723,1
weak,29724,1
weak,29725,1
weak,29726,1
weak,29727,1
weak,29728,1
weak,29729,1
weak,29730,1
weak,29731,1
weak,29732,1
weak,29733,1
weak,29734,1
weak,29735,1
weak,29736,1
weak,29737,1
weak,29738,1
weak,29739,1
weak,29740,1
weak,29741,1
weak,29742,1
weak,29743,1
weak,29744,1
weak,29745,1
weak,29746,1
weak,29747,1
weak,29748,1
weak,29749,1
weak,29750,1
weak,29751,1
weak,29752,1
weak,29753,1
weak,29754,1
weak,29755,1
weak,29756,1
weak,29757,1
weak,29758,1
weak,29759,1
weak,29760,1
weak,29761,1
weak,29762,1
weak,29763,1
weak,29764,1
weak,29765,1
weak,29766,1
weak,29767,1
weak,29768,1
weak,29769,1
weak,29770,1
weak,29771,1
weak,29772,1
weak,29773,1
weak,29774,1
weak,29775,1
weak,29776,1
weak,29777,1
weak,29778,1
weak,29779,1
weak,29780,1
weak,29781,1
weak,29782,1
weak,29783,1
weak,29784,1
weak,29785,1
weak,29786,1
weak,29787,1
weak,29788,1
weak,29789,1
weak,29790,1
weak,29791,1
weak,29792,1
weak,29793,1
weak,29794,1
weak,29795,1
weak,29796,1
weak,29797,1
weak,29798,1
weak,29799,1
weak,29800,1
weak,29801,1
weak,29802,1
weak,29803,1
weak,29804,1
weak,29805,1
weak,29806,1
weak,29807,1
weak,29808,1
weak,29809,1
weak,29810,1
weak,29811,1
weak,29812,1
weak,29813,1
weak,29814,1
weak,29815,1
weak,29816,1
weak,29817,1
weak,29818,1
weak,29819,1
weak,29820,1
weak,29821,1
weak,29822,1
weak,29823,1
weak,29824,1
weak,29825,1
weak,29826,1
weak,29827,1
weak,29828,1
weak,29829,1
weak,29830,1
weak,29831,1
weak,29832,1
weak,29833,1
weak,29834,1
weak,29835,1
weak,29836,1
weak,29837,1
weak,29838,1
weak,29839,1
weak,29840,1
weak,29841,1
weak,29842,1
weak,29843,1
weak,29844,1
weak,29845,1
weak,29846,1
weak,29847,1
weak,29848,1
weak,29849,1
weak,29850,1
weak,29851,1
weak,29852,1
weak,29853,1
weak,29854,1
weak,29855,1
weak,29856,1
weak,29857,1
weak,29858,1
weak,29859,1
weak,29860,1
weak,29861,1
weak,29862,1
weak,29863,1
weak,29864,1
weak,29865,1
weak,29866,1
weak,29867,1
weak,29868,1
weak,29869,1
weak,29870,1
weak,29871,1
weak,29872,1
weak,29873,1
weak,29874,1
weak,29875,1
weak,29876,1
weak,29877,1
weak,29878,1
weak,29879,1
weak,29880,1
weak,29881,1
weak,29882,1
weak,29883,1
weak,29884,1
weak,29885,1
weak,29886,1
weak,29887,1
weak,29888,1
weak,29889,1
weak,29890,1
weak,29891,1
weak,29892,1
weak,29893,1
weak,29894,1
weak,29895,1
weak,29896,1
weak,29897,1
weak,29898,1
weak,29899,1
weak,29900,1
weak,29901,1
weak,29902,1
weak,29903,1
weak,29904,1
weak,29905,1
weak,29906,1
weak,29907,1
weak,29908,1
weak,29909,1
weak,29910,1
weak,29911,1
weak,29912,1
weak,29913,1
weak,29914,1
weak,29915,1
weak,29916,1
weak,29917,1
weak,29918,1
weak,29919,1
weak,29920,1
weak,29921,1
weak,29922,1
weak,29923,1
weak,29924,1
weak,29925,1
weak,29926,1
weak,29927,1
weak,29928,1
weak,29929,1
weak,29930,1
weak,29931,1
weak,29932,1
weak,29933,1
weak,29934,1
weak,29935,1
weak,29936,1
weak,29937,1
weak,29938,1
weak,29939,1
weak,29940,1
weak,29941,1
weak,29942,1
weak,29943,1
weak,29944,1
weak,29945,1
weak,29946,1
weak,29947,1
weak,29948,1
weak,29949,1
weak,29950,1
weak,29951,1
weak,29952,1
weak,29953,1
weak,29954,1
weak,29955,1
weak,29956,1
weak,29957,1
weak,29958,1
weak,29959,1
weak,29960,1
weak,29961,1
weak,29962,1
weak,29963,1
weak,29964,1
weak,29965,1
weak,29966,1
weak,29967,1
weak,29968,1
weak,29969,1
weak,29970,1
weak,29971,1
weak,29972,1
weak,29973,1
weak,29974,1
weak,29975,1
weak,29976,1
weak,29977,1
weak,29978,1
weak,29979,1
weak,29980,1
weak,29981,1
weak,29982,1
weak,29983,1
weak,29984,1
weak,29985,1
weak,29986,1
weak,29987,1
weak,29988,1
weak,29989,1
weak,29990,1
weak,29991,1
weak,29992,1
weak,29993,1
weak,29994,1
weak,29995,1
weak,29996,1
weak,29997,1
weak,29998,1
weak,29999,1
weak,30000,1
weak,30001,1
weak,30002,1
weak,30003,1
weak,30004,1
weak,30005,1
weak,30006,1
weak,30007,1
weak,30008,1
weak,30009,1
weak,30010,1
weak,30011,1
weak,30012,1
weak,30013,1
weak,30014,1
weak,30015,1
weak,30016,1
weak,30017,1
weak,30018,1
weak,30019,1
weak,30020,1
weak,30021,1
weak,30022,1
weak,30023,1
weak,30024,1
weak,30025,1
weak,30026,1
weak,30027,1
weak,30028,1
weak,30029,1
weak,30030,1
weak,30031,1
weak,30032,1
weak,30033,1
weak,30034,1
weak,30035,1
weak,30036,1
weak,30037,1
weak,30038,1
weak,30039,1
weak,30040,1
weak,30041,1
weak,30042,1
weak,30043,1
weak,30044,1
weak,30045,1
weak,30046,1
weak,30047,1
weak,30048,1
weak,30049,1
weak,30050,1
weak,30051,1
weak,30052,1
weak,30053,1
weak,30054,1
weak,30055,1
weak,30056,1
weak,30057,1
weak,30058,1
weak,30059,1
weak,30060,1
weak,30061,1
weak,30062,1
weak,30063,1
weak,30064,1
weak,30065,1
weak,30066,1
weak,30067,1
weak,30068,1
weak,30069,1
weak,30070,1
weak,30071,1
weak,30072,1
weak,30073,1
weak,30074,1
weak,30075,1
weak,30076,1
weak,30077,1
weak,30078,1
weak,30079,1
weak,30080,1
weak,30081,1
weak,30082,1
weak,30083,1
weak,30084,1
weak,30085,1
weak,30086,1
weak,30087,1
weak,30088,1
weak,30089,1
weak,30090,1
weak,30091,1
weak,30092,1
weak,30093,1
weak,30094,1
weak,30095,1
weak,30096,1
weak,30097,1
weak,30098,1
weak,30099,1
weak,30100,1
weak,30101,1
weak,30102,1
weak,30103,1
weak,30104,1
weak,30105,1
weak,30106,1
weak,30107,1
weak,30108,1
weak,30109,1
weak,30110,1
weak,30111,1
weak,30112,1
weak,30113,1
weak,30114,1
weak,30115,1
weak,30116,1
weak,30117,1
weak,30118,1
weak,30119,1
weak,30120,1
weak,30121,1
weak,30122,1
weak,30123,1
weak,30124,1
weak,30125,1
weak,30126,1
weak,30127,1
weak,30128,1
weak,30129,1
weak,30130,1
weak,30131,1
weak,30132,1
weak,30133,1
weak,30134,1
weak,30135,1
weak,30136,1
weak,30137,1
weak,30138,1
weak,30139,1
weak,30140,1
weak,30141,1
weak,30142,1
weak,30143,1
weak,30144,1
weak,30145,1
weak,30146,1
weak,30147,1
weak,30148,1
weak,30149,1
weak,30150,1
weak,30151,1
weak,30152,1
weak,30153,1
weak,30154,1
weak,30155,1
weak,30156,1
weak,30157,1
weak,30158,1
weak,30159,1
weak,30160,1
weak,30161,1
weak,30162,1
weak,30163,1
weak,30164,1
weak,30165,1
weak,30166,1
weak,30167,1
weak,30168,1
weak,30169,1
weak,30170,1
weak,30171,1
weak,30172,1
weak,30173,1
weak,30174,1
weak,30175,1
weak,30176,1
weak,30177,1
weak,30178,1
weak,30179,1
weak,30180,1
weak,30181,1
weak,30182,1
weak,30183,1
weak,30184,1
weak,30185,1
weak,30186,1
weak,30187,1
weak,30188,1
weak,30189,1
weak,30190,1
weak,30191,1
weak,30192,1
weak,30193,1
weak,30194,1
weak,30195,1
weak,30196,1
weak,30197,1
weak,30198,1
weak,30199,1
weak,30200,1
weak,30201,1
weak,30202,1
weak,30203,1
weak,30204,1
weak,30205,1
weak,30206,1
weak,30207,1
weak,30208,1
weak,30209,1
weak,30210,1
weak,30211,1
weak,30212,1
weak,30213,1
weak,30214,1
weak,30215,1
weak,30216,1
weak,30217,1
weak,30218,1
weak,30219,1
weak,30220,1
weak,30221,1
weak,30222,1
weak,30223,1
weak,30224,1
weak,30225,1
weak,30226,1
weak,30227,1
weak,30228,1
weak,30229,1
weak,30230,1
weak,30231,1
weak,30232,1
weak,30233,1
weak,30234,1
weak,30235,1
weak,30236,1
weak,30237,1
weak,30238,1
weak,30239,1
weak,30240,1
weak,30241,1
weak,30242,1
weak,30243,1
weak,30244,1
weak,30245,1
weak,30246,1
weak,30247,1
weak,30248,1
weak,30249,1
weak,30250,1
weak,30251,1
weak,30252,1
weak,30253,1
weak,30254,1
weak,30255,1
weak,30256,1
weak,30257,1
weak,30258,1
weak,30259,1
weak,30260,1
weak,30261,1
weak,30262,1
weak,30263,1
weak,30264,1
weak,30265,1
weak,30266,1
weak,30267,1
weak,30268,1
weak,30269,1
weak,30270,1
weak,30271,1
weak,30272,1
weak,30273,1
weak,30274,1
weak,30275,1
weak,30276,1
weak,30277,1
weak,30278,1
weak,30279,1
weak,30280,1
weak,30281,1
weak,30282,1
weak,30283,1
weak,30284,1
weak,30285,1
weak,30286,1
weak,30287,1
weak,30288,1
weak,30289,1
weak,30290,1
weak,30291,1
weak,30292,1
weak,30293,1
weak,30294,1
weak,30295,1
weak,30296,1
weak,30297,1
weak,30298,1
weak,30299,1
weak,30300,1
weak,30301,1
weak,30302,1
weak,30303,1
weak,30304,1
weak,30305,1
weak,30306,1
weak,30307,1
weak,30308,1
weak,30309,1
weak,30310,1
weak,30311,1
weak,30312,1
weak,30313,1
weak,30314,1
weak,30315,1
weak,30316,1
weak,30317,1
weak,30318,1
weak,30319,1
weak,30320,1
weak,30321,1
weak,30322,1
weak,30323,1
weak,30324,1
weak,30325,1
weak,30326,1
weak,30327,1
weak,30328,1
weak,30329,1
weak,30330,1
weak,30331,1
weak,30332,1
weak,30333,1
weak,30334,1
weak,30335,1
weak,30336,1
weak,30337,1
weak,30338,1
weak,30339,1
weak,30340,1
weak,30341,1
weak,30342,1
weak,30343,1
weak,30344,1
weak,30345,1
weak,30346,1
weak,30347,1
weak,30348,1
weak,30349,1
weak,30350,1
weak,30351,1
weak,30352,1
weak,30353,1
weak,30354,1
weak,30355,1
weak,30356,1
weak,30357,1
weak,30358,1
weak,30359,1
weak,30360,1
weak,30361,1
weak,30362,1
weak,30363,1
weak,30364,1
weak,30365,1
weak,30366,1
weak,30367,1
weak,30368,1
weak,30369,1
weak,30370,1
weak,30371,1
weak,30372,1
weak,30373,1
weak,30374,1
weak,30375,1
weak,30376,1
weak,30377,1
weak,30378,1
weak,30379,1
weak,30380,1
weak,30381,1
weak,30382,1
weak,30383,1
weak,30384,1
weak,30385,1
weak,30386,1
weak,30387,1
weak,30388,1
weak,30389,1
weak,30390,1
weak,30391,1
weak,30392,1
weak,30393,1
weak,30394,1
weak,30395,1
weak,30396,1
weak,30397,1
weak,30398,1
weak,30399,1
weak,30400,1
weak,30401,1
weak,30402,1
weak,30403,1
weak,30404,1
weak,30405,1
weak,30406,1
weak,30407,1
weak,30408,1
weak,30409,1
weak,30410,1
weak,30411,1
weak,30412,1
weak,30413,1
weak,30414,1
weak,30415,1
weak,30416,1
weak,30417,1
weak,30418,1
weak,30419,1
weak,30420,1
weak,30421,1
weak,30422,1
weak,30423,1
weak,30424,1
weak,30425,1
weak,30426,1
weak,30427,1
weak,30428,1
weak,30429,1
weak,30430,1
weak,30431,1
weak,30432,1
weak,30433,1
weak,30434,1
weak,30435,1
weak,30436,1
weak,30437,1
weak,30438,1
weak,30439,1
weak,30440,1
weak,30441,1
weak,30442,1
weak,30443,1
weak,30444,1
weak,30445,1
weak,30446,1
weak,30447,1
weak,30448,1
weak,30449,1
weak,30450,1
weak,30451,1
weak,30452,1
weak,30453,1
weak,30454,1
weak,30455,1
weak,30456,1
weak,30457,1
weak,30458,1
weak,30459,1
weak,30460,1
weak,30461,1
weak,30462,1
weak,30463,1
weak,30464,1
weak,30465,1
weak,30466,1
weak,30467,1
weak,30468,1
weak,30469,1
weak,30470,1
weak,30471,1
weak,30472,1
weak,30473,1
weak,30474,1
weak,30475,1
weak,30476,1
weak,30477,1
weak,30478,1
weak,30479,1
weak,30480,1
weak,30481,1
weak,30482,1
weak,30483,1
weak,30484,1
weak,30485,1
weak,30486,1
weak,30487,1
weak,30488,1
weak,30489,1
weak,30490,1
weak,30491,1
weak,30492,1
weak,30493,1
weak,30494,1
weak,30495,1
weak,30496,1
weak,30497,1
weak,30498,1
weak,30499,1
weak,30500,1
weak,30501,1
weak,30502,1
weak,30503,1
weak,30504,1
weak,30505,1
weak,30506,1
weak,30507,1
weak,30508,1
weak,30509,1
weak,30510,1
weak,30511,1
weak,30512,1
weak,30513,1
weak,30514,1
weak,30515,1
weak,30516,1
weak,30517,1
weak,30518,1
weak,30519,1
weak,30520,1
weak,30521,1
weak,30522,1
weak,30523,1
weak,30524,1
weak,30525,1
weak,30526,1
weak,30527,1
weak,30528,1
weak,30529,1
weak,30530,1
weak,30531,1
weak,30532,1
weak,30533,1
weak,30534,1
weak,30535,1
weak,30536,1
weak,30537,1
weak,30538,1
weak,30539,1
weak,30540,1
weak,30541,1
weak,30542,1
weak,30543,1
weak,30544,1
weak,30545,1
weak,30546,1
weak,30547,1
weak,30548,1
weak,30549,1
weak,30550,1
weak,30551,1
weak,30552,1
weak,30553,1
weak,30554,1
weak,30555,1
weak,30556,1
weak,30557,1
weak,30558,1
weak,30559,1
weak,30560,1
weak,30561,1
weak,30562,1
weak,30563,1
weak,30564,1
weak,30565,1
weak,30566,1
weak,30567,1
weak,30568,1
weak,30569,1
weak,30570,1
weak,30571,1
weak,30572,1
weak,30573,1
weak,30574,1
weak,30575,1
weak,30576,1
weak,30577,1
weak,30578,1
weak,30579,1
weak,30580,1
weak,30581,1
weak,30582,1
weak,30583,1
weak,30584,1
weak,30585,1
weak,30586,1
weak,30587,1
weak,30588,1
weak,30589,1
weak,30590,1
weak,30591,1
weak,30592,1
weak,30593,1
weak,30594,1
weak,30595,1
weak,30596,1
weak,30597,1
weak,30598,1
weak,30599,1
weak,30600,1
weak,30601,1
weak,30602,1
weak,30603,1
weak,30604,1
weak,30605,1
weak,30606,1
weak,30607,1
weak,30608,1
weak,30609,1
weak,30610,1
weak,30611,1
weak,30612,1
weak,30613,1
weak,30614,1
weak,30615,1
weak,30616,1
weak,30617,1
weak,30618,1
weak,30619,1
weak,30620,1
weak,30621,1
weak,30622,1
weak,30623,1
weak,30624,1
weak,30625,1
weak,30626,1
weak,30627,1
weak,30628,1
weak,30629,1
weak,30630,1
weak,30631,1
weak,30632,1
weak,30633,1
weak,30634,1
weak,30635,1
weak,30636,1
weak,30637,1
weak,30638,1
weak,30639,1
weak,30640,1
weak,30641,1
weak,30642,1
weak,30643,1
weak,30644,1
weak,30645,1
weak,30646,1
weak,30647,1
weak,30648,1
weak,30649,1
weak,30650,1
weak,30651,1
weak,30652,1
weak,30653,1
weak,30654,1
weak,30655,1
weak,30656,1
weak,30657,1
weak,30658,1
weak,30659,1
weak,30660,1
weak,30661,1
weak,30662,1
weak,30663,1
weak,30664,1
weak,30665,1
weak,30666,1
weak,30667,1
weak,30668,1
weak,30669,1
weak,30670,1
weak,30671,1
weak,30672,1
weak,30673,1
weak,30674,1
weak,30675,1
weak,30676,1
weak,30677,1
weak,30678,1
weak,30679,1
weak,30680,1
weak,30681,1
weak,30682,1
weak,30683,1
weak,30684,1
weak,30685,1
weak,30686,1
weak,30687,1
weak,30688,1
weak,30689,1
weak,30690,1
weak,30691,1
weak,30692,1
weak,30693,1
weak,30694,1
weak,30695,1
weak,30696,1
weak,30697,1
weak,30698,1
weak,30699,1
weak,30700,1
weak,30701,1
weak,30702,1
weak,30703,1
weak,30704,1
weak,30705,1
weak,30706,1
weak,30707,1
weak,30708,1
weak,30709,1
weak,30710,1
weak,30711,1
weak,30712,1
weak,30713,1
weak,30714,1
weak,30715,1
weak,30716,1
weak,30717,1
weak,30718,1
weak,30719,1
weak,30720,1
weak,30721,1
weak,30722,1
weak,30723,1
weak,30724,1
weak,30725,1
weak,30726,1
weak,30727,1
weak,30728,1
weak,30729,1
weak,30730,1
weak,30731,1
weak,30732,1
weak,30733,1
weak,30734,1
weak,30735,1
weak,30736,1
weak,30737,1
weak,30738,1
weak,30739,1
weak,30740,1
weak,30741,1
weak,30742,1
weak,30743,1
weak,30744,1
weak,30745,1
weak,30746,1
weak,30747,1
weak,30748,1
weak,30749,1
weak,30750,1
weak,30751,1
weak,30752,1
weak,30753,1
weak,30754,1
weak,30755,1
weak,30756,1
weak,30757,1
weak,30758,1
weak,30759,1
weak,30760,1
weak,30761,1
weak,30762,1
weak,30763,1
weak,30764,1
weak,30765,1
weak,30766,1
weak,30767,1
weak,30768,1
weak,30769,1
weak,30770,1
weak,30771,1
weak,30772,1
weak,30773,1
weak,30774,1
weak,30775,1
weak,30776,1
weak,30777,1
weak,30778,1
weak,30779,1
weak,30780,1
weak,30781,1
weak,30782,1
weak,30783,1
weak,30784,1
weak,30785,1
weak,30786,1
weak,30787,1
weak,30788,1
weak,30789,1
weak,30790,1
weak,30791,1
weak,30792,1
weak,30793,1
weak,30794,1
weak,30795,1
weak,30796,1
weak,30797,1
weak,30798,1
weak,30799,1
weak,30800,1
weak,30801,1
weak,30802,1
weak,30803,1
weak,30804,1
weak,30805,1
weak,30806,1
weak,30807,1
weak,30808,1
weak,30809,1
weak,30810,1
weak,30811,1
weak,30812,1
weak,30813,1
weak,30814,1
weak,30815,1
weak,30816,1
weak,30817,1
weak,30818,1
weak,30819,1
weak,30820,1
weak,30821,1
weak,30822,1
weak,30823,1
weak,30824,1
weak,30825,1
weak,30826,1
weak,30827,1
weak,30828,1
weak,30829,1
weak,30830,1
weak,30831,1
weak,30832,1
weak,30833,1
weak,30834,1
weak,30835,1
weak,30836,1
weak,30837,1
weak,30838,1
weak,30839,1
weak,30840,1
weak,30841,1
weak,30842,1
weak,30843,1
weak,30844,1
weak,30845,1
weak,30846,1
weak,30847,1
weak,30848,1
weak,30849,1
weak,30850,1
weak,30851,1
weak,30852,1
weak,30853,1
weak,30854,1
weak,30855,1
weak,30856,1
weak,30857,1
weak,30858,1
weak,30859,1
weak,30860,1
weak,30861,1
weak,30862,1
weak,30863,1
weak,30864,1
weak,30865,1
weak,30866,1
weak,30867,1
weak,30868,1
weak,30869,1
weak,30870,1
weak,30871,1
weak,30872,1
weak,30873,1
weak,30874,1
weak,30875,1
weak,30876,1
weak,30877,1
weak,30878,1
weak,30879,1
strong,0,6
strong,1,3
strong,2,2
strong,3,1
strong,4,1
strong,5,1
strong,6,1
strong,7,1
strong,8,1
strong,9,1
strong,10,1
strong,11,1
strong,12,1
strong,13,1
strong,14,1
strong,15,1
strong,16,1
strong,17,1
strong,18,1
strong,19,1
strong,20,1
strong,21,1
strong,22,1
strong,23,1
strong,24,1
strong,25,1
strong,26,1
strong,27,1
strong,28,1
strong,29,1
strong,30,1
strong,31,1
strong,32,1
strong,33,1
strong,34,1
strong,35,1
strong,36,1
strong,37,1
strong,38,1
strong,39,1
strong,40,1
strong,41,1
strong,42,1
strong,43,1
strong,44,1
strong,45,1
strong,46,1
strong,47,1
strong,48,1
strong,49,1
strong,50,1
strong,51,1
strong,52,1
strong,53,1
strong,54,1
strong,55,1
strong,56,1
strong,57,1
strong,58,1
strong,59,1
strong,60,1
strong,61,1
strong,62,1
strong,63,1
strong,64,1
strong,65,1
strong,66,1
strong,67,1
strong,68,1
strong,69,1
strong,70,1
strong,71,1
strong,72,1
strong,73,1
strong,74,1
strong,75,1
strong,76,1
strong,77,1
strong,78,1
strong,79,1
strong,80,1
strong,81,1
strong,82,1
strong,83,1
strong,84,1
strong,85,1
strong,86,1
strong,87,1
strong,88,1
strong,89,1
strong,90,1
strong,91,1
strong,92,1
strong,93,1
strong,94,1
strong,95,1
strong,96,1
strong,97,1
strong,98,1
strong,99,1
strong,100,1
strong,101,1
strong,102,1
strong,103,1
strong,104,1
strong,105,1
strong,106,1
strong,107,1
strong,108,1
strong,109,1
strong,110,1
strong,111,1
strong,112,1
strong,113,1
strong,114,1
strong,115,1
strong,116,1
strong,117,1
strong,118,1
strong,119,1
strong,120,1
strong,121,1
strong,122,1
strong,123,1
strong,124,1
strong,125,1
strong,126,1
strong,127,1
strong,128,1
strong,129,1
strong,130,1
strong,131,1
strong,132,1
strong,133,1
strong,134,1
strong,135,1
strong,136,1
strong,137,1
strong,138,1
strong,139,1
strong,140,1
strong,141,1
strong,142,1
strong,143,1
strong,144,1
strong,145,1
strong,146,1
strong,147,1
strong,148,1
strong,149,1
strong,150,1
strong,151,1
strong,152,1
strong,153,1
strong,154,1
strong,155,1
strong,156,1
strong,157,1
strong,158,1
strong,159,1
strong,160,1
strong,161,1
strong,162,1
strong,163,1
strong,164,1
strong,165,1
strong,166,1
strong,167,1
strong,168,1
strong,169,1
strong,170,1
strong,171,1
strong,172,1
strong,173,1
strong,174,1
strong,175,1
strong,176,1
strong,177,1
strong,178,1
strong,179,1
strong,180,1
strong,181,1
strong,182,1
strong,183,1
strong,184,1
strong,185,1
strong,186,1
strong,187,1
strong,188,1
strong,189,1
strong,190,1
strong,191,1
strong,192,1
strong,193,1
strong,194,1
strong,195,1
strong,196,1
strong,197,1
strong,198,1
strong,199,1
strong,200,1
strong,201,1
strong,202,1
strong,203,1
strong,204,1
strong,205,1
strong,206,1
strong,207,1
strong,208,1
strong,209,1
strong,210,1
strong,211,1
strong,212,1
strong,213,1
strong,214,1
strong,215,1
strong,216,1
strong,217,1
strong,218,1
strong,219,1
strong,220,1
strong,221,1
strong,222,1
strong,223,1
strong,224,1
strong,225,1
strong,226,1
strong,227,1
strong,228,1
strong,229,1
strong,230,1
strong,231,1
strong,232,1
strong,233,1
strong,234,1
strong,235,1
strong,236,1
strong,237,1
strong,238,1
strong,239,1
strong,240,1
strong,241,1
strong,242,1
strong,243,1
strong,244,1
strong,245,1
strong,246,1
strong,247,1
strong,248,1
strong,249,1
strong,250,1
strong,251,1
strong,252,1
strong,253,1
strong,254,1
strong,255,1
strong,256,1
strong,257,1
strong,258,1
strong,259,1
strong,260,1
strong,261,1
strong,262,1
strong,263,1
strong,264,1
strong,265,1
strong,266,1
strong,267,1
strong,268,1
strong,269,1
strong,270,1
strong,271,1
strong,272,1
strong,273,1
strong,274,1
strong,275,1
strong,276,1
strong,277,1
strong,278,1
strong,279,1
strong,280,1
strong,281,1
strong,282,1
strong,283,1
strong,284,1
strong,285,1
strong,286,1
strong,287,1
strong,288,1
strong,289,1
strong,290,1
strong,291,1
strong,292,1
strong,293,1
strong,294,1
strong,295,1
strong,296,1
strong,297,1
strong,298,1
strong,299,1
strong,300,1
strong,301,1
strong,302,1
strong,303,1
strong,304,1
strong,305,1
strong,306,1
strong,307,1
strong,308,1
strong,309,1
strong,310,1
strong,311,1
strong,312,1
strong,313,1
strong,314,1
strong,315,1
strong,316,1
strong,317,1
strong,318,1
strong,319,1
strong,320,1
strong,321,1
strong,322,1
strong,323,1
strong,324,1
strong,325,1
strong,326,1
strong,327,1
strong,328,1
strong,329,1
strong,330,1
strong,331,1
strong,332,1
strong,333,1
strong,334,1
strong,335,1
strong,336,1
strong,337,1
strong,338,1
strong,339,1
strong,340,1
strong,341,1
strong,342,1
strong,343,1
strong,344,1
strong,345,1
strong,346,1
strong,347,1
strong,348,1
strong,349,1
strong,350,1
strong,351,1
strong,352,1
strong,353,1
strong,354,1
strong,355,1
strong,356,1
strong,357,1
strong,358,1
strong,359,1
strong,360,1
strong,361,1
strong,362,1
strong,363,1
strong,364,1
strong,365,1
strong,366,1
strong,367,1
strong,368,1
strong,369,1
strong,370,1
strong,371,1
strong,372,1
strong,373,1
strong,374,1
strong,375,1
strong,376,1
strong,377,1
strong,378,1
strong,379,1
strong,380,1
strong,381,1
strong,382,1
strong,383,1
strong,384,1
strong,385,1
strong,386,1
strong,387,1
strong,388,1
strong,389,1
strong,390,1
strong,391,1
strong,392,1
strong,393,1
strong,394,1
strong,395,1
strong,396,1
strong,397,1
strong,398,1
strong,399,1
strong,400,1
strong,401,1
strong,402,1
strong,403,1
strong,404,1
strong,405,1
strong,406,1
strong,407,1
strong,408,1
strong,409,1
strong,410,1
strong,411,1
strong,412,1
strong,413,1
strong,414,1
strong,415,1
strong,416,1
strong,417,1
strong,418,1
strong,419,1
strong,420,1
strong,421,1
strong,422,1
strong,423,1
strong,424,1
strong,425,1
strong,426,1
strong,427,1
strong,428,1
strong,429,1
strong,430,1
strong,431,1
strong,432,1
strong,433,1
strong,434,1
strong,435,1
strong,436,1
strong,437,1
strong,438,1
strong,439,1
strong,440,1
strong,441,1
strong,442,1
strong,443,1
strong,444,1
strong,445,1
strong,446,1
strong,447,1
strong,448,1
strong,449,1
strong,450,1
strong,451,1
strong,452,1
strong,453,1
strong,454,1
strong,455,1
strong,456,1
strong,457,1
strong,458,1
strong,459,1
strong,460,1
strong,461,1
strong,462,1
strong,463,1
strong,464,1
strong,465,1
strong,466,1
strong,467,1
strong,468,1
strong,469,1
strong,470,1
strong,471,1
strong,472,1
strong,473,1
strong,474,1
strong,475,1
strong,476,1
strong,477,1
strong,478,1
strong,479,1
strong,480,1
strong,481,1
strong,482,1
strong,483,1
strong,484,1
strong,485,1
strong,486,1
strong,487,1
strong,488,1
strong,489,1
strong,490,1
strong,491,1
strong,492,1
strong,493,1
strong,494,1
strong,495,1
strong,496,1
strong,497,1
strong,498,1
strong,499,1
strong,500,1
strong,501,1
strong,502,1
strong,503,1
strong,504,1
strong,505,1
strong,506,1
strong,507,1
strong,508,1
strong,509,1
strong,510,1
strong,511,1
strong,512,1
strong,513,1
strong,514,1
strong,515,1
strong,516,1
strong,517,1
strong,518,1
strong,519,1
strong,520,1
strong,521,1
strong,522,1
strong,523,1
strong,524,1
strong,525,1
strong,526,1
strong,527,1
strong,528,1
strong,529,1
strong,530,1
strong,531,1
strong,532,1
strong,533,1
strong,534,1
strong,535,1
strong,536,1
strong,537,1
strong,538,1
strong,539,1
strong,540,1
strong,541,1
strong,542,1
strong,543,1
strong,544,1
strong,545,1
strong,546,1
strong,547,1
strong,548,1
strong,549,1
strong,550,1
strong,551,1
strong,552,1
strong,553,1
strong,554,1
strong,555,1
strong,556,1
strong,557,1
strong,558,1
strong,559,1
strong,560,1
strong,561,1
strong,562,1
strong,563,1
strong,564,1
strong,565,1
strong,566,1
strong,567,1
strong,568,1
strong,569,1
strong,570,1
strong,571,1
strong,572,1
strong,573,1
strong,574,1
strong,575,1
strong,576,1
strong,577,1
strong,578,1
strong,579,1
strong,580,1
strong,581,1
strong,582,1
strong,583,1
strong,584,1
strong,585,1
strong,586,1
strong,587,1
strong,588,1
strong,589,1
strong,590,1
strong,591,1
strong,592,1
strong,593,1
strong,594,1
strong,595,1
strong,596,1
strong,597,1
strong,598,1
strong,599,1
strong,600,1
strong,601,1
strong,602,1
strong,603,1
strong,604,1
strong,605,1
strong,606,1
strong,607,1
strong,608,1
strong,609,1
strong,610,1
strong,611,1
strong,612,1
strong,613,1
strong,614,1
strong,615,1
strong,616,1
strong,617,1
strong,618,1
strong,619,1
strong,620,1
strong,621,1
strong,622,1
strong,623,1
strong,624,1
strong,625,1
strong,626,1
strong,627,1
strong,628,1
strong,629,1
strong,630,1
strong,631,1
strong,632,1
strong,633,1
strong,634,1
strong,635,1
strong,636,1
strong,637,1
strong,638,1
strong,639,1
strong,640,1
strong,641,1
strong,642,1
strong,643,1
strong,644,1
strong,645,1
strong,646,1
strong,647,1
strong,648,1
strong,649,1
strong,650,1
strong,651,1
strong,652,1
strong,653,1
strong,654,1
strong,655,1
strong,656,1
strong,657,1
strong,658,1
strong,659,1
strong,660,1
strong,661,1
strong,662,1
strong,663,1
strong,664,1
strong,665,1
strong,666,1
strong,667,1
strong,668,1
strong,669,1
strong,670,1
strong,671,1
strong,672,1
strong,673,1
strong,674,1
strong,675,1
strong,676,1
strong,677,1
strong,678,1
strong,679,1
strong,680,1
strong,681,1
strong,682,1
strong,683,1
strong,684,1
strong,685,1
strong,686,1
strong,687,1
strong,688,1
strong,689,1
strong,690,1
strong,691,1
strong,692,1
strong,693,1
strong,694,1
strong,695,1
strong,696,1
strong,697,1
strong,698,1
strong,699,1
strong,700,1
strong,701,1
strong,702,1
strong,703,1
strong,704,1
strong,705,1
strong,706,1
strong,707,1
strong,708,1
strong,709,1
strong,710,1
strong,711,1
strong,712,1
strong,713,1
strong,714,1
strong,715,1
strong,716,1
strong,717,1
strong,718,1
strong,719,1
strong,720,1
strong,721,1
strong,722,1
strong,723,1
strong,724,1
strong,725,1
strong,726,1
strong,727,1
strong,728,1
strong,729,1
strong,730,1
strong,731,1
strong,732,1
strong,733,1
strong,734,1
strong,735,1
strong,736,1
strong,737,1
strong,738,1
strong,739,1
strong,740,1
strong,741,1
strong,742,1
strong,743,1
strong,744,1
strong,745,1
strong,746,1
strong,747,1
strong,748,1
strong,749,1
strong,750,1
strong,751,1
strong,752,1
strong,753,1
strong,754,1
strong,755,1
strong,756,1
strong,757,1
strong,758,1
strong,759,1
strong,760,1
strong,761,1
strong,762,1
strong,763,1
strong,764,1
strong,765,1
strong,766,1
strong,767,1
strong,768,1
strong,769,1
strong,770,1
strong,771,1
strong,772,1
strong,773,1
strong,774,1
strong,775,1
strong,776,1
strong,777,1
strong,778,1
strong,779,1
strong,780,1
strong,781,1
strong,782,1
strong,783,1
strong,784,1
strong,785,1
strong,786,1
strong,787,1
strong,788,1
strong,789,1
strong,790,1
strong,791,1
strong,792,1
strong,793,1
strong,794,1
strong,795,1
strong,796,1
strong,797,1
strong,798,1
strong,799,1
strong,800,1
strong,801,1
strong,802,1
strong,803,1
strong,804,1
strong,805,1
strong,806,1
strong,807,1
strong,808,1
strong,809,1
strong,810,1
strong,811,1
strong,812,1
strong,813,1
strong,814,1
strong,815,1
strong,816,1
strong,817,1
strong,818,1
strong,819,1
strong,820,1
strong,821,1
strong,822,1
strong,823,1
strong,824,1
strong,825,1
strong,826,1
strong,827,1
strong,828,1
strong,829,1
strong,830,1
strong,831,1
strong,832,1
strong,833,1
strong,834,1
strong,835,1
strong,836,1
strong,837,1
strong,838,1
strong,839,1
strong,840,1
strong,841,1
strong,842,1
strong,843,1
strong,844,1
strong,845,1
strong,846,1
strong,847,1
strong,848,1
strong,849,1
strong,850,1
strong,851,1
strong,852,1
strong,853,1
strong,854,1
strong,855,1
strong,856,1
strong,857,1
strong,858,1
strong,859,1
strong,860,1
strong,861,1
strong,862,1
strong,863,1
strong,864,1
strong,865,1
strong,866,1
strong,867,1
strong,868,1
strong,869,1
strong,870,1
strong,871,1
strong,872,1
strong,873,1
strong,874,1
strong,875,1
strong,876,1
strong,877,1
strong,878,1
strong,879,1
strong,880,1
strong,881,1
strong,882,1
strong,883,1
strong,884,1
strong,885,1
strong,886,1
strong,887,1
strong,888,1
strong,889,1
strong,890,1
strong,891,1
strong,892,1
strong,893,1
strong,894,1
strong,895,1
strong,896,1
strong,897,1
strong,898,1
strong,899,1
strong,900,1
strong,901,1
strong,902,1
strong,903,1
strong,904,1
strong,905,1
strong,906,1
strong,907,1
strong,908,1
strong,909,1
strong,910,1
strong,911,1
strong,912,1
strong,913,1
strong,914,1
strong,915,1
strong,916,1
strong,917,1
strong,918,1
strong,919,1
strong,920,1
strong,921,1
strong,922,1
strong,923,1
strong,924,1
strong,925,1
strong,926,1
strong,927,1
strong,928,1
strong,929,1
strong,930,1
strong,931,1
strong,932,1
strong,933,1
strong,934,1
strong,935,1
strong,936,1
strong,937,1
strong,938,1
strong,939,1
strong,940,1
strong,941,1
strong,942,1
strong,943,1
strong,944,1
strong,945,1
strong,946,1
strong,947,1
strong,948,1
strong,949,1
strong,950,1
strong,951,1
strong,952,1
strong,953,1
strong,954,1
strong,955,1
strong,956,1
strong,957,1
strong,958,1
strong,959,1
strong,960,1
strong,961,1
strong,962,1
strong,963,1
strong,964,1
strong,965,1
strong,966,1
strong,967,1
strong,968,1
strong,969,1
strong,970,1
strong,971,1
strong,972,1
strong,973,1
strong,974,1
strong,975,1
strong,976,1
strong,977,1
strong,978,1
strong,979,1
strong,980,1
strong,981,1
strong,982,1
strong,983,1
strong,984,1
strong,985,1
strong,986,1
strong,987,1
strong,988,1
strong,989,1
strong,990,1
strong,991,1
strong,992,1
strong,993,1
strong,994,1
strong,995,1
strong,996,1
strong,997,1
strong,998,1
strong,999,1
strong,1000,1
strong,1001,1
strong,1002,1
strong,1003,1
strong,1004,1
strong,1005,1
strong,1006,1
strong,1007,1
strong,1008,1
strong,1009,1
strong,1010,1
strong,1011,1
strong,1012,1
strong,1013,1
strong,1014,1
strong,1015,1
strong,1016,1
strong,1017,1
strong,1018,1
strong,1019,1
strong,1020,1
strong,1021,1
strong,1022,1
strong,1023,1
strong,1024,1
strong,1025,1
strong,1026,1
strong,1027,1
strong,1028,1
strong,1029,1
strong,1030,1
strong,1031,1
strong,1032,1
strong,1033,1
strong,1034,1
strong,1035,1
strong,1036,1
strong,1037,1
strong,1038,1
strong,1039,1
strong,1040,1
strong,1041,1
strong,1042,1
strong,1043,1
strong,1044,1
strong,1045,1
strong,1046,1
strong,1047,1
strong,1048,1
strong,1049,1
strong,1050,1
strong,1051,1
strong,1052,1
strong,1053,1
strong,1054,1
strong,1055,1
strong,1056,1
strong,1057,1
strong,1058,1
strong,1059,1
strong,1060,1
strong,1061,1
strong,1062,1
strong,1063,1
strong,1064,1
strong,1065,1
strong,1066,1
strong,1067,1
strong,1068,1
strong,1069,1
strong,1070,1
strong,1071,1
strong,1072,1
strong,1073,1
strong,1074,1
strong,1075,1
strong,1076,1
strong,1077,1
strong,1078,1
strong,1079,1
strong,1080,1
strong,1081,1
strong,1082,1
strong,1083,1
strong,1084,1
strong,1085,1
strong,1086,1
strong,1087,1
strong,1088,1
strong,1089,1
strong,1090,1
strong,1091,1
strong,1092,1
strong,1093,1
strong,1094,1
strong,1095,1
strong,1096,1
strong,1097,1
strong,1098,1
strong,1099,1
strong,1100,1
strong,1101,1
strong,1102,1
strong,1103,1
strong,1104,1
strong,1105,1
strong,1106,1
strong,1107,1
strong,1108,1
strong,1109,1
strong,1110,1
strong,1111,1
strong,1112,1
strong,1113,1
strong,1114,1
strong,1115,1
strong,1116,1
strong,1117,1
strong,1118,1
strong,1119,1
strong,1120,1
strong,1121,1
strong,1122,1
strong,1123,1
strong,1124,1
strong,1125,1
strong,1126,1
strong,1127,1
strong,1128,1
strong,1129,1
strong,1130,1
strong,1131,1
strong,1132,1
strong,1133,1
strong,1134,1
strong,1135,1
strong,1136,1
strong,1137,1
strong,1138,1
strong,1139,1
strong,1140,1
strong,1141,1
strong,1142,1
strong,1143,1
strong,1144,1
strong,1145,1
strong,1146,1
strong,1147,1
strong,1148,1
strong,1149,1
strong,1150,1
strong,1151,1
strong,1152,1
strong,1153,1
strong,1154,1
strong,1155,1
strong,1156,1
strong,1157,1
strong,1158,1
strong,1159,1
strong,1160,1
strong,1161,1
strong,1162,1
strong,1163,1
strong,1164,1
strong,1165,1
strong,1166,1
strong,1167,1
strong,1168,1
strong,1169,1
strong,1170,1
strong,1171,1
strong,1172,1
strong,1173,1
strong,1174,1
strong,1175,1
strong,1176,1
strong,1177,1
strong,1178,1
strong,1179,1
strong,1180,1
strong,1181,1
strong,1182,1
strong,1183,1
strong,1184,1
strong,1185,1
strong,1186,1
strong,1187,1
strong,1188,1
strong,1189,1
strong,1190,1
strong,1191,1
strong,1192,1
strong,1193,1
strong,1194,1
strong,1195,1
strong,1196,1
strong,1197,1
strong,1198,1
strong,1199,1
strong,1200,1
strong,1201,1
strong,1202,1
strong,1203,1
strong,1204,1
strong,1205,1
strong,1206,1
strong,1207,1
strong,1208,1
strong,1209,1
strong,1210,1
strong,1211,1
strong,1212,1
strong,1213,1
strong,1214,1
strong,1215,1
strong,1216,1
strong,1217,1
strong,1218,1
strong,1219,1
strong,1220,1
strong,1221,1
strong,1222,1
strong,1223,1
strong,1224,1
strong,1225,1
strong,1226,1
strong,1227,1
strong,1228,1
strong,1229,1
strong,1230,1
strong,1231,1
strong,1232,1
strong,1233,1
strong,1234,1
strong,1235,1
strong,1236,1
strong,1237,1
strong,1238,1
strong,1239,1
strong,1240,1
strong,1241,1
strong,1242,1
strong,1243,1
strong,1244,1
strong,1245,1
strong,1246,1
strong,1247,1
strong,1248,1
strong,1249,1
strong,1250,1
strong,1251,1
strong,1252,1
strong,1253,1
strong,1254,1
strong,1255,1
strong,1256,1
strong,1257,1
strong,1258,1
strong,1259,1
strong,1260,1
strong,1261,1
strong,1262,1
strong,1263,1
strong,1264,1
strong,1265,1
strong,1266,1
strong,1267,1
strong,1268,1
strong,1269,1
strong,1270,1
strong,1271,1
strong,1272,1
strong,1273,1
strong,1274,1
strong,1275,1
strong,1276,1
strong,1277,1
strong,1278,1
strong,1279,1
strong,1280,1
strong,1281,1
strong,1282,1
strong,1283,1
strong,1284,1
strong,1285,1
strong,1286,1
strong,1287,1
strong,1288,1
strong,1289,1
strong,1290,1
strong,1291,1
strong,1292,1
strong,1293,1
strong,1294,1
strong,1295,1
strong,1296,1
strong,1297,1
strong,1298,1
strong,1299,1
strong,1300,1
strong,1301,1
strong,1302,1
strong,1303,1
strong,1304,1
strong,1305,1
strong,1306,1
strong,1307,1
strong,1308,1
strong,1309,1
strong,1310,1
strong,1311,1
strong,1312,1
strong,1313,1
strong,1314,1
strong,1315,1
strong,1316,1
strong,1317,1
strong,1318,1
strong,1319,1
strong,1320,1
strong,1321,1
strong,1322,1
strong,1323,1
strong,1324,1
strong,1325,1
strong,1326,1
strong,1327,1
strong,1328,1
strong,1329,1
strong,1330,1
strong,1331,1
strong,1332,1
strong,1333,1
strong,1334,1
strong,1335,1
strong,1336,1
strong,1337,1
strong,1338,1
strong,1339,1
strong,1340,1
strong,1341,1
strong,1342,1
strong,1343,1
strong,1344,1
strong,1345,1
strong,1346,1
strong,1347,1
strong,1348,1
strong,1349,1
strong,1350,1
strong,1351,1
strong,1352,1
strong,1353,1
strong,1354,1
strong,1355,1
strong,1356,1
strong,1357,1
strong,1358,1
strong,1359,1
strong,1360,1
strong,1361,1
strong,1362,1
strong,1363,1
strong,1364,1
strong,1365,1
strong,1366,1
strong,1367,1
strong,1368,1
strong,1369,1
strong,1370,1
strong,1371,1
strong,1372,1
strong,1373,1
strong,1374,1
strong,1375,1
strong,1376,1
strong,1377,1
strong,1378,1
strong,1379,1
strong,1380,1
strong,1381,1
strong,1382,1
strong,1383,1
strong,1384,1
strong,1385,1
strong,1386,1
strong,1387,1
strong,1388,1
strong,1389,1
strong,1390,1
strong,1391,1
strong,1392,1
strong,1393,1
strong,1394,1
strong,1395,1
strong,1396,1
strong,1397,1
strong,1398,1
strong,1399,1
strong,1400,1
strong,1401,1
strong,1402,1
strong,1403,1
strong,1404,1
strong,1405,1
strong,1406,1
strong,1407,1
strong,1408,1
strong,1409,1
strong,1410,1
strong,1411,1
strong,1412,1
strong,1413,1
strong,1414,1
strong,1415,1
strong,1416,1
strong,1417,1
strong,1418,1
strong,1419,1
strong,1420,1
strong,1421,1
strong,1422,1
strong,1423,1
strong,1424,1
strong,1425,1
strong,1426,1
strong,1427,1
strong,1428,1
strong,1429,1
strong,1430,1
strong,1431,1
strong,1432,1
strong,1433,1
strong,1434,1
strong,1435,1
strong,1436,1
strong,1437,1
strong,1438,1
strong,1439,1
strong,1440,1
strong,1441,1
strong,1442,1
strong,1443,1
strong,1444,1
strong,1445,1
strong,1446,1
strong,1447,1
strong,1448,1
strong,1449,1
strong,1450,1
strong,1451,1
strong,1452,1
strong,1453,1
strong,1454,1
strong,1455,1
strong,1456,1
strong,1457,1
strong,1458,1
strong,1459,1
strong,1460,1
strong,1461,1
strong,1462,1
strong,1463,1
strong,1464,1
strong,1465,1
strong,1466,1
strong,1467,1
strong,1468,1
strong,1469,1
strong,1470,1
strong,1471,1
strong,1472,1
strong,1473,1
strong,1474,1
strong,1475,1
strong,1476,1
strong,1477,1
strong,1478,1
strong,1479,1
strong,1480,1
strong,1481,1
strong,1482,1
strong,1483,1
strong,1484,1
strong,1485,1
strong,1486,1
strong,1487,1
strong,1488,1
strong,1489,1
strong,1490,1
strong,1491,1
strong,1492,1
strong,1493,1
strong,1494,1
strong,1495,1
strong,1496,1
strong,1497,1
strong,1498,1
strong,1499,1
strong,1500,1
strong,1501,1
strong,1502,1
strong,1503,1
strong,1504,1
strong,1505,1
strong,1506,1
strong,1507,1
strong,1508,1
strong,1509,1
strong,1510,1
strong,1511,1
strong,1512,1
strong,1513,1
strong,1514,1
strong,1515,1
strong,1516,1
strong,1517,1
strong,1518,1
strong,1519,1
strong,1520,1
strong,1521,1
strong,1522,1
strong,1523,1
strong,1524,1
strong,1525,1
strong,1526,1
strong,1527,1
strong,1528,1
strong,1529,1
strong,1530,1
strong,1531,1
strong,1532,1
strong,1533,1
strong,1534,1
strong,1535,1
strong,1536,1
strong,1537,1
strong,1538,1
strong,1539,1
strong,1540,1
strong,1541,1
strong,1542,1
strong,1543,1
strong,1544,1
strong,1545,1
strong,1546,1
strong,1547,1
strong,1548,1
strong,1549,1
strong,1550,1
strong,1551,1
strong,1552,1
strong,1553,1
strong,1554,1
strong,1555,1
strong,1556,1
strong,1557,1
strong,1558,1
strong,1559,1
strong,1560,1
strong,1561,1
strong,1562,1
strong,1563,1
strong,1564,1
strong,1565,1
strong,1566,1
strong,1567,1
strong,1568,1
strong,1569,1
strong,1570,1
strong,1571,1
strong,1572,1
strong,1573,1
strong,1574,1
strong,1575,1
strong,1576,1
strong,1577,1
strong,1578,1
strong,1579,1
strong,1580,1
strong,1581,1
strong,1582,1
strong,1583,1
strong,1584,1
strong,1585,1
strong,1586,1
strong,1587,1
strong,1588,1
strong,1589,1
strong,1590,1
strong,1591,1
strong,1592,1
strong,1593,1
strong,1594,1
strong,1595,1
strong,1596,1
strong,1597,1
strong,1598,1
strong,1599,1
strong,1600,1
strong,1601,1
strong,1602,1
strong,1603,1
strong,1604,1
strong,1605,1
strong,1606,1
strong,1607,1
strong,1608,1
strong,1609,1
strong,1610,1
strong,1611,1
strong,1612,1
strong,1613,1
strong,1614,1
strong,1615,1
strong,1616,1
strong,1617,1
strong,1618,1
strong,1619,1
strong,1620,1
strong,1621,1
strong,1622,1
strong,1623,1
strong,1624,1
strong,1625,1
strong,1626,1
strong,1627,1
strong,1628,1
strong,1629,1
strong,1630,1
strong,1631,1
strong,1632,1
strong,1633,1
strong,1634,1
strong,1635,1
strong,1636,1
strong,1637,1
strong,1638,1
strong,1639,1
strong,1640,1
strong,1641,1
strong,1642,1
strong,1643,1
strong,1644,1
strong,1645,1
strong,1646,1
strong,1647,1
strong,1648,1
strong,1649,1
strong,1650,1
strong,1651,1
strong,1652,1
strong,1653,1
strong,1654,1
strong,1655,1
strong,1656,1
strong,1657,1
strong,1658,1
strong,1659,1
strong,1660,1
strong,1661,1
strong,1662,1
strong,1663,1
strong,1664,1
strong,1665,1
strong,1666,1
strong,1667,1
strong,1668,1
strong,1669,1
strong,1670,1
strong,1671,1
strong,1672,1
strong,1673,1
strong,1674,1
strong,1675,1
strong,1676,1
strong,1677,1
strong,1678,1
strong,1679,1
strong,1680,1
strong,1681,1
strong,1682,1
strong,1683,1
strong,1684,1
strong,1685,1
strong,1686,1
strong,1687,1
strong,1688,1
strong,1689,1
strong,1690,1
strong,1691,1
strong,1692,1
strong,1693,1
strong,1694,1
strong,1695,1
strong,1696,1
strong,1697,1
strong,1698,1
strong,1699,1
strong,1700,1
strong,1701,1
strong,1702,1
strong,1703,1
strong,1704,1
strong,1705,1
strong,1706,1
strong,1707,1
strong,1708,1
strong,1709,1
strong,1710,1
strong,1711,1
strong,1712,1
strong,1713,1
strong,1714,1
strong,1715,1
strong,1716,1
strong,1717,1
strong,1718,1
strong,1719,1
strong,1720,1
strong,1721,1
strong,1722,1
strong,1723,1
strong,1724,1
strong,1725,1
strong,1726,1
strong,1727,1
strong,1728,1
strong,1729,1
strong,1730,1
strong,1731,1
strong,1732,1
strong,1733,1
strong,1734,1
strong,1735,1
strong,1736,1
strong,1737,1
strong,1738,1
strong,1739,1
strong,1740,1
strong,1741,1
strong,1742,1
strong,1743,1
strong,1744,1
strong,1745,1
strong,1746,1
strong,1747,1
strong,1748,1
strong,1749,1
strong,1750,1
strong,1751,1
strong,1752,1
strong,1753,1
strong,1754,1
strong,1755,1
strong,1756,1
strong,1757,1
strong,1758,1
strong,1759,1
strong,1760,1
strong,1761,1
strong,1762,1
strong,1763,1
strong,1764,1
strong,1765,1
strong,1766,1
strong,1767,1
strong,1768,1
strong,1769,1
strong,1770,1
strong,1771,1
strong,1772,1
strong,1773,1
strong,1774,1
strong,1775,1
strong,1776,1
strong,1777,1
strong,1778,1
strong,1779,1
strong,1780,1
strong,1781,1
strong,1782,1
strong,1783,1
strong,1784,1
strong,1785,1
strong,1786,1
strong,1787,1
strong,1788,1
strong,1789,1
strong,1790,1
strong,1791,1
strong,1792,1
strong,1793,1
strong,1794,1
strong,1795,1
strong,1796,1
strong,1797,1
strong,1798,1
strong,1799,1
strong,1800,1
strong,1801,1
strong,1802,1
strong,1803,1
strong,1804,1
strong,1805,1
strong,1806,1
strong,1807,1
strong,1808,1
strong,1809,1
strong,1810,1
strong,1811,1
strong,1812,1
strong,1813,1
strong,1814,1
strong,1815,1
strong,1816,1
strong,1817,1
strong,1818,1
strong,1819,1
strong,1820,1
strong,1821,1
strong,1822,1
strong,1823,1
strong,1824,1
strong,1825,1
strong,1826,1
strong,1827,1
strong,1828,1
strong,1829,1
strong,1830,1
strong,1831,1
strong,1832,1
strong,1833,1
strong,1834,1
strong,1835,1
strong,1836,1
strong,1837,1
strong,1838,1
strong,1839,1
strong,1840,1
strong,1841,1
strong,1842,1
strong,1843,1
strong,1844,1
strong,1845,1
strong,1846,1
strong,1847,1
strong,1848,1
strong,1849,1
strong,1850,1
strong,1851,1
strong,1852,1
strong,1853,1
strong,1854,1
strong,1855,1
strong,1856,1
strong,1857,1
strong,1858,1
strong,1859,1
strong,1860,1
strong,1861,1
strong,1862,1
strong,1863,1
strong,1864,1
strong,1865,1
strong,1866,1
strong,1867,1
strong,1868,1
strong,1869,1
strong,1870,1
strong,1871,1
strong,1872,1
strong,1873,1
strong,1874,1
strong,1875,1
strong,1876,1
strong,1877,1
strong,1878,1
strong,1879,1
strong,1880,1
strong,1881,1
strong,1882,1
strong,1883,1
strong,1884,1
strong,1885,1
strong,1886,1
strong,1887,1
strong,1888,1
strong,1889,1
strong,1890,1
strong,1891,1
strong,1892,1
strong,1893,1
strong,1894,1
strong,1895,1
strong,1896,1
strong,1897,1
strong,1898,1
strong,1899,1
strong,1900,1
strong,1901,1
strong,1902,1
strong,1903,1
strong,1904,1
strong,1905,1
strong,1906,1
strong,1907,1
strong,1908,1
strong,1909,1
strong,1910,1
strong,1911,1
strong,1912,1
strong,1913,1
strong,1914,1
strong,1915,1
strong,1916,1
strong,1917,1
strong,1918,1
strong,1919,1
strong,1920,1
strong,1921,1
strong,1922,1
strong,1923,1
strong,1924,1
strong,1925,1
strong,1926,1
strong,1927,1
strong,1928,1
strong,1929,1
strong,1930,1
strong,1931,1
strong,1932,1
strong,1933,1
strong,1934,1
strong,1935,1
strong,1936,1
strong,1937,1
strong,1938,1
strong,1939,1
strong,1940,1
strong,1941,1
strong,1942,1
strong,1943,1
strong,1944,1
strong,1945,1
strong,1946,1
strong,1947,1
strong,1948,1
strong,1949,1
strong,1950,1
strong,1951,1
strong,1952,1
strong,1953,1
strong,1954,1
strong,1955,1
strong,1956,1
strong,1957,1
strong,1958,1
strong,1959,1
strong,1960,1
strong,1961,1
strong,1962,1
strong,1963,1
strong,1964,1
strong,1965,1
strong,1966,1
strong,1967,1
strong,1968,1
strong,1969,1
strong,1970,1
strong,1971,1
strong,1972,1
strong,1973,1
strong,1974,1
strong,1975,1
strong,1976,1
strong,1977,1
strong,1978,1
strong,1979,1
strong,1980,1
strong,1981,1
strong,1982,1
strong,1983,1
strong,1984,1
strong,1985,1
strong,1986,1
strong,1987,1
strong,1988,1
strong,1989,1
strong,1990,1
strong,1991,1
strong,1992,1
strong,1993,1
strong,1994,1
strong,1995,1
strong,1996,1
strong,1997,1
strong,1998,1
strong,1999,1
strong,2000,1
strong,2001,1
strong,2002,1
strong,2003,1
strong,2004,1
strong,2005,1
strong,2006,1
strong,2007,1
strong,2008,1
strong,2009,1
strong,2010,1
strong,2011,1
strong,2012,1
strong,2013,1
strong,2014,1
strong,2015,1
strong,2016,1
strong,2017,1
strong,2018,1
strong,2019,1
strong,2020,1
strong,2021,1
strong,2022,1
strong,2023,1
strong,2024,1
strong,2025,1
strong,2026,1
strong,2027,1
strong,2028,1
strong,2029,1
strong,2030,1
strong,2031,1
strong,2032,1
strong,2033,1
strong,2034,1
strong,2035,1
strong,2036,1
strong,2037,1
strong,2038,1
strong,2039,1
strong,2040,1
strong,2041,1
strong,2042,1
strong,2043,1
strong,2044,1
strong,2045,1
strong,2046,1
strong,2047,1
strong,2048,1
strong,2049,1
strong,2050,1
strong,2051,1
strong,2052,1
strong,2053,1
strong,2054,1
strong,2055,1
strong,2056,1
strong,2057,1
strong,2058,1
strong,2059,1
strong,2060,1
strong,2061,1
strong,2062,1
strong,2063,1
strong,2064,1
strong,2065,1
strong,2066,1
strong,2067,1
strong,2068,1
strong,2069,1
strong,2070,1
strong,2071,1
strong,2072,1
strong,2073,1
strong,2074,1
strong,2075,1
strong,2076,1
strong,2077,1
strong,2078,1
strong,2079,1
strong,2080,1
strong,2081,1
strong,2082,1
strong,2083,1
strong,2084,1
strong,2085,1
strong,2086,1
strong,2087,1
strong,2088,1
strong,2089,1
strong,2090,1
strong,2091,1
strong,2092,1
strong,2093,1
strong,2094,1
strong,2095,1
strong,2096,1
strong,2097,1
strong,2098,1
strong,2099,1
strong,2100,1
strong,2101,1
strong,2102,1
strong,2103,1
strong,2104,1
strong,2105,1
strong,2106,1
strong,2107,1
strong,2108,1
strong,2109,1
strong,2110,1
strong,2111,1
strong,2112,1
strong,2113,1
strong,2114,1
strong,2115,1
strong,2116,1
strong,2117,1
strong,2118,1
strong,2119,1
strong,2120,1
strong,2121,1
strong,2122,1
strong,2123,1
strong,2124,1
strong,2125,1
strong,2126,1
strong,2127,1
strong,2128,1
strong,2129,1
strong,2130,1
strong,2131,1
strong,2132,1
strong,2133,1
strong,2134,1
strong,2135,1
strong,2136,1
strong,2137,1
strong,2138,1
strong,2139,1
strong,2140,1
strong,2141,1
strong,2142,1
strong,2143,1
strong,2144,1
strong,2145,1
strong,2146,1
strong,2147,1
strong,2148,1
strong,2149,1
strong,2150,1
strong,2151,1
strong,2152,1
strong,2153,1
strong,2154,1
strong,2155,1
strong,2156,1
strong,2157,1
strong,2158,1
strong,2159,1
strong,2160,1
strong,2161,1
strong,2162,1
strong,2163,1
strong,2164,1
strong,2165,1
strong,2166,1
strong,2167,1
strong,2168,1
strong,2169,1
strong,2170,1
strong,2171,1
strong,2172,1
strong,2173,1
strong,2174,1
strong,2175,1
strong,2176,1
strong,2177,1
strong,2178,1
strong,2179,1
strong,2180,1
strong,2181,1
strong,2182,1
strong,2183,1
strong,2184,1
strong,2185,1
strong,2186,1
strong,2187,1
strong,2188,1
strong,2189,1
strong,2190,1
strong,2191,1
strong,2192,1
strong,2193,1
strong,2194,1
strong,2195,1
strong,2196,1
strong,2197,1
strong,2198,1
strong,2199,1
strong,2200,1
strong,2201,1
strong,2202,1
strong,2203,1
strong,2204,1
strong,2205,1
strong,2206,1
strong,2207,1
strong,2208,1
strong,2209,1
strong,2210,1
strong,2211,1
strong,2212,1
strong,2213,1
strong,2214,1
strong,2215,1
strong,2216,1
strong,2217,1
strong,2218,1
strong,2219,1
strong,2220,1
strong,2221,1
strong,2222,1
strong,2223,1
strong,2224,1
strong,2225,1
strong,2226,1
strong,2227,1
strong,2228,1
strong,2229,1
strong,2230,1
strong,2231,1
strong,2232,1
strong,2233,1
strong,2234,1
strong,2235,1
strong,2236,1
strong,2237,1
strong,2238,1
strong,2239,1
strong,2240,1
strong,2241,1
strong,2242,1
strong,2243,1
strong,2244,1
strong,2245,1
strong,2246,1
strong,2247,1
strong,2248,1
strong,2249,1
strong,2250,1
strong,2251,1
strong,2252,1
strong,2253,1
strong,2254,1
strong,2255,1
strong,2256,1
strong,2257,1
strong,2258,1
strong,2259,1
strong,2260,1
strong,2261,1
strong,2262,1
strong,2263,1
strong,2264,1
strong,2265,1
strong,2266,1
strong,2267,1
strong,2268,1
strong,2269,1
strong,2270,1
strong,2271,1
strong,2272,1
strong,2273,1
strong,2274,1
strong,2275,1
strong,2276,1
strong,2277,1
strong,2278,1
strong,2279,1
strong,2280,1
strong,2281,1
strong,2282,1
strong,2283,1
strong,2284,1
strong,2285,1
strong,2286,1
strong,2287,1
strong,2288,1
strong,2289,1
strong,2290,1
strong,2291,1
strong,2292,1
strong,2293,1
strong,2294,1
strong,2295,1
strong,2296,1
strong,2297,1
strong,2298,1
strong,2299,1
strong,2300,1
strong,2301,1
strong,2302,1
strong,2303,1
strong,2304,1
strong,2305,1
strong,2306,1
strong,2307,1
strong,2308,1
strong,2309,1
strong,2310,1
strong,2311,1
strong,2312,1
strong,2313,1
strong,2314,1
strong,2315,1
strong,2316,1
strong,2317,1
strong,2318,1
strong,2319,1
strong,2320,1
strong,2321,1
strong,2322,1
strong,2323,1
strong,2324,1
strong,2325,1
strong,2326,1
strong,2327,1
strong,2328,1
strong,2329,1
strong,2330,1
strong,2331,1
strong,2332,1
strong,2333,1
strong,2334,1
strong,2335,1
strong,2336,1
strong,2337,1
strong,2338,1
strong,2339,1
strong,2340,1
strong,2341,1
strong,2342,1
strong,2343,1
strong,2344,1
strong,2345,1
strong,2346,1
strong,2347,1
strong,2348,1
strong,2349,1
strong,2350,1
strong,2351,1
strong,2352,1
strong,2353,1
strong,2354,1
strong,2355,1
strong,2356,1
strong,2357,1
strong,2358,1
strong,2359,1
strong,2360,1
strong,2361,1
strong,2362,1
strong,2363,1
strong,2364,1
strong,2365,1
strong,2366,1
strong,2367,1
strong,2368,1
strong,2369,1
strong,2370,1
strong,2371,1
strong,2372,1
strong,2373,1
strong,2374,1
strong,2375,1
strong,2376,1
strong,2377,1
strong,2378,1
strong,2379,1
strong,2380,1
strong,2381,1
strong,2382,1
strong,2383,1
strong,2384,1
strong,2385,1
strong,2386,1
strong,2387,1
strong,2388,1
strong,2389,1
strong,2390,1
strong,2391,1
strong,2392,1
strong,2393,1
strong,2394,1
strong,2395,1
strong,2396,1
strong,2397,1
strong,2398,1
strong,2399,1
strong,2400,1
strong,2401,1
strong,2402,1
strong,2403,1
strong,2404,1
strong,2405,1
strong,2406,1
strong,2407,1
strong,2408,1
strong,2409,1
strong,2410,1
strong,2411,1
strong,2412,1
strong,2413,1
strong,2414,1
strong,2415,1
strong,2416,1
strong,2417,1
strong,2418,1
strong,2419,1
strong,2420,1
strong,2421,1
strong,2422,1
strong,2423,1
strong,2424,1
strong,2425,1
strong,2426,1
strong,2427,1
strong,2428,1
strong,2429,1
strong,2430,1
strong,2431,1
strong,2432,1
strong,2433,1
strong,2434,1
strong,2435,1
strong,2436,1
strong,2437,1
strong,2438,1
strong,2439,1
strong,2440,1
strong,2441,1
strong,2442,1
strong,2443,1
strong,2444,1
strong,2445,1
strong,2446,1
strong,2447,1
strong,2448,1
strong,2449,1
strong,2450,1
strong,2451,1
strong,2452,1
strong,2453,1
strong,2454,1
strong,2455,1
strong,2456,1
strong,2457,1
strong,2458,1
strong,2459,1
strong,2460,1
strong,2461,1
strong,2462,1
strong,2463,1
strong,2464,1
strong,2465,1
strong,2466,1
strong,2467,1
strong,2468,1
strong,2469,1
strong,2470,1
strong,2471,1
strong,2472,1
strong,2473,1
strong,2474,1
strong,2475,1
strong,2476,1
strong,2477,1
strong,2478,1
strong,2479,1
strong,2480,1
strong,2481,1
strong,2482,1
strong,2483,1
strong,2484,1
strong,2485,1
strong,2486,1
strong,2487,1
strong,2488,1
strong,2489,1
strong,2490,1
strong,2491,1
strong,2492,1
strong,2493,1
strong,2494,1
strong,2495,1
strong,2496,1
strong,2497,1
strong,2498,1
strong,2499,1
strong,2500,1
strong,2501,1
strong,2502,1
strong,2503,1
strong,2504,1
strong,2505,1
strong,2506,1
strong,2507,1
strong,2508,1
strong,2509,1
strong,2510,1
strong,2511,1
strong,2512,1
strong,2513,1
strong,2514,1
strong,2515,1
strong,2516,1
strong,2517,1
strong,2518,1
strong,2519,1
strong,2520,1
strong,2521,1
strong,2522,1
strong,2523,1
strong,2524,1
strong,2525,1
strong,2526,1
strong,2527,1
strong,2528,1
strong,2529,1
strong,2530,1
strong,2531,1
strong,2532,1
strong,2533,1
strong,2534,1
strong,2535,1
strong,2536,1
strong,2537,1
strong,2538,1
strong,2539,1
strong,2540,1
strong,2541,1
strong,2542,1
strong,2543,1
strong,2544,1
strong,2545,1
strong,2546,1
strong,2547,1
strong,2548,1
strong,2549,1
strong,2550,1
strong,2551,1
strong,2552,1
strong,2553,1
strong,2554,1
strong,2555,1
strong,2556,1
strong,2557,1
strong,2558,1
strong,2559,1
strong,2560,1
strong,2561,1
strong,2562,1
strong,2563,1
strong,2564,1
strong,2565,1
strong,2566,1
strong,2567,1
strong,2568,1
strong,2569,1
strong,2570,1
strong,2571,1
strong,2572,1
strong,2573,1
strong,2574,1
strong,2575,1
strong,2576,1
strong,2577,1
strong,2578,1
strong,2579,1
strong,2580,1
strong,2581,1
strong,2582,1
strong,2583,1
strong,2584,1
strong,2585,1
strong,2586,1
strong,2587,1
strong,2588,1
strong,2589,1
strong,2590,1
strong,2591,1
strong,2592,1
strong,2593,1
strong,2594,1
strong,2595,1
strong,2596,1
strong,2597,1
strong,2598,1
strong,2599,1
strong,2600,1
strong,2601,1
strong,2602,1
strong,2603,1
strong,2604,1
strong,2605,1
strong,2606,1
strong,2607,1
strong,2608,1
strong,2609,1
strong,2610,1
strong,2611,1
strong,2612,1
strong,2613,1
strong,2614,1
strong,2615,1
strong,2616,1
strong,2617,1
strong,2618,1
strong,2619,1
strong,2620,1
strong,2621,1
strong,2622,1
strong,2623,1
strong,2624,1
strong,2625,1
strong,2626,1
strong,2627,1
strong,2628,1
strong,2629,1
strong,2630,1
strong,2631,1
strong,2632,1
strong,2633,1
strong,2634,1
strong,2635,1
strong,2636,1
strong,2637,1
strong,2638,1
strong,2639,1
strong,2640,1
strong,2641,1
strong,2642,1
strong,2643,1
strong,2644,1
strong,2645,1
strong,2646,1
strong,2647,1
strong,2648,1
strong,2649,1
strong,2650,1
strong,2651,1
strong,2652,1
strong,2653,1
strong,2654,1
strong,2655,1
strong,2656,1
strong,2657,1
strong,2658,1
strong,2659,1
strong,2660,1
strong,2661,1
strong,2662,1
strong,2663,1
strong,2664,1
strong,2665,1
strong,2666,1
strong,2667,1
strong,2668,1
strong,2669,1
strong,2670,1
strong,2671,1
strong,2672,1
strong,2673,1
strong,2674,1
strong,2675,1
strong,2676,1
strong,2677,1
strong,2678,1
strong,2679,1
strong,2680,1
strong,2681,1
strong,2682,1
strong,2683,1
strong,2684,1
strong,2685,1
strong,2686,1
strong,2687,1
strong,2688,1
strong,2689,1
strong,2690,1
strong,2691,1
strong,2692,1
strong,2693,1
strong,2694,1
strong,2695,1
strong,2696,1
strong,2697,1
strong,2698,1
strong,2699,1
strong,2700,1
strong,2701,1
strong,2702,1
strong,2703,1
strong,2704,1
strong,2705,1
strong,2706,1
strong,2707,1
strong,2708,1
strong,2709,1
strong,2710,1
strong,2711,1
strong,2712,1
strong,2713,1
strong,2714,1
strong,2715,1
strong,2716,1
strong,2717,1
strong,2718,1
strong,2719,1
strong,2720,1
strong,2721,1
strong,2722,1
strong,2723,1
strong,2724,1
strong,2725,1
strong,2726,1
strong,2727,1
strong,2728,1
strong,2729,1
strong,2730,1
strong,2731,1
strong,2732,1
strong,2733,1
strong,2734,1
strong,2735,1
strong,2736,1
strong,2737,1
strong,2738,1
strong,2739,1
strong,2740,1
strong,2741,1
strong,2742,1
strong,2743,1
strong,2744,1
strong,2745,1
strong,2746,1
strong,2747,1
strong,2748,1
strong,2749,1
strong,2750,1
strong,2751,1
strong,2752,1
strong,2753,1
strong,2754,1
strong,2755,1
strong,2756,1
strong,2757,1
strong,2758,1
strong,2759,1
strong,2760,1
strong,2761,1
strong,2762,1
strong,2763,1
strong,2764,1
strong,2765,1
strong,2766,1
strong,2767,1
strong,2768,1
strong,2769,1
strong,2770,1
strong,2771,1
strong,2772,1
strong,2773,1
strong,2774,1
strong,2775,1
strong,2776,1
strong,2777,1
strong,2778,1
strong,2779,1
strong,2780,1
strong,2781,1
strong,2782,1
strong,2783,1
strong,2784,1
strong,2785,1
strong,2786,1
strong,2787,1
strong,2788,1
strong,2789,1
strong,2790,1
strong,2791,1
strong,2792,1
strong,2793,1
strong,2794,1
strong,2795,1
strong,2796,1
strong,2797,1
strong,2798,1
strong,2799,1
strong,2800,1
strong,2801,1
strong,2802,1
strong,2803,1
strong,2804,1
strong,2805,1
strong,2806,1
strong,2807,1
strong,2808,1
strong,2809,1
strong,2810,1
strong,2811,1
strong,2812,1
strong,2813,1
strong,2814,1
strong,2815,1
strong,2816,1
strong,2817,1
strong,2818,1
strong,2819,1
strong,2820,1
strong,2821,1
strong,2822,1
strong,2823,1
strong,2824,1
strong,2825,1
strong,2826,1
strong,2827,1
strong,2828,1
strong,2829,1
strong,2830,1
strong,2831,1
strong,2832,1
strong,2833,1
strong,2834,1
strong,2835,1
strong,2836,1
strong,2837,1
strong,2838,1
strong,2839,1
strong,2840,1
strong,2841,1
strong,2842,1
strong,2843,1
strong,2844,1
strong,2845,1
strong,2846,1
strong,2847,1
strong,2848,1
strong,2849,1
strong,2850,1
strong,2851,1
strong,2852,1
strong,2853,1
strong,2854,1
strong,2855,1
strong,2856,1
strong,2857,1
strong,2858,1
strong,2859,1
strong,2860,1
strong,2861,1
strong,2862,1
strong,2863,1
strong,2864,1
strong,2865,1
strong,2866,1
strong,2867,1
strong,2868,1
strong,2869,1
strong,2870,1
strong,2871,1
strong,2872,1
strong,2873,1
strong,2874,1
strong,2875,1
strong,2876,1
strong,2877,1
strong,2878,1
strong,2879,1
strong,2880,1
strong,2881,1
strong,2882,1
strong,2883,1
strong,2884,1
strong,2885,1
strong,2886,1
strong,2887,1
strong,2888,1
strong,2889,1
strong,2890,1
strong,2891,1
strong,2892,1
strong,2893,1
strong,2894,1
strong,2895,1
strong,2896,1
strong,2897,1
strong,2898,1
strong,2899,1
strong,2900,1
strong,2901,1
strong,2902,1
strong,2903,1
strong,2904,1
strong,2905,1
strong,2906,1
strong,2907,1
strong,2908,1
strong,2909,1
strong,2910,1
strong,2911,1
strong,2912,1
strong,2913,1
strong,2914,1
strong,2915,1
strong,2916,1
strong,2917,1
strong,2918,1
strong,2919,1
strong,2920,1
strong,2921,1
strong,2922,1
strong,2923,1
strong,2924,1
strong,2925,1
strong,2926,1
strong,2927,1
strong,2928,1
strong,2929,1
strong,2930,1
strong,2931,1
strong,2932,1
strong,2933,1
strong,2934,1
strong,2935,1
strong,2936,1
strong,2937,1
strong,2938,1
strong,2939,1
strong,2940,1
strong,2941,1
strong,2942,1
strong,2943,1
strong,2944,1
strong,2945,1
strong,2946,1
strong,2947,1
strong,2948,1
strong,2949,1
strong,2950,1
strong,2951,1
strong,2952,1
strong,2953,1
strong,2954,1
strong,2955,1
strong,2956,1
strong,2957,1
strong,2958,1
strong,2959,1
strong,2960,1
strong,2961,1
strong,2962,1
strong,2963,1
strong,2964,1
strong,2965,1
strong,2966,1
strong,2967,1
strong,2968,1
strong,2969,1
strong,2970,1
strong,2971,1
strong,2972,1
strong,2973,1
strong,2974,1
strong,2975,1
strong,2976,1
strong,2977,1
strong,2978,1
strong,2979,1
strong,2980,1
strong,2981,1
strong,2982,1
strong,2983,1
strong,2984,1
strong,2985,1
strong,2986,1
strong,2987,1
strong,2988,1
strong,2989,1
strong,2990,1
strong,2991,1
strong,2992,1
strong,2993,1
strong,2994,1
strong,2995,1
strong,2996,1
strong,2997,1
strong,2998,1
strong,2999,1
strong,3000,1
strong,3001,1
strong,3002,1
strong,3003,1
strong,3004,1
strong,3005,1
strong,3006,1
strong,3007,1
strong,3008,1
strong,3009,1
strong,3010,1
strong,3011,1
strong,3012,1
strong,3013,1
strong,3014,1
strong,3015,1
strong,3016,1
strong,3017,1
strong,3018,1
strong,3019,1
strong,3020,1
strong,3021,1
strong,3022,1
strong,3023,1
strong,3024,1
strong,3025,1
strong,3026,1
strong,3027,1
strong,3028,1
strong,3029,1
strong,3030,1
strong,3031,1
strong,3032,1
strong,3033,1
strong,3034,1
strong,3035,1
strong,3036,1
strong,3037,1
strong,3038,1
strong,3039,1
strong,3040,1
strong,3041,1
strong,3042,1
strong,3043,1
strong,3044,1
strong,3045,1
strong,3046,1
strong,3047,1
strong,3048,1
strong,3049,1
strong,3050,1
strong,3051,1
strong,3052,1
strong,3053,1
strong,3054,1
strong,3055,1
strong,3056,1
strong,3057,1
strong,3058,1
strong,3059,1
strong,3060,1
strong,3061,1
strong,3062,1
strong,3063,1
strong,3064,1
strong,3065,1
strong,3066,1
strong,3067,1
strong,3068,1
strong,3069,1
strong,3070,1
strong,3071,1
strong,3072,1
strong,3073,1
strong,3074,1
strong,3075,1
strong,3076,1
strong,3077,1
strong,3078,1
strong,3079,1
strong,3080,1
strong,3081,1
strong,3082,1
strong,3083,1
strong,3084,1
strong,3085,1
strong,3086,1
strong,3087,1
strong,3088,1
strong,3089,1
strong,3090,1
strong,3091,1
strong,3092,1
strong,3093,1
strong,3094,1
strong,3095,1
strong,3096,1
strong,3097,1
strong,3098,1
strong,3099,1
strong,3100,1
strong,3101,1
strong,3102,1
strong,3103,1
strong,3104,1
strong,3105,1
strong,3106,1
strong,3107,1
strong,3108,1
strong,3109,1
strong,3110,1
strong,3111,1
strong,3112,1
strong,3113,1
strong,3114,1
strong,3115,1
strong,3116,1
strong,3117,1
strong,3118,1
strong,3119,1
strong,3120,1
strong,3121,1
strong,3122,1
strong,3123,1
strong,3124,1
strong,3125,1
strong,3126,1
strong,3127,1
strong,3128,1
strong,3129,1
strong,3130,1
strong,3131,1
strong,3132,1
strong,3133,1
strong,3134,1
strong,3135,1
strong,3136,1
strong,3137,1
strong,3138,1
strong,3139,1
strong,3140,1
strong,3141,1
strong,3142,1
strong,3143,1
strong,3144,1
strong,3145,1
strong,3146,1
strong,3147,1
strong,3148,1
strong,3149,1
strong,3150,1
strong,3151,1
strong,3152,1
strong,3153,1
strong,3154,1
strong,3155,1
strong,3156,1
strong,3157,1
strong,3158,1
strong,3159,1
strong,3160,1
strong,3161,1
strong,3162,1
strong,3163,1
strong,3164,1
strong,3165,1
strong,3166,1
strong,3167,1
strong,3168,1
strong,3169,1
strong,3170,1
strong,3171,1
strong,3172,1
strong,3173,1
strong,3174,1
strong,3175,1
strong,3176,1
strong,3177,1
strong,3178,1
strong,3179,1
strong,3180,1
strong,3181,1
strong,3182,1
strong,3183,1
strong,3184,1
strong,3185,1
strong,3186,1
strong,3187,1
strong,3188,1
strong,3189,1
strong,3190,1
strong,3191,1
strong,3192,1
strong,3193,1
strong,3194,1
strong,3195,1
strong,3196,1
strong,3197,1
strong,3198,1
strong,3199,1
strong,3200,1
strong,3201,1
strong,3202,1
strong,3203,1
strong,3204,1
strong,3205,1
strong,3206,1
strong,3207,1
strong,3208,1
strong,3209,1
strong,3210,1
strong,3211,1
strong,3212,1
strong,3213,1
strong,3214,1
strong,3215,1
strong,3216,1
strong,3217,1
strong,3218,1
strong,3219,1
strong,3220,1
strong,3221,1
strong,3222,1
strong,3223,1
strong,3224,1
strong,3225,1
strong,3226,1
strong,3227,1
strong,3228,1
strong,3229,1
strong,3230,1
strong,3231,1
strong,3232,1
strong,3233,1
strong,3234,1
strong,3235,1
strong,3236,1
strong,3237,1
strong,3238,1
strong,3239,1
strong,3240,1
strong,3241,1
strong,3242,1
strong,3243,1
strong,3244,1
strong,3245,1
strong,3246,1
strong,3247,1
strong,3248,1
strong,3249,1
strong,3250,1
strong,3251,1
strong,3252,1
strong,3253,1
strong,3254,1
strong,3255,1
strong,3256,1
strong,3257,1
strong,3258,1
strong,3259,1
strong,3260,1
strong,3261,1
strong,3262,1
strong,3263,1
strong,3264,1
strong,3265,1
strong,3266,1
strong,3267,1
strong,3268,1
strong,3269,1
strong,3270,1
strong,3271,1
strong,3272,1
strong,3273,1
strong,3274,1
strong,3275,1
strong,3276,1
strong,3277,1
strong,3278,1
strong,3279,1
strong,3280,1
strong,3281,1
strong,3282,1
strong,3283,1
strong,3284,1
strong,3285,1
strong,3286,1
strong,3287,1
strong,3288,1
strong,3289,1
strong,3290,1
strong,3291,1
strong,3292,1
strong,3293,1
strong,3294,1
strong,3295,1
strong,3296,1
strong,3297,1
strong,3298,1
strong,3299,1
strong,3300,1
strong,3301,1
strong,3302,1
strong,3303,1
strong,3304,1
strong,3305,1
strong,3306,1
strong,3307,1
strong,3308,1
strong,3309,1
strong,3310,1
strong,3311,1
strong,3312,1
strong,3313,1
strong,3314,1
strong,3315,1
strong,3316,1
strong,3317,1
strong,3318,1
strong,3319,1
strong,3320,1
strong,3321,1
strong,3322,1
strong,3323,1
strong,3324,1
strong,3325,1
strong,3326,1
strong,3327,1
strong,3328,1
strong,3329,1
strong,3330,1
strong,3331,1
strong,3332,1
strong,3333,1
strong,3334,1
strong,3335,1
strong,3336,1
strong,3337,1
strong,3338,1
strong,3339,1
strong,3340,1
strong,3341,1
strong,3342,1
strong,3343,1
strong,3344,1
strong,3345,1
strong,3346,1
strong,3347,1
strong,3348,1
strong,3349,1
strong,3350,1
strong,3351,1
strong,3352,1
strong,3353,1
strong,3354,1
strong,3355,1
strong,3356,1
strong,3357,1
strong,3358,1
strong,3359,1
strong,3360,1
strong,3361,1
strong,3362,1
strong,3363,1
strong,3364,1
strong,3365,1
strong,3366,1
strong,3367,1
strong,3368,1
strong,3369,1
strong,3370,1
strong,3371,1
strong,3372,1
strong,3373,1
strong,3374,1
strong,3375,1
strong,3376,1
strong,3377,1
strong,3378,1
strong,3379,1
strong,3380,1
strong,3381,1
strong,3382,1
strong,3383,1
strong,3384,1
strong,3385,1
strong,3386,1
strong,3387,1
strong,3388,1
strong,3389,1
strong,3390,1
strong,3391,1
strong,3392,1
strong,3393,1
strong,3394,1
strong,3395,1
strong,3396,1
strong,3397,1
strong,3398,1
strong,3399,1
strong,3400,1
strong,3401,1
strong,3402,1
strong,3403,1
strong,3404,1
strong,3405,1
strong,3406,1
strong,3407,1
strong,3408,1
strong,3409,1
strong,3410,1
strong,3411,1
strong,3412,1
strong,3413,1
strong,3414,1
strong,3415,1
strong,3416,1
strong,3417,1
strong,3418,1
strong,3419,1
strong,3420,1
strong,3421,1
strong,3422,1
strong,3423,1
strong,3424,1
strong,3425,1
strong,3426,1
strong,3427,1
strong,3428,1
strong,3429,1
strong,3430,1
strong,3431,1
strong,3432,1
strong,3433,1
strong,3434,1
strong,3435,1
strong,3436,1
strong,3437,1
strong,3438,1
strong,3439,1
strong,3440,1
strong,3441,1
strong,3442,1
strong,3443,1
strong,3444,1
strong,3445,1
strong,3446,1
strong,3447,1
strong,3448,1
strong,3449,1
strong,3450,1
strong,3451,1
strong,3452,1
strong,3453,1
strong,3454,1
strong,3455,1
strong,3456,1
strong,3457,1
strong,3458,1
strong,3459,1
strong,3460,1
strong,3461,1
strong,3462,1
strong,3463,1
strong,3464,1
strong,3465,1
strong,3466,1
strong,3467,1
strong,3468,1
strong,3469,1
strong,3470,1
strong,3471,1
strong,3472,1
strong,3473,1
strong,3474,1
strong,3475,1
strong,3476,1
strong,3477,1
strong,3478,1
strong,3479,1
strong,3480,1
strong,3481,1
strong,3482,1
strong,3483,1
strong,3484,1
strong,3485,1
strong,3486,1
strong,3487,1
strong,3488,1
strong,3489,1
strong,3490,1
strong,3491,1
strong,3492,1
strong,3493,1
strong,3494,1
strong,3495,1
strong,3496,1
strong,3497,1
strong,3498,1
strong,3499,1
strong,3500,1
strong,3501,1
strong,3502,1
strong,3503,1
strong,3504,1
strong,3505,1
strong,3506,1
strong,3507,1
strong,3508,1
strong,3509,1
strong,3510,1
strong,3511,1
strong,3512,1
strong,3513,1
strong,3514,1
strong,3515,1
strong,3516,1
strong,3517,1
strong,3518,1
strong,3519,1
strong,3520,1
strong,3521,1
strong,3522,1
strong,3523,1
strong,3524,1
strong,3525,1
strong,3526,1
strong,3527,1
strong,3528,1
strong,3529,1
strong,3530,1
strong,3531,1
strong,3532,1
strong,3533,1
strong,3534,1
strong,3535,1
strong,3536,1
strong,3537,1
strong,3538,1
strong,3539,1
strong,3540,1
strong,3541,1
strong,3542,1
strong,3543,1
strong,3544,1
strong,3545,1
strong,3546,1
strong,3547,1
strong,3548,1
strong,3549,1
strong,3550,1
strong,3551,1
strong,3552,1
strong,3553,1
strong,3554,1
strong,3555,1
strong,3556,1
strong,3557,1
strong,3558,1
strong,3559,1
strong,3560,1
strong,3561,1
strong,3562,1
strong,3563,1
strong,3564,1
strong,3565,1
strong,3566,1
strong,3567,1
strong,3568,1
strong,3569,1
strong,3570,1
strong,3571,1
strong,3572,1
strong,3573,1
strong,3574,1
strong,3575,1
strong,3576,1
strong,3577,1
strong,3578,1
strong,3579,1
strong,3580,1
strong,3581,1
strong,3582,1
strong,3583,1
strong,3584,1
strong,3585,1
strong,3586,1
strong,3587,1
strong,3588,1
strong,3589,1
strong,3590,1
strong,3591,1
strong,3592,1
strong,3593,1
strong,3594,1
strong,3595,1
strong,3596,1
strong,3597,1
strong,3598,1
strong,3599,1
strong,3600,1
strong,3601,1
strong,3602,1
strong,3603,1
strong,3604,1
strong,3605,1
strong,3606,1
strong,3607,1
strong,3608,1
strong,3609,1
strong,3610,1
strong,3611,1
strong,3612,1
strong,3613,1
strong,3614,1
strong,3615,1
strong,3616,1
strong,3617,1
strong,3618,1
strong,3619,1
strong,3620,1
strong,3621,1
strong,3622,1
strong,3623,1
strong,3624,1
strong,3625,1
strong,3626,1
strong,3627,1
strong,3628,1
strong,3629,1
strong,3630,1
strong,3631,1
strong,3632,1
strong,3633,1
strong,3634,1
strong,3635,1
strong,3636,1
strong,3637,1
strong,3638,1
strong,3639,1
strong,3640,1
strong,3641,1
strong,3642,1
strong,3643,1
strong,3644,1
strong,3645,1
strong,3646,1
strong,3647,1
strong,3648,1
strong,3649,1
strong,3650,1
strong,3651,1
strong,3652,1
strong,3653,1
strong,3654,1
strong,3655,1
strong,3656,1
strong,3657,1
strong,3658,1
strong,3659,1
strong,3660,1
strong,3661,1
strong,3662,1
strong,3663,1
strong,3664,1
strong,3665,1
strong,3666,1
strong,3667,1
strong,3668,1
strong,3669,1
strong,3670,1
strong,3671,1
strong,3672,1
strong,3673,1
strong,3674,1
strong,3675,1
strong,3676,1
strong,3677,1
strong,3678,1
strong,3679,1
strong,3680,1
strong,3681,1
strong,3682,1
strong,3683,1
strong,3684,1
strong,3685,1
strong,3686,1
strong,3687,1
strong,3688,1
strong,3689,1
strong,3690,1
strong,3691,1
strong,3692,1
strong,3693,1
strong,3694,1
strong,3695,1
strong,3696,1
strong,3697,1
strong,3698,1
strong,3699,1
strong,3700,1
strong,3701,1
strong,3702,1
strong,3703,1
strong,3704,1
strong,3705,1
strong,3706,1
strong,3707,1
strong,3708,1
strong,3709,1
strong,3710,1
strong,3711,1
strong,3712,1
strong,3713,1
strong,3714,1
strong,3715,1
strong,3716,1
strong,3717,1
strong,3718,1
strong,3719,1
strong,3720,1
strong,3721,1
strong,3722,1
strong,3723,1
strong,3724,1
strong,3725,1
strong,3726,1
strong,3727,1
strong,3728,1
strong,3729,1
strong,3730,1
strong,3731,1
strong,3732,1
strong,3733,1
strong,3734,1
strong,3735,1
strong,3736,1
strong,3737,1
strong,3738,1
strong,3739,1
strong,3740,1
strong,3741,1
strong,3742,1
strong,3743,1
strong,3744,1
strong,3745,1
strong,3746,1
strong,3747,1
strong,3748,1
strong,3749,1
strong,3750,1
strong,3751,1
strong,3752,1
strong,3753,1
strong,3754,1
strong,3755,1
strong,3756,1
strong,3757,1
strong,3758,1
strong,3759,1
strong,3760,1
strong,3761,1
strong,3762,1
strong,3763,1
strong,3764,1
strong,3765,1
strong,3766,1
strong,3767,1
strong,3768,1
strong,3769,1
strong,3770,1
strong,3771,1
strong,3772,1
strong,3773,1
strong,3774,1
strong,3775,1
strong,3776,1
strong,3777,1
strong,3778,1
strong,3779,1
strong,3780,1
strong,3781,1
strong,3782,1
strong,3783,1
strong,3784,1
strong,3785,1
strong,3786,1
strong,3787,1
strong,3788,1
strong,3789,1
strong,3790,1
strong,3791,1
strong,3792,1
strong,3793,1
strong,3794,1
strong,3795,1
strong,3796,1
strong,3797,1
strong,3798,1
strong,3799,1
strong,3800,1
strong,3801,1
strong,3802,1
strong,3803,1
strong,3804,1
strong,3805,1
strong,3806,1
strong,3807,1
strong,3808,1
strong,3809,1
strong,3810,1
strong,3811,1
strong,3812,1
strong,3813,1
strong,3814,1
strong,3815,1
strong,3816,1
strong,3817,1
strong,3818,1
strong,3819,1
strong,3820,1
strong,3821,1
strong,3822,1
strong,3823,1
strong,3824,1
strong,3825,1
strong,3826,1
strong,3827,1
strong,3828,1
strong,3829,1
strong,3830,1
strong,3831,1
strong,3832,1
strong,3833,1
strong,3834,1
strong,3835,1
strong,3836,1
strong,3837,1
strong,3838,1
strong,3839,1
strong,3840,1
strong,3841,1
strong,3842,1
strong,3843,1
strong,3844,1
strong,3845,1
strong,3846,1
strong,3847,1
strong,3848,1
strong,3849,1
strong,3850,1
strong,3851,1
strong,3852,1
strong,3853,1
strong,3854,1
strong,3855,1
strong,3856,1
strong,3857,1
strong,3858,1
strong,3859,1
strong,3860,1
strong,3861,1
strong,3862,1
strong,3863,1
strong,3864,1
strong,3865,1
strong,3866,1
strong,3867,1
strong,3868,1
strong,3869,1
strong,3870,1
strong,3871,1
strong,3872,1
strong,3873,1
strong,3874,1
strong,3875,1
strong,3876,1
strong,3877,1
strong,3878,1
strong,3879,1
strong,3880,1
strong,3881,1
strong,3882,1
strong,3883,1
strong,3884,1
strong,3885,1
strong,3886,1
strong,3887,1
strong,3888,1
strong,3889,1
strong,3890,1
strong,3891,1
strong,3892,1
strong,3893,1
strong,3894,1
strong,3895,1
strong,3896,1
strong,3897,1
strong,3898,1
strong,3899,1
strong,3900,1
strong,3901,1
strong,3902,1
strong,3903,1
strong,3904,1
strong,3905,1
strong,3906,1
strong,3907,1
strong,3908,1
strong,3909,1
strong,3910,1
strong,3911,1
strong,3912,1
strong,3913,1
strong,3914,1
strong,3915,1
strong,3916,1
strong,3917,1
strong,3918,1
strong,3919,1
strong,3920,1
strong,3921,1
strong,3922,1
strong,3923,1
strong,3924,1
strong,3925,1
strong,3926,1
strong,3927,1
strong,3928,1
strong,3929,1
strong,3930,1
strong,3931,1
strong,3932,1
strong,3933,1
strong,3934,1
strong,3935,1
strong,3936,1
strong,3937,1
strong,3938,1
strong,3939,1
strong,3940,1
strong,3941,1
strong,3942,1
strong,3943,1
strong,3944,1
strong,3945,1
strong,3946,1
strong,3947,1
strong,3948,1
strong,3949,1
strong,3950,1
strong,3951,1
strong,3952,1
strong,3953,1
strong,3954,1
strong,3955,1
strong,3956,1
strong,3957,1
strong,3958,1
strong,3959,1
strong,3960,1
strong,3961,1
strong,3962,1
strong,3963,1
strong,3964,1
strong,3965,1
strong,3966,1
strong,3967,1
strong,3968,1
strong,3969,1
strong,3970,1
strong,3971,1
strong,3972,1
strong,3973,1
strong,3974,1
strong,3975,1
strong,3976,1
strong,3977,1
strong,3978,1
strong,3979,1
strong,3980,1
strong,3981,1
strong,3982,1
strong,3983,1
strong,3984,1
strong,3985,1
strong,3986,1
strong,3987,1
strong,3988,1
strong,3989,1
strong,3990,1
strong,3991,1
strong,3992,1
strong,3993,1
strong,3994,1
strong,3995,1
strong,3996,1
strong,3997,1
strong,3998,1
strong,3999,1
strong,4000,1
strong,4001,1
strong,4002,1
strong,4003,1
strong,4004,1
strong,4005,1
strong,4006,1
strong,4007,1
strong,4008,1
strong,4009,1
strong,4010,1
strong,4011,1
strong,4012,1
strong,4013,1
strong,4014,1
strong,4015,1
strong,4016,1
strong,4017,1
strong,4018,1
strong,4019,1
strong,4020,1
strong,4021,1
strong,4022,1
strong,4023,1
strong,4024,1
strong,4025,1
strong,4026,1
strong,4027,1
strong,4028,1
strong,4029,1
strong,4030,1
strong,4031,1
strong,4032,1
strong,4033,1
strong,4034,1
strong,4035,1
strong,4036,1
strong,4037,1
strong,4038,1
strong,4039,1
strong,4040,1
strong,4041,1
strong,4042,1
strong,4043,1
strong,4044,1
strong,4045,1
strong,4046,1
strong,4047,1
strong,4048,1
strong,4049,1
strong,4050,1
strong,4051,1
strong,4052,1
strong,4053,1
strong,4054,1
strong,4055,1
strong,4056,1
strong,4057,1
strong,4058,1
strong,4059,1
strong,4060,1
strong,4061,1
strong,4062,1
strong,4063,1
strong,4064,1
strong,4065,1
strong,4066,1
strong,4067,1
strong,4068,1
strong,4069,1
strong,4070,1
strong,4071,1
strong,4072,1
strong,4073,1
strong,4074,1
strong,4075,1
strong,4076,1
strong,4077,1
strong,4078,1
strong,4079,1
strong,4080,1
strong,4081,1
strong,4082,1
strong,4083,1
strong,4084,1
strong,4085,1
strong,4086,1
strong,4087,1
strong,4088,1
strong,4089,1
strong,4090,1
strong,4091,1
strong,4092,1
strong,4093,1
strong,4094,1
strong,4095,1
strong,4096,1
strong,4097,1
strong,4098,1
strong,4099,1
strong,4100,1
strong,4101,1
strong,4102,1
strong,4103,1
strong,4104,1
strong,4105,1
strong,4106,1
strong,4107,1
strong,4108,1
strong,4109,1
strong,4110,1
strong,4111,1
strong,4112,1
strong,4113,1
strong,4114,1
strong,4115,1
strong,4116,1
strong,4117,1
strong,4118,1
strong,4119,1
strong,4120,1
strong,4121,1
strong,4122,1
strong,4123,1
strong,4124,1
strong,4125,1
strong,4126,1
strong,4127,1
strong,4128,1
strong,4129,1
strong,4130,1
strong,4131,1
strong,4132,1
strong,4133,1
strong,4134,1
strong,4135,1
strong,4136,1
strong,4137,1
strong,4138,1
strong,4139,1
strong,4140,1
strong,4141,1
strong,4142,1
strong,4143,1
strong,4144,1
strong,4145,1
strong,4146,1
strong,4147,1
strong,4148,1
strong,4149,1
strong,4150,1
strong,4151,1
strong,4152,1
strong,4153,1
strong,4154,1
strong,4155,1
strong,4156,1
strong,4157,1
strong,4158,1
strong,4159,1
strong,4160,1
strong,4161,1
strong,4162,1
strong,4163,1
strong,4164,1
strong,4165,1
strong,4166,1
strong,4167,1
strong,4168,1
strong,4169,1
strong,4170,1
strong,4171,1
strong,4172,1
strong,4173,1
strong,4174,1
strong,4175,1
strong,4176,1
strong,4177,1
strong,4178,1
strong,4179,1
strong,4180,1
strong,4181,1
strong,4182,1
strong,4183,1
strong,4184,1
strong,4185,1
strong,4186,1
strong,4187,1
strong,4188,1
strong,4189,1
strong,4190,1
strong,4191,1
strong,4192,1
strong,4193,1
strong,4194,1
strong,4195,1
strong,4196,1
strong,4197,1
strong,4198,1
strong,4199,1
strong,4200,1
strong,4201,1
strong,4202,1
strong,4203,1
strong,4204,1
strong,4205,1
strong,4206,1
strong,4207,1
strong,4208,1
strong,4209,1
strong,4210,1
strong,4211,1
strong,4212,1
strong,4213,1
strong,4214,1
strong,4215,1
strong,4216,1
strong,4217,1
strong,4218,1
strong,4219,1
strong,4220,1
strong,4221,1
strong,4222,1
strong,4223,1
strong,4224,1
strong,4225,1
strong,4226,1
strong,4227,1
strong,4228,1
strong,4229,1
strong,4230,1
strong,4231,1
strong,4232,1
strong,4233,1
strong,4234,1
strong,4235,1
strong,4236,1
strong,4237,1
strong,4238,1
strong,4239,1
strong,4240,1
strong,4241,1
strong,4242,1
strong,4243,1
strong,4244,1
strong,4245,1
strong,4246,1
strong,4247,1
strong,4248,1
strong,4249,1
strong,4250,1
strong,4251,1
strong,4252,1
strong,4253,1
strong,4254,1
strong,4255,1
strong,4256,1
strong,4257,1
strong,4258,1
strong,4259,1
strong,4260,1
strong,4261,1
strong,4262,1
strong,4263,1
strong,4264,1
strong,4265,1
strong,4266,1
strong,4267,1
strong,4268,1
strong,4269,1
strong,4270,1
strong,4271,1
strong,4272,1
strong,4273,1
strong,4274,1
strong,4275,1
strong,4276,1
strong,4277,1
strong,4278,1
strong,4279,1
strong,4280,1
strong,4281,1
strong,4282,1
strong,4283,1
strong,4284,1
strong,4285,1
strong,4286,1
strong,4287,1
strong,4288,1
strong,4289,1
strong,4290,1
strong,4291,1
strong,4292,1
strong,4293,1
strong,4294,1
strong,4295,1
strong,4296,1
strong,4297,1
strong,4298,1
strong,4299,1
strong,4300,1
strong,4301,1
strong,4302,1
strong,4303,1
strong,4304,1
strong,4305,1
strong,4306,1
strong,4307,1
strong,4308,1
strong,4309,1
strong,4310,1
strong,4311,1
strong,4312,1
strong,4313,1
strong,4314,1
strong,4315,1
strong,4316,1
strong,4317,1
strong,4318,1
strong,4319,1
strong,4320,1
strong,4321,1
strong,4322,1
strong,4323,1
strong,4324,1
strong,4325,1
strong,4326,1
strong,4327,1
strong,4328,1
strong,4329,1
strong,4330,1
strong,4331,1
strong,4332,1
strong,4333,1
strong,4334,1
strong,4335,1
strong,4336,1
strong,4337,1
strong,4338,1
strong,4339,1
strong,4340,1
strong,4341,1
strong,4342,1
strong,4343,1
strong,4344,1
strong,4345,1
strong,4346,1
strong,4347,1
strong,4348,1
strong,4349,1
strong,4350,1
strong,4351,1
strong,4352,1
strong,4353,1
strong,4354,1
strong,4355,1
strong,4356,1
strong,4357,1
strong,4358,1
strong,4359,1
strong,4360,1
strong,4361,1
strong,4362,1
strong,4363,1
strong,4364,1
strong,4365,1
strong,4366,1
strong,4367,1
strong,4368,1
strong,4369,1
strong,4370,1
strong,4371,1
strong,4372,1
strong,4373,1
strong,4374,1
strong,4375,1
strong,4376,1
strong,4377,1
strong,4378,1
strong,4379,1
strong,4380,1
strong,4381,1
strong,4382,1
strong,4383,1
strong,4384,1
strong,4385,1
strong,4386,1
strong,4387,1
strong,4388,1
strong,4389,1
strong,4390,1
strong,4391,1
strong,4392,1
strong,4393,1
strong,4394,1
strong,4395,1
strong,4396,1
strong,4397,1
strong,4398,1
strong,4399,1
strong,4400,1
strong,4401,1
strong,4402,1
strong,4403,1
strong,4404,1
strong,4405,1
strong,4406,1
strong,4407,1
strong,4408,1
strong,4409,1
strong,4410,1
strong,4411,1
strong,4412,1
strong,4413,1
strong,4414,1
strong,4415,1
strong,4416,1
strong,4417,1
strong,4418,1
strong,4419,1
strong,4420,1
strong,4421,1
strong,4422,1
strong,4423,1
strong,4424,1
strong,4425,1
strong,4426,1
strong,4427,1
strong,4428,1
strong,4429,1
strong,4430,1
strong,4431,1
strong,4432,1
strong,4433,1
strong,4434,1
strong,4435,1
strong,4436,1
strong,4437,1
strong,4438,1
strong,4439,1
strong,4440,1
strong,4441,1
strong,4442,1
strong,4443,1
strong,4444,1
strong,4445,1
strong,4446,1
strong,4447,1
strong,4448,1
strong,4449,1
strong,4450,1
strong,4451,1
strong,4452,1
strong,4453,1
strong,4454,1
strong,4455,1
strong,4456,1
strong,4457,1
strong,4458,1
strong,4459,1
strong,4460,1
strong,4461,1
strong,4462,1
strong,4463,1
strong,4464,1
strong,4465,1
strong,4466,1
strong,4467,1
strong,4468,1
strong,4469,1
strong,4470,1
strong,4471,1
strong,4472,1
strong,4473,1
strong,4474,1
strong,4475,1
strong,4476,1
strong,4477,1
strong,4478,1
strong,4479,1
strong,4480,1
strong,4481,1
strong,4482,1
strong,4483,1
strong,4484,1
strong,4485,1
strong,4486,1
strong,4487,1
strong,4488,1
strong,4489,1
strong,4490,1
strong,4491,1
strong,4492,1
strong,4493,1
strong,4494,1
strong,4495,1
strong,4496,1
strong,4497,1
strong,4498,1
strong,4499,1
strong,4500,1
strong,4501,1
strong,4502,1
strong,4503,1
strong,4504,1
strong,4505,1
strong,4506,1
strong,4507,1
strong,4508,1
strong,4509,1
strong,4510,1
strong,4511,1
strong,4512,1
strong,4513,1
strong,4514,1
strong,4515,1
strong,4516,1
strong,4517,1
strong,4518,1
strong,4519,1
strong,4520,1
strong,4521,1
strong,4522,1
strong,4523,1
strong,4524,1
strong,4525,1
strong,4526,1
strong,4527,1
strong,4528,1
strong,4529,1
strong,4530,1
strong,4531,1
strong,4532,1
strong,4533,1
strong,4534,1
strong,4535,1
strong,4536,1
strong,4537,1
strong,4538,1
strong,4539,1
strong,4540,1
strong,4541,1
strong,4542,1
strong,4543,1
strong,4544,1
strong,4545,1
strong,4546,1
strong,4547,1
strong,4548,1
strong,4549,1
strong,4550,1
strong,4551,1
strong,4552,1
strong,4553,1
strong,4554,1
strong,4555,1
strong,4556,1
strong,4557,1
strong,4558,1
strong,4559,1
strong,4560,1
strong,4561,1
strong,4562,1
strong,4563,1
strong,4564,1
strong,4565,1
strong,4566,1
strong,4567,1
strong,4568,1
strong,4569,1
strong,4570,1
strong,4571,1
strong,4572,1
strong,4573,1
strong,4574,1
strong,4575,1
strong,4576,1
strong,4577,1
strong,4578,1
strong,4579,1
strong,4580,1
strong,4581,1
strong,4582,1
strong,4583,1
strong,4584,1
strong,4585,1
strong,4586,1
strong,4587,1
strong,4588,1
strong,4589,1
strong,4590,1
strong,4591,1
strong,4592,1
strong,4593,1
strong,4594,1
strong,4595,1
strong,4596,1
strong,4597,1
strong,4598,1
strong,4599,1
strong,4600,1
strong,4601,1
strong,4602,1
strong,4603,1
strong,4604,1
strong,4605,1
strong,4606,1
strong,4607,1
strong,4608,1
strong,4609,1
strong,4610,1
strong,4611,1
strong,4612,1
strong,4613,1
strong,4614,1
strong,4615,1
strong,4616,1
strong,4617,1
strong,4618,1
strong,4619,1
strong,4620,1
strong,4621,1
strong,4622,1
strong,4623,1
strong,4624,1
strong,4625,1
strong,4626,1
strong,4627,1
strong,4628,1
strong,4629,1
strong,4630,1
strong,4631,1
strong,4632,1
strong,4633,1
strong,4634,1
strong,4635,1
strong,4636,1
strong,4637,1
strong,4638,1
strong,4639,1
strong,4640,1
strong,4641,1
strong,4642,1
strong,4643,1
strong,4644,1
strong,4645,1
strong,4646,1
strong,4647,1
strong,4648,1
strong,4649,1
strong,4650,1
strong,4651,1
strong,4652,1
strong,4653,1
strong,4654,1
strong,4655,1
strong,4656,1
strong,4657,1
strong,4658,1
strong,4659,1
strong,4660,1
strong,4661,1
strong,4662,1
strong,4663,1
strong,4664,1
strong,4665,1
strong,4666,1
strong,4667,1
strong,4668,1
strong,4669,1
strong,4670,1
strong,4671,1
strong,4672,1
strong,4673,1
strong,4674,1
strong,4675,1
strong,4676,1
strong,4677,1
strong,4678,1
strong,4679,1
strong,4680,1
strong,4681,1
strong,4682,1
strong,4683,1
strong,4684,1
strong,4685,1
strong,4686,1
strong,4687,1
strong,4688,1
strong,4689,1
strong,4690,1
strong,4691,1
strong,4692,1
strong,4693,1
strong,4694,1
strong,4695,1
strong,4696,1
strong,4697,1
strong,4698,1
strong,4699,1
strong,4700,1
strong,4701,1
strong,4702,1
strong,4703,1
strong,4704,1
strong,4705,1
strong,4706,1
strong,4707,1
strong,4708,1
strong,4709,1
strong,4710,1
strong,4711,1
strong,4712,1
strong,4713,1
strong,4714,1
strong,4715,1
strong,4716,1
strong,4717,1
strong,4718,1
strong,4719,1
strong,4720,1
strong,4721,1
strong,4722,1
strong,4723,1
strong,4724,1
strong,4725,1
strong,4726,1
strong,4727,1
strong,4728,1
strong,4729,1
strong,4730,1
strong,4731,1
strong,4732,1
strong,4733,1
strong,4734,1
strong,4735,1
strong,4736,1
strong,4737,1
strong,4738,1
strong,4739,1
strong,4740,1
strong,4741,1
strong,4742,1
strong,4743,1
strong,4744,1
strong,4745,1
strong,4746,1
strong,4747,1
strong,4748,1
strong,4749,1
strong,4750,1
strong,4751,1
strong,4752,1
strong,4753,1
strong,4754,1
strong,4755,1
strong,4756,1
strong,4757,1
strong,4758,1
strong,4759,1
strong,4760,1
strong,4761,1
strong,4762,1
strong,4763,1
strong,4764,1
strong,4765,1
strong,4766,1
strong,4767,1
strong,4768,1
strong,4769,1
strong,4770,1
strong,4771,1
strong,4772,1
strong,4773,1
strong,4774,1
strong,4775,1
strong,4776,1
strong,4777,1
strong,4778,1
strong,4779,1
strong,4780,1
strong,4781,1
strong,4782,1
strong,4783,1
strong,4784,1
strong,4785,1
strong,4786,1
strong,4787,1
strong,4788,1
strong,4789,1
strong,4790,1
strong,4791,1
strong,4792,1
strong,4793,1
strong,4794,1
strong,4795,1
strong,4796,1
strong,4797,1
strong,4798,1
strong,4799,1
strong,4800,1
strong,4801,1
strong,4802,1
strong,4803,1
strong,4804,1
strong,4805,1
strong,4806,1
strong,4807,1
strong,4808,1
strong,4809,1
strong,4810,1
strong,4811,1
strong,4812,1
strong,4813,1
strong,4814,1
strong,4815,1
strong,4816,1
strong,4817,1
strong,4818,1
strong,4819,1
strong,4820,1
strong,4821,1
strong,4822,1
strong,4823,1
strong,4824,1
strong,4825,1
strong,4826,1
strong,4827,1
strong,4828,1
strong,4829,1
strong,4830,1
strong,4831,1
strong,4832,1
strong,4833,1
strong,4834,1
strong,4835,1
strong,4836,1
strong,4837,1
strong,4838,1
strong,4839,1
strong,4840,1
strong,4841,1
strong,4842,1
strong,4843,1
strong,4844,1
strong,4845,1
strong,4846,1
strong,4847,1
strong,4848,1
strong,4849,1
strong,4850,1
strong,4851,1
strong,4852,1
strong,4853,1
strong,4854,1
strong,4855,1
strong,4856,1
strong,4857,1
strong,4858,1
strong,4859,1
strong,4860,1
strong,4861,1
strong,4862,1
strong,4863,1
strong,4864,1
strong,4865,1
strong,4866,1
strong,4867,1
strong,4868,1
strong,4869,1
strong,4870,1
strong,4871,1
strong,4872,1
strong,4873,1
strong,4874,1
strong,4875,1
strong,4876,1
strong,4877,1
strong,4878,1
strong,4879,1
strong,4880,1
strong,4881,1
strong,4882,1
strong,4883,1
strong,4884,1
strong,4885,1
strong,4886,1
strong,4887,1
strong,4888,1
strong,4889,1
strong,4890,1
strong,4891,1
strong,4892,1
strong,4893,1
strong,4894,1
strong,4895,1
strong,4896,1
strong,4897,1
strong,4898,1
strong,4899,1
strong,4900,1
strong,4901,1
strong,4902,1
strong,4903,1
strong,4904,1
strong,4905,1
strong,4906,1
strong,4907,1
strong,4908,1
strong,4909,1
strong,4910,1
strong,4911,1
strong,4912,1
strong,4913,1
strong,4914,1
strong,4915,1
strong,4916,1
strong,4917,1
strong,4918,1
strong,4919,1
strong,4920,1
strong,4921,1
strong,4922,1
strong,4923,1
strong,4924,1
strong,4925,1
strong,4926,1
strong,4927,1
strong,4928,1
strong,4929,1
strong,4930,1
strong,4931,1
strong,4932,1
strong,4933,1
strong,4934,1
strong,4935,1
strong,4936,1
strong,4937,1
strong,4938,1
strong,4939,1
strong,4940,1
strong,4941,1
strong,4942,1
strong,4943,1
strong,4944,1
strong,4945,1
strong,4946,1
strong,4947,1
strong,4948,1
strong,4949,1
strong,4950,1
strong,4951,1
strong,4952,1
strong,4953,1
strong,4954,1
strong,4955,1
strong,4956,1
strong,4957,1
strong,4958,1
strong,4959,1
strong,4960,1
strong,4961,1
strong,4962,1
strong,4963,1
strong,4964,1
strong,4965,1
strong,4966,1
strong,4967,1
strong,4968,1
strong,4969,1
strong,4970,1
strong,4971,1
strong,4972,1
strong,4973,1
strong,4974,1
strong,4975,1
strong,4976,1
strong,4977,1
strong,4978,1
strong,4979,1
strong,4980,1
strong,4981,1
strong,4982,1
strong,4983,1
strong,4984,1
strong,4985,1
strong,4986,1
strong,4987,1
strong,4988,1
strong,4989,1
strong,4990,1
strong,4991,1
strong,4992,1
strong,4993,1
strong,4994,1
strong,4995,1
strong,4996,1
strong,4997,1
strong,4998,1
strong,4999,1
strong,5000,1
strong,5001,1
strong,5002,1
strong,5003,1
strong,5004,1
strong,5005,1
strong,5006,1
strong,5007,1
strong,5008,1
strong,5009,1
strong,5010,1
strong,5011,1
strong,5012,1
strong,5013,1
strong,5014,1
strong,5015,1
strong,5016,1
strong,5017,1
strong,5018,1
strong,5019,1
strong,5020,1
strong,5021,1
strong,5022,1
strong,5023,1
strong,5024,1
strong,5025,1
strong,5026,1
strong,5027,1
strong,5028,1
strong,5029,1
strong,5030,1
strong,5031,1
strong,5032,1
strong,5033,1
strong,5034,1
strong,5035,1
strong,5036,1
strong,5037,1
strong,5038,1
strong,5039,1
strong,5040,1
strong,5041,1
strong,5042,1
strong,5043,1
strong,5044,1
strong,5045,1
strong,5046,1
strong,5047,1
strong,5048,1
strong,5049,1
strong,5050,1
strong,5051,1
strong,5052,1
strong,5053,1
strong,5054,1
strong,5055,1
strong,5056,1
strong,5057,1
strong,5058,1
strong,5059,1
strong,5060,1
strong,5061,1
strong,5062,1
strong,5063,1
strong,5064,1
strong,5065,1
strong,5066,1
strong,5067,1
strong,5068,1
strong,5069,1
strong,5070,1
strong,5071,1
strong,5072,1
strong,5073,1
strong,5074,1
strong,5075,1
strong,5076,1
strong,5077,1
strong,5078,1
strong,5079,1
strong,5080,1
strong,5081,1
strong,5082,1
strong,5083,1
strong,5084,1
strong,5085,1
strong,5086,1
strong,5087,1
strong,5088,1
strong,5089,1
strong,5090,1
strong,5091,1
strong,5092,1
strong,5093,1
strong,5094,1
strong,5095,1
strong,5096,1
strong,5097,1
strong,5098,1
strong,5099,1
strong,5100,1
strong,5101,1
strong,5102,1
strong,5103,1
strong,5104,1
strong,5105,1
strong,5106,1
strong,5107,1
strong,5108,1
strong,5109,1
strong,5110,1
strong,5111,1
strong,5112,1
strong,5113,1
strong,5114,1
strong,5115,1
strong,5116,1
strong,5117,1
strong,5118,1
strong,5119,1
strong,5120,1
strong,5121,1
strong,5122,1
strong,5123,1
strong,5124,1
strong,5125,1
strong,5126,1
strong,5127,1
strong,5128,1
strong,5129,1
strong,5130,1
strong,5131,1
strong,5132,1
strong,5133,1
strong,5134,1
strong,5135,1
strong,5136,1
strong,5137,1
strong,5138,1
strong,5139,1
strong,5140,1
strong,5141,1
strong,5142,1
strong,5143,1
strong,5144,1
strong,5145,1
strong,5146,1
strong,5147,1
strong,5148,1
strong,5149,1
strong,5150,1
strong,5151,1
strong,5152,1
strong,5153,1
strong,5154,1
strong,5155,1
strong,5156,1
strong,5157,1
strong,5158,1
strong,5159,1
strong,5160,1
strong,5161,1
strong,5162,1
strong,5163,1
strong,5164,1
strong,5165,1
strong,5166,1
strong,5167,1
strong,5168,1
strong,5169,1
strong,5170,1
strong,5171,1
strong,5172,1
strong,5173,1
strong,5174,1
strong,5175,1
strong,5176,1
strong,5177,1
strong,5178,1
strong,5179,1
strong,5180,1
strong,5181,1
strong,5182,1
strong,5183,1
strong,5184,1
strong,5185,1
strong,5186,1
strong,5187,1
strong,5188,1
strong,5189,1
strong,5190,1
strong,5191,1
strong,5192,1
strong,5193,1
strong,5194,1
strong,5195,1
strong,5196,1
strong,5197,1
strong,5198,1
strong,5199,1
strong,5200,1
strong,5201,1
strong,5202,1
strong,5203,1
strong,5204,1
strong,5205,1
strong,5206,1
strong,5207,1
strong,5208,1
strong,5209,1
strong,5210,1
strong,5211,1
strong,5212,1
strong,5213,1
strong,5214,1
strong,5215,1
strong,5216,1
strong,5217,1
strong,5218,1
strong,5219,1
strong,5220,1
strong,5221,1
strong,5222,1
strong,5223,1
strong,5224,1
strong,5225,1
strong,5226,1
strong,5227,1
strong,5228,1
strong,5229,1
strong,5230,1
strong,5231,1
strong,5232,1
strong,5233,1
strong,5234,1
strong,5235,1
strong,5236,1
strong,5237,1
strong,5238,1
strong,5239,1
strong,5240,1
strong,5241,1
strong,5242,1
strong,5243,1
strong,5244,1
strong,5245,1
strong,5246,1
strong,5247,1
strong,5248,1
strong,5249,1
strong,5250,1
strong,5251,1
strong,5252,1
strong,5253,1
strong,5254,1
strong,5255,1
strong,5256,1
strong,5257,1
strong,5258,1
strong,5259,1
strong,5260,1
strong,5261,1
strong,5262,1
strong,5263,1
strong,5264,1
strong,5265,1
strong,5266,1
strong,5267,1
strong,5268,1
strong,5269,1
strong,5270,1
strong,5271,1
strong,5272,1
strong,5273,1
strong,5274,1
strong,5275,1
strong,5276,1
strong,5277,1
strong,5278,1
strong,5279,1
strong,5280,1
strong,5281,1
strong,5282,1
strong,5283,1
strong,5284,1
strong,5285,1
strong,5286,1
strong,5287,1
strong,5288,1
strong,5289,1
strong,5290,1
strong,5291,1
strong,5292,1
strong,5293,1
strong,5294,1
strong,5295,1
strong,5296,1
strong,5297,1
strong,5298,1
strong,5299,1
strong,5300,1
strong,5301,1
strong,5302,1
strong,5303,1
strong,5304,1
strong,5305,1
strong,5306,1
strong,5307,1
strong,5308,1
strong,5309,1
strong,5310,1
strong,5311,1
strong,5312,1
strong,5313,1
strong,5314,1
strong,5315,1
strong,5316,1
strong,5317,1
strong,5318,1
strong,5319,1
strong,5320,1
strong,5321,1
strong,5322,1
strong,5323,1
strong,5324,1
strong,5325,1
strong,5326,1
strong,5327,1
strong,5328,1
strong,5329,1
strong,5330,1
strong,5331,1
strong,5332,1
strong,5333,1
strong,5334,1
strong,5335,1
strong,5336,1
strong,5337,1
strong,5338,1
strong,5339,1
strong,5340,1
strong,5341,1
strong,5342,1
strong,5343,1
strong,5344,1
strong,5345,1
strong,5346,1
strong,5347,1
strong,5348,1
strong,5349,1
strong,5350,1
strong,5351,1
strong,5352,1
strong,5353,1
strong,5354,1
strong,5355,1
strong,5356,1
strong,5357,1
strong,5358,1
strong,5359,1
strong,5360,1
strong,5361,1
strong,5362,1
strong,5363,1
strong,5364,1
strong,5365,1
strong,5366,1
strong,5367,1
strong,5368,1
strong,5369,1
strong,5370,1
strong,5371,1
strong,5372,1
strong,5373,1
strong,5374,1
strong,5375,1
strong,5376,1
strong,5377,1
strong,5378,1
strong,5379,1
strong,5380,1
strong,5381,1
strong,5382,1
strong,5383,1
strong,5384,1
strong,5385,1
strong,5386,1
strong,5387,1
strong,5388,1
strong,5389,1
strong,5390,1
strong,5391,1
strong,5392,1
strong,5393,1
strong,5394,1
strong,5395,1
strong,5396,1
strong,5397,1
strong,5398,1
strong,5399,1
strong,5400,1
strong,5401,1
strong,5402,1
strong,5403,1
strong,5404,1
strong,5405,1
strong,5406,1
strong,5407,1
strong,5408,1
strong,5409,1
strong,5410,1
strong,5411,1
strong,5412,1
strong,5413,1
strong,5414,1
strong,5415,1
strong,5416,1
strong,5417,1
strong,5418,1
strong,5419,1
strong,5420,1
strong,5421,1
strong,5422,1
strong,5423,1
strong,5424,1
strong,5425,1
strong,5426,1
strong,5427,1
strong,5428,1
strong,5429,1
strong,5430,1
strong,5431,1
strong,5432,1
strong,5433,1
strong,5434,1
strong,5435,1
strong,5436,1
strong,5437,1
strong,5438,1
strong,5439,1
strong,5440,1
strong,5441,1
strong,5442,1
strong,5443,1
strong,5444,1
strong,5445,1
strong,5446,1
strong,5447,1
strong,5448,1
strong,5449,1
strong,5450,1
strong,5451,1
strong,5452,1
strong,5453,1
strong,5454,1
strong,5455,1
strong,5456,1
strong,5457,1
strong,5458,1
strong,5459,1
strong,5460,1
strong,5461,1
strong,5462,1
strong,5463,1
strong,5464,1
strong,5465,1
strong,5466,1
strong,5467,1
strong,5468,1
strong,5469,1
strong,5470,1
strong,5471,1
strong,5472,1
strong,5473,1
strong,5474,1
strong,5475,1
strong,5476,1
strong,5477,1
strong,5478,1
strong,5479,1
strong,5480,1
strong,5481,1
strong,5482,1
strong,5483,1
strong,5484,1
strong,5485,1
strong,5486,1
strong,5487,1
strong,5488,1
strong,5489,1
strong,5490,1
strong,5491,1
strong,5492,1
strong,5493,1
strong,5494,1
strong,5495,1
strong,5496,1
strong,5497,1
strong,5498,1
strong,5499,1
strong,5500,1
strong,5501,1
strong,5502,1
strong,5503,1
strong,5504,1
strong,5505,1
strong,5506,1
strong,5507,1
strong,5508,1
strong,5509,1
strong,5510,1
strong,5511,1
strong,5512,1
strong,5513,1
strong,5514,1
strong,5515,1
strong,5516,1
strong,5517,1
strong,5518,1
strong,5519,1
strong,5520,1
strong,5521,1
strong,5522,1
strong,5523,1
strong,5524,1
strong,5525,1
strong,5526,1
strong,5527,1
strong,5528,1
strong,5529,1
strong,5530,1
strong,5531,1
strong,5532,1
strong,5533,1
strong,5534,1
strong,5535,1
strong,5536,1
strong,5537,1
strong,5538,1
strong,5539,1
strong,5540,1
strong,5541,1
strong,5542,1
strong,5543,1
strong,5544,1
strong,5545,1
strong,5546,1
strong,5547,1
strong,5548,1
strong,5549,1
strong,5550,1
strong,5551,1
strong,5552,1
strong,5553,1
strong,5554,1
strong,5555,1
strong,5556,1
strong,5557,1
strong,5558,1
strong,5559,1
strong,5560,1
strong,5561,1
strong,5562,1
strong,5563,1
strong,5564,1
strong,5565,1
strong,5566,1
strong,5567,1
strong,5568,1
strong,5569,1
strong,5570,1
strong,5571,1
strong,5572,1
strong,5573,1
strong,5574,1
strong,5575,1
strong,5576,1
strong,5577,1
strong,5578,1
strong,5579,1
strong,5580,1
strong,5581,1
strong,5582,1
strong,5583,1
strong,5584,1
strong,5585,1
strong,5586,1
strong,5587,1
strong,5588,1
strong,5589,1
strong,5590,1
strong,5591,1
strong,5592,1
strong,5593,1
strong,5594,1
strong,5595,1
strong,5596,1
strong,5597,1
strong,5598,1
strong,5599,1
strong,5600,1
strong,5601,1
strong,5602,1
strong,5603,1
strong,5604,1
strong,5605,1
strong,5606,1
strong,5607,1
strong,5608,1
strong,5609,1
strong,5610,1
strong,5611,1
strong,5612,1
strong,5613,1
strong,5614,1
strong,5615,1
strong,5616,1
strong,5617,1
strong,5618,1
strong,5619,1
strong,5620,1
strong,5621,1
strong,5622,1
strong,5623,1
strong,5624,1
strong,5625,1
strong,5626,1
strong,5627,1
strong,5628,1
strong,5629,1
strong,5630,1
strong,5631,1
strong,5632,1
strong,5633,1
strong,5634,1
strong,5635,1
strong,5636,1
strong,5637,1
strong,5638,1
strong,5639,1
strong,5640,1
strong,5641,1
strong,5642,1
strong,5643,1
strong,5644,1
strong,5645,1
strong,5646,1
strong,5647,1
strong,5648,1
strong,5649,1
strong,5650,1
strong,5651,1
strong,5652,1
strong,5653,1
strong,5654,1
strong,5655,1
strong,5656,1
strong,5657,1
strong,5658,1
strong,5659,1
strong,5660,1
strong,5661,1
strong,5662,1
strong,5663,1
strong,5664,1
strong,5665,1
strong,5666,1
strong,5667,1
strong,5668,1
strong,5669,1
strong,5670,1
strong,5671,1
strong,5672,1
strong,5673,1
strong,5674,1
strong,5675,1
strong,5676,1
strong,5677,1
strong,5678,1
strong,5679,1
strong,5680,1
strong,5681,1
strong,5682,1
strong,5683,1
strong,5684,1
strong,5685,1
strong,5686,1
strong,5687,1
strong,5688,1
strong,5689,1
strong,5690,1
strong,5691,1
strong,5692,1
strong,5693,1
strong,5694,1
strong,5695,1
strong,5696,1
strong,5697,1
strong,5698,1
strong,5699,1
strong,5700,1
strong,5701,1
strong,5702,1
strong,5703,1
strong,5704,1
strong,5705,1
strong,5706,1
strong,5707,1
strong,5708,1
strong,5709,1
strong,5710,1
strong,5711,1
strong,5712,1
strong,5713,1
strong,5714,1
strong,5715,1
strong,5716,1
strong,5717,1
strong,5718,1
strong,5719,1
strong,5720,1
strong,5721,1
strong,5722,1
strong,5723,1
strong,5724,1
strong,5725,1
strong,5726,1
strong,5727,1
strong,5728,1
strong,5729,1
strong,5730,1
strong,5731,1
strong,5732,1
strong,5733,1
strong,5734,1
strong,5735,1
strong,5736,1
strong,5737,1
strong,5738,1
strong,5739,1
strong,5740,1
strong,5741,1
strong,5742,1
strong,5743,1
strong,5744,1
strong,5745,1
strong,5746,1
strong,5747,1
strong,5748,1
strong,5749,1
strong,5750,1
strong,5751,1
strong,5752,1
strong,5753,1
strong,5754,1
strong,5755,1
strong,5756,1
strong,5757,1
strong,5758,1
strong,5759,1
strong,5760,1
strong,5761,1
strong,5762,1
strong,5763,1
strong,5764,1
strong,5765,1
strong,5766,1
strong,5767,1
strong,5768,1
strong,5769,1
strong,5770,1
strong,5771,1
strong,5772,1
strong,5773,1
strong,5774,1
strong,5775,1
strong,5776,1
strong,5777,1
strong,5778,1
strong,5779,1
strong,5780,1
strong,5781,1
strong,5782,1
strong,5783,1
strong,5784,1
strong,5785,1
strong,5786,1
strong,5787,1
strong,5788,1
strong,5789,1
strong,5790,1
strong,5791,1
strong,5792,1
strong,5793,1
strong,5794,1
strong,5795,1
strong,5796,1
strong,5797,1
strong,5798,1
strong,5799,1
strong,5800,1
strong,5801,1
strong,5802,1
strong,5803,1
strong,5804,1
strong,5805,1
strong,5806,1
strong,5807,1
strong,5808,1
strong,5809,1
strong,5810,1
strong,5811,1
strong,5812,1
strong,5813,1
strong,5814,1
strong,5815,1
strong,5816,1
strong,5817,1
strong,5818,1
strong,5819,1
strong,5820,1
strong,5821,1
strong,5822,1
strong,5823,1
strong,5824,1
strong,5825,1
strong,5826,1
strong,5827,1
strong,5828,1
strong,5829,1
strong,5830,1
strong,5831,1
strong,5832,1
strong,5833,1
strong,5834,1
strong,5835,1
strong,5836,1
strong,5837,1
strong,5838,1
strong,5839,1
strong,5840,1
strong,5841,1
strong,5842,1
strong,5843,1
strong,5844,1
strong,5845,1
strong,5846,1
strong,5847,1
strong,5848,1
strong,5849,1
strong,5850,1
strong,5851,1
strong,5852,1
strong,5853,1
strong,5854,1
strong,5855,1
strong,5856,1
strong,5857,1
strong,5858,1
strong,5859,1
strong,5860,1
strong,5861,1
strong,5862,1
strong,5863,1
strong,5864,1
strong,5865,1
strong,5866,1
strong,5867,1
strong,5868,1
strong,5869,1
strong,5870,1
strong,5871,1
strong,5872,1
strong,5873,1
strong,5874,1
strong,5875,1
strong,5876,1
strong,5877,1
strong,5878,1
strong,5879,1
strong,5880,1
strong,5881,1
strong,5882,1
strong,5883,1
strong,5884,1
strong,5885,1
strong,5886,1
strong,5887,1
strong,5888,1
strong,5889,1
strong,5890,1
strong,5891,1
strong,5892,1
strong,5893,1
strong,5894,1
strong,5895,1
strong,5896,1
strong,5897,1
strong,5898,1
strong,5899,1
strong,5900,1
strong,5901,1
strong,5902,1
strong,5903,1
strong,5904,1
strong,5905,1
strong,5906,1
strong,5907,1
strong,5908,1
strong,5909,1
strong,5910,1
strong,5911,1
strong,5912,1
strong,5913,1
strong,5914,1
strong,5915,1
strong,5916,1
strong,5917,1
strong,5918,1
strong,5919,1
strong,5920,1
strong,5921,1
strong,5922,1
strong,5923,1
strong,5924,1
strong,5925,1
strong,5926,1
strong,5927,1
strong,5928,1
strong,5929,1
strong,5930,1
strong,5931,1
strong,5932,1
strong,5933,1
strong,5934,1
strong,5935,1
strong,5936,1
strong,5937,1
strong,5938,1
strong,5939,1
strong,5940,1
strong,5941,1
strong,5942,1
strong,5943,1
strong,5944,1
strong,5945,1
strong,5946,1
strong,5947,1
strong,5948,1
strong,5949,1
strong,5950,1
strong,5951,1
strong,5952,1
strong,5953,1
strong,5954,1
strong,5955,1
strong,5956,1
strong,5957,1
strong,5958,1
strong,5959,1
strong,5960,1
strong,5961,1
strong,5962,1
strong,5963,1
strong,5964,1
strong,5965,1
strong,5966,1
strong,5967,1
strong,5968,1
strong,5969,1
strong,5970,1
strong,5971,1
strong,5972,1
strong,5973,1
strong,5974,1
strong,5975,1
strong,5976,1
strong,5977,1
strong,5978,1
strong,5979,1
strong,5980,1
strong,5981,1
strong,5982,1
strong,5983,1
strong,5984,1
strong,5985,1
strong,5986,1
strong,5987,1
strong,5988,1
strong,5989,1
strong,5990,1
strong,5991,1
strong,5992,1
strong,5993,1
strong,5994,1
strong,5995,1
strong,5996,1
strong,5997,1
strong,5998,1
strong,5999,1
strong,6000,1
strong,6001,1
strong,6002,1
strong,6003,1
strong,6004,1
strong,6005,1
strong,6006,1
strong,6007,1
strong,6008,1
strong,6009,1
strong,6010,1
strong,6011,1
strong,6012,1
strong,6013,1
strong,6014,1
strong,6015,1
strong,6016,1
strong,6017,1
strong,6018,1
strong,6019,1
strong,6020,1
strong,6021,1
strong,6022,1
strong,6023,1
strong,6024,1
strong,6025,1
strong,6026,1
strong,6027,1
strong,6028,1
strong,6029,1
strong,6030,1
strong,6031,1
strong,6032,1
strong,6033,1
strong,6034,1
strong,6035,1
strong,6036,1
strong,6037,1
strong,6038,1
strong,6039,1
strong,6040,1
strong,6041,1
strong,6042,1
strong,6043,1
strong,6044,1
strong,6045,1
strong,6046,1
strong,6047,1
strong,6048,1
strong,6049,1
strong,6050,1
strong,6051,1
strong,6052,1
strong,6053,1
strong,6054,1
strong,6055,1
strong,6056,1
strong,6057,1
strong,6058,1
strong,6059,1
strong,6060,1
strong,6061,1
strong,6062,1
strong,6063,1
strong,6064,1
strong,6065,1
strong,6066,1
strong,6067,1
strong,6068,1
strong,6069,1
strong,6070,1
strong,6071,1
strong,6072,1
strong,6073,1
strong,6074,1
strong,6075,1
strong,6076,1
strong,6077,1
strong,6078,1
strong,6079,1
strong,6080,1
strong,6081,1
strong,6082,1
strong,6083,1
strong,6084,1
strong,6085,1
strong,6086,1
strong,6087,1
strong,6088,1
strong,6089,1
strong,6090,1
strong,6091,1
strong,6092,1
strong,6093,1
strong,6094,1
strong,6095,1
strong,6096,1
strong,6097,1
strong,6098,1
strong,6099,1
strong,6100,1
strong,6101,1
strong,6102,1
strong,6103,1
strong,6104,1
strong,6105,1
strong,6106,1
strong,6107,1
strong,6108,1
strong,6109,1
strong,6110,1
strong,6111,1
strong,6112,1
strong,6113,1
strong,6114,1
strong,6115,1
strong,6116,1
strong,6117,1
strong,6118,1
strong,6119,1
strong,6120,1
strong,6121,1
strong,6122,1
strong,6123,1
strong,6124,1
strong,6125,1
strong,6126,1
strong,6127,1
strong,6128,1
strong,6129,1
strong,6130,1
strong,6131,1
strong,6132,1
strong,6133,1
strong,6134,1
strong,6135,1
strong,6136,1
strong,6137,1
strong,6138,1
strong,6139,1
strong,6140,1
strong,6141,1
strong,6142,1
strong,6143,1
strong,6144,1
strong,6145,1
strong,6146,1
strong,6147,1
strong,6148,1
strong,6149,1
strong,6150,1
strong,6151,1
strong,6152,1
strong,6153,1
strong,6154,1
strong,6155,1
strong,6156,1
strong,6157,1
strong,6158,1
strong,6159,1
strong,6160,1
strong,6161,1
strong,6162,1
strong,6163,1
strong,6164,1
strong,6165,1
strong,6166,1
strong,6167,1
strong,6168,1
strong,6169,1
strong,6170,1
strong,6171,1
strong,6172,1
strong,6173,1
strong,6174,1
strong,6175,1
strong,6176,1
strong,6177,1
strong,6178,1
strong,6179,1
strong,6180,1
strong,6181,1
strong,6182,1
strong,6183,1
strong,6184,1
strong,6185,1
strong,6186,1
strong,6187,1
strong,6188,1
strong,6189,1
strong,6190,1
strong,6191,1
strong,6192,1
strong,6193,1
strong,6194,1
strong,6195,1
strong,6196,1
strong,6197,1
strong,6198,1
strong,6199,1
strong,6200,1
strong,6201,1
strong,6202,1
strong,6203,1
strong,6204,1
strong,6205,1
strong,6206,1
strong,6207,1
strong,6208,1
strong,6209,1
strong,6210,1
strong,6211,1
strong,6212,1
strong,6213,1
strong,6214,1
strong,6215,1
strong,6216,1
strong,6217,1
strong,6218,1
strong,6219,1
strong,6220,1
strong,6221,1
strong,6222,1
strong,6223,1
strong,6224,1
strong,6225,1
strong,6226,1
strong,6227,1
strong,6228,1
strong,6229,1
strong,6230,1
strong,6231,1
strong,6232,1
strong,6233,1
strong,6234,1
strong,6235,1
strong,6236,1
strong,6237,1
strong,6238,1
strong,6239,1
strong,6240,1
strong,6241,1
strong,6242,1
strong,6243,1
strong,6244,1
strong,6245,1
strong,6246,1
strong,6247,1
strong,6248,1
strong,6249,1
strong,6250,1
strong,6251,1
strong,6252,1
strong,6253,1
strong,6254,1
strong,6255,1
strong,6256,1
strong,6257,1
strong,6258,1
strong,6259,1
strong,6260,1
strong,6261,1
strong,6262,1
strong,6263,1
strong,6264,1
strong,6265,1
strong,6266,1
strong,6267,1
strong,6268,1
strong,6269,1
strong,6270,1
strong,6271,1
strong,6272,1
strong,6273,1
strong,6274,1
strong,6275,1
strong,6276,1
strong,6277,1
strong,6278,1
strong,6279,1
strong,6280,1
strong,6281,1
strong,6282,1
strong,6283,1
strong,6284,1
strong,6285,1
strong,6286,1
strong,6287,1
strong,6288,1
strong,6289,1
strong,6290,1
strong,6291,1
strong,6292,1
strong,6293,1
strong,6294,1
strong,6295,1
strong,6296,1
strong,6297,1
strong,6298,1
strong,6299,1
strong,6300,1
strong,6301,1
strong,6302,1
strong,6303,1
strong,6304,1
strong,6305,1
strong,6306,1
strong,6307,1
strong,6308,1
strong,6309,1
strong,6310,1
strong,6311,1
strong,6312,1
strong,6313,1
strong,6314,1
strong,6315,1
strong,6316,1
strong,6317,1
strong,6318,1
strong,6319,1
strong,6320,1
strong,6321,1
strong,6322,1
strong,6323,1
strong,6324,1
strong,6325,1
strong,6326,1
strong,6327,1
strong,6328,1
strong,6329,1
strong,6330,1
strong,6331,1
strong,6332,1
strong,6333,1
strong,6334,1
strong,6335,1
strong,6336,1
strong,6337,1
strong,6338,1
strong,6339,1
strong,6340,1
strong,6341,1
strong,6342,1
strong,6343,1
strong,6344,1
strong,6345,1
strong,6346,1
strong,6347,1
strong,6348,1
strong,6349,1
strong,6350,1
strong,6351,1
strong,6352,1
strong,6353,1
strong,6354,1
strong,6355,1
strong,6356,1
strong,6357,1
strong,6358,1
strong,6359,1
strong,6360,1
strong,6361,1
strong,6362,1
strong,6363,1
strong,6364,1
strong,6365,1
strong,6366,1
strong,6367,1
strong,6368,1
strong,6369,1
strong,6370,1
strong,6371,1
strong,6372,1
strong,6373,1
strong,6374,1
strong,6375,1
strong,6376,1
strong,6377,1
strong,6378,1
strong,6379,1
strong,6380,1
strong,6381,1
strong,6382,1
strong,6383,1
strong,6384,1
strong,6385,1
strong,6386,1
strong,6387,1
strong,6388,1
strong,6389,1
strong,6390,1
strong,6391,1
strong,6392,1
strong,6393,1
strong,6394,1
strong,6395,1
strong,6396,1
strong,6397,1
strong,6398,1
strong,6399,1
strong,6400,1
strong,6401,1
strong,6402,1
strong,6403,1
strong,6404,1
strong,6405,1
strong,6406,1
strong,6407,1
strong,6408,1
strong,6409,1
strong,6410,1
strong,6411,1
strong,6412,1
strong,6413,1
strong,6414,1
strong,6415,1
strong,6416,1
strong,6417,1
strong,6418,1
strong,6419,1
strong,6420,1
strong,6421,1
strong,6422,1
strong,6423,1
strong,6424,1
strong,6425,1
strong,6426,1
strong,6427,1
strong,6428,1
strong,6429,1
strong,6430,1
strong,6431,1
strong,6432,1
strong,6433,1
strong,6434,1
strong,6435,1
strong,6436,1
strong,6437,1
strong,6438,1
strong,6439,1
strong,6440,1
strong,6441,1
strong,6442,1
strong,6443,1
strong,6444,1
strong,6445,1
strong,6446,1
strong,6447,1
strong,6448,1
strong,6449,1
strong,6450,1
strong,6451,1
strong,6452,1
strong,6453,1
strong,6454,1
strong,6455,1
strong,6456,1
strong,6457,1
strong,6458,1
strong,6459,1
strong,6460,1
strong,6461,1
strong,6462,1
strong,6463,1
strong,6464,1
strong,6465,1
strong,6466,1
strong,6467,1
strong,6468,1
strong,6469,1
strong,6470,1
strong,6471,1
strong,6472,1
strong,6473,1
strong,6474,1
strong,6475,1
strong,6476,1
strong,6477,1
strong,6478,1
strong,6479,1
strong,6480,1
strong,6481,1
strong,6482,1
strong,6483,1
strong,6484,1
strong,6485,1
strong,6486,1
strong,6487,1
strong,6488,1
strong,6489,1
strong,6490,1
strong,6491,1
strong,6492,1
strong,6493,1
strong,6494,1
strong,6495,1
strong,6496,1
strong,6497,1
strong,6498,1
strong,6499,1
strong,6500,1
strong,6501,1
strong,6502,1
strong,6503,1
strong,6504,1
strong,6505,1
strong,6506,1
strong,6507,1
strong,6508,1
strong,6509,1
strong,6510,1
strong,6511,1
strong,6512,1
strong,6513,1
strong,6514,1
strong,6515,1
strong,6516,1
strong,6517,1
strong,6518,1
strong,6519,1
strong,6520,1
strong,6521,1
strong,6522,1
strong,6523,1
strong,6524,1
strong,6525,1
strong,6526,1
strong,6527,1
strong,6528,1
strong,6529,1
strong,6530,1
strong,6531,1
strong,6532,1
strong,6533,1
strong,6534,1
strong,6535,1
strong,6536,1
strong,6537,1
strong,6538,1
strong,6539,1
strong,6540,1
strong,6541,1
strong,6542,1
strong,6543,1
strong,6544,1
strong,6545,1
strong,6546,1
strong,6547,1
strong,6548,1
strong,6549,1
strong,6550,1
strong,6551,1
strong,6552,1
strong,6553,1
strong,6554,1
strong,6555,1
strong,6556,1
strong,6557,1
strong,6558,1
strong,6559,1
strong,6560,1
strong,6561,1
strong,6562,1
strong,6563,1
strong,6564,1
strong,6565,1
strong,6566,1
strong,6567,1
strong,6568,1
strong,6569,1
strong,6570,1
strong,6571,1
strong,6572,1
strong,6573,1
strong,6574,1
strong,6575,1
strong,6576,1
strong,6577,1
strong,6578,1
strong,6579,1
strong,6580,1
strong,6581,1
strong,6582,1
strong,6583,1
strong,6584,1
strong,6585,1
strong,6586,1
strong,6587,1
strong,6588,1
strong,6589,1
strong,6590,1
strong,6591,1
strong,6592,1
strong,6593,1
strong,6594,1
strong,6595,1
strong,6596,1
strong,6597,1
strong,6598,1
strong,6599,1
strong,6600,1
strong,6601,1
strong,6602,1
strong,6603,1
strong,6604,1
strong,6605,1
strong,6606,1
strong,6607,1
strong,6608,1
strong,6609,1
strong,6610,1
strong,6611,1
strong,6612,1
strong,6613,1
strong,6614,1
strong,6615,1
strong,6616,1
strong,6617,1
strong,6618,1
strong,6619,1
strong,6620,1
strong,6621,1
strong,6622,1
strong,6623,1
strong,6624,1
strong,6625,1
strong,6626,1
strong,6627,1
strong,6628,1
strong,6629,1
strong,6630,1
strong,6631,1
strong,6632,1
strong,6633,1
strong,6634,1
strong,6635,1
strong,6636,1
strong,6637,1
strong,6638,1
strong,6639,1
strong,6640,1
strong,6641,1
strong,6642,1
strong,6643,1
strong,6644,1
strong,6645,1
strong,6646,1
strong,6647,1
strong,6648,1
strong,6649,1
strong,6650,1
strong,6651,1
strong,6652,1
strong,6653,1
strong,6654,1
strong,6655,1
strong,6656,1
strong,6657,1
strong,6658,1
strong,6659,1
strong,6660,1
strong,6661,1
strong,6662,1
strong,6663,1
strong,6664,1
strong,6665,1
strong,6666,1
strong,6667,1
strong,6668,1
strong,6669,1
strong,6670,1
strong,6671,1
strong,6672,1
strong,6673,1
strong,6674,1
strong,6675,1
strong,6676,1
strong,6677,1
strong,6678,1
strong,6679,1
strong,6680,1
strong,6681,1
strong,6682,1
strong,6683,1
strong,6684,1
strong,6685,1
strong,6686,1
strong,6687,1
strong,6688,1
strong,6689,1
strong,6690,1
strong,6691,1
strong,6692,1
strong,6693,1
strong,6694,1
strong,6695,1
strong,6696,1
strong,6697,1
strong,6698,1
strong,6699,1
strong,6700,1
strong,6701,1
strong,6702,1
strong,6703,1
strong,6704,1
strong,6705,1
strong,6706,1
strong,6707,1
strong,6708,1
strong,6709,1
strong,6710,1
strong,6711,1
strong,6712,1
strong,6713,1
strong,6714,1
strong,6715,1
strong,6716,1
strong,6717,1
strong,6718,1
strong,6719,1
strong,6720,1
strong,6721,1
strong,6722,1
strong,6723,1
strong,6724,1
strong,6725,1
strong,6726,1
strong,6727,1
strong,6728,1
strong,6729,1
strong,6730,1
strong,6731,1
strong,6732,1
strong,6733,1
strong,6734,1
strong,6735,1
strong,6736,1
strong,6737,1
strong,6738,1
strong,6739,1
strong,6740,1
strong,6741,1
strong,6742,1
strong,6743,1
strong,6744,1
strong,6745,1
strong,6746,1
strong,6747,1
strong,6748,1
strong,6749,1
strong,6750,1
strong,6751,1
strong,6752,1
strong,6753,1
strong,6754,1
strong,6755,1
strong,6756,1
strong,6757,1
strong,6758,1
strong,6759,1
strong,6760,1
strong,6761,1
strong,6762,1
strong,6763,1
strong,6764,1
strong,6765,1
strong,6766,1
strong,6767,1
strong,6768,1
strong,6769,1
strong,6770,1
strong,6771,1
strong,6772,1
strong,6773,1
strong,6774,1
strong,6775,1
strong,6776,1
strong,6777,1
strong,6778,1
strong,6779,1
strong,6780,1
strong,6781,1
strong,6782,1
strong,6783,1
strong,6784,1
strong,6785,1
strong,6786,1
strong,6787,1
strong,6788,1
strong,6789,1
strong,6790,1
strong,6791,1
strong,6792,1
strong,6793,1
strong,6794,1
strong,6795,1
strong,6796,1
strong,6797,1
strong,6798,1
strong,6799,1
strong,6800,1
strong,6801,1
strong,6802,1
strong,6803,1
strong,6804,1
strong,6805,1
strong,6806,1
strong,6807,1
strong,6808,1
strong,6809,1
strong,6810,1
strong,6811,1
strong,6812,1
strong,6813,1
strong,6814,1
strong,6815,1
strong,6816,1
strong,6817,1
strong,6818,1
strong,6819,1
strong,6820,1
strong,6821,1
strong,6822,1
strong,6823,1
strong,6824,1
strong,6825,1
strong,6826,1
strong,6827,1
strong,6828,1
strong,6829,1
strong,6830,1
strong,6831,1
strong,6832,1
strong,6833,1
strong,6834,1
strong,6835,1
strong,6836,1
strong,6837,1
strong,6838,1
strong,6839,1
strong,6840,1
strong,6841,1
strong,6842,1
strong,6843,1
strong,6844,1
strong,6845,1
strong,6846,1
strong,6847,1
strong,6848,1
strong,6849,1
strong,6850,1
strong,6851,1
strong,6852,1
strong,6853,1
strong,6854,1
strong,6855,1
strong,6856,1
strong,6857,1
strong,6858,1
strong,6859,1
strong,6860,1
strong,6861,1
strong,6862,1
strong,6863,1
strong,6864,1
strong,6865,1
strong,6866,1
strong,6867,1
strong,6868,1
strong,6869,1
strong,6870,1
strong,6871,1
strong,6872,1
strong,6873,1
strong,6874,1
strong,6875,1
strong,6876,1
strong,6877,1
strong,6878,1
strong,6879,1
strong,6880,1
strong,6881,1
strong,6882,1
strong,6883,1
strong,6884,1
strong,6885,1
strong,6886,1
strong,6887,1
strong,6888,1
strong,6889,1
strong,6890,1
strong,6891,1
strong,6892,1
strong,6893,1
strong,6894,1
strong,6895,1
strong,6896,1
strong,6897,1
strong,6898,1
strong,6899,1
strong,6900,1
strong,6901,1
strong,6902,1
strong,6903,1
strong,6904,1
strong,6905,1
strong,6906,1
strong,6907,1
strong,6908,1
strong,6909,1
strong,6910,1
strong,6911,1
strong,6912,1
strong,6913,1
strong,6914,1
strong,6915,1
strong,6916,1
strong,6917,1
strong,6918,1
strong,6919,1
strong,6920,1
strong,6921,1
strong,6922,1
strong,6923,1
strong,6924,1
strong,6925,1
strong,6926,1
strong,6927,1
strong,6928,1
strong,6929,1
strong,6930,1
strong,6931,1
strong,6932,1
strong,6933,1
strong,6934,1
strong,6935,1
strong,6936,1
strong,6937,1
strong,6938,1
strong,6939,1
strong,6940,1
strong,6941,1
strong,6942,1
strong,6943,1
strong,6944,1
strong,6945,1
strong,6946,1
strong,6947,1
strong,6948,1
strong,6949,1
strong,6950,1
strong,6951,1
strong,6952,1
strong,6953,1
strong,6954,1
strong,6955,1
strong,6956,1
strong,6957,1
strong,6958,1
strong,6959,1
strong,6960,1
strong,6961,1
strong,6962,1
strong,6963,1
strong,6964,1
strong,6965,1
strong,6966,1
strong,6967,1
strong,6968,1
strong,6969,1
strong,6970,1
strong,6971,1
strong,6972,1
strong,6973,1
strong,6974,1
strong,6975,1
strong,6976,1
strong,6977,1
strong,6978,1
strong,6979,1
strong,6980,1
strong,6981,1
strong,6982,1
strong,6983,1
strong,6984,1
strong,6985,1
strong,6986,1
strong,6987,1
strong,6988,1
strong,6989,1
strong,6990,1
strong,6991,1
strong,6992,1
strong,6993,1
strong,6994,1
strong,6995,1
strong,6996,1
strong,6997,1
strong,6998,1
strong,6999,1
strong,7000,1
strong,7001,1
strong,7002,1
strong,7003,1
strong,7004,1
strong,7005,1
strong,7006,1
strong,7007,1
strong,7008,1
strong,7009,1
strong,7010,1
strong,7011,1
strong,7012,1
strong,7013,1
strong,7014,1
strong,7015,1
strong,7016,1
strong,7017,1
strong,7018,1
strong,7019,1
strong,7020,1
strong,7021,1
strong,7022,1
strong,7023,1
strong,7024,1
strong,7025,1
strong,7026,1
strong,7027,1
strong,7028,1
strong,7029,1
strong,7030,1
strong,7031,1
strong,7032,1
strong,7033,1
strong,7034,1
strong,7035,1
strong,7036,1
strong,7037,1
strong,7038,1
strong,7039,1
strong,7040,1
strong,7041,1
strong,7042,1
strong,7043,1
strong,7044,1
strong,7045,1
strong,7046,1
strong,7047,1
strong,7048,1
strong,7049,1
strong,7050,1
strong,7051,1
strong,7052,1
strong,7053,1
strong,7054,1
strong,7055,1
strong,7056,1
strong,7057,1
strong,7058,1
strong,7059,1
strong,7060,1
strong,7061,1
strong,7062,1
strong,7063,1
strong,7064,1
strong,7065,1
strong,7066,1
strong,7067,1
strong,7068,1
strong,7069,1
strong,7070,1
strong,7071,1
strong,7072,1
strong,7073,1
strong,7074,1
strong,7075,1
strong,7076,1
strong,7077,1
strong,7078,1
strong,7079,1
strong,7080,1
strong,7081,1
strong,7082,1
strong,7083,1
strong,7084,1
strong,7085,1
strong,7086,1
strong,7087,1
strong,7088,1
strong,7089,1
strong,7090,1
strong,7091,1
strong,7092,1
strong,7093,1
strong,7094,1
strong,7095,1
strong,7096,1
strong,7097,1
strong,7098,1
strong,7099,1
strong,7100,1
strong,7101,1
strong,7102,1
strong,7103,1
strong,7104,1
strong,7105,1
strong,7106,1
strong,7107,1
strong,7108,1
strong,7109,1
strong,7110,1
strong,7111,1
strong,7112,1
strong,7113,1
strong,7114,1
strong,7115,1
strong,7116,1
strong,7117,1
strong,7118,1
strong,7119,1
strong,7120,1
strong,7121,1
strong,7122,1
strong,7123,1
strong,7124,1
strong,7125,1
strong,7126,1
strong,7127,1
strong,7128,1
strong,7129,1
strong,7130,1
strong,7131,1
strong,7132,1
strong,7133,1
strong,7134,1
strong,7135,1
strong,7136,1
strong,7137,1
strong,7138,1
strong,7139,1
strong,7140,1
strong,7141,1
strong,7142,1
strong,7143,1
strong,7144,1
strong,7145,1
strong,7146,1
strong,7147,1
strong,7148,1
strong,7149,1
strong,7150,1
strong,7151,1
strong,7152,1
strong,7153,1
strong,7154,1
strong,7155,1
strong,7156,1
strong,7157,1
strong,7158,1
strong,7159,1
strong,7160,1
strong,7161,1
strong,7162,1
strong,7163,1
strong,7164,1
strong,7165,1
strong,7166,1
strong,7167,1
strong,7168,1
strong,7169,1
strong,7170,1
strong,7171,1
strong,7172,1
strong,7173,1
strong,7174,1
strong,7175,1
strong,7176,1
strong,7177,1
strong,7178,1
strong,7179,1
strong,7180,1
strong,7181,1
strong,7182,1
strong,7183,1
strong,7184,1
strong,7185,1
strong,7186,1
strong,7187,1
strong,7188,1
strong,7189,1
strong,7190,1
strong,7191,1
strong,7192,1
strong,7193,1
strong,7194,1
strong,7195,1
strong,7196,1
strong,7197,1
strong,7198,1
strong,7199,1
strong,7200,1
strong,7201,1
strong,7202,1
strong,7203,1
strong,7204,1
strong,7205,1
strong,7206,1
strong,7207,1
strong,7208,1
strong,7209,1
strong,7210,1
strong,7211,1
strong,7212,1
strong,7213,1
strong,7214,1
strong,7215,1
strong,7216,1
strong,7217,1
strong,7218,1
strong,7219,1
strong,7220,1
strong,7221,1
strong,7222,1
strong,7223,1
strong,7224,1
strong,7225,1
strong,7226,1
strong,7227,1
strong,7228,1
strong,7229,1
strong,7230,1
strong,7231,1
strong,7232,1
strong,7233,1
strong,7234,1
strong,7235,1
strong,7236,1
strong,7237,1
strong,7238,1
strong,7239,1
strong,7240,1
strong,7241,1
strong,7242,1
strong,7243,1
strong,7244,1
strong,7245,1
strong,7246,1
strong,7247,1
strong,7248,1
strong,7249,1
strong,7250,1
strong,7251,1
strong,7252,1
strong,7253,1
strong,7254,1
strong,7255,1
strong,7256,1
strong,7257,1
strong,7258,1
strong,7259,1
strong,7260,1
strong,7261,1
strong,7262,1
strong,7263,1
strong,7264,1
strong,7265,1
strong,7266,1
strong,7267,1
strong,7268,1
strong,7269,1
strong,7270,1
strong,7271,1
strong,7272,1
strong,7273,1
strong,7274,1
strong,7275,1
strong,7276,1
strong,7277,1
strong,7278,1
strong,7279,1
strong,7280,1
strong,7281,1
strong,7282,1
strong,7283,1
strong,7284,1
strong,7285,1
strong,7286,1
strong,7287,1
strong,7288,1
strong,7289,1
strong,7290,1
strong,7291,1
strong,7292,1
strong,7293,1
strong,7294,1
strong,7295,1
strong,7296,1
strong,7297,1
strong,7298,1
strong,7299,1
strong,7300,1
strong,7301,1
strong,7302,1
strong,7303,1
strong,7304,1
strong,7305,1
strong,7306,1
strong,7307,1
strong,7308,1
strong,7309,1
strong,7310,1
strong,7311,1
strong,7312,1
strong,7313,1
strong,7314,1
strong,7315,1
strong,7316,1
strong,7317,1
strong,7318,1
strong,7319,1
strong,7320,1
strong,7321,1
strong,7322,1
strong,7323,1
strong,7324,1
strong,7325,1
strong,7326,1
strong,7327,1
strong,7328,1
strong,7329,1
strong,7330,1
strong,7331,1
strong,7332,1
strong,7333,1
strong,7334,1
strong,7335,1
strong,7336,1
strong,7337,1
strong,7338,1
strong,7339,1
strong,7340,1
strong,7341,1
strong,7342,1
strong,7343,1
strong,7344,1
strong,7345,1
strong,7346,1
strong,7347,1
strong,7348,1
strong,7349,1
strong,7350,1
strong,7351,1
strong,7352,1
strong,7353,1
strong,7354,1
strong,7355,1
strong,7356,1
strong,7357,1
strong,7358,1
strong,7359,1
strong,7360,1
strong,7361,1
strong,7362,1
strong,7363,1
strong,7364,1
strong,7365,1
strong,7366,1
strong,7367,1
strong,7368,1
strong,7369,1
strong,7370,1
strong,7371,1
strong,7372,1
strong,7373,1
strong,7374,1
strong,7375,1
strong,7376,1
strong,7377,1
strong,7378,1
strong,7379,1
strong,7380,1
strong,7381,1
strong,7382,1
strong,7383,1
strong,7384,1
strong,7385,1
strong,7386,1
strong,7387,1
strong,7388,1
strong,7389,1
strong,7390,1
strong,7391,1
strong,7392,1
strong,7393,1
strong,7394,1
strong,7395,1
strong,7396,1
strong,7397,1
strong,7398,1
strong,7399,1
strong,7400,1
strong,7401,1
strong,7402,1
strong,7403,1
strong,7404,1
strong,7405,1
strong,7406,1
strong,7407,1
strong,7408,1
strong,7409,1
strong,7410,1
strong,7411,1
strong,7412,1
strong,7413,1
strong,7414,1
strong,7415,1
strong,7416,1
strong,7417,1
strong,7418,1
strong,7419,1
strong,7420,1
strong,7421,1
strong,7422,1
strong,7423,1
strong,7424,1
strong,7425,1
strong,7426,1
strong,7427,1
strong,7428,1
strong,7429,1
strong,7430,1
strong,7431,1
strong,7432,1
strong,7433,1
strong,7434,1
strong,7435,1
strong,7436,1
strong,7437,1
strong,7438,1
strong,7439,1
strong,7440,1
strong,7441,1
strong,7442,1
strong,7443,1
strong,7444,1
strong,7445,1
strong,7446,1
strong,7447,1
strong,7448,1
strong,7449,1
strong,7450,1
strong,7451,1
strong,7452,1
strong,7453,1
strong,7454,1
strong,7455,1
strong,7456,1
strong,7457,1
strong,7458,1
strong,7459,1
strong,7460,1
strong,7461,1
strong,7462,1
strong,7463,1
strong,7464,1
strong,7465,1
strong,7466,1
strong,7467,1
strong,7468,1
strong,7469,1
strong,7470,1
strong,7471,1
strong,7472,1
strong,7473,1
strong,7474,1
strong,7475,1
strong,7476,1
strong,7477,1
strong,7478,1
strong,7479,1
strong,7480,1
strong,7481,1
strong,7482,1
strong,7483,1
strong,7484,1
strong,7485,1
strong,7486,1
strong,7487,1
strong,7488,1
strong,7489,1
strong,7490,1
strong,7491,1
strong,7492,1
strong,7493,1
strong,7494,1
strong,7495,1
strong,7496,1
strong,7497,1
strong,7498,1
strong,7499,1
strong,7500,1
strong,7501,1
strong,7502,1
strong,7503,1
strong,7504,1
strong,7505,1
strong,7506,1
strong,7507,1
strong,7508,1
strong,7509,1
strong,7510,1
strong,7511,1
strong,7512,1
strong,7513,1
strong,7514,1
strong,7515,1
strong,7516,1
strong,7517,1
strong,7518,1
strong,7519,1
strong,7520,1
strong,7521,1
strong,7522,1
strong,7523,1
strong,7524,1
strong,7525,1
strong,7526,1
strong,7527,1
strong,7528,1
strong,7529,1
strong,7530,1
strong,7531,1
strong,7532,1
strong,7533,1
strong,7534,1
strong,7535,1
strong,7536,1
strong,7537,1
strong,7538,1
strong,7539,1
strong,7540,1
strong,7541,1
strong,7542,1
strong,7543,1
strong,7544,1
strong,7545,1
strong,7546,1
strong,7547,1
strong,7548,1
strong,7549,1
strong,7550,1
strong,7551,1
strong,7552,1
strong,7553,1
strong,7554,1
strong,7555,1
strong,7556,1
strong,7557,1
strong,7558,1
strong,7559,1
strong,7560,1
strong,7561,1
strong,7562,1
strong,7563,1
strong,7564,1
strong,7565,1
strong,7566,1
strong,7567,1
strong,7568,1
strong,7569,1
strong,7570,1
strong,7571,1
strong,7572,1
strong,7573,1
strong,7574,1
strong,7575,1
strong,7576,1
strong,7577,1
strong,7578,1
strong,7579,1
strong,7580,1
strong,7581,1
strong,7582,1
strong,7583,1
strong,7584,1
strong,7585,1
strong,7586,1
strong,7587,1
strong,7588,1
strong,7589,1
strong,7590,1
strong,7591,1
strong,7592,1
strong,7593,1
strong,7594,1
strong,7595,1
strong,7596,1
strong,7597,1
strong,7598,1
strong,7599,1
strong,7600,1
strong,7601,1
strong,7602,1
strong,7603,1
strong,7604,1
strong,7605,1
strong,7606,1
strong,7607,1
strong,7608,1
strong,7609,1
strong,7610,1
strong,7611,1
strong,7612,1
strong,7613,1
strong,7614,1
strong,7615,1
strong,7616,1
strong,7617,1
strong,7618,1
strong,7619,1
strong,7620,1
strong,7621,1
strong,7622,1
strong,7623,1
strong,7624,1
strong,7625,1
strong,7626,1
strong,7627,1
strong,7628,1
strong,7629,1
strong,7630,1
strong,7631,1
strong,7632,1
strong,7633,1
strong,7634,1
strong,7635,1
strong,7636,1
strong,7637,1
strong,7638,1
strong,7639,1
strong,7640,1
strong,7641,1
strong,7642,1
strong,7643,1
strong,7644,1
strong,7645,1
strong,7646,1
strong,7647,1
strong,7648,1
strong,7649,1
strong,7650,1
strong,7651,1
strong,7652,1
strong,7653,1
strong,7654,1
strong,7655,1
strong,7656,1
strong,7657,1
strong,7658,1
strong,7659,1
strong,7660,1
strong,7661,1
strong,7662,1
strong,7663,1
strong,7664,1
strong,7665,1
strong,7666,1
strong,7667,1
strong,7668,1
strong,7669,1
strong,7670,1
strong,7671,1
strong,7672,1
strong,7673,1
strong,7674,1
strong,7675,1
strong,7676,1
strong,7677,1
strong,7678,1
strong,7679,1
strong,7680,1
strong,7681,1
strong,7682,1
strong,7683,1
strong,7684,1
strong,7685,1
strong,7686,1
strong,7687,1
strong,7688,1
strong,7689,1
strong,7690,1
strong,7691,1
strong,7692,1
strong,7693,1
strong,7694,1
strong,7695,1
strong,7696,1
strong,7697,1
strong,7698,1
strong,7699,1
strong,7700,1
strong,7701,1
strong,7702,1
strong,7703,1
strong,7704,1
strong,7705,1
strong,7706,1
strong,7707,1
strong,7708,1
strong,7709,1
strong,7710,1
strong,7711,1
strong,7712,1
strong,7713,1
strong,7714,1
strong,7715,1
strong,7716,1
strong,7717,1
strong,7718,1
strong,7719,1
strong,7720,1
strong,7721,1
strong,7722,1
strong,7723,1
strong,7724,1
strong,7725,1
strong,7726,1
strong,7727,1
strong,7728,1
strong,7729,1
strong,7730,1
strong,7731,1
strong,7732,1
strong,7733,1
strong,7734,1
strong,7735,1
strong,7736,1
strong,7737,1
strong,7738,1
strong,7739,1
strong,7740,1
strong,7741,1
strong,7742,1
strong,7743,1
strong,7744,1
strong,7745,1
strong,7746,1
strong,7747,1
strong,7748,1
strong,7749,1
strong,7750,1
strong,7751,1
strong,7752,1
strong,7753,1
strong,7754,1
strong,7755,1
strong,7756,1
strong,7757,1
strong,7758,1
strong,7759,1
strong,7760,1
strong,7761,1
strong,7762,1
strong,7763,1
strong,7764,1
strong,7765,1
strong,7766,1
strong,7767,1
strong,7768,1
strong,7769,1
strong,7770,1
strong,7771,1
strong,7772,1
strong,7773,1
strong,7774,1
strong,7775,1
strong,7776,1
strong,7777,1
strong,7778,1
strong,7779,1
strong,7780,1
strong,7781,1
strong,7782,1
strong,7783,1
strong,7784,1
strong,7785,1
strong,7786,1
strong,7787,1
strong,7788,1
strong,7789,1
strong,7790,1
strong,7791,1
strong,7792,1
strong,7793,1
strong,7794,1
strong,7795,1
strong,7796,1
strong,7797,1
strong,7798,1
strong,7799,1
strong,7800,1
strong,7801,1
strong,7802,1
strong,7803,1
strong,7804,1
strong,7805,1
strong,7806,1
strong,7807,1
strong,7808,1
strong,7809,1
strong,7810,1
strong,7811,1
strong,7812,1
strong,7813,1
strong,7814,1
strong,7815,1
strong,7816,1
strong,7817,1
strong,7818,1
strong,7819,1
strong,7820,1
strong,7821,1
strong,7822,1
strong,7823,1
strong,7824,1
strong,7825,1
strong,7826,1
strong,7827,1
strong,7828,1
strong,7829,1
strong,7830,1
strong,7831,1
strong,7832,1
strong,7833,1
strong,7834,1
strong,7835,1
strong,7836,1
strong,7837,1
strong,7838,1
strong,7839,1
strong,7840,1
strong,7841,1
strong,7842,1
strong,7843,1
strong,7844,1
strong,7845,1
strong,7846,1
strong,7847,1
strong,7848,1
strong,7849,1
strong,7850,1
strong,7851,1
strong,7852,1
strong,7853,1
strong,7854,1
strong,7855,1
strong,7856,1
strong,7857,1
strong,7858,1
strong,7859,1
strong,7860,1
strong,7861,1
strong,7862,1
strong,7863,1
strong,7864,1
strong,7865,1
strong,7866,1
strong,7867,1
strong,7868,1
strong,7869,1
strong,7870,1
strong,7871,1
strong,7872,1
strong,7873,1
strong,7874,1
strong,7875,1
strong,7876,1
strong,7877,1
strong,7878,1
strong,7879,1
strong,7880,1
strong,7881,1
strong,7882,1
strong,7883,1
strong,7884,1
strong,7885,1
strong,7886,1
strong,7887,1
strong,7888,1
strong,7889,1
strong,7890,1
strong,7891,1
strong,7892,1
strong,7893,1
strong,7894,1
strong,7895,1
strong,7896,1
strong,7897,1
strong,7898,1
strong,7899,1
strong,7900,1
strong,7901,1
strong,7902,1
strong,7903,1
strong,7904,1
strong,7905,1
strong,7906,1
strong,7907,1
strong,7908,1
strong,7909,1
strong,7910,1
strong,7911,1
strong,7912,1
strong,7913,1
strong,7914,1
strong,7915,1
strong,7916,1
strong,7917,1
strong,7918,1
strong,7919,1
strong,7920,1
strong,7921,1
strong,7922,1
strong,7923,1
strong,7924,1
strong,7925,1
strong,7926,1
strong,7927,1
strong,7928,1
strong,7929,1
strong,7930,1
strong,7931,1
strong,7932,1
strong,7933,1
strong,7934,1
strong,7935,1
strong,7936,1
strong,7937,1
strong,7938,1
strong,7939,1
strong,7940,1
strong,7941,1
strong,7942,1
strong,7943,1
strong,7944,1
strong,7945,1
strong,7946,1
strong,7947,1
strong,7948,1
strong,7949,1
strong,7950,1
strong,7951,1
strong,7952,1
strong,7953,1
strong,7954,1
strong,7955,1
strong,7956,1
strong,7957,1
strong,7958,1
strong,7959,1
strong,7960,1
strong,7961,1
strong,7962,1
strong,7963,1
strong,7964,1
strong,7965,1
strong,7966,1
strong,7967,1
strong,7968,1
strong,7969,1
strong,7970,1
strong,7971,1
strong,7972,1
strong,7973,1
strong,7974,1
strong,7975,1
strong,7976,1
strong,7977,1
strong,7978,1
strong,7979,1
strong,7980,1
strong,7981,1
strong,7982,1
strong,7983,1
strong,7984,1
strong,7985,1
strong,7986,1
strong,7987,1
strong,7988,1
strong,7989,1
strong,7990,1
strong,7991,1
strong,7992,1
strong,7993,1
strong,7994,1
strong,7995,1
strong,7996,1
strong,7997,1
strong,7998,1
strong,7999,1
strong,8000,1
strong,8001,1
strong,8002,1
strong,8003,1
strong,8004,1
strong,8005,1
strong,8006,1
strong,8007,1
strong,8008,1
strong,8009,1
strong,8010,1
strong,8011,1
strong,8012,1
strong,8013,1
strong,8014,1
strong,8015,1
strong,8016,1
strong,8017,1
strong,8018,1
strong,8019,1
strong,8020,1
strong,8021,1
strong,8022,1
strong,8023,1
strong,8024,1
strong,8025,1
strong,8026,1
strong,8027,1
strong,8028,1
strong,8029,1
strong,8030,1
strong,8031,1
strong,8032,1
strong,8033,1
strong,8034,1
strong,8035,1
strong,8036,1
strong,8037,1
strong,8038,1
strong,8039,1
strong,8040,1
strong,8041,1
strong,8042,1
strong,8043,1
strong,8044,1
strong,8045,1
strong,8046,1
strong,8047,1
strong,8048,1
strong,8049,1
strong,8050,1
strong,8051,1
strong,8052,1
strong,8053,1
strong,8054,1
strong,8055,1
strong,8056,1
strong,8057,1
strong,8058,1
strong,8059,1
strong,8060,1
strong,8061,1
strong,8062,1
strong,8063,1
strong,8064,1
strong,8065,1
strong,8066,1
strong,8067,1
strong,8068,1
strong,8069,1
strong,8070,1
strong,8071,1
strong,8072,1
strong,8073,1
strong,8074,1
strong,8075,1
strong,8076,1
strong,8077,1
strong,8078,1
strong,8079,1
strong,8080,1
strong,8081,1
strong,8082,1
strong,8083,1
strong,8084,1
strong,8085,1
strong,8086,1
strong,8087,1
strong,8088,1
strong,8089,1
strong,8090,1
strong,8091,1
strong,8092,1
strong,8093,1
strong,8094,1
strong,8095,1
strong,8096,1
strong,8097,1
strong,8098,1
strong,8099,1
strong,8100,1
strong,8101,1
strong,8102,1
strong,8103,1
strong,8104,1
strong,8105,1
strong,8106,1
strong,8107,1
strong,8108,1
strong,8109,1
strong,8110,1
strong,8111,1
strong,8112,1
strong,8113,1
strong,8114,1
strong,8115,1
strong,8116,1
strong,8117,1
strong,8118,1
strong,8119,1
strong,8120,1
strong,8121,1
strong,8122,1
strong,8123,1
strong,8124,1
strong,8125,1
strong,8126,1
strong,8127,1
strong,8128,1
strong,8129,1
strong,8130,1
strong,8131,1
strong,8132,1
strong,8133,1
strong,8134,1
strong,8135,1
strong,8136,1
strong,8137,1
strong,8138,1
strong,8139,1
strong,8140,1
strong,8141,1
strong,8142,1
strong,8143,1
strong,8144,1
strong,8145,1
strong,8146,1
strong,8147,1
strong,8148,1
strong,8149,1
strong,8150,1
strong,8151,1
strong,8152,1
strong,8153,1
strong,8154,1
strong,8155,1
strong,8156,1
strong,8157,1
strong,8158,1
strong,8159,1
strong,8160,1
strong,8161,1
strong,8162,1
strong,8163,1
strong,8164,1
strong,8165,1
strong,8166,1
strong,8167,1
strong,8168,1
strong,8169,1
strong,8170,1
strong,8171,1
strong,8172,1
strong,8173,1
strong,8174,1
strong,8175,1
strong,8176,1
strong,8177,1
strong,8178,1
strong,8179,1
strong,8180,1
strong,8181,1
strong,8182,1
strong,8183,1
strong,8184,1
strong,8185,1
strong,8186,1
strong,8187,1
strong,8188,1
strong,8189,1
strong,8190,1
strong,8191,1
strong,8192,1
strong,8193,1
strong,8194,1
strong,8195,1
strong,8196,1
strong,8197,1
strong,8198,1
strong,8199,1
strong,8200,1
strong,8201,1
strong,8202,1
strong,8203,1
strong,8204,1
strong,8205,1
strong,8206,1
strong,8207,1
strong,8208,1
strong,8209,1
strong,8210,1
strong,8211,1
strong,8212,1
strong,8213,1
strong,8214,1
strong,8215,1
strong,8216,1
strong,8217,1
strong,8218,1
strong,8219,1
strong,8220,1
strong,8221,1
strong,8222,1
strong,8223,1
strong,8224,1
strong,8225,1
strong,8226,1
strong,8227,1
strong,8228,1
strong,8229,1
strong,8230,1
strong,8231,1
strong,8232,1
strong,8233,1
strong,8234,1
strong,8235,1
strong,8236,1
strong,8237,1
strong,8238,1
strong,8239,1
strong,8240,1
strong,8241,1
strong,8242,1
strong,8243,1
strong,8244,1
strong,8245,1
strong,8246,1
strong,8247,1
strong,8248,1
strong,8249,1
strong,8250,1
strong,8251,1
strong,8252,1
strong,8253,1
strong,8254,1
strong,8255,1
strong,8256,1
strong,8257,1
strong,8258,1
strong,8259,1
strong,8260,1
strong,8261,1
strong,8262,1
strong,8263,1
strong,8264,1
strong,8265,1
strong,8266,1
strong,8267,1
strong,8268,1
strong,8269,1
strong,8270,1
strong,8271,1
strong,8272,1
strong,8273,1
strong,8274,1
strong,8275,1
strong,8276,1
strong,8277,1
strong,8278,1
strong,8279,1
strong,8280,1
strong,8281,1
strong,8282,1
strong,8283,1
strong,8284,1
strong,8285,1
strong,8286,1
strong,8287,1
strong,8288,1
strong,8289,1
strong,8290,1
strong,8291,1
strong,8292,1
strong,8293,1
strong,8294,1
strong,8295,1
strong,8296,1
strong,8297,1
strong,8298,1
strong,8299,1
strong,8300,1
strong,8301,1
strong,8302,1
strong,8303,1
strong,8304,1
strong,8305,1
strong,8306,1
strong,8307,1
strong,8308,1
strong,8309,1
strong,8310,1
strong,8311,1
strong,8312,1
strong,8313,1
strong,8314,1
strong,8315,1
strong,8316,1
strong,8317,1
strong,8318,1
strong,8319,1
strong,8320,1
strong,8321,1
strong,8322,1
strong,8323,1
strong,8324,1
strong,8325,1
strong,8326,1
strong,8327,1
strong,8328,1
strong,8329,1
strong,8330,1
strong,8331,1
strong,8332,1
strong,8333,1
strong,8334,1
strong,8335,1
strong,8336,1
strong,8337,1
strong,8338,1
strong,8339,1
strong,8340,1
strong,8341,1
strong,8342,1
strong,8343,1
strong,8344,1
strong,8345,1
strong,8346,1
strong,8347,1
strong,8348,1
strong,8349,1
strong,8350,1
strong,8351,1
strong,8352,1
strong,8353,1
strong,8354,1
strong,8355,1
strong,8356,1
strong,8357,1
strong,8358,1
strong,8359,1
strong,8360,1
strong,8361,1
strong,8362,1
strong,8363,1
strong,8364,1
strong,8365,1
strong,8366,1
strong,8367,1
strong,8368,1
strong,8369,1
strong,8370,1
strong,8371,1
strong,8372,1
strong,8373,1
strong,8374,1
strong,8375,1
strong,8376,1
strong,8377,1
strong,8378,1
strong,8379,1
strong,8380,1
strong,8381,1
strong,8382,1
strong,8383,1
strong,8384,1
strong,8385,1
strong,8386,1
strong,8387,1
strong,8388,1
strong,8389,1
strong,8390,1
strong,8391,1
strong,8392,1
strong,8393,1
strong,8394,1
strong,8395,1
strong,8396,1
strong,8397,1
strong,8398,1
strong,8399,1
strong,8400,1
strong,8401,1
strong,8402,1
strong,8403,1
strong,8404,1
strong,8405,1
strong,8406,1
strong,8407,1
strong,8408,1
strong,8409,1
strong,8410,1
strong,8411,1
strong,8412,1
strong,8413,1
strong,8414,1
strong,8415,1
strong,8416,1
strong,8417,1
strong,8418,1
strong,8419,1
strong,8420,1
strong,8421,1
strong,8422,1
strong,8423,1
strong,8424,1
strong,8425,1
strong,8426,1
strong,8427,1
strong,8428,1
strong,8429,1
strong,8430,1
strong,8431,1
strong,8432,1
strong,8433,1
strong,8434,1
strong,8435,1
strong,8436,1
strong,8437,1
strong,8438,1
strong,8439,1
strong,8440,1
strong,8441,1
strong,8442,1
strong,8443,1
strong,8444,1
strong,8445,1
strong,8446,1
strong,8447,1
strong,8448,1
strong,8449,1
strong,8450,1
strong,8451,1
strong,8452,1
strong,8453,1
strong,8454,1
strong,8455,1
strong,8456,1
strong,8457,1
strong,8458,1
strong,8459,1
strong,8460,1
strong,8461,1
strong,8462,1
strong,8463,1
strong,8464,1
strong,8465,1
strong,8466,1
strong,8467,1
strong,8468,1
strong,8469,1
strong,8470,1
strong,8471,1
strong,8472,1
strong,8473,1
strong,8474,1
strong,8475,1
strong,8476,1
strong,8477,1
strong,8478,1
strong,8479,1
strong,8480,1
strong,8481,1
strong,8482,1
strong,8483,1
strong,8484,1
strong,8485,1
strong,8486,1
strong,8487,1
strong,8488,1
strong,8489,1
strong,8490,1
strong,8491,1
strong,8492,1
strong,8493,1
strong,8494,1
strong,8495,1
strong,8496,1
strong,8497,1
strong,8498,1
strong,8499,1
strong,8500,1
strong,8501,1
strong,8502,1
strong,8503,1
strong,8504,1
strong,8505,1
strong,8506,1
strong,8507,1
strong,8508,1
strong,8509,1
strong,8510,1
strong,8511,1
strong,8512,1
strong,8513,1
strong,8514,1
strong,8515,1
strong,8516,1
strong,8517,1
strong,8518,1
strong,8519,1
strong,8520,1
strong,8521,1
strong,8522,1
strong,8523,1
strong,8524,1
strong,8525,1
strong,8526,1
strong,8527,1
strong,8528,1
strong,8529,1
strong,8530,1
strong,8531,1
strong,8532,1
strong,8533,1
strong,8534,1
strong,8535,1
strong,8536,1
strong,8537,1
strong,8538,1
strong,8539,1
strong,8540,1
strong,8541,1
strong,8542,1
strong,8543,1
strong,8544,1
strong,8545,1
strong,8546,1
strong,8547,1
strong,8548,1
strong,8549,1
strong,8550,1
strong,8551,1
strong,8552,1
strong,8553,1
strong,8554,1
strong,8555,1
strong,8556,1
strong,8557,1
strong,8558,1
strong,8559,1
strong,8560,1
strong,8561,1
strong,8562,1
strong,8563,1
strong,8564,1
strong,8565,1
strong,8566,1
strong,8567,1
strong,8568,1
strong,8569,1
strong,8570,1
strong,8571,1
strong,8572,1
strong,8573,1
strong,8574,1
strong,8575,1
strong,8576,1
strong,8577,1
strong,8578,1
strong,8579,1
strong,8580,1
strong,8581,1
strong,8582,1
strong,8583,1
strong,8584,1
strong,8585,1
strong,8586,1
strong,8587,1
strong,8588,1
strong,8589,1
strong,8590,1
strong,8591,1
strong,8592,1
strong,8593,1
strong,8594,1
strong,8595,1
strong,8596,1
strong,8597,1
strong,8598,1
strong,8599,1
strong,8600,1
strong,8601,1
strong,8602,1
strong,8603,1
strong,8604,1
strong,8605,1
strong,8606,1
strong,8607,1
strong,8608,1
strong,8609,1
strong,8610,1
strong,8611,1
strong,8612,1
strong,8613,1
strong,8614,1
strong,8615,1
strong,8616,1
strong,8617,1
strong,8618,1
strong,8619,1
strong,8620,1
strong,8621,1
strong,8622,1
strong,8623,1
strong,8624,1
strong,8625,1
strong,8626,1
strong,8627,1
strong,8628,1
strong,8629,1
strong,8630,1
strong,8631,1
strong,8632,1
strong,8633,1
strong,8634,1
strong,8635,1
strong,8636,1
strong,8637,1
strong,8638,1
strong,8639,1
strong,8640,1
strong,8641,1
strong,8642,1
strong,8643,1
strong,8644,1
strong,8645,1
strong,8646,1
strong,8647,1
strong,8648,1
strong,8649,1
strong,8650,1
strong,8651,1
strong,8652,1
strong,8653,1
strong,8654,1
strong,8655,1
strong,8656,1
strong,8657,1
strong,8658,1
strong,8659,1
strong,8660,1
strong,8661,1
strong,8662,1
strong,8663,1
strong,8664,1
strong,8665,1
strong,8666,1
strong,8667,1
strong,8668,1
strong,8669,1
strong,8670,1
strong,8671,1
strong,8672,1
strong,8673,1
strong,8674,1
strong,8675,1
strong,8676,1
strong,8677,1
strong,8678,1
strong,8679,1
strong,8680,1
strong,8681,1
strong,8682,1
strong,8683,1
strong,8684,1
strong,8685,1
strong,8686,1
strong,8687,1
strong,8688,1
strong,8689,1
strong,8690,1
strong,8691,1
strong,8692,1
strong,8693,1
strong,8694,1
strong,8695,1
strong,8696,1
strong,8697,1
strong,8698,1
strong,8699,1
strong,8700,1
strong,8701,1
strong,8702,1
strong,8703,1
strong,8704,1
strong,8705,1
strong,8706,1
strong,8707,1
strong,8708,1
strong,8709,1
strong,8710,1
strong,8711,1
strong,8712,1
strong,8713,1
strong,8714,1
strong,8715,1
strong,8716,1
strong,8717,1
strong,8718,1
strong,8719,1
strong,8720,1
strong,8721,1
strong,8722,1
strong,8723,1
strong,8724,1
strong,8725,1
strong,8726,1
strong,8727,1
strong,8728,1
strong,8729,1
strong,8730,1
strong,8731,1
strong,8732,1
strong,8733,1
strong,8734,1
strong,8735,1
strong,8736,1
strong,8737,1
strong,8738,1
strong,8739,1
strong,8740,1
strong,8741,1
strong,8742,1
strong,8743,1
strong,8744,1
strong,8745,1
strong,8746,1
strong,8747,1
strong,8748,1
strong,8749,1
strong,8750,1
strong,8751,1
strong,8752,1
strong,8753,1
strong,8754,1
strong,8755,1
strong,8756,1
strong,8757,1
strong,8758,1
strong,8759,1
strong,8760,1
strong,8761,1
strong,8762,1
strong,8763,1
strong,8764,1
strong,8765,1
strong,8766,1
strong,8767,1
strong,8768,1
strong,8769,1
strong,8770,1
strong,8771,1
strong,8772,1
strong,8773,1
strong,8774,1
strong,8775,1
strong,8776,1
strong,8777,1
strong,8778,1
strong,8779,1
strong,8780,1
strong,8781,1
strong,8782,1
strong,8783,1
strong,8784,1
strong,8785,1
strong,8786,1
strong,8787,1
strong,8788,1
strong,8789,1
strong,8790,1
strong,8791,1
strong,8792,1
strong,8793,1
strong,8794,1
strong,8795,1
strong,8796,1
strong,8797,1
strong,8798,1
strong,8799,1
strong,8800,1
strong,8801,1
strong,8802,1
strong,8803,1
strong,8804,1
strong,8805,1
strong,8806,1
strong,8807,1
strong,8808,1
strong,8809,1
strong,8810,1
strong,8811,1
strong,8812,1
strong,8813,1
strong,8814,1
strong,8815,1
strong,8816,1
strong,8817,1
strong,8818,1
strong,8819,1
strong,8820,1
strong,8821,1
strong,8822,1
strong,8823,1
strong,8824,1
strong,8825,1
strong,8826,1
strong,8827,1
strong,8828,1
strong,8829,1
strong,8830,1
strong,8831,1
strong,8832,1
strong,8833,1
strong,8834,1
strong,8835,1
strong,8836,1
strong,8837,1
strong,8838,1
strong,8839,1
strong,8840,1
strong,8841,1
strong,8842,1
strong,8843,1
strong,8844,1
strong,8845,1
strong,8846,1
strong,8847,1
strong,8848,1
strong,8849,1
strong,8850,1
strong,8851,1
strong,8852,1
strong,8853,1
strong,8854,1
strong,8855,1
strong,8856,1
strong,8857,1
strong,8858,1
strong,8859,1
strong,8860,1
strong,8861,1
strong,8862,1
strong,8863,1
strong,8864,1
strong,8865,1
strong,8866,1
strong,8867,1
strong,8868,1
strong,8869,1
strong,8870,1
strong,8871,1
strong,8872,1
strong,8873,1
strong,8874,1
strong,8875,1
strong,8876,1
strong,8877,1
strong,8878,1
strong,8879,1
strong,8880,1
strong,8881,1
strong,8882,1
strong,8883,1
strong,8884,1
strong,8885,1
strong,8886,1
strong,8887,1
strong,8888,1
strong,8889,1
strong,8890,1
strong,8891,1
strong,8892,1
strong,8893,1
strong,8894,1
strong,8895,1
strong,8896,1
strong,8897,1
strong,8898,1
strong,8899,1
strong,8900,1
strong,8901,1
strong,8902,1
strong,8903,1
strong,8904,1
strong,8905,1
strong,8906,1
strong,8907,1
strong,8908,1
strong,8909,1
strong,8910,1
strong,8911,1
strong,8912,1
strong,8913,1
strong,8914,1
strong,8915,1
strong,8916,1
strong,8917,1
strong,8918,1
strong,8919,1
strong,8920,1
strong,8921,1
strong,8922,1
strong,8923,1
strong,8924,1
strong,8925,1
strong,8926,1
strong,8927,1
strong,8928,1
strong,8929,1
strong,8930,1
strong,8931,1
strong,8932,1
strong,8933,1
strong,8934,1
strong,8935,1
strong,8936,1
strong,8937,1
strong,8938,1
strong,8939,1
strong,8940,1
strong,8941,1
strong,8942,1
strong,8943,1
strong,8944,1
strong,8945,1
strong,8946,1
strong,8947,1
strong,8948,1
strong,8949,1
strong,8950,1
strong,8951,1
strong,8952,1
strong,8953,1
strong,8954,1
strong,8955,1
strong,8956,1
strong,8957,1
strong,8958,1
strong,8959,1
strong,8960,1
strong,8961,1
strong,8962,1
strong,8963,1
strong,8964,1
strong,8965,1
strong,8966,1
strong,8967,1
strong,8968,1
strong,8969,1
strong,8970,1
strong,8971,1
strong,8972,1
strong,8973,1
strong,8974,1
strong,8975,1
strong,8976,1
strong,8977,1
strong,8978,1
strong,8979,1
strong,8980,1
strong,8981,1
strong,8982,1
strong,8983,1
strong,8984,1
strong,8985,1
strong,8986,1
strong,8987,1
strong,8988,1
strong,8989,1
strong,8990,1
strong,8991,1
strong,8992,1
strong,8993,1
strong,8994,1
strong,8995,1
strong,8996,1
strong,8997,1
strong,8998,1
strong,8999,1
strong,9000,1
strong,9001,1
strong,9002,1
strong,9003,1
strong,9004,1
strong,9005,1
strong,9006,1
strong,9007,1
strong,9008,1
strong,9009,1
strong,9010,1
strong,9011,1
strong,9012,1
strong,9013,1
strong,9014,1
strong,9015,1
strong,9016,1
strong,9017,1
strong,9018,1
strong,9019,1
strong,9020,1
strong,9021,1
strong,9022,1
strong,9023,1
strong,9024,1
strong,9025,1
strong,9026,1
strong,9027,1
strong,9028,1
strong,9029,1
strong,9030,1
strong,9031,1
strong,9032,1
strong,9033,1
strong,9034,1
strong,9035,1
strong,9036,1
strong,9037,1
strong,9038,1
strong,9039,1
strong,9040,1
strong,9041,1
strong,9042,1
strong,9043,1
strong,9044,1
strong,9045,1
strong,9046,1
strong,9047,1
strong,9048,1
strong,9049,1
strong,9050,1
strong,9051,1
strong,9052,1
strong,9053,1
strong,9054,1
strong,9055,1
strong,9056,1
strong,9057,1
strong,9058,1
strong,9059,1
strong,9060,1
strong,9061,1
strong,9062,1
strong,9063,1
strong,9064,1
strong,9065,1
strong,9066,1
strong,9067,1
strong,9068,1
strong,9069,1
strong,9070,1
strong,9071,1
strong,9072,1
strong,9073,1
strong,9074,1
strong,9075,1
strong,9076,1
strong,9077,1
strong,9078,1
strong,9079,1
strong,9080,1
strong,9081,1
strong,9082,1
strong,9083,1
strong,9084,1
strong,9085,1
strong,9086,1
strong,9087,1
strong,9088,1
strong,9089,1
strong,9090,1
strong,9091,1
strong,9092,1
strong,9093,1
strong,9094,1
strong,9095,1
strong,9096,1
strong,9097,1
strong,9098,1
strong,9099,1
strong,9100,1
strong,9101,1
strong,9102,1
strong,9103,1
strong,9104,1
strong,9105,1
strong,9106,1
strong,9107,1
strong,9108,1
strong,9109,1
strong,9110,1
strong,9111,1
strong,9112,1
strong,9113,1
strong,9114,1
strong,9115,1
strong,9116,1
strong,9117,1
strong,9118,1
strong,9119,1
strong,9120,1
strong,9121,1
strong,9122,1
strong,9123,1
strong,9124,1
strong,9125,1
strong,9126,1
strong,9127,1
strong,9128,1
strong,9129,1
strong,9130,1
strong,9131,1
strong,9132,1
strong,9133,1
strong,9134,1
strong,9135,1
strong,9136,1
strong,9137,1
strong,9138,1
strong,9139,1
strong,9140,1
strong,9141,1
strong,9142,1
strong,9143,1
strong,9144,1
strong,9145,1
strong,9146,1
strong,9147,1
strong,9148,1
strong,9149,1
strong,9150,1
strong,9151,1
strong,9152,1
strong,9153,1
strong,9154,1
strong,9155,1
strong,9156,1
strong,9157,1
strong,9158,1
strong,9159,1
strong,9160,1
strong,9161,1
strong,9162,1
strong,9163,1
strong,9164,1
strong,9165,1
strong,9166,1
strong,9167,1
strong,9168,1
strong,9169,1
strong,9170,1
strong,9171,1
strong,9172,1
strong,9173,1
strong,9174,1
strong,9175,1
strong,9176,1
strong,9177,1
strong,9178,1
strong,9179,1
strong,9180,1
strong,9181,1
strong,9182,1
strong,9183,1
strong,9184,1
strong,9185,1
strong,9186,1
strong,9187,1
strong,9188,1
strong,9189,1
strong,9190,1
strong,9191,1
strong,9192,1
strong,9193,1
strong,9194,1
strong,9195,1
strong,9196,1
strong,9197,1
strong,9198,1
strong,9199,1
strong,9200,1
strong,9201,1
strong,9202,1
strong,9203,1
strong,9204,1
strong,9205,1
strong,9206,1
strong,9207,1
strong,9208,1
strong,9209,1
strong,9210,1
strong,9211,1
strong,9212,1
strong,9213,1
strong,9214,1
strong,9215,1
strong,9216,1
strong,9217,1
strong,9218,1
strong,9219,1
strong,9220,1
strong,9221,1
strong,9222,1
strong,9223,1
strong,9224,1
strong,9225,1
strong,9226,1
strong,9227,1
strong,9228,1
strong,9229,1
strong,9230,1
strong,9231,1
strong,9232,1
strong,9233,1
strong,9234,1
strong,9235,1
strong,9236,1
strong,9237,1
strong,9238,1
strong,9239,1
strong,9240,1
strong,9241,1
strong,9242,1
strong,9243,1
strong,9244,1
strong,9245,1
strong,9246,1
strong,9247,1
strong,9248,1
strong,9249,1
strong,9250,1
strong,9251,1
strong,9252,1
strong,9253,1
strong,9254,1
strong,9255,1
strong,9256,1
strong,9257,1
strong,9258,1
strong,9259,1
strong,9260,1
strong,9261,1
strong,9262,1
strong,9263,1
strong,9264,1
strong,9265,1
strong,9266,1
strong,9267,1
strong,9268,1
strong,9269,1
strong,9270,1
strong,9271,1
strong,9272,1
strong,9273,1
strong,9274,1
strong,9275,1
strong,9276,1
strong,9277,1
strong,9278,1
strong,9279,1
strong,9280,1
strong,9281,1
strong,9282,1
strong,9283,1
strong,9284,1
strong,9285,1
strong,9286,1
strong,9287,1
strong,9288,1
strong,9289,1
strong,9290,1
strong,9291,1
strong,9292,1
strong,9293,1
strong,9294,1
strong,9295,1
strong,9296,1
strong,9297,1
strong,9298,1
strong,9299,1
strong,9300,1
strong,9301,1
strong,9302,1
strong,9303,1
strong,9304,1
strong,9305,1
strong,9306,1
strong,9307,1
strong,9308,1
strong,9309,1
strong,9310,1
strong,9311,1
strong,9312,1
strong,9313,1
strong,9314,1
strong,9315,1
strong,9316,1
strong,9317,1
strong,9318,1
strong,9319,1
strong,9320,1
strong,9321,1
strong,9322,1
strong,9323,1
strong,9324,1
strong,9325,1
strong,9326,1
strong,9327,1
strong,9328,1
strong,9329,1
strong,9330,1
strong,9331,1
strong,9332,1
strong,9333,1
strong,9334,1
strong,9335,1
strong,9336,1
strong,9337,1
strong,9338,1
strong,9339,1
strong,9340,1
strong,9341,1
strong,9342,1
strong,9343,1
strong,9344,1
strong,9345,1
strong,9346,1
strong,9347,1
strong,9348,1
strong,9349,1
strong,9350,1
strong,9351,1
strong,9352,1
strong,9353,1
strong,9354,1
strong,9355,1
strong,9356,1
strong,9357,1
strong,9358,1
strong,9359,1
strong,9360,1
strong,9361,1
strong,9362,1
strong,9363,1
strong,9364,1
strong,9365,1
strong,9366,1
strong,9367,1
strong,9368,1
strong,9369,1
strong,9370,1
strong,9371,1
strong,9372,1
strong,9373,1
strong,9374,1
strong,9375,1
strong,9376,1
strong,9377,1
strong,9378,1
strong,9379,1
strong,9380,1
strong,9381,1
strong,9382,1
strong,9383,1
strong,9384,1
strong,9385,1
strong,9386,1
strong,9387,1
strong,9388,1
strong,9389,1
strong,9390,1
strong,9391,1
strong,9392,1
strong,9393,1
strong,9394,1
strong,9395,1
strong,9396,1
strong,9397,1
strong,9398,1
strong,9399,1
strong,9400,1
strong,9401,1
strong,9402,1
strong,9403,1
strong,9404,1
strong,9405,1
strong,9406,1
strong,9407,1
strong,9408,1
strong,9409,1
strong,9410,1
strong,9411,1
strong,9412,1
strong,9413,1
strong,9414,1
strong,9415,1
strong,9416,1
strong,9417,1
strong,9418,1
strong,9419,1
strong,9420,1
strong,9421,1
strong,9422,1
strong,9423,1
strong,9424,1
strong,9425,1
strong,9426,1
strong,9427,1
strong,9428,1
strong,9429,1
strong,9430,1
strong,9431,1
strong,9432,1
strong,9433,1
strong,9434,1
strong,9435,1
strong,9436,1
strong,9437,1
strong,9438,1
strong,9439,1
strong,9440,1
strong,9441,1
strong,9442,1
strong,9443,1
strong,9444,1
strong,9445,1
strong,9446,1
strong,9447,1
strong,9448,1
strong,9449,1
strong,9450,1
strong,9451,1
strong,9452,1
strong,9453,1
strong,9454,1
strong,9455,1
strong,9456,1
strong,9457,1
strong,9458,1
strong,9459,1
strong,9460,1
strong,9461,1
strong,9462,1
strong,9463,1
strong,9464,1
strong,9465,1
strong,9466,1
strong,9467,1
strong,9468,1
strong,9469,1
strong,9470,1
strong,9471,1
strong,9472,1
strong,9473,1
strong,9474,1
strong,9475,1
strong,9476,1
strong,9477,1
strong,9478,1
strong,9479,1
strong,9480,1
strong,9481,1
strong,9482,1
strong,9483,1
strong,9484,1
strong,9485,1
strong,9486,1
strong,9487,1
strong,9488,1
strong,9489,1
strong,9490,1
strong,9491,1
strong,9492,1
strong,9493,1
strong,9494,1
strong,9495,1
strong,9496,1
strong,9497,1
strong,9498,1
strong,9499,1
strong,9500,1
strong,9501,1
strong,9502,1
strong,9503,1
strong,9504,1
strong,9505,1
strong,9506,1
strong,9507,1
strong,9508,1
strong,9509,1
strong,9510,1
strong,9511,1
strong,9512,1
strong,9513,1
strong,9514,1
strong,9515,1
strong,9516,1
strong,9517,1
strong,9518,1
strong,9519,1
strong,9520,1
strong,9521,1
strong,9522,1
strong,9523,1
strong,9524,1
strong,9525,1
strong,9526,1
strong,9527,1
strong,9528,1
strong,9529,1
strong,9530,1
strong,9531,1
strong,9532,1
strong,9533,1
strong,9534,1
strong,9535,1
strong,9536,1
strong,9537,1
strong,9538,1
strong,9539,1
strong,9540,1
strong,9541,1
strong,9542,1
strong,9543,1
strong,9544,1
strong,9545,1
strong,9546,1
strong,9547,1
strong,9548,1
strong,9549,1
strong,9550,1
strong,9551,1
strong,9552,1
strong,9553,1
strong,9554,1
strong,9555,1
strong,9556,1
strong,9557,1
strong,9558,1
strong,9559,1
strong,9560,1
strong,9561,1
strong,9562,1
strong,9563,1
strong,9564,1
strong,9565,1
strong,9566,1
strong,9567,1
strong,9568,1
strong,9569,1
strong,9570,1
strong,9571,1
strong,9572,1
strong,9573,1
strong,9574,1
strong,9575,1
strong,9576,1
strong,9577,1
strong,9578,1
strong,9579,1
strong,9580,1
strong,9581,1
strong,9582,1
strong,9583,1
strong,9584,1
strong,9585,1
strong,9586,1
strong,9587,1
strong,9588,1
strong,9589,1
strong,9590,1
strong,9591,1
strong,9592,1
strong,9593,1
strong,9594,1
strong,9595,1
strong,9596,1
strong,9597,1
strong,9598,1
strong,9599,1
strong,9600,1
strong,9601,1
strong,9602,1
strong,9603,1
strong,9604,1
strong,9605,1
strong,9606,1
strong,9607,1
strong,9608,1
strong,9609,1
strong,9610,1
strong,9611,1
strong,9612,1
strong,9613,1
strong,9614,1
strong,9615,1
strong,9616,1
strong,9617,1
strong,9618,1
strong,9619,1
strong,9620,1
strong,9621,1
strong,9622,1
strong,9623,1
strong,9624,1
strong,9625,1
strong,9626,1
strong,9627,1
strong,9628,1
strong,9629,1
strong,9630,1
strong,9631,1
strong,9632,1
strong,9633,1
strong,9634,1
strong,9635,1
strong,9636,1
strong,9637,1
strong,9638,1
strong,9639,1
strong,9640,1
strong,9641,1
strong,9642,1
strong,9643,1
strong,9644,1
strong,9645,1
strong,9646,1
strong,9647,1
strong,9648,1
strong,9649,1
strong,9650,1
strong,9651,1
strong,9652,1
strong,9653,1
strong,9654,1
strong,9655,1
strong,9656,1
strong,9657,1
strong,9658,1
strong,9659,1
strong,9660,1
strong,9661,1
strong,9662,1
strong,9663,1
strong,9664,1
strong,9665,1
strong,9666,1
strong,9667,1
strong,9668,1
strong,9669,1
strong,9670,1
strong,9671,1
strong,9672,1
strong,9673,1
strong,9674,1
strong,9675,1
strong,9676,1
strong,9677,1
strong,9678,1
strong,9679,1
strong,9680,1
strong,9681,1
strong,9682,1
strong,9683,1
strong,9684,1
strong,9685,1
strong,9686,1
strong,9687,1
strong,9688,1
strong,9689,1
strong,9690,1
strong,9691,1
strong,9692,1
strong,9693,1
strong,9694,1
strong,9695,1
strong,9696,1
strong,9697,1
strong,9698,1
strong,9699,1
strong,9700,1
strong,9701,1
strong,9702,1
strong,9703,1
strong,9704,1
strong,9705,1
strong,9706,1
strong,9707,1
strong,9708,1
strong,9709,1
strong,9710,1
strong,9711,1
strong,9712,1
strong,9713,1
strong,9714,1
strong,9715,1
strong,9716,1
strong,9717,1
strong,9718,1
strong,9719,1
strong,9720,1
strong,9721,1
strong,9722,1
strong,9723,1
strong,9724,1
strong,9725,1
strong,9726,1
strong,9727,1
strong,9728,1
strong,9729,1
strong,9730,1
strong,9731,1
strong,9732,1
strong,9733,1
strong,9734,1
strong,9735,1
strong,9736,1
strong,9737,1
strong,9738,1
strong,9739,1
strong,9740,1
strong,9741,1
strong,9742,1
strong,9743,1
strong,9744,1
strong,9745,1
strong,9746,1
strong,9747,1
strong,9748,1
strong,9749,1
strong,9750,1
strong,9751,1
strong,9752,1
strong,9753,1
strong,9754,1
strong,9755,1
strong,9756,1
strong,9757,1
strong,9758,1
strong,9759,1
strong,9760,1
strong,9761,1
strong,9762,1
strong,9763,1
strong,9764,1
strong,9765,1
strong,9766,1
strong,9767,1
strong,9768,1
strong,9769,1
strong,9770,1
strong,9771,1
strong,9772,1
strong,9773,1
strong,9774,1
strong,9775,1
strong,9776,1
strong,9777,1
strong,9778,1
strong,9779,1
strong,9780,1
strong,9781,1
strong,9782,1
strong,9783,1
strong,9784,1
strong,9785,1
strong,9786,1
strong,9787,1
strong,9788,1
strong,9789,1
strong,9790,1
strong,9791,1
strong,9792,1
strong,9793,1
strong,9794,1
strong,9795,1
strong,9796,1
strong,9797,1
strong,9798,1
strong,9799,1
strong,9800,1
strong,9801,1
strong,9802,1
strong,9803,1
strong,9804,1
strong,9805,1
strong,9806,1
strong,9807,1
strong,9808,1
strong,9809,1
strong,9810,1
strong,9811,1
strong,9812,1
strong,9813,1
strong,9814,1
strong,9815,1
strong,9816,1
strong,9817,1
strong,9818,1
strong,9819,1
strong,9820,1
strong,9821,1
strong,9822,1
strong,9823,1
strong,9824,1
strong,9825,1
strong,9826,1
strong,9827,1
strong,9828,1
strong,9829,1
strong,9830,1
strong,9831,1
strong,9832,1
strong,9833,1
strong,9834,1
strong,9835,1
strong,9836,1
strong,9837,1
strong,9838,1
strong,9839,1
strong,9840,1
strong,9841,1
strong,9842,1
strong,9843,1
strong,9844,1
strong,9845,1
strong,9846,1
strong,9847,1
strong,9848,1
strong,9849,1
strong,9850,1
strong,9851,1
strong,9852,1
strong,9853,1
strong,9854,1
strong,9855,1
strong,9856,1
strong,9857,1
strong,9858,1
strong,9859,1
strong,9860,1
strong,9861,1
strong,9862,1
strong,9863,1
strong,9864,1
strong,9865,1
strong,9866,1
strong,9867,1
strong,9868,1
strong,9869,1
strong,9870,1
strong,9871,1
strong,9872,1
strong,9873,1
strong,9874,1
strong,9875,1
strong,9876,1
strong,9877,1
strong,9878,1
strong,9879,1
strong,9880,1
strong,9881,1
strong,9882,1
strong,9883,1
strong,9884,1
strong,9885,1
strong,9886,1
strong,9887,1
strong,9888,1
strong,9889,1
strong,9890,1
strong,9891,1
strong,9892,1
strong,9893,1
strong,9894,1
strong,9895,1
strong,9896,1
strong,9897,1
strong,9898,1
strong,9899,1
strong,9900,1
strong,9901,1
strong,9902,1
strong,9903,1
strong,9904,1
strong,9905,1
strong,9906,1
strong,9907,1
strong,9908,1
strong,9909,1
strong,9910,1
strong,9911,1
strong,9912,1
strong,9913,1
strong,9914,1
strong,9915,1
strong,9916,1
strong,9917,1
strong,9918,1
strong,9919,1
strong,9920,1
strong,9921,1
strong,9922,1
strong,9923,1
strong,9924,1
strong,9925,1
strong,9926,1
strong,9927,1
strong,9928,1
strong,9929,1
strong,9930,1
strong,9931,1
strong,9932,1
strong,9933,1
strong,9934,1
strong,9935,1
strong,9936,1
strong,9937,1
strong,9938,1
strong,9939,1
strong,9940,1
strong,9941,1
strong,9942,1
strong,9943,1
strong,9944,1
strong,9945,1
strong,9946,1
strong,9947,1
strong,9948,1
strong,9949,1
strong,9950,1
strong,9951,1
strong,9952,1
strong,9953,1
strong,9954,1
strong,9955,1
strong,9956,1
strong,9957,1
strong,9958,1
strong,9959,1
strong,9960,1
strong,9961,1
strong,9962,1
strong,9963,1
strong,9964,1
strong,9965,1
strong,9966,1
strong,9967,1
strong,9968,1
strong,9969,1
strong,9970,1
strong,9971,1
strong,9972,1
strong,9973,1
strong,9974,1
strong,9975,1
strong,9976,1
strong,9977,1
strong,9978,1
strong,9979,1
strong,9980,1
strong,9981,1
strong,9982,1
strong,9983,1
strong,9984,1
strong,9985,1
strong,9986,1
strong,9987,1
strong,9988,1
strong,9989,1
strong,9990,1
strong,9991,1
strong,9992,1
strong,9993,1
strong,9994,1
strong,9995,1
strong,9996,1
strong,9997,1
strong,9998,1
strong,9999,1
strong,10000,1
strong,10001,1
strong,10002,1
strong,10003,1
strong,10004,1
strong,10005,1
strong,10006,1
strong,10007,1
strong,10008,1
strong,10009,1
strong,10010,1
strong,10011,1
strong,10012,1
strong,10013,1
strong,10014,1
strong,10015,1
strong,10016,1
strong,10017,1
strong,10018,1
strong,10019,1
strong,10020,1
strong,10021,1
strong,10022,1
strong,10023,1
strong,10024,1
strong,10025,1
strong,10026,1
strong,10027,1
strong,10028,1
strong,10029,1
strong,10030,1
strong,10031,1
strong,10032,1
strong,10033,1
strong,10034,1
strong,10035,1
strong,10036,1
strong,10037,1
strong,10038,1
strong,10039,1
strong,10040,1
strong,10041,1
strong,10042,1
strong,10043,1
strong,10044,1
strong,10045,1
strong,10046,1
strong,10047,1
strong,10048,1
strong,10049,1
strong,10050,1
strong,10051,1
strong,10052,1
strong,10053,1
strong,10054,1
strong,10055,1
strong,10056,1
strong,10057,1
strong,10058,1
strong,10059,1
strong,10060,1
strong,10061,1
strong,10062,1
strong,10063,1
strong,10064,1
strong,10065,1
strong,10066,1
strong,10067,1
strong,10068,1
strong,10069,1
strong,10070,1
strong,10071,1
strong,10072,1
strong,10073,1
strong,10074,1
strong,10075,1
strong,10076,1
strong,10077,1
strong,10078,1
strong,10079,1
strong,10080,1
strong,10081,1
strong,10082,1
strong,10083,1
strong,10084,1
strong,10085,1
strong,10086,1
strong,10087,1
strong,10088,1
strong,10089,1
strong,10090,1
strong,10091,1
strong,10092,1
strong,10093,1
strong,10094,1
strong,10095,1
strong,10096,1
strong,10097,1
strong,10098,1
strong,10099,1
strong,10100,1
strong,10101,1
strong,10102,1
strong,10103,1
strong,10104,1
strong,10105,1
strong,10106,1
strong,10107,1
strong,10108,1
strong,10109,1
strong,10110,1
strong,10111,1
strong,10112,1
strong,10113,1
strong,10114,1
strong,10115,1
strong,10116,1
strong,10117,1
strong,10118,1
strong,10119,1
strong,10120,1
strong,10121,1
strong,10122,1
strong,10123,1
strong,10124,1
strong,10125,1
strong,10126,1
strong,10127,1
strong,10128,1
strong,10129,1
strong,10130,1
strong,10131,1
strong,10132,1
strong,10133,1
strong,10134,1
strong,10135,1
strong,10136,1
strong,10137,1
strong,10138,1
strong,10139,1
strong,10140,1
strong,10141,1
strong,10142,1
strong,10143,1
strong,10144,1
strong,10145,1
strong,10146,1
strong,10147,1
strong,10148,1
strong,10149,1
strong,10150,1
strong,10151,1
strong,10152,1
strong,10153,1
strong,10154,1
strong,10155,1
strong,10156,1
strong,10157,1
strong,10158,1
strong,10159,1
strong,10160,1
strong,10161,1
strong,10162,1
strong,10163,1
strong,10164,1
strong,10165,1
strong,10166,1
strong,10167,1
strong,10168,1
strong,10169,1
strong,10170,1
strong,10171,1
strong,10172,1
strong,10173,1
strong,10174,1
strong,10175,1
strong,10176,1
strong,10177,1
strong,10178,1
strong,10179,1
strong,10180,1
strong,10181,1
strong,10182,1
strong,10183,1
strong,10184,1
strong,10185,1
strong,10186,1
strong,10187,1
strong,10188,1
strong,10189,1
strong,10190,1
strong,10191,1
strong,10192,1
strong,10193,1
strong,10194,1
strong,10195,1
strong,10196,1
strong,10197,1
strong,10198,1
strong,10199,1
strong,10200,1
strong,10201,1
strong,10202,1
strong,10203,1
strong,10204,1
strong,10205,1
strong,10206,1
strong,10207,1
strong,10208,1
strong,10209,1
strong,10210,1
strong,10211,1
strong,10212,1
strong,10213,1
strong,10214,1
strong,10215,1
strong,10216,1
strong,10217,1
strong,10218,1
strong,10219,1
strong,10220,1
strong,10221,1
strong,10222,1
strong,10223,1
strong,10224,1
strong,10225,1
strong,10226,1
strong,10227,1
strong,10228,1
strong,10229,1
strong,10230,1
strong,10231,1
strong,10232,1
strong,10233,1
strong,10234,1
strong,10235,1
strong,10236,1
strong,10237,1
strong,10238,1
strong,10239,1
strong,10240,1
strong,10241,1
strong,10242,1
strong,10243,1
strong,10244,1
strong,10245,1
strong,10246,1
strong,10247,1
strong,10248,1
strong,10249,1
strong,10250,1
strong,10251,1
strong,10252,1
strong,10253,1
strong,10254,1
strong,10255,1
strong,10256,1
strong,10257,1
strong,10258,1
strong,10259,1
strong,10260,1
strong,10261,1
strong,10262,1
strong,10263,1
strong,10264,1
strong,10265,1
strong,10266,1
strong,10267,1
strong,10268,1
strong,10269,1
strong,10270,1
strong,10271,1
strong,10272,1
strong,10273,1
strong,10274,1
strong,10275,1
strong,10276,1
strong,10277,1
strong,10278,1
strong,10279,1
strong,10280,1
strong,10281,1
strong,10282,1
strong,10283,1
strong,10284,1
strong,10285,1
strong,10286,1
strong,10287,1
strong,10288,1
strong,10289,1
strong,10290,1
strong,10291,1
strong,10292,1
strong,10293,1
strong,10294,1
strong,10295,1
strong,10296,1
strong,10297,1
strong,10298,1
strong,10299,1
strong,10300,1
strong,10301,1
strong,10302,1
strong,10303,1
strong,10304,1
strong,10305,1
strong,10306,1
strong,10307,1
strong,10308,1
strong,10309,1
strong,10310,1
strong,10311,1
strong,10312,1
strong,10313,1
strong,10314,1
strong,10315,1
strong,10316,1
strong,10317,1
strong,10318,1
strong,10319,1
strong,10320,1
strong,10321,1
strong,10322,1
strong,10323,1
strong,10324,1
strong,10325,1
strong,10326,1
strong,10327,1
strong,10328,1
strong,10329,1
strong,10330,1
strong,10331,1
strong,10332,1
strong,10333,1
strong,10334,1
strong,10335,1
strong,10336,1
strong,10337,1
strong,10338,1
strong,10339,1
strong,10340,1
strong,10341,1
strong,10342,1
strong,10343,1
strong,10344,1
strong,10345,1
strong,10346,1
strong,10347,1
strong,10348,1
strong,10349,1
strong,10350,1
strong,10351,1
strong,10352,1
strong,10353,1
strong,10354,1
strong,10355,1
strong,10356,1
strong,10357,1
strong,10358,1
strong,10359,1
strong,10360,1
strong,10361,1
strong,10362,1
strong,10363,1
strong,10364,1
strong,10365,1
strong,10366,1
strong,10367,1
strong,10368,1
strong,10369,1
strong,10370,1
strong,10371,1
strong,10372,1
strong,10373,1
strong,10374,1
strong,10375,1
strong,10376,1
strong,10377,1
strong,10378,1
strong,10379,1
strong,10380,1
strong,10381,1
strong,10382,1
strong,10383,1
strong,10384,1
strong,10385,1
strong,10386,1
strong,10387,1
strong,10388,1
strong,10389,1
strong,10390,1
strong,10391,1
strong,10392,1
strong,10393,1
strong,10394,1
strong,10395,1
strong,10396,1
strong,10397,1
strong,10398,1
strong,10399,1
strong,10400,1
strong,10401,1
strong,10402,1
strong,10403,1
strong,10404,1
strong,10405,1
strong,10406,1
strong,10407,1
strong,10408,1
strong,10409,1
strong,10410,1
strong,10411,1
strong,10412,1
strong,10413,1
strong,10414,1
strong,10415,1
strong,10416,1
strong,10417,1
strong,10418,1
strong,10419,1
strong,10420,1
strong,10421,1
strong,10422,1
strong,10423,1
strong,10424,1
strong,10425,1
strong,10426,1
strong,10427,1
strong,10428,1
strong,10429,1
strong,10430,1
strong,10431,1
strong,10432,1
strong,10433,1
strong,10434,1
strong,10435,1
strong,10436,1
strong,10437,1
strong,10438,1
strong,10439,1
strong,10440,1
strong,10441,1
strong,10442,1
strong,10443,1
strong,10444,1
strong,10445,1
strong,10446,1
strong,10447,1
strong,10448,1
strong,10449,1
strong,10450,1
strong,10451,1
strong,10452,1
strong,10453,1
strong,10454,1
strong,10455,1
strong,10456,1
strong,10457,1
strong,10458,1
strong,10459,1
strong,10460,1
strong,10461,1
strong,10462,1
strong,10463,1
strong,10464,1
strong,10465,1
strong,10466,1
strong,10467,1
strong,10468,1
strong,10469,1
strong,10470,1
strong,10471,1
strong,10472,1
strong,10473,1
strong,10474,1
strong,10475,1
strong,10476,1
strong,10477,1
strong,10478,1
strong,10479,1
strong,10480,1
strong,10481,1
strong,10482,1
strong,10483,1
strong,10484,1
strong,10485,1
strong,10486,1
strong,10487,1
strong,10488,1
strong,10489,1
strong,10490,1
strong,10491,1
strong,10492,1
strong,10493,1
strong,10494,1
strong,10495,1
strong,10496,1
strong,10497,1
strong,10498,1
strong,10499,1
strong,10500,1
strong,10501,1
strong,10502,1
strong,10503,1
strong,10504,1
strong,10505,1
strong,10506,1
strong,10507,1
strong,10508,1
strong,10509,1
strong,10510,1
strong,10511,1
strong,10512,1
strong,10513,1
strong,10514,1
strong,10515,1
strong,10516,1
strong,10517,1
strong,10518,1
strong,10519,1
strong,10520,1
strong,10521,1
strong,10522,1
strong,10523,1
strong,10524,1
strong,10525,1
strong,10526,1
strong,10527,1
strong,10528,1
strong,10529,1
strong,10530,1
strong,10531,1
strong,10532,1
strong,10533,1
strong,10534,1
strong,10535,1
strong,10536,1
strong,10537,1
strong,10538,1
strong,10539,1
strong,10540,1
strong,10541,1
strong,10542,1
strong,10543,1
strong,10544,1
strong,10545,1
strong,10546,1
strong,10547,1
strong,10548,1
strong,10549,1
strong,10550,1
strong,10551,1
strong,10552,1
strong,10553,1
strong,10554,1
strong,10555,1
strong,10556,1
strong,10557,1
strong,10558,1
strong,10559,1
strong,10560,1
strong,10561,1
strong,10562,1
strong,10563,1
strong,10564,1
strong,10565,1
strong,10566,1
strong,10567,1
strong,10568,1
strong,10569,1
strong,10570,1
strong,10571,1
strong,10572,1
strong,10573,1
strong,10574,1
strong,10575,1
strong,10576,1
strong,10577,1
strong,10578,1
strong,10579,1
strong,10580,1
strong,10581,1
strong,10582,1
strong,10583,1
strong,10584,1
strong,10585,1
strong,10586,1
strong,10587,1
strong,10588,1
strong,10589,1
strong,10590,1
strong,10591,1
strong,10592,1
strong,10593,1
strong,10594,1
strong,10595,1
strong,10596,1
strong,10597,1
strong,10598,1
strong,10599,1
strong,10600,1
strong,10601,1
strong,10602,1
strong,10603,1
strong,10604,1
strong,10605,1
strong,10606,1
strong,10607,1
strong,10608,1
strong,10609,1
strong,10610,1
strong,10611,1
strong,10612,1
strong,10613,1
strong,10614,1
strong,10615,1
strong,10616,1
strong,10617,1
strong,10618,1
strong,10619,1
strong,10620,1
strong,10621,1
strong,10622,1
strong,10623,1
strong,10624,1
strong,10625,1
strong,10626,1
strong,10627,1
strong,10628,1
strong,10629,1
strong,10630,1
strong,10631,1
strong,10632,1
strong,10633,1
strong,10634,1
strong,10635,1
strong,10636,1
strong,10637,1
strong,10638,1
strong,10639,1
strong,10640,1
strong,10641,1
strong,10642,1
strong,10643,1
strong,10644,1
strong,10645,1
strong,10646,1
strong,10647,1
strong,10648,1
strong,10649,1
strong,10650,1
strong,10651,1
strong,10652,1
strong,10653,1
strong,10654,1
strong,10655,1
strong,10656,1
strong,10657,1
strong,10658,1
strong,10659,1
strong,10660,1
strong,10661,1
strong,10662,1
strong,10663,1
strong,10664,1
strong,10665,1
strong,10666,1
strong,10667,1
strong,10668,1
strong,10669,1
strong,10670,1
strong,10671,1
strong,10672,1
strong,10673,1
strong,10674,1
strong,10675,1
strong,10676,1
strong,10677,1
strong,10678,1
strong,10679,1
strong,10680,1
strong,10681,1
strong,10682,1
strong,10683,1
strong,10684,1
strong,10685,1
strong,10686,1
strong,10687,1
strong,10688,1
strong,10689,1
strong,10690,1
strong,10691,1
strong,10692,1
strong,10693,1
strong,10694,1
strong,10695,1
strong,10696,1
strong,10697,1
strong,10698,1
strong,10699,1
strong,10700,1
strong,10701,1
strong,10702,1
strong,10703,1
strong,10704,1
strong,10705,1
strong,10706,1
strong,10707,1
strong,10708,1
strong,10709,1
strong,10710,1
strong,10711,1
strong,10712,1
strong,10713,1
strong,10714,1
strong,10715,1
strong,10716,1
strong,10717,1
strong,10718,1
strong,10719,1
strong,10720,1
strong,10721,1
strong,10722,1
strong,10723,1
strong,10724,1
strong,10725,1
strong,10726,1
strong,10727,1
strong,10728,1
strong,10729,1
strong,10730,1
strong,10731,1
strong,10732,1
strong,10733,1
strong,10734,1
strong,10735,1
strong,10736,1
strong,10737,1
strong,10738,1
strong,10739,1
strong,10740,1
strong,10741,1
strong,10742,1
strong,10743,1
strong,10744,1
strong,10745,1
strong,10746,1
strong,10747,1
strong,10748,1
strong,10749,1
strong,10750,1
strong,10751,1
strong,10752,1
strong,10753,1
strong,10754,1
strong,10755,1
strong,10756,1
strong,10757,1
strong,10758,1
strong,10759,1
strong,10760,1
strong,10761,1
strong,10762,1
strong,10763,1
strong,10764,1
strong,10765,1
strong,10766,1
strong,10767,1
strong,10768,1
strong,10769,1
strong,10770,1
strong,10771,1
strong,10772,1
strong,10773,1
strong,10774,1
strong,10775,1
strong,10776,1
strong,10777,1
strong,10778,1
strong,10779,1
strong,10780,1
strong,10781,1
strong,10782,1
strong,10783,1
strong,10784,1
strong,10785,1
strong,10786,1
strong,10787,1
strong,10788,1
strong,10789,1
strong,10790,1
strong,10791,1
strong,10792,1
strong,10793,1
strong,10794,1
strong,10795,1
strong,10796,1
strong,10797,1
strong,10798,1
strong,10799,1
strong,10800,1
strong,10801,1
strong,10802,1
strong,10803,1
strong,10804,1
strong,10805,1
strong,10806,1
strong,10807,1
strong,10808,1
strong,10809,1
strong,10810,1
strong,10811,1
strong,10812,1
strong,10813,1
strong,10814,1
strong,10815,1
strong,10816,1
strong,10817,1
strong,10818,1
strong,10819,1
strong,10820,1
strong,10821,1
strong,10822,1
strong,10823,1
strong,10824,1
strong,10825,1
strong,10826,1
strong,10827,1
strong,10828,1
strong,10829,1
strong,10830,1
strong,10831,1
strong,10832,1
strong,10833,1
strong,10834,1
strong,10835,1
strong,10836,1
strong,10837,1
strong,10838,1
strong,10839,1
strong,10840,1
strong,10841,1
strong,10842,1
strong,10843,1
strong,10844,1
strong,10845,1
strong,10846,1
strong,10847,1
strong,10848,1
strong,10849,1
strong,10850,1
strong,10851,1
strong,10852,1
strong,10853,1
strong,10854,1
strong,10855,1
strong,10856,1
strong,10857,1
strong,10858,1
strong,10859,1
strong,10860,1
strong,10861,1
strong,10862,1
strong,10863,1
strong,10864,1
strong,10865,1
strong,10866,1
strong,10867,1
strong,10868,1
strong,10869,1
strong,10870,1
strong,10871,1
strong,10872,1
strong,10873,1
strong,10874,1
strong,10875,1
strong,10876,1
strong,10877,1
strong,10878,1
strong,10879,1
strong,10880,1
strong,10881,1
strong,10882,1
strong,10883,1
strong,10884,1
strong,10885,1
strong,10886,1
strong,10887,1
strong,10888,1
strong,10889,1
strong,10890,1
strong,10891,1
strong,10892,1
strong,10893,1
strong,10894,1
strong,10895,1
strong,10896,1
strong,10897,1
strong,10898,1
strong,10899,1
strong,10900,1
strong,10901,1
strong,10902,1
strong,10903,1
strong,10904,1
strong,10905,1
strong,10906,1
strong,10907,1
strong,10908,1
strong,10909,1
strong,10910,1
strong,10911,1
strong,10912,1
strong,10913,1
strong,10914,1
strong,10915,1
strong,10916,1
strong,10917,1
strong,10918,1
strong,10919,1
strong,10920,1
strong,10921,1
strong,10922,1
strong,10923,1
strong,10924,1
strong,10925,1
strong,10926,1
strong,10927,1
strong,10928,1
strong,10929,1
strong,10930,1
strong,10931,1
strong,10932,1
strong,10933,1
strong,10934,1
strong,10935,1
strong,10936,1
strong,10937,1
strong,10938,1
strong,10939,1
strong,10940,1
strong,10941,1
strong,10942,1
strong,10943,1
strong,10944,1
strong,10945,1
strong,10946,1
strong,10947,1
strong,10948,1
strong,10949,1
strong,10950,1
strong,10951,1
strong,10952,1
strong,10953,1
strong,10954,1
strong,10955,1
strong,10956,1
strong,10957,1
strong,10958,1
strong,10959,1
strong,10960,1
strong,10961,1
strong,10962,1
strong,10963,1
strong,10964,1
strong,10965,1
strong,10966,1
strong,10967,1
strong,10968,1
strong,10969,1
strong,10970,1
strong,10971,1
strong,10972,1
strong,10973,1
strong,10974,1
strong,10975,1
strong,10976,1
strong,10977,1
strong,10978,1
strong,10979,1
strong,10980,1
strong,10981,1
strong,10982,1
strong,10983,1
strong,10984,1
strong,10985,1
strong,10986,1
strong,10987,1
strong,10988,1
strong,10989,1
strong,10990,1
strong,10991,1
strong,10992,1
strong,10993,1
strong,10994,1
strong,10995,1
strong,10996,1
strong,10997,1
strong,10998,1
strong,10999,1
strong,11000,1
strong,11001,1
strong,11002,1
strong,11003,1
strong,11004,1
strong,11005,1
strong,11006,1
strong,11007,1
strong,11008,1
strong,11009,1
strong,11010,1
strong,11011,1
strong,11012,1
strong,11013,1
strong,11014,1
strong,11015,1
strong,11016,1
strong,11017,1
strong,11018,1
strong,11019,1
strong,11020,1
strong,11021,1
strong,11022,1
strong,11023,1
strong,11024,1
strong,11025,1
strong,11026,1
strong,11027,1
strong,11028,1
strong,11029,1
strong,11030,1
strong,11031,1
strong,11032,1
strong,11033,1
strong,11034,1
strong,11035,1
strong,11036,1
strong,11037,1
strong,11038,1
strong,11039,1
strong,11040,1
strong,11041,1
strong,11042,1
strong,11043,1
strong,11044,1
strong,11045,1
strong,11046,1
strong,11047,1
strong,11048,1
strong,11049,1
strong,11050,1
strong,11051,1
strong,11052,1
strong,11053,1
strong,11054,1
strong,11055,1
strong,11056,1
strong,11057,1
strong,11058,1
strong,11059,1
strong,11060,1
strong,11061,1
strong,11062,1
strong,11063,1
strong,11064,1
strong,11065,1
strong,11066,1
strong,11067,1
strong,11068,1
strong,11069,1
strong,11070,1
strong,11071,1
strong,11072,1
strong,11073,1
strong,11074,1
strong,11075,1
strong,11076,1
strong,11077,1
strong,11078,1
strong,11079,1
strong,11080,1
strong,11081,1
strong,11082,1
strong,11083,1
strong,11084,1
strong,11085,1
strong,11086,1
strong,11087,1
strong,11088,1
strong,11089,1
strong,11090,1
strong,11091,1
strong,11092,1
strong,11093,1
strong,11094,1
strong,11095,1
strong,11096,1
strong,11097,1
strong,11098,1
strong,11099,1
strong,11100,1
strong,11101,1
strong,11102,1
strong,11103,1
strong,11104,1
strong,11105,1
strong,11106,1
strong,11107,1
strong,11108,1
strong,11109,1
strong,11110,1
strong,11111,1
strong,11112,1
strong,11113,1
strong,11114,1
strong,11115,1
strong,11116,1
strong,11117,1
strong,11118,1
strong,11119,1
strong,11120,1
strong,11121,1
strong,11122,1
strong,11123,1
strong,11124,1
strong,11125,1
strong,11126,1
strong,11127,1
strong,11128,1
strong,11129,1
strong,11130,1
strong,11131,1
strong,11132,1
strong,11133,1
strong,11134,1
strong,11135,1
strong,11136,1
strong,11137,1
strong,11138,1
strong,11139,1
strong,11140,1
strong,11141,1
strong,11142,1
strong,11143,1
strong,11144,1
strong,11145,1
strong,11146,1
strong,11147,1
strong,11148,1
strong,11149,1
strong,11150,1
strong,11151,1
strong,11152,1
strong,11153,1
strong,11154,1
strong,11155,1
strong,11156,1
strong,11157,1
strong,11158,1
strong,11159,1
strong,11160,1
strong,11161,1
strong,11162,1
strong,11163,1
strong,11164,1
strong,11165,1
strong,11166,1
strong,11167,1
strong,11168,1
strong,11169,1
strong,11170,1
strong,11171,1
strong,11172,1
strong,11173,1
strong,11174,1
strong,11175,1
strong,11176,1
strong,11177,1
strong,11178,1
strong,11179,1
strong,11180,1
strong,11181,1
strong,11182,1
strong,11183,1
strong,11184,1
strong,11185,1
strong,11186,1
strong,11187,1
strong,11188,1
strong,11189,1
strong,11190,1
strong,11191,1
strong,11192,1
strong,11193,1
strong,11194,1
strong,11195,1
strong,11196,1
strong,11197,1
strong,11198,1
strong,11199,1
strong,11200,1
strong,11201,1
strong,11202,1
strong,11203,1
strong,11204,1
strong,11205,1
strong,11206,1
strong,11207,1
strong,11208,1
strong,11209,1
strong,11210,1
strong,11211,1
strong,11212,1
strong,11213,1
strong,11214,1
strong,11215,1
strong,11216,1
strong,11217,1
strong,11218,1
strong,11219,1
strong,11220,1
strong,11221,1
strong,11222,1
strong,11223,1
strong,11224,1
strong,11225,1
strong,11226,1
strong,11227,1
strong,11228,1
strong,11229,1
strong,11230,1
strong,11231,1
strong,11232,1
strong,11233,1
strong,11234,1
strong,11235,1
strong,11236,1
strong,11237,1
strong,11238,1
strong,11239,1
strong,11240,1
strong,11241,1
strong,11242,1
strong,11243,1
strong,11244,1
strong,11245,1
strong,11246,1
strong,11247,1
strong,11248,1
strong,11249,1
strong,11250,1
strong,11251,1
strong,11252,1
strong,11253,1
strong,11254,1
strong,11255,1
strong,11256,1
strong,11257,1
strong,11258,1
strong,11259,1
strong,11260,1
strong,11261,1
strong,11262,1
strong,11263,1
strong,11264,1
strong,11265,1
strong,11266,1
strong,11267,1
strong,11268,1
strong,11269,1
strong,11270,1
strong,11271,1
strong,11272,1
strong,11273,1
strong,11274,1
strong,11275,1
strong,11276,1
strong,11277,1
strong,11278,1
strong,11279,1
strong,11280,1
strong,11281,1
strong,11282,1
strong,11283,1
strong,11284,1
strong,11285,1
strong,11286,1
strong,11287,1
strong,11288,1
strong,11289,1
strong,11290,1
strong,11291,1
strong,11292,1
strong,11293,1
strong,11294,1
strong,11295,1
strong,11296,1
strong,11297,1
strong,11298,1
strong,11299,1
strong,11300,1
strong,11301,1
strong,11302,1
strong,11303,1
strong,11304,1
strong,11305,1
strong,11306,1
strong,11307,1
strong,11308,1
strong,11309,1
strong,11310,1
strong,11311,1
strong,11312,1
strong,11313,1
strong,11314,1
strong,11315,1
strong,11316,1
strong,11317,1
strong,11318,1
strong,11319,1
strong,11320,1
strong,11321,1
strong,11322,1
strong,11323,1
strong,11324,1
strong,11325,1
strong,11326,1
strong,11327,1
strong,11328,1
strong,11329,1
strong,11330,1
strong,11331,1
strong,11332,1
strong,11333,1
strong,11334,1
strong,11335,1
strong,11336,1
strong,11337,1
strong,11338,1
strong,11339,1
strong,11340,1
strong,11341,1
strong,11342,1
strong,11343,1
strong,11344,1
strong,11345,1
strong,11346,1
strong,11347,1
strong,11348,1
strong,11349,1
strong,11350,1
strong,11351,1
strong,11352,1
strong,11353,1
strong,11354,1
strong,11355,1
strong,11356,1
strong,11357,1
strong,11358,1
strong,11359,1
strong,11360,1
strong,11361,1
strong,11362,1
strong,11363,1
strong,11364,1
strong,11365,1
strong,11366,1
strong,11367,1
strong,11368,1
strong,11369,1
strong,11370,1
strong,11371,1
strong,11372,1
strong,11373,1
strong,11374,1
strong,11375,1
strong,11376,1
strong,11377,1
strong,11378,1
strong,11379,1
strong,11380,1
strong,11381,1
strong,11382,1
strong,11383,1
strong,11384,1
strong,11385,1
strong,11386,1
strong,11387,1
strong,11388,1
strong,11389,1
strong,11390,1
strong,11391,1
strong,11392,1
strong,11393,1
strong,11394,1
strong,11395,1
strong,11396,1
strong,11397,1
strong,11398,1
strong,11399,1
strong,11400,1
strong,11401,1
strong,11402,1
strong,11403,1
strong,11404,1
strong,11405,1
strong,11406,1
strong,11407,1
strong,11408,1
strong,11409,1
strong,11410,1
strong,11411,1
strong,11412,1
strong,11413,1
strong,11414,1
strong,11415,1
strong,11416,1
strong,11417,1
strong,11418,1
strong,11419,1
strong,11420,1
strong,11421,1
strong,11422,1
strong,11423,1
strong,11424,1
strong,11425,1
strong,11426,1
strong,11427,1
strong,11428,1
strong,11429,1
strong,11430,1
strong,11431,1
strong,11432,1
strong,11433,1
strong,11434,1
strong,11435,1
strong,11436,1
strong,11437,1
strong,11438,1
strong,11439,1
strong,11440,1
strong,11441,1
strong,11442,1
strong,11443,1
strong,11444,1
strong,11445,1
strong,11446,1
strong,11447,1
strong,11448,1
strong,11449,1
strong,11450,1
strong,11451,1
strong,11452,1
strong,11453,1
strong,11454,1
strong,11455,1
strong,11456,1
strong,11457,1
strong,11458,1
strong,11459,1
strong,11460,1
strong,11461,1
strong,11462,1
strong,11463,1
strong,11464,1
strong,11465,1
strong,11466,1
strong,11467,1
strong,11468,1
strong,11469,1
strong,11470,1
strong,11471,1
strong,11472,1
strong,11473,1
strong,11474,1
strong,11475,1
strong,11476,1
strong,11477,1
strong,11478,1
strong,11479,1
strong,11480,1
strong,11481,1
strong,11482,1
strong,11483,1
strong,11484,1
strong,11485,1
strong,11486,1
strong,11487,1
strong,11488,1
strong,11489,1
strong,11490,1
strong,11491,1
strong,11492,1
strong,11493,1
strong,11494,1
strong,11495,1
strong,11496,1
strong,11497,1
strong,11498,1
strong,11499,1
strong,11500,1
strong,11501,1
strong,11502,1
strong,11503,1
strong,11504,1
strong,11505,1
strong,11506,1
strong,11507,1
strong,11508,1
strong,11509,1
strong,11510,1
strong,11511,1
strong,11512,1
strong,11513,1
strong,11514,1
strong,11515,1
strong,11516,1
strong,11517,1
strong,11518,1
strong,11519,1
strong,11520,1
strong,11521,1
strong,11522,1
strong,11523,1
strong,11524,1
strong,11525,1
strong,11526,1
strong,11527,1
strong,11528,1
strong,11529,1
strong,11530,1
strong,11531,1
strong,11532,1
strong,11533,1
strong,11534,1
strong,11535,1
strong,11536,1
strong,11537,1
strong,11538,1
strong,11539,1
strong,11540,1
strong,11541,1
strong,11542,1
strong,11543,1
strong,11544,1
strong,11545,1
strong,11546,1
strong,11547,1
strong,11548,1
strong,11549,1
strong,11550,1
strong,11551,1
strong,11552,1
strong,11553,1
strong,11554,1
strong,11555,1
strong,11556,1
strong,11557,1
strong,11558,1
strong,11559,1
strong,11560,1
strong,11561,1
strong,11562,1
strong,11563,1
strong,11564,1
strong,11565,1
strong,11566,1
strong,11567,1
strong,11568,1
strong,11569,1
strong,11570,1
strong,11571,1
strong,11572,1
strong,11573,1
strong,11574,1
strong,11575,1
strong,11576,1
strong,11577,1
strong,11578,1
strong,11579,1
strong,11580,1
strong,11581,1
strong,11582,1
strong,11583,1
strong,11584,1
strong,11585,1
strong,11586,1
strong,11587,1
strong,11588,1
strong,11589,1
strong,11590,1
strong,11591,1
strong,11592,1
strong,11593,1
strong,11594,1
strong,11595,1
strong,11596,1
strong,11597,1
strong,11598,1
strong,11599,1
strong,11600,1
strong,11601,1
strong,11602,1
strong,11603,1
strong,11604,1
strong,11605,1
strong,11606,1
strong,11607,1
strong,11608,1
strong,11609,1
strong,11610,1
strong,11611,1
strong,11612,1
strong,11613,1
strong,11614,1
strong,11615,1
strong,11616,1
strong,11617,1
strong,11618,1
strong,11619,1
strong,11620,1
strong,11621,1
strong,11622,1
strong,11623,1
strong,11624,1
strong,11625,1
strong,11626,1
strong,11627,1
strong,11628,1
strong,11629,1
strong,11630,1
strong,11631,1
strong,11632,1
strong,11633,1
strong,11634,1
strong,11635,1
strong,11636,1
strong,11637,1
strong,11638,1
strong,11639,1
strong,11640,1
strong,11641,1
strong,11642,1
strong,11643,1
strong,11644,1
strong,11645,1
strong,11646,1
strong,11647,1
strong,11648,1
strong,11649,1
strong,11650,1
strong,11651,1
strong,11652,1
strong,11653,1
strong,11654,1
strong,11655,1
strong,11656,1
strong,11657,1
strong,11658,1
strong,11659,1
strong,11660,1
strong,11661,1
strong,11662,1
strong,11663,1
strong,11664,1
strong,11665,1
strong,11666,1
strong,11667,1
strong,11668,1
strong,11669,1
strong,11670,1
strong,11671,1
strong,11672,1
strong,11673,1
strong,11674,1
strong,11675,1
strong,11676,1
strong,11677,1
strong,11678,1
strong,11679,1
strong,11680,1
strong,11681,1
strong,11682,1
strong,11683,1
strong,11684,1
strong,11685,1
strong,11686,1
strong,11687,1
strong,11688,1
strong,11689,1
strong,11690,1
strong,11691,1
strong,11692,1
strong,11693,1
strong,11694,1
strong,11695,1
strong,11696,1
strong,11697,1
strong,11698,1
strong,11699,1
strong,11700,1
strong,11701,1
strong,11702,1
strong,11703,1
strong,11704,1
strong,11705,1
strong,11706,1
strong,11707,1
strong,11708,1
strong,11709,1
strong,11710,1
strong,11711,1
strong,11712,1
strong,11713,1
strong,11714,1
strong,11715,1
strong,11716,1
strong,11717,1
strong,11718,1
strong,11719,1
strong,11720,1
strong,11721,1
strong,11722,1
strong,11723,1
strong,11724,1
strong,11725,1
strong,11726,1
strong,11727,1
strong,11728,1
strong,11729,1
strong,11730,1
strong,11731,1
strong,11732,1
strong,11733,1
strong,11734,1
strong,11735,1
strong,11736,1
strong,11737,1
strong,11738,1
strong,11739,1
strong,11740,1
strong,11741,1
strong,11742,1
strong,11743,1
strong,11744,1
strong,11745,1
strong,11746,1
strong,11747,1
strong,11748,1
strong,11749,1
strong,11750,1
strong,11751,1
strong,11752,1
strong,11753,1
strong,11754,1
strong,11755,1
strong,11756,1
strong,11757,1
strong,11758,1
strong,11759,1
strong,11760,1
strong,11761,1
strong,11762,1
strong,11763,1
strong,11764,1
strong,11765,1
strong,11766,1
strong,11767,1
strong,11768,1
strong,11769,1
strong,11770,1
strong,11771,1
strong,11772,1
strong,11773,1
strong,11774,1
strong,11775,1
strong,11776,1
strong,11777,1
strong,11778,1
strong,11779,1
strong,11780,1
strong,11781,1
strong,11782,1
strong,11783,1
strong,11784,1
strong,11785,1
strong,11786,1
strong,11787,1
strong,11788,1
strong,11789,1
strong,11790,1
strong,11791,1
strong,11792,1
strong,11793,1
strong,11794,1
strong,11795,1
strong,11796,1
strong,11797,1
strong,11798,1
strong,11799,1
strong,11800,1
strong,11801,1
strong,11802,1
strong,11803,1
strong,11804,1
strong,11805,1
strong,11806,1
strong,11807,1
strong,11808,1
strong,11809,1
strong,11810,1
strong,11811,1
strong,11812,1
strong,11813,1
strong,11814,1
strong,11815,1
strong,11816,1
strong,11817,1
strong,11818,1
strong,11819,1
strong,11820,1
strong,11821,1
strong,11822,1
strong,11823,1
strong,11824,1
strong,11825,1
strong,11826,1
strong,11827,1
strong,11828,1
strong,11829,1
strong,11830,1
strong,11831,1
strong,11832,1
strong,11833,1
strong,11834,1
strong,11835,1
strong,11836,1
strong,11837,1
strong,11838,1
strong,11839,1
strong,11840,1
strong,11841,1
strong,11842,1
strong,11843,1
strong,11844,1
strong,11845,1
strong,11846,1
strong,11847,1
strong,11848,1
strong,11849,1
strong,11850,1
strong,11851,1
strong,11852,1
strong,11853,1
strong,11854,1
strong,11855,1
strong,11856,1
strong,11857,1
strong,11858,1
strong,11859,1
strong,11860,1
strong,11861,1
strong,11862,1
strong,11863,1
strong,11864,1
strong,11865,1
strong,11866,1
strong,11867,1
strong,11868,1
strong,11869,1
strong,11870,1
strong,11871,1
strong,11872,1
strong,11873,1
strong,11874,1
strong,11875,1
strong,11876,1
strong,11877,1
strong,11878,1
strong,11879,1
strong,11880,1
strong,11881,1
strong,11882,1
strong,11883,1
strong,11884,1
strong,11885,1
strong,11886,1
strong,11887,1
strong,11888,1
strong,11889,1
strong,11890,1
strong,11891,1
strong,11892,1
strong,11893,1
strong,11894,1
strong,11895,1
strong,11896,1
strong,11897,1
strong,11898,1
strong,11899,1
strong,11900,1
strong,11901,1
strong,11902,1
strong,11903,1
strong,11904,1
strong,11905,1
strong,11906,1
strong,11907,1
strong,11908,1
strong,11909,1
strong,11910,1
strong,11911,1
strong,11912,1
strong,11913,1
strong,11914,1
strong,11915,1
strong,11916,1
strong,11917,1
strong,11918,1
strong,11919,1
strong,11920,1
strong,11921,1
strong,11922,1
strong,11923,1
strong,11924,1
strong,11925,1
strong,11926,1
strong,11927,1
strong,11928,1
strong,11929,1
strong,11930,1
strong,11931,1
strong,11932,1
strong,11933,1
strong,11934,1
strong,11935,1
strong,11936,1
strong,11937,1
strong,11938,1
strong,11939,1
strong,11940,1
strong,11941,1
strong,11942,1
strong,11943,1
strong,11944,1
strong,11945,1
strong,11946,1
strong,11947,1
strong,11948,1
strong,11949,1
strong,11950,1
strong,11951,1
strong,11952,1
strong,11953,1
strong,11954,1
strong,11955,1
strong,11956,1
strong,11957,1
strong,11958,1
strong,11959,1
strong,11960,1
strong,11961,1
strong,11962,1
strong,11963,1
strong,11964,1
strong,11965,1
strong,11966,1
strong,11967,1
strong,11968,1
strong,11969,1
strong,11970,1
strong,11971,1
strong,11972,1
strong,11973,1
strong,11974,1
strong,11975,1
strong,11976,1
strong,11977,1
strong,11978,1
strong,11979,1
strong,11980,1
strong,11981,1
strong,11982,1
strong,11983,1
strong,11984,1
strong,11985,1
strong,11986,1
strong,11987,1
strong,11988,1
strong,11989,1
strong,11990,1
strong,11991,1
strong,11992,1
strong,11993,1
strong,11994,1
strong,11995,1
strong,11996,1
strong,11997,1
strong,11998,1
strong,11999,1
strong,12000,1
strong,12001,1
strong,12002,1
strong,12003,1
strong,12004,1
strong,12005,1
strong,12006,1
strong,12007,1
strong,12008,1
strong,12009,1
strong,12010,1
strong,12011,1
strong,12012,1
strong,12013,1
strong,12014,1
strong,12015,1
strong,12016,1
strong,12017,1
strong,12018,1
strong,12019,1
strong,12020,1
strong,12021,1
strong,12022,1
strong,12023,1
strong,12024,1
strong,12025,1
strong,12026,1
strong,12027,1
strong,12028,1
strong,12029,1
strong,12030,1
strong,12031,1
strong,12032,1
strong,12033,1
strong,12034,1
strong,12035,1
strong,12036,1
strong,12037,1
strong,12038,1
strong,12039,1
strong,12040,1
strong,12041,1
strong,12042,1
strong,12043,1
strong,12044,1
strong,12045,1
strong,12046,1
strong,12047,1
strong,12048,1
strong,12049,1
strong,12050,1
strong,12051,1
strong,12052,1
strong,12053,1
strong,12054,1
strong,12055,1
strong,12056,1
strong,12057,1
strong,12058,1
strong,12059,1
strong,12060,1
strong,12061,1
strong,12062,1
strong,12063,1
strong,12064,1
strong,12065,1
strong,12066,1
strong,12067,1
strong,12068,1
strong,12069,1
strong,12070,1
strong,12071,1
strong,12072,1
strong,12073,1
strong,12074,1
strong,12075,1
strong,12076,1
strong,12077,1
strong,12078,1
strong,12079,1
strong,12080,1
strong,12081,1
strong,12082,1
strong,12083,1
strong,12084,1
strong,12085,1
strong,12086,1
strong,12087,1
strong,12088,1
strong,12089,1
strong,12090,1
strong,12091,1
strong,12092,1
strong,12093,1
strong,12094,1
strong,12095,1
strong,12096,1
strong,12097,1
strong,12098,1
strong,12099,1
strong,12100,1
strong,12101,1
strong,12102,1
strong,12103,1
strong,12104,1
strong,12105,1
strong,12106,1
strong,12107,1
strong,12108,1
strong,12109,1
strong,12110,1
strong,12111,1
strong,12112,1
strong,12113,1
strong,12114,1
strong,12115,1
strong,12116,1
strong,12117,1
strong,12118,1
strong,12119,1
strong,12120,1
strong,12121,1
strong,12122,1
strong,12123,1
strong,12124,1
strong,12125,1
strong,12126,1
strong,12127,1
strong,12128,1
strong,12129,1
strong,12130,1
strong,12131,1
strong,12132,1
strong,12133,1
strong,12134,1
strong,12135,1
strong,12136,1
strong,12137,1
strong,12138,1
strong,12139,1
strong,12140,1
strong,12141,1
strong,12142,1
strong,12143,1
strong,12144,1
strong,12145,1
strong,12146,1
strong,12147,1
strong,12148,1
strong,12149,1
strong,12150,1
strong,12151,1
strong,12152,1
strong,12153,1
strong,12154,1
strong,12155,1
strong,12156,1
strong,12157,1
strong,12158,1
strong,12159,1
strong,12160,1
strong,12161,1
strong,12162,1
strong,12163,1
strong,12164,1
strong,12165,1
strong,12166,1
strong,12167,1
strong,12168,1
strong,12169,1
strong,12170,1
strong,12171,1
strong,12172,1
strong,12173,1
strong,12174,1
strong,12175,1
strong,12176,1
strong,12177,1
strong,12178,1
strong,12179,1
strong,12180,1
strong,12181,1
strong,12182,1
strong,12183,1
strong,12184,1
strong,12185,1
strong,12186,1
strong,12187,1
strong,12188,1
strong,12189,1
strong,12190,1
strong,12191,1
strong,12192,1
strong,12193,1
strong,12194,1
strong,12195,1
strong,12196,1
strong,12197,1
strong,12198,1
strong,12199,1
strong,12200,1
strong,12201,1
strong,12202,1
strong,12203,1
strong,12204,1
strong,12205,1
strong,12206,1
strong,12207,1
strong,12208,1
strong,12209,1
strong,12210,1
strong,12211,1
strong,12212,1
strong,12213,1
strong,12214,1
strong,12215,1
strong,12216,1
strong,12217,1
strong,12218,1
strong,12219,1
strong,12220,1
strong,12221,1
strong,12222,1
strong,12223,1
strong,12224,1
strong,12225,1
strong,12226,1
strong,12227,1
strong,12228,1
strong,12229,1
strong,12230,1
strong,12231,1
strong,12232,1
strong,12233,1
strong,12234,1
strong,12235,1
strong,12236,1
strong,12237,1
strong,12238,1
strong,12239,1
strong,12240,1
strong,12241,1
strong,12242,1
strong,12243,1
strong,12244,1
strong,12245,1
strong,12246,1
strong,12247,1
strong,12248,1
strong,12249,1
strong,12250,1
strong,12251,1
strong,12252,1
strong,12253,1
strong,12254,1
strong,12255,1
strong,12256,1
strong,12257,1
strong,12258,1
strong,12259,1
strong,12260,1
strong,12261,1
strong,12262,1
strong,12263,1
strong,12264,1
strong,12265,1
strong,12266,1
strong,12267,1
strong,12268,1
strong,12269,1
strong,12270,1
strong,12271,1
strong,12272,1
strong,12273,1
strong,12274,1
strong,12275,1
strong,12276,1
strong,12277,1
strong,12278,1
strong,12279,1
strong,12280,1
strong,12281,1
strong,12282,1
strong,12283,1
strong,12284,1
strong,12285,1
strong,12286,1
strong,12287,1
strong,12288,1
strong,12289,1
strong,12290,1
strong,12291,1
strong,12292,1
strong,12293,1
strong,12294,1
strong,12295,1
strong,12296,1
strong,12297,1
strong,12298,1
strong,12299,1
strong,12300,1
strong,12301,1
strong,12302,1
strong,12303,1
strong,12304,1
strong,12305,1
strong,12306,1
strong,12307,1
strong,12308,1
strong,12309,1
strong,12310,1
strong,12311,1
strong,12312,1
strong,12313,1
strong,12314,1
strong,12315,1
strong,12316,1
strong,12317,1
strong,12318,1
strong,12319,1
strong,12320,1
strong,12321,1
strong,12322,1
strong,12323,1
strong,12324,1
strong,12325,1
strong,12326,1
strong,12327,1
strong,12328,1
strong,12329,1
strong,12330,1
strong,12331,1
strong,12332,1
strong,12333,1
strong,12334,1
strong,12335,1
strong,12336,1
strong,12337,1
strong,12338,1
strong,12339,1
strong,12340,1
strong,12341,1
strong,12342,1
strong,12343,1
strong,12344,1
strong,12345,1
strong,12346,1
strong,12347,1
strong,12348,1
strong,12349,1
strong,12350,1
strong,12351,1
strong,12352,1
strong,12353,1
strong,12354,1
strong,12355,1
strong,12356,1
strong,12357,1
strong,12358,1
strong,12359,1
strong,12360,1
strong,12361,1
strong,12362,1
strong,12363,1
strong,12364,1
strong,12365,1
strong,12366,1
strong,12367,1
strong,12368,1
strong,12369,1
strong,12370,1
strong,12371,1
strong,12372,1
strong,12373,1
strong,12374,1
strong,12375,1
strong,12376,1
strong,12377,1
strong,12378,1
strong,12379,1
strong,12380,1
strong,12381,1
strong,12382,1
strong,12383,1
strong,12384,1
strong,12385,1
strong,12386,1
strong,12387,1
strong,12388,1
strong,12389,1
strong,12390,1
strong,12391,1
strong,12392,1
strong,12393,1
strong,12394,1
strong,12395,1
strong,12396,1
strong,12397,1
strong,12398,1
strong,12399,1
strong,12400,1
strong,12401,1
strong,12402,1
strong,12403,1
strong,12404,1
strong,12405,1
strong,12406,1
strong,12407,1
strong,12408,1
strong,12409,1
strong,12410,1
strong,12411,1
strong,12412,1
strong,12413,1
strong,12414,1
strong,12415,1
strong,12416,1
strong,12417,1
strong,12418,1
strong,12419,1
strong,12420,1
strong,12421,1
strong,12422,1
strong,12423,1
strong,12424,1
strong,12425,1
strong,12426,1
strong,12427,1
strong,12428,1
strong,12429,1
strong,12430,1
strong,12431,1
strong,12432,1
strong,12433,1
strong,12434,1
strong,12435,1
strong,12436,1
strong,12437,1
strong,12438,1
strong,12439,1
strong,12440,1
strong,12441,1
strong,12442,1
strong,12443,1
strong,12444,1
strong,12445,1
strong,12446,1
strong,12447,1
strong,12448,1
strong,12449,1
strong,12450,1
strong,12451,1
strong,12452,1
strong,12453,1
strong,12454,1
strong,12455,1
strong,12456,1
strong,12457,1
strong,12458,1
strong,12459,1
strong,12460,1
strong,12461,1
strong,12462,1
strong,12463,1
strong,12464,1
strong,12465,1
strong,12466,1
strong,12467,1
strong,12468,1
strong,12469,1
strong,12470,1
strong,12471,1
strong,12472,1
strong,12473,1
strong,12474,1
strong,12475,1
strong,12476,1
strong,12477,1
strong,12478,1
strong,12479,1
strong,12480,1
strong,12481,1
strong,12482,1
strong,12483,1
strong,12484,1
strong,12485,1
strong,12486,1
strong,12487,1
strong,12488,1
strong,12489,1
strong,12490,1
strong,12491,1
strong,12492,1
strong,12493,1
strong,12494,1
strong,12495,1
strong,12496,1
strong,12497,1
strong,12498,1
strong,12499,1
strong,12500,1
strong,12501,1
strong,12502,1
strong,12503,1
strong,12504,1
strong,12505,1
strong,12506,1
strong,12507,1
strong,12508,1
strong,12509,1
strong,12510,1
strong,12511,1
strong,12512,1
strong,12513,1
strong,12514,1
strong,12515,1
strong,12516,1
strong,12517,1
strong,12518,1
strong,12519,1
strong,12520,1
strong,12521,1
strong,12522,1
strong,12523,1
strong,12524,1
strong,12525,1
strong,12526,1
strong,12527,1
strong,12528,1
strong,12529,1
strong,12530,1
strong,12531,1
strong,12532,1
strong,12533,1
strong,12534,1
strong,12535,1
strong,12536,1
strong,12537,1
strong,12538,1
strong,12539,1
strong,12540,1
strong,12541,1
strong,12542,1
strong,12543,1
strong,12544,1
strong,12545,1
strong,12546,1
strong,12547,1
strong,12548,1
strong,12549,1
strong,12550,1
strong,12551,1
strong,12552,1
strong,12553,1
strong,12554,1
strong,12555,1
strong,12556,1
strong,12557,1
strong,12558,1
strong,12559,1
strong,12560,1
strong,12561,1
strong,12562,1
strong,12563,1
strong,12564,1
strong,12565,1
strong,12566,1
strong,12567,1
strong,12568,1
strong,12569,1
strong,12570,1
strong,12571,1
strong,12572,1
strong,12573,1
strong,12574,1
strong,12575,1
strong,12576,1
strong,12577,1
strong,12578,1
strong,12579,1
strong,12580,1
strong,12581,1
strong,12582,1
strong,12583,1
strong,12584,1
strong,12585,1
strong,12586,1
strong,12587,1
strong,12588,1
strong,12589,1
strong,12590,1
strong,12591,1
strong,12592,1
strong,12593,1
strong,12594,1
strong,12595,1
strong,12596,1
strong,12597,1
strong,12598,1
strong,12599,1
strong,12600,1
strong,12601,1
strong,12602,1
strong,12603,1
strong,12604,1
strong,12605,1
strong,12606,1
strong,12607,1
strong,12608,1
strong,12609,1
strong,12610,1
strong,12611,1
strong,12612,1
strong,12613,1
strong,12614,1
strong,12615,1
strong,12616,1
strong,12617,1
strong,12618,1
strong,12619,1
strong,12620,1
strong,12621,1
strong,12622,1
strong,12623,1
strong,12624,1
strong,12625,1
strong,12626,1
strong,12627,1
strong,12628,1
strong,12629,1
strong,12630,1
strong,12631,1
strong,12632,1
strong,12633,1
strong,12634,1
strong,12635,1
strong,12636,1
strong,12637,1
strong,12638,1
strong,12639,1
strong,12640,1
strong,12641,1
strong,12642,1
strong,12643,1
strong,12644,1
strong,12645,1
strong,12646,1
strong,12647,1
strong,12648,1
strong,12649,1
strong,12650,1
strong,12651,1
strong,12652,1
strong,12653,1
strong,12654,1
strong,12655,1
strong,12656,1
strong,12657,1
strong,12658,1
strong,12659,1
strong,12660,1
strong,12661,1
strong,12662,1
strong,12663,1
strong,12664,1
strong,12665,1
strong,12666,1
strong,12667,1
strong,12668,1
strong,12669,1
strong,12670,1
strong,12671,1
strong,12672,1
strong,12673,1
strong,12674,1
strong,12675,1
strong,12676,1
strong,12677,1
strong,12678,1
strong,12679,1
strong,12680,1
strong,12681,1
strong,12682,1
strong,12683,1
strong,12684,1
strong,12685,1
strong,12686,1
strong,12687,1
strong,12688,1
strong,12689,1
strong,12690,1
strong,12691,1
strong,12692,1
strong,12693,1
strong,12694,1
strong,12695,1
strong,12696,1
strong,12697,1
strong,12698,1
strong,12699,1
strong,12700,1
strong,12701,1
strong,12702,1
strong,12703,1
strong,12704,1
strong,12705,1
strong,12706,1
strong,12707,1
strong,12708,1
strong,12709,1
strong,12710,1
strong,12711,1
strong,12712,1
strong,12713,1
strong,12714,1
strong,12715,1
strong,12716,1
strong,12717,1
strong,12718,1
strong,12719,1
strong,12720,1
strong,12721,1
strong,12722,1
strong,12723,1
strong,12724,1
strong,12725,1
strong,12726,1
strong,12727,1
strong,12728,1
strong,12729,1
strong,12730,1
strong,12731,1
strong,12732,1
strong,12733,1
strong,12734,1
strong,12735,1
strong,12736,1
strong,12737,1
strong,12738,1
strong,12739,1
strong,12740,1
strong,12741,1
strong,12742,1
strong,12743,1
strong,12744,1
strong,12745,1
strong,12746,1
strong,12747,1
strong,12748,1
strong,12749,1
strong,12750,1
strong,12751,1
strong,12752,1
strong,12753,1
strong,12754,1
strong,12755,1
strong,12756,1
strong,12757,1
strong,12758,1
strong,12759,1
strong,12760,1
strong,12761,1
strong,12762,1
strong,12763,1
strong,12764,1
strong,12765,1
strong,12766,1
strong,12767,1
strong,12768,1
strong,12769,1
strong,12770,1
strong,12771,1
strong,12772,1
strong,12773,1
strong,12774,1
strong,12775,1
strong,12776,1
strong,12777,1
strong,12778,1
strong,12779,1
strong,12780,1
strong,12781,1
strong,12782,1
strong,12783,1
strong,12784,1
strong,12785,1
strong,12786,1
strong,12787,1
strong,12788,1
strong,12789,1
strong,12790,1
strong,12791,1
strong,12792,1
strong,12793,1
strong,12794,1
strong,12795,1
strong,12796,1
strong,12797,1
strong,12798,1
strong,12799,1
strong,12800,1
strong,12801,1
strong,12802,1
strong,12803,1
strong,12804,1
strong,12805,1
strong,12806,1
strong,12807,1
strong,12808,1
strong,12809,1
strong,12810,1
strong,12811,1
strong,12812,1
strong,12813,1
strong,12814,1
strong,12815,1
strong,12816,1
strong,12817,1
strong,12818,1
strong,12819,1
strong,12820,1
strong,12821,1
strong,12822,1
strong,12823,1
strong,12824,1
strong,12825,1
strong,12826,1
strong,12827,1
strong,12828,1
strong,12829,1
strong,12830,1
strong,12831,1
strong,12832,1
strong,12833,1
strong,12834,1
strong,12835,1
strong,12836,1
strong,12837,1
strong,12838,1
strong,12839,1
strong,12840,1
strong,12841,1
strong,12842,1
strong,12843,1
strong,12844,1
strong,12845,1
strong,12846,1
strong,12847,1
strong,12848,1
strong,12849,1
strong,12850,1
strong,12851,1
strong,12852,1
strong,12853,1
strong,12854,1
strong,12855,1
strong,12856,1
strong,12857,1
strong,12858,1
strong,12859,1
strong,12860,1
strong,12861,1
strong,12862,1
strong,12863,1
strong,12864,1
strong,12865,1
strong,12866,1
strong,12867,1
strong,12868,1
strong,12869,1
strong,12870,1
strong,12871,1
strong,12872,1
strong,12873,1
strong,12874,1
strong,12875,1
strong,12876,1
strong,12877,1
strong,12878,1
strong,12879,1
strong,12880,1
strong,12881,1
strong,12882,1
strong,12883,1
strong,12884,1
strong,12885,1
strong,12886,1
strong,12887,1
strong,12888,1
strong,12889,1
strong,12890,1
strong,12891,1
strong,12892,1
strong,12893,1
strong,12894,1
strong,12895,1
strong,12896,1
strong,12897,1
strong,12898,1
strong,12899,1
strong,12900,1
strong,12901,1
strong,12902,1
strong,12903,1
strong,12904,1
strong,12905,1
strong,12906,1
strong,12907,1
strong,12908,1
strong,12909,1
strong,12910,1
strong,12911,1
strong,12912,1
strong,12913,1
strong,12914,1
strong,12915,1
strong,12916,1
strong,12917,1
strong,12918,1
strong,12919,1
strong,12920,1
strong,12921,1
strong,12922,1
strong,12923,1
strong,12924,1
strong,12925,1
strong,12926,1
strong,12927,1
strong,12928,1
strong,12929,1
strong,12930,1
strong,12931,1
strong,12932,1
strong,12933,1
strong,12934,1
strong,12935,1
strong,12936,1
strong,12937,1
strong,12938,1
strong,12939,1
strong,12940,1
strong,12941,1
strong,12942,1
strong,12943,1
strong,12944,1
strong,12945,1
strong,12946,1
strong,12947,1
strong,12948,1
strong,12949,1
strong,12950,1
strong,12951,1
strong,12952,1
strong,12953,1
strong,12954,1
strong,12955,1
strong,12956,1
strong,12957,1
strong,12958,1
strong,12959,1
strong,12960,1
strong,12961,1
strong,12962,1
strong,12963,1
strong,12964,1
strong,12965,1
strong,12966,1
strong,12967,1
strong,12968,1
strong,12969,1
strong,12970,1
strong,12971,1
strong,12972,1
strong,12973,1
strong,12974,1
strong,12975,1
strong,12976,1
strong,12977,1
strong,12978,1
strong,12979,1
strong,12980,1
strong,12981,1
strong,12982,1
strong,12983,1
strong,12984,1
strong,12985,1
strong,12986,1
strong,12987,1
strong,12988,1
strong,12989,1
strong,12990,1
strong,12991,1
strong,12992,1
strong,12993,1
strong,12994,1
strong,12995,1
strong,12996,1
strong,12997,1
strong,12998,1
strong,12999,1
strong,13000,1
strong,13001,1
strong,13002,1
strong,13003,1
strong,13004,1
strong,13005,1
strong,13006,1
strong,13007,1
strong,13008,1
strong,13009,1
strong,13010,1
strong,13011,1
strong,13012,1
strong,13013,1
strong,13014,1
strong,13015,1
strong,13016,1
strong,13017,1
strong,13018,1
strong,13019,1
strong,13020,1
strong,13021,1
strong,13022,1
strong,13023,1
strong,13024,1
strong,13025,1
strong,13026,1
strong,13027,1
strong,13028,1
strong,13029,1
strong,13030,1
strong,13031,1
strong,13032,1
strong,13033,1
strong,13034,1
strong,13035,1
strong,13036,1
strong,13037,1
strong,13038,1
strong,13039,1
strong,13040,1
strong,13041,1
strong,13042,1
strong,13043,1
strong,13044,1
strong,13045,1
strong,13046,1
strong,13047,1
strong,13048,1
strong,13049,1
strong,13050,1
strong,13051,1
strong,13052,1
strong,13053,1
strong,13054,1
strong,13055,1
strong,13056,1
strong,13057,1
strong,13058,1
strong,13059,1
strong,13060,1
strong,13061,1
strong,13062,1
strong,13063,1
strong,13064,1
strong,13065,1
strong,13066,1
strong,13067,1
strong,13068,1
strong,13069,1
strong,13070,1
strong,13071,1
strong,13072,1
strong,13073,1
strong,13074,1
strong,13075,1
strong,13076,1
strong,13077,1
strong,13078,1
strong,13079,1
strong,13080,1
strong,13081,1
strong,13082,1
strong,13083,1
strong,13084,1
strong,13085,1
strong,13086,1
strong,13087,1
strong,13088,1
strong,13089,1
strong,13090,1
strong,13091,1
strong,13092,1
strong,13093,1
strong,13094,1
strong,13095,1
strong,13096,1
strong,13097,1
strong,13098,1
strong,13099,1
strong,13100,1
strong,13101,1
strong,13102,1
strong,13103,1
strong,13104,1
strong,13105,1
strong,13106,1
strong,13107,1
strong,13108,1
strong,13109,1
strong,13110,1
strong,13111,1
strong,13112,1
strong,13113,1
strong,13114,1
strong,13115,1
strong,13116,1
strong,13117,1
strong,13118,1
strong,13119,1
strong,13120,1
strong,13121,1
strong,13122,1
strong,13123,1
strong,13124,1
strong,13125,1
strong,13126,1
strong,13127,1
strong,13128,1
strong,13129,1
strong,13130,1
strong,13131,1
strong,13132,1
strong,13133,1
strong,13134,1
strong,13135,1
strong,13136,1
strong,13137,1
strong,13138,1
strong,13139,1
strong,13140,1
strong,13141,1
strong,13142,1
strong,13143,1
strong,13144,1
strong,13145,1
strong,13146,1
strong,13147,1
strong,13148,1
strong,13149,1
strong,13150,1
strong,13151,1
strong,13152,1
strong,13153,1
strong,13154,1
strong,13155,1
strong,13156,1
strong,13157,1
strong,13158,1
strong,13159,1
strong,13160,1
strong,13161,1
strong,13162,1
strong,13163,1
strong,13164,1
strong,13165,1
strong,13166,1
strong,13167,1
strong,13168,1
strong,13169,1
strong,13170,1
strong,13171,1
strong,13172,1
strong,13173,1
strong,13174,1
strong,13175,1
strong,13176,1
strong,13177,1
strong,13178,1
strong,13179,1
strong,13180,1
strong,13181,1
strong,13182,1
strong,13183,1
strong,13184,1
strong,13185,1
strong,13186,1
strong,13187,1
strong,13188,1
strong,13189,1
strong,13190,1
strong,13191,1
strong,13192,1
strong,13193,1
strong,13194,1
strong,13195,1
strong,13196,1
strong,13197,1
strong,13198,1
strong,13199,1
strong,13200,1
strong,13201,1
strong,13202,1
strong,13203,1
strong,13204,1
strong,13205,1
strong,13206,1
strong,13207,1
strong,13208,1
strong,13209,1
strong,13210,1
strong,13211,1
strong,13212,1
strong,13213,1
strong,13214,1
strong,13215,1
strong,13216,1
strong,13217,1
strong,13218,1
strong,13219,1
strong,13220,1
strong,13221,1
strong,13222,1
strong,13223,1
strong,13224,1
strong,13225,1
strong,13226,1
strong,13227,1
strong,13228,1
strong,13229,1
strong,13230,1
strong,13231,1
strong,13232,1
strong,13233,1
strong,13234,1
strong,13235,1
strong,13236,1
strong,13237,1
strong,13238,1
strong,13239,1
strong,13240,1
strong,13241,1
strong,13242,1
strong,13243,1
strong,13244,1
strong,13245,1
strong,13246,1
strong,13247,1
strong,13248,1
strong,13249,1
strong,13250,1
strong,13251,1
strong,13252,1
strong,13253,1
strong,13254,1
strong,13255,1
strong,13256,1
strong,13257,1
strong,13258,1
strong,13259,1
strong,13260,1
strong,13261,1
strong,13262,1
strong,13263,1
strong,13264,1
strong,13265,1
strong,13266,1
strong,13267,1
strong,13268,1
strong,13269,1
strong,13270,1
strong,13271,1
strong,13272,1
strong,13273,1
strong,13274,1
strong,13275,1
strong,13276,1
strong,13277,1
strong,13278,1
strong,13279,1
strong,13280,1
strong,13281,1
strong,13282,1
strong,13283,1
strong,13284,1
strong,13285,1
strong,13286,1
strong,13287,1
strong,13288,1
strong,13289,1
strong,13290,1
strong,13291,1
strong,13292,1
strong,13293,1
strong,13294,1
strong,13295,1
strong,13296,1
strong,13297,1
strong,13298,1
strong,13299,1
strong,13300,1
strong,13301,1
strong,13302,1
strong,13303,1
strong,13304,1
strong,13305,1
strong,13306,1
strong,13307,1
strong,13308,1
strong,13309,1
strong,13310,1
strong,13311,1
strong,13312,1
strong,13313,1
strong,13314,1
strong,13315,1
strong,13316,1
strong,13317,1
strong,13318,1
strong,13319,1
strong,13320,1
strong,13321,1
strong,13322,1
strong,13323,1
strong,13324,1
strong,13325,1
strong,13326,1
strong,13327,1
strong,13328,1
strong,13329,1
strong,13330,1
strong,13331,1
strong,13332,1
strong,13333,1
strong,13334,1
strong,13335,1
strong,13336,1
strong,13337,1
strong,13338,1
strong,13339,1
strong,13340,1
strong,13341,1
strong,13342,1
strong,13343,1
strong,13344,1
strong,13345,1
strong,13346,1
strong,13347,1
strong,13348,1
strong,13349,1
strong,13350,1
strong,13351,1
strong,13352,1
strong,13353,1
strong,13354,1
strong,13355,1
strong,13356,1
strong,13357,1
strong,13358,1
strong,13359,1
strong,13360,1
strong,13361,1
strong,13362,1
strong,13363,1
strong,13364,1
strong,13365,1
strong,13366,1
strong,13367,1
strong,13368,1
strong,13369,1
strong,13370,1
strong,13371,1
strong,13372,1
strong,13373,1
strong,13374,1
strong,13375,1
strong,13376,1
strong,13377,1
strong,13378,1
strong,13379,1
strong,13380,1
strong,13381,1
strong,13382,1
strong,13383,1
strong,13384,1
strong,13385,1
strong,13386,1
strong,13387,1
strong,13388,1
strong,13389,1
strong,13390,1
strong,13391,1
strong,13392,1
strong,13393,1
strong,13394,1
strong,13395,1
strong,13396,1
strong,13397,1
strong,13398,1
strong,13399,1
strong,13400,1
strong,13401,1
strong,13402,1
strong,13403,1
strong,13404,1
strong,13405,1
strong,13406,1
strong,13407,1
strong,13408,1
strong,13409,1
strong,13410,1
strong,13411,1
strong,13412,1
strong,13413,1
strong,13414,1
strong,13415,1
strong,13416,1
strong,13417,1
strong,13418,1
strong,13419,1
strong,13420,1
strong,13421,1
strong,13422,1
strong,13423,1
strong,13424,1
strong,13425,1
strong,13426,1
strong,13427,1
strong,13428,1
strong,13429,1
strong,13430,1
strong,13431,1
strong,13432,1
strong,13433,1
strong,13434,1
strong,13435,1
strong,13436,1
strong,13437,1
strong,13438,1
strong,13439,1
strong,13440,1
strong,13441,1
strong,13442,1
strong,13443,1
strong,13444,1
strong,13445,1
strong,13446,1
strong,13447,1
strong,13448,1
strong,13449,1
strong,13450,1
strong,13451,1
strong,13452,1
strong,13453,1
strong,13454,1
strong,13455,1
strong,13456,1
strong,13457,1
strong,13458,1
strong,13459,1
strong,13460,1
strong,13461,1
strong,13462,1
strong,13463,1
strong,13464,1
strong,13465,1
strong,13466,1
strong,13467,1
strong,13468,1
strong,13469,1
strong,13470,1
strong,13471,1
strong,13472,1
strong,13473,1
strong,13474,1
strong,13475,1
strong,13476,1
strong,13477,1
strong,13478,1
strong,13479,1
strong,13480,1
strong,13481,1
strong,13482,1
strong,13483,1
strong,13484,1
strong,13485,1
strong,13486,1
strong,13487,1
strong,13488,1
strong,13489,1
strong,13490,1
strong,13491,1
strong,13492,1
strong,13493,1
strong,13494,1
strong,13495,1
strong,13496,1
strong,13497,1
strong,13498,1
strong,13499,1
strong,13500,1
strong,13501,1
strong,13502,1
strong,13503,1
strong,13504,1
strong,13505,1
strong,13506,1
strong,13507,1
strong,13508,1
strong,13509,1
strong,13510,1
strong,13511,1
strong,13512,1
strong,13513,1
strong,13514,1
strong,13515,1
strong,13516,1
strong,13517,1
strong,13518,1
strong,13519,1
strong,13520,1
strong,13521,1
strong,13522,1
strong,13523,1
strong,13524,1
strong,13525,1
strong,13526,1
strong,13527,1
strong,13528,1
strong,13529,1
strong,13530,1
strong,13531,1
strong,13532,1
strong,13533,1
strong,13534,1
strong,13535,1
strong,13536,1
strong,13537,1
strong,13538,1
strong,13539,1
strong,13540,1
strong,13541,1
strong,13542,1
strong,13543,1
strong,13544,1
strong,13545,1
strong,13546,1
strong,13547,1
strong,13548,1
strong,13549,1
strong,13550,1
strong,13551,1
strong,13552,1
strong,13553,1
strong,13554,1
strong,13555,1
strong,13556,1
strong,13557,1
strong,13558,1
strong,13559,1
strong,13560,1
strong,13561,1
strong,13562,1
strong,13563,1
strong,13564,1
strong,13565,1
strong,13566,1
strong,13567,1
strong,13568,1
strong,13569,1
strong,13570,1
strong,13571,1
strong,13572,1
strong,13573,1
strong,13574,1
strong,13575,1
strong,13576,1
strong,13577,1
strong,13578,1
strong,13579,1
strong,13580,1
strong,13581,1
strong,13582,1
strong,13583,1
strong,13584,1
strong,13585,1
strong,13586,1
strong,13587,1
strong,13588,1
strong,13589,1
strong,13590,1
strong,13591,1
strong,13592,1
strong,13593,1
strong,13594,1
strong,13595,1
strong,13596,1
strong,13597,1
strong,13598,1
strong,13599,1
strong,13600,1
strong,13601,1
strong,13602,1
strong,13603,1
strong,13604,1
strong,13605,1
strong,13606,1
strong,13607,1
strong,13608,1
strong,13609,1
strong,13610,1
strong,13611,1
strong,13612,1
strong,13613,1
strong,13614,1
strong,13615,1
strong,13616,1
strong,13617,1
strong,13618,1
strong,13619,1
strong,13620,1
strong,13621,1
strong,13622,1
strong,13623,1
strong,13624,1
strong,13625,1
strong,13626,1
strong,13627,1
strong,13628,1
strong,13629,1
strong,13630,1
strong,13631,1
strong,13632,1
strong,13633,1
strong,13634,1
strong,13635,1
strong,13636,1
strong,13637,1
strong,13638,1
strong,13639,1
strong,13640,1
strong,13641,1
strong,13642,1
strong,13643,1
strong,13644,1
strong,13645,1
strong,13646,1
strong,13647,1
strong,13648,1
strong,13649,1
strong,13650,1
strong,13651,1
strong,13652,1
strong,13653,1
strong,13654,1
strong,13655,1
strong,13656,1
strong,13657,1
strong,13658,1
strong,13659,1
strong,13660,1
strong,13661,1
strong,13662,1
strong,13663,1
strong,13664,1
strong,13665,1
strong,13666,1
strong,13667,1
strong,13668,1
strong,13669,1
strong,13670,1
strong,13671,1
strong,13672,1
strong,13673,1
strong,13674,1
strong,13675,1
strong,13676,1
strong,13677,1
strong,13678,1
strong,13679,1
strong,13680,1
strong,13681,1
strong,13682,1
strong,13683,1
strong,13684,1
strong,13685,1
strong,13686,1
strong,13687,1
strong,13688,1
strong,13689,1
strong,13690,1
strong,13691,1
strong,13692,1
strong,13693,1
strong,13694,1
strong,13695,1
strong,13696,1
strong,13697,1
strong,13698,1
strong,13699,1
strong,13700,1
strong,13701,1
strong,13702,1
strong,13703,1
strong,13704,1
strong,13705,1
strong,13706,1
strong,13707,1
strong,13708,1
strong,13709,1
strong,13710,1
strong,13711,1
strong,13712,1
strong,13713,1
strong,13714,1
strong,13715,1
strong,13716,1
strong,13717,1
strong,13718,1
strong,13719,1
strong,13720,1
strong,13721,1
strong,13722,1
strong,13723,1
strong,13724,1
strong,13725,1
strong,13726,1
strong,13727,1
strong,13728,1
strong,13729,1
strong,13730,1
strong,13731,1
strong,13732,1
strong,13733,1
strong,13734,1
strong,13735,1
strong,13736,1
strong,13737,1
strong,13738,1
strong,13739,1
strong,13740,1
strong,13741,1
strong,13742,1
strong,13743,1
strong,13744,1
strong,13745,1
strong,13746,1
strong,13747,1
strong,13748,1
strong,13749,1
strong,13750,1
strong,13751,1
strong,13752,1
strong,13753,1
strong,13754,1
strong,13755,1
strong,13756,1
strong,13757,1
strong,13758,1
strong,13759,1
strong,13760,1
strong,13761,1
strong,13762,1
strong,13763,1
strong,13764,1
strong,13765,1
strong,13766,1
strong,13767,1
strong,13768,1
strong,13769,1
strong,13770,1
strong,13771,1
strong,13772,1
strong,13773,1
strong,13774,1
strong,13775,1
strong,13776,1
strong,13777,1
strong,13778,1
strong,13779,1
strong,13780,1
strong,13781,1
strong,13782,1
strong,13783,1
strong,13784,1
strong,13785,1
strong,13786,1
strong,13787,1
strong,13788,1
strong,13789,1
strong,13790,1
strong,13791,1
strong,13792,1
strong,13793,1
strong,13794,1
strong,13795,1
strong,13796,1
strong,13797,1
strong,13798,1
strong,13799,1
strong,13800,1
strong,13801,1
strong,13802,1
strong,13803,1
strong,13804,1
strong,13805,1
strong,13806,1
strong,13807,1
strong,13808,1
strong,13809,1
strong,13810,1
strong,13811,1
strong,13812,1
strong,13813,1
strong,13814,1
strong,13815,1
strong,13816,1
strong,13817,1
strong,13818,1
strong,13819,1
strong,13820,1
strong,13821,1
strong,13822,1
strong,13823,1
strong,13824,1
strong,13825,1
strong,13826,1
strong,13827,1
strong,13828,1
strong,13829,1
strong,13830,1
strong,13831,1
strong,13832,1
strong,13833,1
strong,13834,1
strong,13835,1
strong,13836,1
strong,13837,1
strong,13838,1
strong,13839,1
strong,13840,1
strong,13841,1
strong,13842,1
strong,13843,1
strong,13844,1
strong,13845,1
strong,13846,1
strong,13847,1
strong,13848,1
strong,13849,1
strong,13850,1
strong,13851,1
strong,13852,1
strong,13853,1
strong,13854,1
strong,13855,1
strong,13856,1
strong,13857,1
strong,13858,1
strong,13859,1
strong,13860,1
strong,13861,1
strong,13862,1
strong,13863,1
strong,13864,1
strong,13865,1
strong,13866,1
strong,13867,1
strong,13868,1
strong,13869,1
strong,13870,1
strong,13871,1
strong,13872,1
strong,13873,1
strong,13874,1
strong,13875,1
strong,13876,1
strong,13877,1
strong,13878,1
strong,13879,1
strong,13880,1
strong,13881,1
strong,13882,1
strong,13883,1
strong,13884,1
strong,13885,1
strong,13886,1
strong,13887,1
strong,13888,1
strong,13889,1
strong,13890,1
strong,13891,1
strong,13892,1
strong,13893,1
strong,13894,1
strong,13895,1
strong,13896,1
strong,13897,1
strong,13898,1
strong,13899,1
strong,13900,1
strong,13901,1
strong,13902,1
strong,13903,1
strong,13904,1
strong,13905,1
strong,13906,1
strong,13907,1
strong,13908,1
strong,13909,1
strong,13910,1
strong,13911,1
strong,13912,1
strong,13913,1
strong,13914,1
strong,13915,1
strong,13916,1
strong,13917,1
strong,13918,1
strong,13919,1
strong,13920,1
strong,13921,1
strong,13922,1
strong,13923,1
strong,13924,1
strong,13925,1
strong,13926,1
strong,13927,1
strong,13928,1
strong,13929,1
strong,13930,1
strong,13931,1
strong,13932,1
strong,13933,1
strong,13934,1
strong,13935,1
strong,13936,1
strong,13937,1
strong,13938,1
strong,13939,1
strong,13940,1
strong,13941,1
strong,13942,1
strong,13943,1
strong,13944,1
strong,13945,1
strong,13946,1
strong,13947,1
strong,13948,1
strong,13949,1
strong,13950,1
strong,13951,1
strong,13952,1
strong,13953,1
strong,13954,1
strong,13955,1
strong,13956,1
strong,13957,1
strong,13958,1
strong,13959,1
strong,13960,1
strong,13961,1
strong,13962,1
strong,13963,1
strong,13964,1
strong,13965,1
strong,13966,1
strong,13967,1
strong,13968,1
strong,13969,1
strong,13970,1
strong,13971,1
strong,13972,1
strong,13973,1
strong,13974,1
strong,13975,1
strong,13976,1
strong,13977,1
strong,13978,1
strong,13979,1
strong,13980,1
strong,13981,1
strong,13982,1
strong,13983,1
strong,13984,1
strong,13985,1
strong,13986,1
strong,13987,1
strong,13988,1
strong,13989,1
strong,13990,1
strong,13991,1
strong,13992,1
strong,13993,1
strong,13994,1
strong,13995,1
strong,13996,1
strong,13997,1
strong,13998,1
strong,13999,1
strong,14000,1
strong,14001,1
strong,14002,1
strong,14003,1
strong,14004,1
strong,14005,1
strong,14006,1
strong,14007,1
strong,14008,1
strong,14009,1
strong,14010,1
strong,14011,1
strong,14012,1
strong,14013,1
strong,14014,1
strong,14015,1
strong,14016,1
strong,14017,1
strong,14018,1
strong,14019,1
strong,14020,1
strong,14021,1
strong,14022,1
strong,14023,1
strong,14024,1
strong,14025,1
strong,14026,1
strong,14027,1
strong,14028,1
strong,14029,1
strong,14030,1
strong,14031,1
strong,14032,1
strong,14033,1
strong,14034,1
strong,14035,1
strong,14036,1
strong,14037,1
strong,14038,1
strong,14039,1
strong,14040,1
strong,14041,1
strong,14042,1
strong,14043,1
strong,14044,1
strong,14045,1
strong,14046,1
strong,14047,1
strong,14048,1
strong,14049,1
strong,14050,1
strong,14051,1
strong,14052,1
strong,14053,1
strong,14054,1
strong,14055,1
strong,14056,1
strong,14057,1
strong,14058,1
strong,14059,1
strong,14060,1
strong,14061,1
strong,14062,1
strong,14063,1
strong,14064,1
strong,14065,1
strong,14066,1
strong,14067,1
strong,14068,1
strong,14069,1
strong,14070,1
strong,14071,1
strong,14072,1
strong,14073,1
strong,14074,1
strong,14075,1
strong,14076,1
strong,14077,1
strong,14078,1
strong,14079,1
strong,14080,1
strong,14081,1
strong,14082,1
strong,14083,1
strong,14084,1
strong,14085,1
strong,14086,1
strong,14087,1
strong,14088,1
strong,14089,1
strong,14090,1
strong,14091,1
strong,14092,1
strong,14093,1
strong,14094,1
strong,14095,1
strong,14096,1
strong,14097,1
strong,14098,1
strong,14099,1
strong,14100,1
strong,14101,1
strong,14102,1
strong,14103,1
strong,14104,1
strong,14105,1
strong,14106,1
strong,14107,1
strong,14108,1
strong,14109,1
strong,14110,1
strong,14111,1
strong,14112,1
strong,14113,1
strong,14114,1
strong,14115,1
strong,14116,1
strong,14117,1
strong,14118,1
strong,14119,1
strong,14120,1
strong,14121,1
strong,14122,1
strong,14123,1
strong,14124,1
strong,14125,1
strong,14126,1
strong,14127,1
strong,14128,1
strong,14129,1
strong,14130,1
strong,14131,1
strong,14132,1
strong,14133,1
strong,14134,1
strong,14135,1
strong,14136,1
strong,14137,1
strong,14138,1
strong,14139,1
strong,14140,1
strong,14141,1
strong,14142,1
strong,14143,1
strong,14144,1
strong,14145,1
strong,14146,1
strong,14147,1
strong,14148,1
strong,14149,1
strong,14150,1
strong,14151,1
strong,14152,1
strong,14153,1
strong,14154,1
strong,14155,1
strong,14156,1
strong,14157,1
strong,14158,1
strong,14159,1
strong,14160,1
strong,14161,1
strong,14162,1
strong,14163,1
strong,14164,1
strong,14165,1
strong,14166,1
strong,14167,1
strong,14168,1
strong,14169,1
strong,14170,1
strong,14171,1
strong,14172,1
strong,14173,1
strong,14174,1
strong,14175,1
strong,14176,1
strong,14177,1
strong,14178,1
strong,14179,1
strong,14180,1
strong,14181,1
strong,14182,1
strong,14183,1
strong,14184,1
strong,14185,1
strong,14186,1
strong,14187,1
strong,14188,1
strong,14189,1
strong,14190,1
strong,14191,1
strong,14192,1
strong,14193,1
strong,14194,1
strong,14195,1
strong,14196,1
strong,14197,1
strong,14198,1
strong,14199,1
strong,14200,1
strong,14201,1
strong,14202,1
strong,14203,1
strong,14204,1
strong,14205,1
strong,14206,1
strong,14207,1
strong,14208,1
strong,14209,1
strong,14210,1
strong,14211,1
strong,14212,1
strong,14213,1
strong,14214,1
strong,14215,1
strong,14216,1
strong,14217,1
strong,14218,1
strong,14219,1
strong,14220,1
strong,14221,1
strong,14222,1
strong,14223,1
strong,14224,1
strong,14225,1
strong,14226,1
strong,14227,1
strong,14228,1
strong,14229,1
strong,14230,1
strong,14231,1
strong,14232,1
strong,14233,1
strong,14234,1
strong,14235,1
strong,14236,1
strong,14237,1
strong,14238,1
strong,14239,1
strong,14240,1
strong,14241,1
strong,14242,1
strong,14243,1
strong,14244,1
strong,14245,1
strong,14246,1
strong,14247,1
strong,14248,1
strong,14249,1
strong,14250,1
strong,14251,1
strong,14252,1
strong,14253,1
strong,14254,1
strong,14255,1
strong,14256,1
strong,14257,1
strong,14258,1
strong,14259,1
strong,14260,1
strong,14261,1
strong,14262,1
strong,14263,1
strong,14264,1
strong,14265,1
strong,14266,1
strong,14267,1
strong,14268,1
strong,14269,1
strong,14270,1
strong,14271,1
strong,14272,1
strong,14273,1
strong,14274,1
strong,14275,1
strong,14276,1
strong,14277,1
strong,14278,1
strong,14279,1
strong,14280,1
strong,14281,1
strong,14282,1
strong,14283,1
strong,14284,1
strong,14285,1
strong,14286,1
strong,14287,1
strong,14288,1
strong,14289,1
strong,14290,1
strong,14291,1
strong,14292,1
strong,14293,1
strong,14294,1
strong,14295,1
strong,14296,1
strong,14297,1
strong,14298,1
strong,14299,1
strong,14300,1
strong,14301,1
strong,14302,1
strong,14303,1
strong,14304,1
strong,14305,1
strong,14306,1
strong,14307,1
strong,14308,1
strong,14309,1
strong,14310,1
strong,14311,1
strong,14312,1
strong,14313,1
strong,14314,1
strong,14315,1
strong,14316,1
strong,14317,1
strong,14318,1
strong,14319,1
strong,14320,1
strong,14321,1
strong,14322,1
strong,14323,1
strong,14324,1
strong,14325,1
strong,14326,1
strong,14327,1
strong,14328,1
strong,14329,1
strong,14330,1
strong,14331,1
strong,14332,1
strong,14333,1
strong,14334,1
strong,14335,1
strong,14336,1
strong,14337,1
strong,14338,1
strong,14339,1
strong,14340,1
strong,14341,1
strong,14342,1
strong,14343,1
strong,14344,1
strong,14345,1
strong,14346,1
strong,14347,1
strong,14348,1
strong,14349,1
strong,14350,1
strong,14351,1
strong,14352,1
strong,14353,1
strong,14354,1
strong,14355,1
strong,14356,1
strong,14357,1
strong,14358,1
strong,14359,1
strong,14360,1
strong,14361,1
strong,14362,1
strong,14363,1
strong,14364,1
strong,14365,1
strong,14366,1
strong,14367,1
strong,14368,1
strong,14369,1
strong,14370,1
strong,14371,1
strong,14372,1
strong,14373,1
strong,14374,1
strong,14375,1
strong,14376,1
strong,14377,1
strong,14378,1
strong,14379,1
strong,14380,1
strong,14381,1
strong,14382,1
strong,14383,1
strong,14384,1
strong,14385,1
strong,14386,1
strong,14387,1
strong,14388,1
strong,14389,1
strong,14390,1
strong,14391,1
strong,14392,1
strong,14393,1
strong,14394,1
strong,14395,1
strong,14396,1
strong,14397,1
strong,14398,1
strong,14399,1
strong,14400,1
strong,14401,1
strong,14402,1
strong,14403,1
strong,14404,1
strong,14405,1
strong,14406,1
strong,14407,1
strong,14408,1
strong,14409,1
strong,14410,1
strong,14411,1
strong,14412,1
strong,14413,1
strong,14414,1
strong,14415,1
strong,14416,1
strong,14417,1
strong,14418,1
strong,14419,1
strong,14420,1
strong,14421,1
strong,14422,1
strong,14423,1
strong,14424,1
strong,14425,1
strong,14426,1
strong,14427,1
strong,14428,1
strong,14429,1
strong,14430,1
strong,14431,1
strong,14432,1
strong,14433,1
strong,14434,1
strong,14435,1
strong,14436,1
strong,14437,1
strong,14438,1
strong,14439,1
strong,14440,1
strong,14441,1
strong,14442,1
strong,14443,1
strong,14444,1
strong,14445,1
strong,14446,1
strong,14447,1
strong,14448,1
strong,14449,1
strong,14450,1
strong,14451,1
strong,14452,1
strong,14453,1
strong,14454,1
strong,14455,1
strong,14456,1
strong,14457,1
strong,14458,1
strong,14459,1
strong,14460,1
strong,14461,1
strong,14462,1
strong,14463,1
strong,14464,1
strong,14465,1
strong,14466,1
strong,14467,1
strong,14468,1
strong,14469,1
strong,14470,1
strong,14471,1
strong,14472,1
strong,14473,1
strong,14474,1
strong,14475,1
strong,14476,1
strong,14477,1
strong,14478,1
strong,14479,1
strong,14480,1
strong,14481,1
strong,14482,1
strong,14483,1
strong,14484,1
strong,14485,1
strong,14486,1
strong,14487,1
strong,14488,1
strong,14489,1
strong,14490,1
strong,14491,1
strong,14492,1
strong,14493,1
strong,14494,1
strong,14495,1
strong,14496,1
strong,14497,1
strong,14498,1
strong,14499,1
strong,14500,1
strong,14501,1
strong,14502,1
strong,14503,1
strong,14504,1
strong,14505,1
strong,14506,1
strong,14507,1
strong,14508,1
strong,14509,1
strong,14510,1
strong,14511,1
strong,14512,1
strong,14513,1
strong,14514,1
strong,14515,1
strong,14516,1
strong,14517,1
strong,14518,1
strong,14519,1
strong,14520,1
strong,14521,1
strong,14522,1
strong,14523,1
strong,14524,1
strong,14525,1
strong,14526,1
strong,14527,1
strong,14528,1
strong,14529,1
strong,14530,1
strong,14531,1
strong,14532,1
strong,14533,1
strong,14534,1
strong,14535,1
strong,14536,1
strong,14537,1
strong,14538,1
strong,14539,1
strong,14540,1
strong,14541,1
strong,14542,1
strong,14543,1
strong,14544,1
strong,14545,1
strong,14546,1
strong,14547,1
strong,14548,1
strong,14549,1
strong,14550,1
strong,14551,1
strong,14552,1
strong,14553,1
strong,14554,1
strong,14555,1
strong,14556,1
strong,14557,1
strong,14558,1
strong,14559,1
strong,14560,1
strong,14561,1
strong,14562,1
strong,14563,1
strong,14564,1
strong,14565,1
strong,14566,1
strong,14567,1
strong,14568,1
strong,14569,1
strong,14570,1
strong,14571,1
strong,14572,1
strong,14573,1
strong,14574,1
strong,14575,1
strong,14576,1
strong,14577,1
strong,14578,1
strong,14579,1
strong,14580,1
strong,14581,1
strong,14582,1
strong,14583,1
strong,14584,1
strong,14585,1
strong,14586,1
strong,14587,1
strong,14588,1
strong,14589,1
strong,14590,1
strong,14591,1
strong,14592,1
strong,14593,1
strong,14594,1
strong,14595,1
strong,14596,1
strong,14597,1
strong,14598,1
strong,14599,1
strong,14600,1
strong,14601,1
strong,14602,1
strong,14603,1
strong,14604,1
strong,14605,1
strong,14606,1
strong,14607,1
strong,14608,1
strong,14609,1
strong,14610,1
strong,14611,1
strong,14612,1
strong,14613,1
strong,14614,1
strong,14615,1
strong,14616,1
strong,14617,1
strong,14618,1
strong,14619,1
strong,14620,1
strong,14621,1
strong,14622,1
strong,14623,1
strong,14624,1
strong,14625,1
strong,14626,1
strong,14627,1
strong,14628,1
strong,14629,1
strong,14630,1
strong,14631,1
strong,14632,1
strong,14633,1
strong,14634,1
strong,14635,1
strong,14636,1
strong,14637,1
strong,14638,1
strong,14639,1
strong,14640,1
strong,14641,1
strong,14642,1
strong,14643,1
strong,14644,1
strong,14645,1
strong,14646,1
strong,14647,1
strong,14648,1
strong,14649,1
strong,14650,1
strong,14651,1
strong,14652,1
strong,14653,1
strong,14654,1
strong,14655,1
strong,14656,1
strong,14657,1
strong,14658,1
strong,14659,1
strong,14660,1
strong,14661,1
strong,14662,1
strong,14663,1
strong,14664,1
strong,14665,1
strong,14666,1
strong,14667,1
strong,14668,1
strong,14669,1
strong,14670,1
strong,14671,1
strong,14672,1
strong,14673,1
strong,14674,1
strong,14675,1
strong,14676,1
strong,14677,1
strong,14678,1
strong,14679,1
strong,14680,1
strong,14681,1
strong,14682,1
strong,14683,1
strong,14684,1
strong,14685,1
strong,14686,1
strong,14687,1
strong,14688,1
strong,14689,1
strong,14690,1
strong,14691,1
strong,14692,1
strong,14693,1
strong,14694,1
strong,14695,1
strong,14696,1
strong,14697,1
strong,14698,1
strong,14699,1
strong,14700,1
strong,14701,1
strong,14702,1
strong,14703,1
strong,14704,1
strong,14705,1
strong,14706,1
strong,14707,1
strong,14708,1
strong,14709,1
strong,14710,1
strong,14711,1
strong,14712,1
strong,14713,1
strong,14714,1
strong,14715,1
strong,14716,1
strong,14717,1
strong,14718,1
strong,14719,1
strong,14720,1
strong,14721,1
strong,14722,1
strong,14723,1
strong,14724,1
strong,14725,1
strong,14726,1
strong,14727,1
strong,14728,1
strong,14729,1
strong,14730,1
strong,14731,1
strong,14732,1
strong,14733,1
strong,14734,1
strong,14735,1
strong,14736,1
strong,14737,1
strong,14738,1
strong,14739,1
strong,14740,1
strong,14741,1
strong,14742,1
strong,14743,1
strong,14744,1
strong,14745,1
strong,14746,1
strong,14747,1
strong,14748,1
strong,14749,1
strong,14750,1
strong,14751,1
strong,14752,1
strong,14753,1
strong,14754,1
strong,14755,1
strong,14756,1
strong,14757,1
strong,14758,1
strong,14759,1
strong,14760,1
strong,14761,1
strong,14762,1
strong,14763,1
strong,14764,1
strong,14765,1
strong,14766,1
strong,14767,1
strong,14768,1
strong,14769,1
strong,14770,1
strong,14771,1
strong,14772,1
strong,14773,1
strong,14774,1
strong,14775,1
strong,14776,1
strong,14777,1
strong,14778,1
strong,14779,1
strong,14780,1
strong,14781,1
strong,14782,1
strong,14783,1
strong,14784,1
strong,14785,1
strong,14786,1
strong,14787,1
strong,14788,1
strong,14789,1
strong,14790,1
strong,14791,1
strong,14792,1
strong,14793,1
strong,14794,1
strong,14795,1
strong,14796,1
strong,14797,1
strong,14798,1
strong,14799,1
strong,14800,1
strong,14801,1
strong,14802,1
strong,14803,1
strong,14804,1
strong,14805,1
strong,14806,1
strong,14807,1
strong,14808,1
strong,14809,1
strong,14810,1
strong,14811,1
strong,14812,1
strong,14813,1
strong,14814,1
strong,14815,1
strong,14816,1
strong,14817,1
strong,14818,1
strong,14819,1
strong,14820,1
strong,14821,1
strong,14822,1
strong,14823,1
strong,14824,1
strong,14825,1
strong,14826,1
strong,14827,1
strong,14828,1
strong,14829,1
strong,14830,1
strong,14831,1
strong,14832,1
strong,14833,1
strong,14834,1
strong,14835,1
strong,14836,1
strong,14837,1
strong,14838,1
strong,14839,1
strong,14840,1
strong,14841,1
strong,14842,1
strong,14843,1
strong,14844,1
strong,14845,1
strong,14846,1
strong,14847,1
strong,14848,1
strong,14849,1
strong,14850,1
strong,14851,1
strong,14852,1
strong,14853,1
strong,14854,1
strong,14855,1
strong,14856,1
strong,14857,1
strong,14858,1
strong,14859,1
strong,14860,1
strong,14861,1
strong,14862,1
strong,14863,1
strong,14864,1
strong,14865,1
strong,14866,1
strong,14867,1
strong,14868,1
strong,14869,1
strong,14870,1
strong,14871,1
strong,14872,1
strong,14873,1
strong,14874,1
strong,14875,1
strong,14876,1
strong,14877,1
strong,14878,1
strong,14879,1
strong,14880,1
strong,14881,1
strong,14882,1
strong,14883,1
strong,14884,1
strong,14885,1
strong,14886,1
strong,14887,1
strong,14888,1
strong,14889,1
strong,14890,1
strong,14891,1
strong,14892,1
strong,14893,1
strong,14894,1
strong,14895,1
strong,14896,1
strong,14897,1
strong,14898,1
strong,14899,1
strong,14900,1
strong,14901,1
strong,14902,1
strong,14903,1
strong,14904,1
strong,14905,1
strong,14906,1
strong,14907,1
strong,14908,1
strong,14909,1
strong,14910,1
strong,14911,1
strong,14912,1
strong,14913,1
strong,14914,1
strong,14915,1
strong,14916,1
strong,14917,1
strong,14918,1
strong,14919,1
strong,14920,1
strong,14921,1
strong,14922,1
strong,14923,1
strong,14924,1
strong,14925,1
strong,14926,1
strong,14927,1
strong,14928,1
strong,14929,1
strong,14930,1
strong,14931,1
strong,14932,1
strong,14933,1
strong,14934,1
strong,14935,1
strong,14936,1
strong,14937,1
strong,14938,1
strong,14939,1
strong,14940,1
strong,14941,1
strong,14942,1
strong,14943,1
strong,14944,1
strong,14945,1
strong,14946,1
strong,14947,1
strong,14948,1
strong,14949,1
strong,14950,1
strong,14951,1
strong,14952,1
strong,14953,1
strong,14954,1
strong,14955,1
strong,14956,1
strong,14957,1
strong,14958,1
strong,14959,1
strong,14960,1
strong,14961,1
strong,14962,1
strong,14963,1
strong,14964,1
strong,14965,1
strong,14966,1
strong,14967,1
strong,14968,1
strong,14969,1
strong,14970,1
strong,14971,1
strong,14972,1
strong,14973,1
strong,14974,1
strong,14975,1
strong,14976,1
strong,14977,1
strong,14978,1
strong,14979,1
strong,14980,1
strong,14981,1
strong,14982,1
strong,14983,1
strong,14984,1
strong,14985,1
strong,14986,1
strong,14987,1
strong,14988,1
strong,14989,1
strong,14990,1
strong,14991,1
strong,14992,1
strong,14993,1
strong,14994,1
strong,14995,1
strong,14996,1
strong,14997,1
strong,14998,1
strong,14999,1
strong,15000,1
strong,15001,1
strong,15002,1
strong,15003,1
strong,15004,1
strong,15005,1
strong,15006,1
strong,15007,1
strong,15008,1
strong,15009,1
strong,15010,1
strong,15011,1
strong,15012,1
strong,15013,1
strong,15014,1
strong,15015,1
strong,15016,1
strong,15017,1
strong,15018,1
strong,15019,1
strong,15020,1
strong,15021,1
strong,15022,1
strong,15023,1
strong,15024,1
strong,15025,1
strong,15026,1
strong,15027,1
strong,15028,1
strong,15029,1
strong,15030,1
strong,15031,1
strong,15032,1
strong,15033,1
strong,15034,1
strong,15035,1
strong,15036,1
strong,15037,1
strong,15038,1
strong,15039,1
strong,15040,1
strong,15041,1
strong,15042,1
strong,15043,1
strong,15044,1
strong,15045,1
strong,15046,1
strong,15047,1
strong,15048,1
strong,15049,1
strong,15050,1
strong,15051,1
strong,15052,1
strong,15053,1
strong,15054,1
strong,15055,1
strong,15056,1
strong,15057,1
strong,15058,1
strong,15059,1
strong,15060,1
strong,15061,1
strong,15062,1
strong,15063,1
strong,15064,1
strong,15065,1
strong,15066,1
strong,15067,1
strong,15068,1
strong,15069,1
strong,15070,1
strong,15071,1
strong,15072,1
strong,15073,1
strong,15074,1
strong,15075,1
strong,15076,1
strong,15077,1
strong,15078,1
strong,15079,1
strong,15080,1
strong,15081,1
strong,15082,1
strong,15083,1
strong,15084,1
strong,15085,1
strong,15086,1
strong,15087,1
strong,15088,1
strong,15089,1
strong,15090,1
strong,15091,1
strong,15092,1
strong,15093,1
strong,15094,1
strong,15095,1
strong,15096,1
strong,15097,1
strong,15098,1
strong,15099,1
strong,15100,1
strong,15101,1
strong,15102,1
strong,15103,1
strong,15104,1
strong,15105,1
strong,15106,1
strong,15107,1
strong,15108,1
strong,15109,1
strong,15110,1
strong,15111,1
strong,15112,1
strong,15113,1
strong,15114,1
strong,15115,1
strong,15116,1
strong,15117,1
strong,15118,1
strong,15119,1
strong,15120,1
strong,15121,1
strong,15122,1
strong,15123,1
strong,15124,1
strong,15125,1
strong,15126,1
strong,15127,1
strong,15128,1
strong,15129,1
strong,15130,1
strong,15131,1
strong,15132,1
strong,15133,1
strong,15134,1
strong,15135,1
strong,15136,1
strong,15137,1
strong,15138,1
strong,15139,1
strong,15140,1
strong,15141,1
strong,15142,1
strong,15143,1
strong,15144,1
strong,15145,1
strong,15146,1
strong,15147,1
strong,15148,1
strong,15149,1
strong,15150,1
strong,15151,1
strong,15152,1
strong,15153,1
strong,15154,1
strong,15155,1
strong,15156,1
strong,15157,1
strong,15158,1
strong,15159,1
strong,15160,1
strong,15161,1
strong,15162,1
strong,15163,1
strong,15164,1
strong,15165,1
strong,15166,1
strong,15167,1
strong,15168,1
strong,15169,1
strong,15170,1
strong,15171,1
strong,15172,1
strong,15173,1
strong,15174,1
strong,15175,1
strong,15176,1
strong,15177,1
strong,15178,1
strong,15179,1
strong,15180,1
strong,15181,1
strong,15182,1
strong,15183,1
strong,15184,1
strong,15185,1
strong,15186,1
strong,15187,1
strong,15188,1
strong,15189,1
strong,15190,1
strong,15191,1
strong,15192,1
strong,15193,1
strong,15194,1
strong,15195,1
strong,15196,1
strong,15197,1
strong,15198,1
strong,15199,1
strong,15200,1
strong,15201,1
strong,15202,1
strong,15203,1
strong,15204,1
strong,15205,1
strong,15206,1
strong,15207,1
strong,15208,1
strong,15209,1
strong,15210,1
strong,15211,1
strong,15212,1
strong,15213,1
strong,15214,1
strong,15215,1
strong,15216,1
strong,15217,1
strong,15218,1
strong,15219,1
strong,15220,1
strong,15221,1
strong,15222,1
strong,15223,1
strong,15224,1
strong,15225,1
strong,15226,1
strong,15227,1
strong,15228,1
strong,15229,1
strong,15230,1
strong,15231,1
strong,15232,1
strong,15233,1
strong,15234,1
strong,15235,1
strong,15236,1
strong,15237,1
strong,15238,1
strong,15239,1
strong,15240,1
strong,15241,1
strong,15242,1
strong,15243,1
strong,15244,1
strong,15245,1
strong,15246,1
strong,15247,1
strong,15248,1
strong,15249,1
strong,15250,1
strong,15251,1
strong,15252,1
strong,15253,1
strong,15254,1
strong,15255,1
strong,15256,1
strong,15257,1
strong,15258,1
strong,15259,1
strong,15260,1
strong,15261,1
strong,15262,1
strong,15263,1
strong,15264,1
strong,15265,1
strong,15266,1
strong,15267,1
strong,15268,1
strong,15269,1
strong,15270,1
strong,15271,1
strong,15272,1
strong,15273,1
strong,15274,1
strong,15275,1
strong,15276,1
strong,15277,1
strong,15278,1
strong,15279,1
strong,15280,1
strong,15281,1
strong,15282,1
strong,15283,1
strong,15284,1
strong,15285,1
strong,15286,1
strong,15287,1
strong,15288,1
strong,15289,1
strong,15290,1
strong,15291,1
strong,15292,1
strong,15293,1
strong,15294,1
strong,15295,1
strong,15296,1
strong,15297,1
strong,15298,1
strong,15299,1
strong,15300,1
strong,15301,1
strong,15302,1
strong,15303,1
strong,15304,1
strong,15305,1
strong,15306,1
strong,15307,1
strong,15308,1
strong,15309,1
strong,15310,1
strong,15311,1
strong,15312,1
strong,15313,1
strong,15314,1
strong,15315,1
strong,15316,1
strong,15317,1
strong,15318,1
strong,15319,1
strong,15320,1
strong,15321,1
strong,15322,1
strong,15323,1
strong,15324,1
strong,15325,1
strong,15326,1
strong,15327,1
strong,15328,1
strong,15329,1
strong,15330,1
strong,15331,1
strong,15332,1
strong,15333,1
strong,15334,1
strong,15335,1
strong,15336,1
strong,15337,1
strong,15338,1
strong,15339,1
strong,15340,1
strong,15341,1
strong,15342,1
strong,15343,1
strong,15344,1
strong,15345,1
strong,15346,1
strong,15347,1
strong,15348,1
strong,15349,1
strong,15350,1
strong,15351,1
strong,15352,1
strong,15353,1
strong,15354,1
strong,15355,1
strong,15356,1
strong,15357,1
strong,15358,1
strong,15359,1
strong,15360,1
strong,15361,1
strong,15362,1
strong,15363,1
strong,15364,1
strong,15365,1
strong,15366,1
strong,15367,1
strong,15368,1
strong,15369,1
strong,15370,1
strong,15371,1
strong,15372,1
strong,15373,1
strong,15374,1
strong,15375,1
strong,15376,1
strong,15377,1
strong,15378,1
strong,15379,1
strong,15380,1
strong,15381,1
strong,15382,1
strong,15383,1
strong,15384,1
strong,15385,1
strong,15386,1
strong,15387,1
strong,15388,1
strong,15389,1
strong,15390,1
strong,15391,1
strong,15392,1
strong,15393,1
strong,15394,1
strong,15395,1
strong,15396,1
strong,15397,1
strong,15398,1
strong,15399,1
strong,15400,1
strong,15401,1
strong,15402,1
strong,15403,1
strong,15404,1
strong,15405,1
strong,15406,1
strong,15407,1
strong,15408,1
strong,15409,1
strong,15410,1
strong,15411,1
strong,15412,1
strong,15413,1
strong,15414,1
strong,15415,1
strong,15416,1
strong,15417,1
strong,15418,1
strong,15419,1
strong,15420,1
strong,15421,1
strong,15422,1
strong,15423,1
strong,15424,1
strong,15425,1
strong,15426,1
strong,15427,1
strong,15428,1
strong,15429,1
strong,15430,1
strong,15431,1
strong,15432,1
strong,15433,1
strong,15434,1
strong,15435,1
strong,15436,1
strong,15437,1
strong,15438,1
strong,15439,1
strong,15440,1
strong,15441,1
strong,15442,1
strong,15443,1
strong,15444,1
strong,15445,1
strong,15446,1
strong,15447,1
strong,15448,1
strong,15449,1
strong,15450,1
strong,15451,1
strong,15452,1
strong,15453,1
strong,15454,1
strong,15455,1
strong,15456,1
strong,15457,1
strong,15458,1
strong,15459,1
strong,15460,1
strong,15461,1
strong,15462,1
strong,15463,1
strong,15464,1
strong,15465,1
strong,15466,1
strong,15467,1
strong,15468,1
strong,15469,1
strong,15470,1
strong,15471,1
strong,15472,1
strong,15473,1
strong,15474,1
strong,15475,1
strong,15476,1
strong,15477,1
strong,15478,1
strong,15479,1
strong,15480,1
strong,15481,1
strong,15482,1
strong,15483,1
strong,15484,1
strong,15485,1
strong,15486,1
strong,15487,1
strong,15488,1
strong,15489,1
strong,15490,1
strong,15491,1
strong,15492,1
strong,15493,1
strong,15494,1
strong,15495,1
strong,15496,1
strong,15497,1
strong,15498,1
strong,15499,1
strong,15500,1
strong,15501,1
strong,15502,1
strong,15503,1
strong,15504,1
strong,15505,1
strong,15506,1
strong,15507,1
strong,15508,1
strong,15509,1
strong,15510,1
strong,15511,1
strong,15512,1
strong,15513,1
strong,15514,1
strong,15515,1
strong,15516,1
strong,15517,1
strong,15518,1
strong,15519,1
strong,15520,1
strong,15521,1
strong,15522,1
strong,15523,1
strong,15524,1
strong,15525,1
strong,15526,1
strong,15527,1
strong,15528,1
strong,15529,1
strong,15530,1
strong,15531,1
strong,15532,1
strong,15533,1
strong,15534,1
strong,15535,1
strong,15536,1
strong,15537,1
strong,15538,1
strong,15539,1
strong,15540,1
strong,15541,1
strong,15542,1
strong,15543,1
strong,15544,1
strong,15545,1
strong,15546,1
strong,15547,1
strong,15548,1
strong,15549,1
strong,15550,1
strong,15551,1
strong,15552,1
strong,15553,1
strong,15554,1
strong,15555,1
strong,15556,1
strong,15557,1
strong,15558,1
strong,15559,1
strong,15560,1
strong,15561,1
strong,15562,1
strong,15563,1
strong,15564,1
strong,15565,1
strong,15566,1
strong,15567,1
strong,15568,1
strong,15569,1
strong,15570,1
strong,15571,1
strong,15572,1
strong,15573,1
strong,15574,1
strong,15575,1
strong,15576,1
strong,15577,1
strong,15578,1
strong,15579,1
strong,15580,1
strong,15581,1
strong,15582,1
strong,15583,1
strong,15584,1
strong,15585,1
strong,15586,1
strong,15587,1
strong,15588,1
strong,15589,1
strong,15590,1
strong,15591,1
strong,15592,1
strong,15593,1
strong,15594,1
strong,15595,1
strong,15596,1
strong,15597,1
strong,15598,1
strong,15599,1
strong,15600,1
strong,15601,1
strong,15602,1
strong,15603,1
strong,15604,1
strong,15605,1
strong,15606,1
strong,15607,1
strong,15608,1
strong,15609,1
strong,15610,1
strong,15611,1
strong,15612,1
strong,15613,1
strong,15614,1
strong,15615,1
strong,15616,1
strong,15617,1
strong,15618,1
strong,15619,1
strong,15620,1
strong,15621,1
strong,15622,1
strong,15623,1
strong,15624,1
strong,15625,1
strong,15626,1
strong,15627,1
strong,15628,1
strong,15629,1
strong,15630,1
strong,15631,1
strong,15632,1
strong,15633,1
strong,15634,1
strong,15635,1
strong,15636,1
strong,15637,1
strong,15638,1
strong,15639,1
strong,15640,1
strong,15641,1
strong,15642,1
strong,15643,1
strong,15644,1
strong,15645,1
strong,15646,1
strong,15647,1
strong,15648,1
strong,15649,1
strong,15650,1
strong,15651,1
strong,15652,1
strong,15653,1
strong,15654,1
strong,15655,1
strong,15656,1
strong,15657,1
strong,15658,1
strong,15659,1
strong,15660,1
strong,15661,1
strong,15662,1
strong,15663,1
strong,15664,1
strong,15665,1
strong,15666,1
strong,15667,1
strong,15668,1
strong,15669,1
strong,15670,1
strong,15671,1
strong,15672,1
strong,15673,1
strong,15674,1
strong,15675,1
strong,15676,1
strong,15677,1
strong,15678,1
strong,15679,1
strong,15680,1
strong,15681,1
strong,15682,1
strong,15683,1
strong,15684,1
strong,15685,1
strong,15686,1
strong,15687,1
strong,15688,1
strong,15689,1
strong,15690,1
strong,15691,1
strong,15692,1
strong,15693,1
strong,15694,1
strong,15695,1
strong,15696,1
strong,15697,1
strong,15698,1
strong,15699,1
strong,15700,1
strong,15701,1
strong,15702,1
strong,15703,1
strong,15704,1
strong,15705,1
strong,15706,1
strong,15707,1
strong,15708,1
strong,15709,1
strong,15710,1
strong,15711,1
strong,15712,1
strong,15713,1
strong,15714,1
strong,15715,1
strong,15716,1
strong,15717,1
strong,15718,1
strong,15719,1
strong,15720,1
strong,15721,1
strong,15722,1
strong,15723,1
strong,15724,1
strong,15725,1
strong,15726,1
strong,15727,1
strong,15728,1
strong,15729,1
strong,15730,1
strong,15731,1
strong,15732,1
strong,15733,1
strong,15734,1
strong,15735,1
strong,15736,1
strong,15737,1
strong,15738,1
strong,15739,1
strong,15740,1
strong,15741,1
strong,15742,1
strong,15743,1
strong,15744,1
strong,15745,1
strong,15746,1
strong,15747,1
strong,15748,1
strong,15749,1
strong,15750,1
strong,15751,1
strong,15752,1
strong,15753,1
strong,15754,1
strong,15755,1
strong,15756,1
strong,15757,1
strong,15758,1
strong,15759,1
strong,15760,1
strong,15761,1
strong,15762,1
strong,15763,1
strong,15764,1
strong,15765,1
strong,15766,1
strong,15767,1
strong,15768,1
strong,15769,1
strong,15770,1
strong,15771,1
strong,15772,1
strong,15773,1
strong,15774,1
strong,15775,1
strong,15776,1
strong,15777,1
strong,15778,1
strong,15779,1
strong,15780,1
strong,15781,1
strong,15782,1
strong,15783,1
strong,15784,1
strong,15785,1
strong,15786,1
strong,15787,1
strong,15788,1
strong,15789,1
strong,15790,1
strong,15791,1
strong,15792,1
strong,15793,1
strong,15794,1
strong,15795,1
strong,15796,1
strong,15797,1
strong,15798,1
strong,15799,1
strong,15800,1
strong,15801,1
strong,15802,1
strong,15803,1
strong,15804,1
strong,15805,1
strong,15806,1
strong,15807,1
strong,15808,1
strong,15809,1
strong,15810,1
strong,15811,1
strong,15812,1
strong,15813,1
strong,15814,1
strong,15815,1
strong,15816,1
strong,15817,1
strong,15818,1
strong,15819,1
strong,15820,1
strong,15821,1
strong,15822,1
strong,15823,1
strong,15824,1
strong,15825,1
strong,15826,1
strong,15827,1
strong,15828,1
strong,15829,1
strong,15830,1
strong,15831,1
strong,15832,1
strong,15833,1
strong,15834,1
strong,15835,1
strong,15836,1
strong,15837,1
strong,15838,1
strong,15839,1
strong,15840,1
strong,15841,1
strong,15842,1
strong,15843,1
strong,15844,1
strong,15845,1
strong,15846,1
strong,15847,1
strong,15848,1
strong,15849,1
strong,15850,1
strong,15851,1
strong,15852,1
strong,15853,1
strong,15854,1
strong,15855,1
strong,15856,1
strong,15857,1
strong,15858,1
strong,15859,1
strong,15860,1
strong,15861,1
strong,15862,1
strong,15863,1
strong,15864,1
strong,15865,1
strong,15866,1
strong,15867,1
strong,15868,1
strong,15869,1
strong,15870,1
strong,15871,1
strong,15872,1
strong,15873,1
strong,15874,1
strong,15875,1
strong,15876,1
strong,15877,1
strong,15878,1
strong,15879,1
strong,15880,1
strong,15881,1
strong,15882,1
strong,15883,1
strong,15884,1
strong,15885,1
strong,15886,1
strong,15887,1
strong,15888,1
strong,15889,1
strong,15890,1
strong,15891,1
strong,15892,1
strong,15893,1
strong,15894,1
strong,15895,1
strong,15896,1
strong,15897,1
strong,15898,1
strong,15899,1
strong,15900,1
strong,15901,1
strong,15902,1
strong,15903,1
strong,15904,1
strong,15905,1
strong,15906,1
strong,15907,1
strong,15908,1
strong,15909,1
strong,15910,1
strong,15911,1
strong,15912,1
strong,15913,1
strong,15914,1
strong,15915,1
strong,15916,1
strong,15917,1
strong,15918,1
strong,15919,1
strong,15920,1
strong,15921,1
strong,15922,1
strong,15923,1
strong,15924,1
strong,15925,1
strong,15926,1
strong,15927,1
strong,15928,1
strong,15929,1
strong,15930,1
strong,15931,1
strong,15932,1
strong,15933,1
strong,15934,1
strong,15935,1
strong,15936,1
strong,15937,1
strong,15938,1
strong,15939,1
strong,15940,1
strong,15941,1
strong,15942,1
strong,15943,1
strong,15944,1
strong,15945,1
strong,15946,1
strong,15947,1
strong,15948,1
strong,15949,1
strong,15950,1
strong,15951,1
strong,15952,1
strong,15953,1
strong,15954,1
strong,15955,1
strong,15956,1
strong,15957,1
strong,15958,1
strong,15959,1
strong,15960,1
strong,15961,1
strong,15962,1
strong,15963,1
strong,15964,1
strong,15965,1
strong,15966,1
strong,15967,1
strong,15968,1
strong,15969,1
strong,15970,1
strong,15971,1
strong,15972,1
strong,15973,1
strong,15974,1
strong,15975,1
strong,15976,1
strong,15977,1
strong,15978,1
strong,15979,1
strong,15980,1
strong,15981,1
strong,15982,1
strong,15983,1
strong,15984,1
strong,15985,1
strong,15986,1
strong,15987,1
strong,15988,1
strong,15989,1
strong,15990,1
strong,15991,1
strong,15992,1
strong,15993,1
strong,15994,1
strong,15995,1
strong,15996,1
strong,15997,1
strong,15998,1
strong,15999,1
strong,16000,1
strong,16001,1
strong,16002,1
strong,16003,1
strong,16004,1
strong,16005,1
strong,16006,1
strong,16007,1
strong,16008,1
strong,16009,1
strong,16010,1
strong,16011,1
strong,16012,1
strong,16013,1
strong,16014,1
strong,16015,1
strong,16016,1
strong,16017,1
strong,16018,1
strong,16019,1
strong,16020,1
strong,16021,1
strong,16022,1
strong,16023,1
strong,16024,1
strong,16025,1
strong,16026,1
strong,16027,1
strong,16028,1
strong,16029,1
strong,16030,1
strong,16031,1
strong,16032,1
strong,16033,1
strong,16034,1
strong,16035,1
strong,16036,1
strong,16037,1
strong,16038,1
strong,16039,1
strong,16040,1
strong,16041,1
strong,16042,1
strong,16043,1
strong,16044,1
strong,16045,1
strong,16046,1
strong,16047,1
strong,16048,1
strong,16049,1
strong,16050,1
strong,16051,1
strong,16052,1
strong,16053,1
strong,16054,1
strong,16055,1
strong,16056,1
strong,16057,1
strong,16058,1
strong,16059,1
strong,16060,1
strong,16061,1
strong,16062,1
strong,16063,1
strong,16064,1
strong,16065,1
strong,16066,1
strong,16067,1
strong,16068,1
strong,16069,1
strong,16070,1
strong,16071,1
strong,16072,1
strong,16073,1
strong,16074,1
strong,16075,1
strong,16076,1
strong,16077,1
strong,16078,1
strong,16079,1
strong,16080,1
strong,16081,1
strong,16082,1
strong,16083,1
strong,16084,1
strong,16085,1
strong,16086,1
strong,16087,1
strong,16088,1
strong,16089,1
strong,16090,1
strong,16091,1
strong,16092,1
strong,16093,1
strong,16094,1
strong,16095,1
strong,16096,1
strong,16097,1
strong,16098,1
strong,16099,1
strong,16100,1
strong,16101,1
strong,16102,1
strong,16103,1
strong,16104,1
strong,16105,1
strong,16106,1
strong,16107,1
strong,16108,1
strong,16109,1
strong,16110,1
strong,16111,1
strong,16112,1
strong,16113,1
strong,16114,1
strong,16115,1
strong,16116,1
strong,16117,1
strong,16118,1
strong,16119,1
strong,16120,1
strong,16121,1
strong,16122,1
strong,16123,1
strong,16124,1
strong,16125,1
strong,16126,1
strong,16127,1
strong,16128,1
strong,16129,1
strong,16130,1
strong,16131,1
strong,16132,1
strong,16133,1
strong,16134,1
strong,16135,1
strong,16136,1
strong,16137,1
strong,16138,1
strong,16139,1
strong,16140,1
strong,16141,1
strong,16142,1
strong,16143,1
strong,16144,1
strong,16145,1
strong,16146,1
strong,16147,1
strong,16148,1
strong,16149,1
strong,16150,1
strong,16151,1
strong,16152,1
strong,16153,1
strong,16154,1
strong,16155,1
strong,16156,1
strong,16157,1
strong,16158,1
strong,16159,1
strong,16160,1
strong,16161,1
strong,16162,1
strong,16163,1
strong,16164,1
strong,16165,1
strong,16166,1
strong,16167,1
strong,16168,1
strong,16169,1
strong,16170,1
strong,16171,1
strong,16172,1
strong,16173,1
strong,16174,1
strong,16175,1
strong,16176,1
strong,16177,1
strong,16178,1
strong,16179,1
strong,16180,1
strong,16181,1
strong,16182,1
strong,16183,1
strong,16184,1
strong,16185,1
strong,16186,1
strong,16187,1
strong,16188,1
strong,16189,1
strong,16190,1
strong,16191,1
strong,16192,1
strong,16193,1
strong,16194,1
strong,16195,1
strong,16196,1
strong,16197,1
strong,16198,1
strong,16199,1
strong,16200,1
strong,16201,1
strong,16202,1
strong,16203,1
strong,16204,1
strong,16205,1
strong,16206,1
strong,16207,1
strong,16208,1
strong,16209,1
strong,16210,1
strong,16211,1
strong,16212,1
strong,16213,1
strong,16214,1
strong,16215,1
strong,16216,1
strong,16217,1
strong,16218,1
strong,16219,1
strong,16220,1
strong,16221,1
strong,16222,1
strong,16223,1
strong,16224,1
strong,16225,1
strong,16226,1
strong,16227,1
strong,16228,1
strong,16229,1
strong,16230,1
strong,16231,1
strong,16232,1
strong,16233,1
strong,16234,1
strong,16235,1
strong,16236,1
strong,16237,1
strong,16238,1
strong,16239,1
strong,16240,1
strong,16241,1
strong,16242,1
strong,16243,1
strong,16244,1
strong,16245,1
strong,16246,1
strong,16247,1
strong,16248,1
strong,16249,1
strong,16250,1
strong,16251,1
strong,16252,1
strong,16253,1
strong,16254,1
strong,16255,1
strong,16256,1
strong,16257,1
strong,16258,1
strong,16259,1
strong,16260,1
strong,16261,1
strong,16262,1
strong,16263,1
strong,16264,1
strong,16265,1
strong,16266,1
strong,16267,1
strong,16268,1
strong,16269,1
strong,16270,1
strong,16271,1
strong,16272,1
strong,16273,1
strong,16274,1
strong,16275,1
strong,16276,1
strong,16277,1
strong,16278,1
strong,16279,1
strong,16280,1
strong,16281,1
strong,16282,1
strong,16283,1
strong,16284,1
strong,16285,1
strong,16286,1
strong,16287,1
strong,16288,1
strong,16289,1
strong,16290,1
strong,16291,1
strong,16292,1
strong,16293,1
strong,16294,1
strong,16295,1
strong,16296,1
strong,16297,1
strong,16298,1
strong,16299,1
strong,16300,1
strong,16301,1
strong,16302,1
strong,16303,1
strong,16304,1
strong,16305,1
strong,16306,1
strong,16307,1
strong,16308,1
strong,16309,1
strong,16310,1
strong,16311,1
strong,16312,1
strong,16313,1
strong,16314,1
strong,16315,1
strong,16316,1
strong,16317,1
strong,16318,1
strong,16319,1
strong,16320,1
strong,16321,1
strong,16322,1
strong,16323,1
strong,16324,1
strong,16325,1
strong,16326,1
strong,16327,1
strong,16328,1
strong,16329,1
strong,16330,1
strong,16331,1
strong,16332,1
strong,16333,1
strong,16334,1
strong,16335,1
strong,16336,1
strong,16337,1
strong,16338,1
strong,16339,1
strong,16340,1
strong,16341,1
strong,16342,1
strong,16343,1
strong,16344,1
strong,16345,1
strong,16346,1
strong,16347,1
strong,16348,1
strong,16349,1
strong,16350,1
strong,16351,1
strong,16352,1
strong,16353,1
strong,16354,1
strong,16355,1
strong,16356,1
strong,16357,1
strong,16358,1
strong,16359,1
strong,16360,1
strong,16361,1
strong,16362,1
strong,16363,1
strong,16364,1
strong,16365,1
strong,16366,1
strong,16367,1
strong,16368,1
strong,16369,1
strong,16370,1
strong,16371,1
strong,16372,1
strong,16373,1
strong,16374,1
strong,16375,1
strong,16376,1
strong,16377,1
strong,16378,1
strong,16379,1
strong,16380,1
strong,16381,1
strong,16382,1
strong,16383,1
strong,16384,1
strong,16385,1
strong,16386,1
strong,16387,1
strong,16388,1
strong,16389,1
strong,16390,1
strong,16391,1
strong,16392,1
strong,16393,1
strong,16394,1
strong,16395,1
strong,16396,1
strong,16397,1
strong,16398,1
strong,16399,1
strong,16400,1
strong,16401,1
strong,16402,1
strong,16403,1
strong,16404,1
strong,16405,1
strong,16406,1
strong,16407,1
strong,16408,1
strong,16409,1
strong,16410,1
strong,16411,1
strong,16412,1
strong,16413,1
strong,16414,1
strong,16415,1
strong,16416,1
strong,16417,1
strong,16418,1
strong,16419,1
strong,16420,1
strong,16421,1
strong,16422,1
strong,16423,1
strong,16424,1
strong,16425,1
strong,16426,1
strong,16427,1
strong,16428,1
strong,16429,1
strong,16430,1
strong,16431,1
strong,16432,1
strong,16433,1
strong,16434,1
strong,16435,1
strong,16436,1
strong,16437,1
strong,16438,1
strong,16439,1
strong,16440,1
strong,16441,1
strong,16442,1
strong,16443,1
strong,16444,1
strong,16445,1
strong,16446,1
strong,16447,1
strong,16448,1
strong,16449,1
strong,16450,1
strong,16451,1
strong,16452,1
strong,16453,1
strong,16454,1
strong,16455,1
strong,16456,1
strong,16457,1
strong,16458,1
strong,16459,1
strong,16460,1
strong,16461,1
strong,16462,1
strong,16463,1
strong,16464,1
strong,16465,1
strong,16466,1
strong,16467,1
strong,16468,1
strong,16469,1
strong,16470,1
strong,16471,1
strong,16472,1
strong,16473,1
strong,16474,1
strong,16475,1
strong,16476,1
strong,16477,1
strong,16478,1
strong,16479,1
strong,16480,1
strong,16481,1
strong,16482,1
strong,16483,1
strong,16484,1
strong,16485,1
strong,16486,1
strong,16487,1
strong,16488,1
strong,16489,1
strong,16490,1
strong,16491,1
strong,16492,1
strong,16493,1
strong,16494,1
strong,16495,1
strong,16496,1
strong,16497,1
strong,16498,1
strong,16499,1
strong,16500,1
strong,16501,1
strong,16502,1
strong,16503,1
strong,16504,1
strong,16505,1
strong,16506,1
strong,16507,1
strong,16508,1
strong,16509,1
strong,16510,1
strong,16511,1
strong,16512,1
strong,16513,1
strong,16514,1
strong,16515,1
strong,16516,1
strong,16517,1
strong,16518,1
strong,16519,1
strong,16520,1
strong,16521,1
strong,16522,1
strong,16523,1
strong,16524,1
strong,16525,1
strong,16526,1
strong,16527,1
strong,16528,1
strong,16529,1
strong,16530,1
strong,16531,1
strong,16532,1
strong,16533,1
strong,16534,1
strong,16535,1
strong,16536,1
strong,16537,1
strong,16538,1
strong,16539,1
strong,16540,1
strong,16541,1
strong,16542,1
strong,16543,1
strong,16544,1
strong,16545,1
strong,16546,1
strong,16547,1
strong,16548,1
strong,16549,1
strong,16550,1
strong,16551,1
strong,16552,1
strong,16553,1
strong,16554,1
strong,16555,1
strong,16556,1
strong,16557,1
strong,16558,1
strong,16559,1
strong,16560,1
strong,16561,1
strong,16562,1
strong,16563,1
strong,16564,1
strong,16565,1
strong,16566,1
strong,16567,1
strong,16568,1
strong,16569,1
strong,16570,1
strong,16571,1
strong,16572,1
strong,16573,1
strong,16574,1
strong,16575,1
strong,16576,1
strong,16577,1
strong,16578,1
strong,16579,1
strong,16580,1
strong,16581,1
strong,16582,1
strong,16583,1
strong,16584,1
strong,16585,1
strong,16586,1
strong,16587,1
strong,16588,1
strong,16589,1
strong,16590,1
strong,16591,1
strong,16592,1
strong,16593,1
strong,16594,1
strong,16595,1
strong,16596,1
strong,16597,1
strong,16598,1
strong,16599,1
strong,16600,1
strong,16601,1
strong,16602,1
strong,16603,1
strong,16604,1
strong,16605,1
strong,16606,1
strong,16607,1
strong,16608,1
strong,16609,1
strong,16610,1
strong,16611,1
strong,16612,1
strong,16613,1
strong,16614,1
strong,16615,1
strong,16616,1
strong,16617,1
strong,16618,1
strong,16619,1
strong,16620,1
strong,16621,1
strong,16622,1
strong,16623,1
strong,16624,1
strong,16625,1
strong,16626,1
strong,16627,1
strong,16628,1
strong,16629,1
strong,16630,1
strong,16631,1
strong,16632,1
strong,16633,1
strong,16634,1
strong,16635,1
strong,16636,1
strong,16637,1
strong,16638,1
strong,16639,1
strong,16640,1
strong,16641,1
strong,16642,1
strong,16643,1
strong,16644,1
strong,16645,1
strong,16646,1
strong,16647,1
strong,16648,1
strong,16649,1
strong,16650,1
strong,16651,1
strong,16652,1
strong,16653,1
strong,16654,1
strong,16655,1
strong,16656,1
strong,16657,1
strong,16658,1
strong,16659,1
strong,16660,1
strong,16661,1
strong,16662,1
strong,16663,1
strong,16664,1
strong,16665,1
strong,16666,1
strong,16667,1
strong,16668,1
strong,16669,1
strong,16670,1
strong,16671,1
strong,16672,1
strong,16673,1
strong,16674,1
strong,16675,1
strong,16676,1
strong,16677,1
strong,16678,1
strong,16679,1
strong,16680,1
strong,16681,1
strong,16682,1
strong,16683,1
strong,16684,1
strong,16685,1
strong,16686,1
strong,16687,1
strong,16688,1
strong,16689,1
strong,16690,1
strong,16691,1
strong,16692,1
strong,16693,1
strong,16694,1
strong,16695,1
strong,16696,1
strong,16697,1
strong,16698,1
strong,16699,1
strong,16700,1
strong,16701,1
strong,16702,1
strong,16703,1
strong,16704,1
strong,16705,1
strong,16706,1
strong,16707,1
strong,16708,1
strong,16709,1
strong,16710,1
strong,16711,1
strong,16712,1
strong,16713,1
strong,16714,1
strong,16715,1
strong,16716,1
strong,16717,1
strong,16718,1
strong,16719,1
strong,16720,1
strong,16721,1
strong,16722,1
strong,16723,1
strong,16724,1
strong,16725,1
strong,16726,1
strong,16727,1
strong,16728,1
strong,16729,1
strong,16730,1
strong,16731,1
strong,16732,1
strong,16733,1
strong,16734,1
strong,16735,1
strong,16736,1
strong,16737,1
strong,16738,1
strong,16739,1
strong,16740,1
strong,16741,1
strong,16742,1
strong,16743,1
strong,16744,1
strong,16745,1
strong,16746,1
strong,16747,1
strong,16748,1
strong,16749,1
strong,16750,1
strong,16751,1
strong,16752,1
strong,16753,1
strong,16754,1
strong,16755,1
strong,16756,1
strong,16757,1
strong,16758,1
strong,16759,1
strong,16760,1
strong,16761,1
strong,16762,1
strong,16763,1
strong,16764,1
strong,16765,1
strong,16766,1
strong,16767,1
strong,16768,1
strong,16769,1
strong,16770,1
strong,16771,1
strong,16772,1
strong,16773,1
strong,16774,1
strong,16775,1
strong,16776,1
strong,16777,1
strong,16778,1
strong,16779,1
strong,16780,1
strong,16781,1
strong,16782,1
strong,16783,1
strong,16784,1
strong,16785,1
strong,16786,1
strong,16787,1
strong,16788,1
strong,16789,1
strong,16790,1
strong,16791,1
strong,16792,1
strong,16793,1
strong,16794,1
strong,16795,1
strong,16796,1
strong,16797,1
strong,16798,1
strong,16799,1
strong,16800,1
strong,16801,1
strong,16802,1
strong,16803,1
strong,16804,1
strong,16805,1
strong,16806,1
strong,16807,1
strong,16808,1
strong,16809,1
strong,16810,1
strong,16811,1
strong,16812,1
strong,16813,1
strong,16814,1
strong,16815,1
strong,16816,1
strong,16817,1
strong,16818,1
strong,16819,1
strong,16820,1
strong,16821,1
strong,16822,1
strong,16823,1
strong,16824,1
strong,16825,1
strong,16826,1
strong,16827,1
strong,16828,1
strong,16829,1
strong,16830,1
strong,16831,1
strong,16832,1
strong,16833,1
strong,16834,1
strong,16835,1
strong,16836,1
strong,16837,1
strong,16838,1
strong,16839,1
strong,16840,1
strong,16841,1
strong,16842,1
strong,16843,1
strong,16844,1
strong,16845,1
strong,16846,1
strong,16847,1
strong,16848,1
strong,16849,1
strong,16850,1
strong,16851,1
strong,16852,1
strong,16853,1
strong,16854,1
strong,16855,1
strong,16856,1
strong,16857,1
strong,16858,1
strong,16859,1
strong,16860,1
strong,16861,1
strong,16862,1
strong,16863,1
strong,16864,1
strong,16865,1
strong,16866,1
strong,16867,1
strong,16868,1
strong,16869,1
strong,16870,1
strong,16871,1
strong,16872,1
strong,16873,1
strong,16874,1
strong,16875,1
strong,16876,1
strong,16877,1
strong,16878,1
strong,16879,1
strong,16880,1
strong,16881,1
strong,16882,1
strong,16883,1
strong,16884,1
strong,16885,1
strong,16886,1
strong,16887,1
strong,16888,1
strong,16889,1
strong,16890,1
strong,16891,1
strong,16892,1
strong,16893,1
strong,16894,1
strong,16895,1
strong,16896,1
strong,16897,1
strong,16898,1
strong,16899,1
strong,16900,1
strong,16901,1
strong,16902,1
strong,16903,1
strong,16904,1
strong,16905,1
strong,16906,1
strong,16907,1
strong,16908,1
strong,16909,1
strong,16910,1
strong,16911,1
strong,16912,1
strong,16913,1
strong,16914,1
strong,16915,1
strong,16916,1
strong,16917,1
strong,16918,1
strong,16919,1
strong,16920,1
strong,16921,1
strong,16922,1
strong,16923,1
strong,16924,1
strong,16925,1
strong,16926,1
strong,16927,1
strong,16928,1
strong,16929,1
strong,16930,1
strong,16931,1
strong,16932,1
strong,16933,1
strong,16934,1
strong,16935,1
strong,16936,1
strong,16937,1
strong,16938,1
strong,16939,1
strong,16940,1
strong,16941,1
strong,16942,1
strong,16943,1
strong,16944,1
strong,16945,1
strong,16946,1
strong,16947,1
strong,16948,1
strong,16949,1
strong,16950,1
strong,16951,1
strong,16952,1
strong,16953,1
strong,16954,1
strong,16955,1
strong,16956,1
strong,16957,1
strong,16958,1
strong,16959,1
strong,16960,1
strong,16961,1
strong,16962,1
strong,16963,1
strong,16964,1
strong,16965,1
strong,16966,1
strong,16967,1
strong,16968,1
strong,16969,1
strong,16970,1
strong,16971,1
strong,16972,1
strong,16973,1
strong,16974,1
strong,16975,1
strong,16976,1
strong,16977,1
strong,16978,1
strong,16979,1
strong,16980,1
strong,16981,1
strong,16982,1
strong,16983,1
strong,16984,1
strong,16985,1
strong,16986,1
strong,16987,1
strong,16988,1
strong,16989,1
strong,16990,1
strong,16991,1
strong,16992,1
strong,16993,1
strong,16994,1
strong,16995,1
strong,16996,1
strong,16997,1
strong,16998,1
strong,16999,1
strong,17000,1
strong,17001,1
strong,17002,1
strong,17003,1
strong,17004,1
strong,17005,1
strong,17006,1
strong,17007,1
strong,17008,1
strong,17009,1
strong,17010,1
strong,17011,1
strong,17012,1
strong,17013,1
strong,17014,1
strong,17015,1
strong,17016,1
strong,17017,1
strong,17018,1
strong,17019,1
strong,17020,1
strong,17021,1
strong,17022,1
strong,17023,1
strong,17024,1
strong,17025,1
strong,17026,1
strong,17027,1
strong,17028,1
strong,17029,1
strong,17030,1
strong,17031,1
strong,17032,1
strong,17033,1
strong,17034,1
strong,17035,1
strong,17036,1
strong,17037,1
strong,17038,1
strong,17039,1
strong,17040,1
strong,17041,1
strong,17042,1
strong,17043,1
strong,17044,1
strong,17045,1
strong,17046,1
strong,17047,1
strong,17048,1
strong,17049,1
strong,17050,1
strong,17051,1
strong,17052,1
strong,17053,1
strong,17054,1
strong,17055,1
strong,17056,1
strong,17057,1
strong,17058,1
strong,17059,1
strong,17060,1
strong,17061,1
strong,17062,1
strong,17063,1
strong,17064,1
strong,17065,1
strong,17066,1
strong,17067,1
strong,17068,1
strong,17069,1
strong,17070,1
strong,17071,1
strong,17072,1
strong,17073,1
strong,17074,1
strong,17075,1
strong,17076,1
strong,17077,1
strong,17078,1
strong,17079,1
strong,17080,1
strong,17081,1
strong,17082,1
strong,17083,1
strong,17084,1
strong,17085,1
strong,17086,1
strong,17087,1
strong,17088,1
strong,17089,1
strong,17090,1
strong,17091,1
strong,17092,1
strong,17093,1
strong,17094,1
strong,17095,1
strong,17096,1
strong,17097,1
strong,17098,1
strong,17099,1
strong,17100,1
strong,17101,1
strong,17102,1
strong,17103,1
strong,17104,1
strong,17105,1
strong,17106,1
strong,17107,1
strong,17108,1
strong,17109,1
strong,17110,1
strong,17111,1
strong,17112,1
strong,17113,1
strong,17114,1
strong,17115,1
strong,17116,1
strong,17117,1
strong,17118,1
strong,17119,1
strong,17120,1
strong,17121,1
strong,17122,1
strong,17123,1
strong,17124,1
strong,17125,1
strong,17126,1
strong,17127,1
strong,17128,1
strong,17129,1
strong,17130,1
strong,17131,1
strong,17132,1
strong,17133,1
strong,17134,1
strong,17135,1
strong,17136,1
strong,17137,1
strong,17138,1
strong,17139,1
strong,17140,1
strong,17141,1
strong,17142,1
strong,17143,1
strong,17144,1
strong,17145,1
strong,17146,1
strong,17147,1
strong,17148,1
strong,17149,1
strong,17150,1
strong,17151,1
strong,17152,1
strong,17153,1
strong,17154,1
strong,17155,1
strong,17156,1
strong,17157,1
strong,17158,1
strong,17159,1
strong,17160,1
strong,17161,1
strong,17162,1
strong,17163,1
strong,17164,1
strong,17165,1
strong,17166,1
strong,17167,1
strong,17168,1
strong,17169,1
strong,17170,1
strong,17171,1
strong,17172,1
strong,17173,1
strong,17174,1
strong,17175,1
strong,17176,1
strong,17177,1
strong,17178,1
strong,17179,1
strong,17180,1
strong,17181,1
strong,17182,1
strong,17183,1
strong,17184,1
strong,17185,1
strong,17186,1
strong,17187,1
strong,17188,1
strong,17189,1
strong,17190,1
strong,17191,1
strong,17192,1
strong,17193,1
strong,17194,1
strong,17195,1
strong,17196,1
strong,17197,1
strong,17198,1
strong,17199,1
strong,17200,1
strong,17201,1
strong,17202,1
strong,17203,1
strong,17204,1
strong,17205,1
strong,17206,1
strong,17207,1
strong,17208,1
strong,17209,1
strong,17210,1
strong,17211,1
strong,17212,1
strong,17213,1
strong,17214,1
strong,17215,1
strong,17216,1
strong,17217,1
strong,17218,1
strong,17219,1
strong,17220,1
strong,17221,1
strong,17222,1
strong,17223,1
strong,17224,1
strong,17225,1
strong,17226,1
strong,17227,1
strong,17228,1
strong,17229,1
strong,17230,1
strong,17231,1
strong,17232,1
strong,17233,1
strong,17234,1
strong,17235,1
strong,17236,1
strong,17237,1
strong,17238,1
strong,17239,1
strong,17240,1
strong,17241,1
strong,17242,1
strong,17243,1
strong,17244,1
strong,17245,1
strong,17246,1
strong,17247,1
strong,17248,1
strong,17249,1
strong,17250,1
strong,17251,1
strong,17252,1
strong,17253,1
strong,17254,1
strong,17255,1
strong,17256,1
strong,17257,1
strong,17258,1
strong,17259,1
strong,17260,1
strong,17261,1
strong,17262,1
strong,17263,1
strong,17264,1
strong,17265,1
strong,17266,1
strong,17267,1
strong,17268,1
strong,17269,1
strong,17270,1
strong,17271,1
strong,17272,1
strong,17273,1
strong,17274,1
strong,17275,1
strong,17276,1
strong,17277,1
strong,17278,1
strong,17279,1
strong,17280,1
strong,17281,1
strong,17282,1
strong,17283,1
strong,17284,1
strong,17285,1
strong,17286,1
strong,17287,1
strong,17288,1
strong,17289,1
strong,17290,1
strong,17291,1
strong,17292,1
strong,17293,1
strong,17294,1
strong,17295,1
strong,17296,1
strong,17297,1
strong,17298,1
strong,17299,1
strong,17300,1
strong,17301,1
strong,17302,1
strong,17303,1
strong,17304,1
strong,17305,1
strong,17306,1
strong,17307,1
strong,17308,1
strong,17309,1
strong,17310,1
strong,17311,1
strong,17312,1
strong,17313,1
strong,17314,1
strong,17315,1
strong,17316,1
strong,17317,1
strong,17318,1
strong,17319,1
strong,17320,1
strong,17321,1
strong,17322,1
strong,17323,1
strong,17324,1
strong,17325,1
strong,17326,1
strong,17327,1
strong,17328,1
strong,17329,1
strong,17330,1
strong,17331,1
strong,17332,1
strong,17333,1
strong,17334,1
strong,17335,1
strong,17336,1
strong,17337,1
strong,17338,1
strong,17339,1
strong,17340,1
strong,17341,1
strong,17342,1
strong,17343,1
strong,17344,1
strong,17345,1
strong,17346,1
strong,17347,1
strong,17348,1
strong,17349,1
strong,17350,1
strong,17351,1
strong,17352,1
strong,17353,1
strong,17354,1
strong,17355,1
strong,17356,1
strong,17357,1
strong,17358,1
strong,17359,1
strong,17360,1
strong,17361,1
strong,17362,1
strong,17363,1
strong,17364,1
strong,17365,1
strong,17366,1
strong,17367,1
strong,17368,1
strong,17369,1
strong,17370,1
strong,17371,1
strong,17372,1
strong,17373,1
strong,17374,1
strong,17375,1
strong,17376,1
strong,17377,1
strong,17378,1
strong,17379,1
strong,17380,1
strong,17381,1
strong,17382,1
strong,17383,1
strong,17384,1
strong,17385,1
strong,17386,1
strong,17387,1
strong,17388,1
strong,17389,1
strong,17390,1
strong,17391,1
strong,17392,1
strong,17393,1
strong,17394,1
strong,17395,1
strong,17396,1
strong,17397,1
strong,17398,1
strong,17399,1
strong,17400,1
strong,17401,1
strong,17402,1
strong,17403,1
strong,17404,1
strong,17405,1
strong,17406,1
strong,17407,1
strong,17408,1
strong,17409,1
strong,17410,1
strong,17411,1
strong,17412,1
strong,17413,1
strong,17414,1
strong,17415,1
strong,17416,1
strong,17417,1
strong,17418,1
strong,17419,1
strong,17420,1
strong,17421,1
strong,17422,1
strong,17423,1
strong,17424,1
strong,17425,1
strong,17426,1
strong,17427,1
strong,17428,1
strong,17429,1
strong,17430,1
strong,17431,1
strong,17432,1
strong,17433,1
strong,17434,1
strong,17435,1
strong,17436,1
strong,17437,1
strong,17438,1
strong,17439,1
strong,17440,1
strong,17441,1
strong,17442,1
strong,17443,1
strong,17444,1
strong,17445,1
strong,17446,1
strong,17447,1
strong,17448,1
strong,17449,1
strong,17450,1
strong,17451,1
strong,17452,1
strong,17453,1
strong,17454,1
strong,17455,1
strong,17456,1
strong,17457,1
strong,17458,1
strong,17459,1
strong,17460,1
strong,17461,1
strong,17462,1
strong,17463,1
strong,17464,1
strong,17465,1
strong,17466,1
strong,17467,1
strong,17468,1
strong,17469,1
strong,17470,1
strong,17471,1
strong,17472,1
strong,17473,1
strong,17474,1
strong,17475,1
strong,17476,1
strong,17477,1
strong,17478,1
strong,17479,1
strong,17480,1
strong,17481,1
strong,17482,1
strong,17483,1
strong,17484,1
strong,17485,1
strong,17486,1
strong,17487,1
strong,17488,1
strong,17489,1
strong,17490,1
strong,17491,1
strong,17492,1
strong,17493,1
strong,17494,1
strong,17495,1
strong,17496,1
strong,17497,1
strong,17498,1
strong,17499,1
strong,17500,1
strong,17501,1
strong,17502,1
strong,17503,1
strong,17504,1
strong,17505,1
strong,17506,1
strong,17507,1
strong,17508,1
strong,17509,1
strong,17510,1
strong,17511,1
strong,17512,1
strong,17513,1
strong,17514,1
strong,17515,1
strong,17516,1
strong,17517,1
strong,17518,1
strong,17519,1
strong,17520,1
strong,17521,1
strong,17522,1
strong,17523,1
strong,17524,1
strong,17525,1
strong,17526,1
strong,17527,1
strong,17528,1
strong,17529,1
strong,17530,1
strong,17531,1
strong,17532,1
strong,17533,1
strong,17534,1
strong,17535,1
strong,17536,1
strong,17537,1
strong,17538,1
strong,17539,1
strong,17540,1
strong,17541,1
strong,17542,1
strong,17543,1
strong,17544,1
strong,17545,1
strong,17546,1
strong,17547,1
strong,17548,1
strong,17549,1
strong,17550,1
strong,17551,1
strong,17552,1
strong,17553,1
strong,17554,1
strong,17555,1
strong,17556,1
strong,17557,1
strong,17558,1
strong,17559,1
strong,17560,1
strong,17561,1
strong,17562,1
strong,17563,1
strong,17564,1
strong,17565,1
strong,17566,1
strong,17567,1
strong,17568,1
strong,17569,1
strong,17570,1
strong,17571,1
strong,17572,1
strong,17573,1
strong,17574,1
strong,17575,1
strong,17576,1
strong,17577,1
strong,17578,1
strong,17579,1
strong,17580,1
strong,17581,1
strong,17582,1
strong,17583,1
strong,17584,1
strong,17585,1
strong,17586,1
strong,17587,1
strong,17588,1
strong,17589,1
strong,17590,1
strong,17591,1
strong,17592,1
strong,17593,1
strong,17594,1
strong,17595,1
strong,17596,1
strong,17597,1
strong,17598,1
strong,17599,1
strong,17600,1
strong,17601,1
strong,17602,1
strong,17603,1
strong,17604,1
strong,17605,1
strong,17606,1
strong,17607,1
strong,17608,1
strong,17609,1
strong,17610,1
strong,17611,1
strong,17612,1
strong,17613,1
strong,17614,1
strong,17615,1
strong,17616,1
strong,17617,1
strong,17618,1
strong,17619,1
strong,17620,1
strong,17621,1
strong,17622,1
strong,17623,1
strong,17624,1
strong,17625,1
strong,17626,1
strong,17627,1
strong,17628,1
strong,17629,1
strong,17630,1
strong,17631,1
strong,17632,1
strong,17633,1
strong,17634,1
strong,17635,1
strong,17636,1
strong,17637,1
strong,17638,1
strong,17639,1
strong,17640,1
strong,17641,1
strong,17642,1
strong,17643,1
strong,17644,1
strong,17645,1
strong,17646,1
strong,17647,1
strong,17648,1
strong,17649,1
strong,17650,1
strong,17651,1
strong,17652,1
strong,17653,1
strong,17654,1
strong,17655,1
strong,17656,1
strong,17657,1
strong,17658,1
strong,17659,1
strong,17660,1
strong,17661,1
strong,17662,1
strong,17663,1
strong,17664,1
strong,17665,1
strong,17666,1
strong,17667,1
strong,17668,1
strong,17669,1
strong,17670,1
strong,17671,1
strong,17672,1
strong,17673,1
strong,17674,1
strong,17675,1
strong,17676,1
strong,17677,1
strong,17678,1
strong,17679,1
strong,17680,1
strong,17681,1
strong,17682,1
strong,17683,1
strong,17684,1
strong,17685,1
strong,17686,1
strong,17687,1
strong,17688,1
strong,17689,1
strong,17690,1
strong,17691,1
strong,17692,1
strong,17693,1
strong,17694,1
strong,17695,1
strong,17696,1
strong,17697,1
strong,17698,1
strong,17699,1
strong,17700,1
strong,17701,1
strong,17702,1
strong,17703,1
strong,17704,1
strong,17705,1
strong,17706,1
strong,17707,1
strong,17708,1
strong,17709,1
strong,17710,1
strong,17711,1
strong,17712,1
strong,17713,1
strong,17714,1
strong,17715,1
strong,17716,1
strong,17717,1
strong,17718,1
strong,17719,1
strong,17720,1
strong,17721,1
strong,17722,1
strong,17723,1
strong,17724,1
strong,17725,1
strong,17726,1
strong,17727,1
strong,17728,1
strong,17729,1
strong,17730,1
strong,17731,1
strong,17732,1
strong,17733,1
strong,17734,1
strong,17735,1
strong,17736,1
strong,17737,1
strong,17738,1
strong,17739,1
strong,17740,1
strong,17741,1
strong,17742,1
strong,17743,1
strong,17744,1
strong,17745,1
strong,17746,1
strong,17747,1
strong,17748,1
strong,17749,1
strong,17750,1
strong,17751,1
strong,17752,1
strong,17753,1
strong,17754,1
strong,17755,1
strong,17756,1
strong,17757,1
strong,17758,1
strong,17759,1
strong,17760,1
strong,17761,1
strong,17762,1
strong,17763,1
strong,17764,1
strong,17765,1
strong,17766,1
strong,17767,1
strong,17768,1
strong,17769,1
strong,17770,1
strong,17771,1
strong,17772,1
strong,17773,1
strong,17774,1
strong,17775,1
strong,17776,1
strong,17777,1
strong,17778,1
strong,17779,1
strong,17780,1
strong,17781,1
strong,17782,1
strong,17783,1
strong,17784,1
strong,17785,1
strong,17786,1
strong,17787,1
strong,17788,1
strong,17789,1
strong,17790,1
strong,17791,1
strong,17792,1
strong,17793,1
strong,17794,1
strong,17795,1
strong,17796,1
strong,17797,1
strong,17798,1
strong,17799,1
strong,17800,1
strong,17801,1
strong,17802,1
strong,17803,1
strong,17804,1
strong,17805,1
strong,17806,1
strong,17807,1
strong,17808,1
strong,17809,1
strong,17810,1
strong,17811,1
strong,17812,1
strong,17813,1
strong,17814,1
strong,17815,1
strong,17816,1
strong,17817,1
strong,17818,1
strong,17819,1
strong,17820,1
strong,17821,1
strong,17822,1
strong,17823,1
strong,17824,1
strong,17825,1
strong,17826,1
strong,17827,1
strong,17828,1
strong,17829,1
strong,17830,1
strong,17831,1
strong,17832,1
strong,17833,1
strong,17834,1
strong,17835,1
strong,17836,1
strong,17837,1
strong,17838,1
strong,17839,1
strong,17840,1
strong,17841,1
strong,17842,1
strong,17843,1
strong,17844,1
strong,17845,1
strong,17846,1
strong,17847,1
strong,17848,1
strong,17849,1
strong,17850,1
strong,17851,1
strong,17852,1
strong,17853,1
strong,17854,1
strong,17855,1
strong,17856,1
strong,17857,1
strong,17858,1
strong,17859,1
strong,17860,1
strong,17861,1
strong,17862,1
strong,17863,1
strong,17864,1
strong,17865,1
strong,17866,1
strong,17867,1
strong,17868,1
strong,17869,1
strong,17870,1
strong,17871,1
strong,17872,1
strong,17873,1
strong,17874,1
strong,17875,1
strong,17876,1
strong,17877,1
strong,17878,1
strong,17879,1
strong,17880,1
strong,17881,1
strong,17882,1
strong,17883,1
strong,17884,1
strong,17885,1
strong,17886,1
strong,17887,1
strong,17888,1
strong,17889,1
strong,17890,1
strong,17891,1
strong,17892,1
strong,17893,1
strong,17894,1
strong,17895,1
strong,17896,1
strong,17897,1
strong,17898,1
strong,17899,1
strong,17900,1
strong,17901,1
strong,17902,1
strong,17903,1
strong,17904,1
strong,17905,1
strong,17906,1
strong,17907,1
strong,17908,1
strong,17909,1
strong,17910,1
strong,17911,1
strong,17912,1
strong,17913,1
strong,17914,1
strong,17915,1
strong,17916,1
strong,17917,1
strong,17918,1
strong,17919,1
strong,17920,1
strong,17921,1
strong,17922,1
strong,17923,1
strong,17924,1
strong,17925,1
strong,17926,1
strong,17927,1
strong,17928,1
strong,17929,1
strong,17930,1
strong,17931,1
strong,17932,1
strong,17933,1
strong,17934,1
strong,17935,1
strong,17936,1
strong,17937,1
strong,17938,1
strong,17939,1
strong,17940,1
strong,17941,1
strong,17942,1
strong,17943,1
strong,17944,1
strong,17945,1
strong,17946,1
strong,17947,1
strong,17948,1
strong,17949,1
strong,17950,1
strong,17951,1
strong,17952,1
strong,17953,1
strong,17954,1
strong,17955,1
strong,17956,1
strong,17957,1
strong,17958,1
strong,17959,1
strong,17960,1
strong,17961,1
strong,17962,1
strong,17963,1
strong,17964,1
strong,17965,1
strong,17966,1
strong,17967,1
strong,17968,1
strong,17969,1
strong,17970,1
strong,17971,1
strong,17972,1
strong,17973,1
strong,17974,1
strong,17975,1
strong,17976,1
strong,17977,1
strong,17978,1
strong,17979,1
strong,17980,1
strong,17981,1
strong,17982,1
strong,17983,1
strong,17984,1
strong,17985,1
strong,17986,1
strong,17987,1
strong,17988,1
strong,17989,1
strong,17990,1
strong,17991,1
strong,17992,1
strong,17993,1
strong,17994,1
strong,17995,1
strong,17996,1
strong,17997,1
strong,17998,1
strong,17999,1
strong,18000,1
strong,18001,1
strong,18002,1
strong,18003,1
strong,18004,1
strong,18005,1
strong,18006,1
strong,18007,1
strong,18008,1
strong,18009,1
strong,18010,1
strong,18011,1
strong,18012,1
strong,18013,1
strong,18014,1
strong,18015,1
strong,18016,1
strong,18017,1
strong,18018,1
strong,18019,1
strong,18020,1
strong,18021,1
strong,18022,1
strong,18023,1
strong,18024,1
strong,18025,1
strong,18026,1
strong,18027,1
strong,18028,1
strong,18029,1
strong,18030,1
strong,18031,1
strong,18032,1
strong,18033,1
strong,18034,1
strong,18035,1
strong,18036,1
strong,18037,1
strong,18038,1
strong,18039,1
strong,18040,1
strong,18041,1
strong,18042,1
strong,18043,1
strong,18044,1
strong,18045,1
strong,18046,1
strong,18047,1
strong,18048,1
strong,18049,1
strong,18050,1
strong,18051,1
strong,18052,1
strong,18053,1
strong,18054,1
strong,18055,1
strong,18056,1
strong,18057,1
strong,18058,1
strong,18059,1
strong,18060,1
strong,18061,1
strong,18062,1
strong,18063,1
strong,18064,1
strong,18065,1
strong,18066,1
strong,18067,1
strong,18068,1
strong,18069,1
strong,18070,1
strong,18071,1
strong,18072,1
strong,18073,1
strong,18074,1
strong,18075,1
strong,18076,1
strong,18077,1
strong,18078,1
strong,18079,1
strong,18080,1
strong,18081,1
strong,18082,1
strong,18083,1
strong,18084,1
strong,18085,1
strong,18086,1
strong,18087,1
strong,18088,1
strong,18089,1
strong,18090,1
strong,18091,1
strong,18092,1
strong,18093,1
strong,18094,1
strong,18095,1
strong,18096,1
strong,18097,1
strong,18098,1
strong,18099,1
strong,18100,1
strong,18101,1
strong,18102,1
strong,18103,1
strong,18104,1
strong,18105,1
strong,18106,1
strong,18107,1
strong,18108,1
strong,18109,1
strong,18110,1
strong,18111,1
strong,18112,1
strong,18113,1
strong,18114,1
strong,18115,1
strong,18116,1
strong,18117,1
strong,18118,1
strong,18119,1
strong,18120,1
strong,18121,1
strong,18122,1
strong,18123,1
strong,18124,1
strong,18125,1
strong,18126,1
strong,18127,1
strong,18128,1
strong,18129,1
strong,18130,1
strong,18131,1
strong,18132,1
strong,18133,1
strong,18134,1
strong,18135,1
strong,18136,1
strong,18137,1
strong,18138,1
strong,18139,1
strong,18140,1
strong,18141,1
strong,18142,1
strong,18143,1
strong,18144,1
strong,18145,1
strong,18146,1
strong,18147,1
strong,18148,1
strong,18149,1
strong,18150,1
strong,18151,1
strong,18152,1
strong,18153,1
strong,18154,1
strong,18155,1
strong,18156,1
strong,18157,1
strong,18158,1
strong,18159,1
strong,18160,1
strong,18161,1
strong,18162,1
strong,18163,1
strong,18164,1
strong,18165,1
strong,18166,1
strong,18167,1
strong,18168,1
strong,18169,1
strong,18170,1
strong,18171,1
strong,18172,1
strong,18173,1
strong,18174,1
strong,18175,1
strong,18176,1
strong,18177,1
strong,18178,1
strong,18179,1
strong,18180,1
strong,18181,1
strong,18182,1
strong,18183,1
strong,18184,1
strong,18185,1
strong,18186,1
strong,18187,1
strong,18188,1
strong,18189,1
strong,18190,1
strong,18191,1
strong,18192,1
strong,18193,1
strong,18194,1
strong,18195,1
strong,18196,1
strong,18197,1
strong,18198,1
strong,18199,1
strong,18200,1
strong,18201,1
strong,18202,1
strong,18203,1
strong,18204,1
strong,18205,1
strong,18206,1
strong,18207,1
strong,18208,1
strong,18209,1
strong,18210,1
strong,18211,1
strong,18212,1
strong,18213,1
strong,18214,1
strong,18215,1
strong,18216,1
strong,18217,1
strong,18218,1
strong,18219,1
strong,18220,1
strong,18221,1
strong,18222,1
strong,18223,1
strong,18224,1
strong,18225,1
strong,18226,1
strong,18227,1
strong,18228,1
strong,18229,1
strong,18230,1
strong,18231,1
strong,18232,1
strong,18233,1
strong,18234,1
strong,18235,1
strong,18236,1
strong,18237,1
strong,18238,1
strong,18239,1
strong,18240,1
strong,18241,1
strong,18242,1
strong,18243,1
strong,18244,1
strong,18245,1
strong,18246,1
strong,18247,1
strong,18248,1
strong,18249,1
strong,18250,1
strong,18251,1
strong,18252,1
strong,18253,1
strong,18254,1
strong,18255,1
strong,18256,1
strong,18257,1
strong,18258,1
strong,18259,1
strong,18260,1
strong,18261,1
strong,18262,1
strong,18263,1
strong,18264,1
strong,18265,1
strong,18266,1
strong,18267,1
strong,18268,1
strong,18269,1
strong,18270,1
strong,18271,1
strong,18272,1
strong,18273,1
strong,18274,1
strong,18275,1
strong,18276,1
strong,18277,1
strong,18278,1
strong,18279,1
strong,18280,1
strong,18281,1
strong,18282,1
strong,18283,1
strong,18284,1
strong,18285,1
strong,18286,1
strong,18287,1
strong,18288,1
strong,18289,1
strong,18290,1
strong,18291,1
strong,18292,1
strong,18293,1
strong,18294,1
strong,18295,1
strong,18296,1
strong,18297,1
strong,18298,1
strong,18299,1
strong,18300,1
strong,18301,1
strong,18302,1
strong,18303,1
strong,18304,1
strong,18305,1
strong,18306,1
strong,18307,1
strong,18308,1
strong,18309,1
strong,18310,1
strong,18311,1
strong,18312,1
strong,18313,1
strong,18314,1
strong,18315,1
strong,18316,1
strong,18317,1
strong,18318,1
strong,18319,1
strong,18320,1
strong,18321,1
strong,18322,1
strong,18323,1
strong,18324,1
strong,18325,1
strong,18326,1
strong,18327,1
strong,18328,1
strong,18329,1
strong,18330,1
strong,18331,1
strong,18332,1
strong,18333,1
strong,18334,1
strong,18335,1
strong,18336,1
strong,18337,1
strong,18338,1
strong,18339,1
strong,18340,1
strong,18341,1
strong,18342,1
strong,18343,1
strong,18344,1
strong,18345,1
strong,18346,1
strong,18347,1
strong,18348,1
strong,18349,1
strong,18350,1
strong,18351,1
strong,18352,1
strong,18353,1
strong,18354,1
strong,18355,1
strong,18356,1
strong,18357,1
strong,18358,1
strong,18359,1
strong,18360,1
strong,18361,1
strong,18362,1
strong,18363,1
strong,18364,1
strong,18365,1
strong,18366,1
strong,18367,1
strong,18368,1
strong,18369,1
strong,18370,1
strong,18371,1
strong,18372,1
strong,18373,1
strong,18374,1
strong,18375,1
strong,18376,1
strong,18377,1
strong,18378,1
strong,18379,1
strong,18380,1
strong,18381,1
strong,18382,1
strong,18383,1
strong,18384,1
strong,18385,1
strong,18386,1
strong,18387,1
strong,18388,1
strong,18389,1
strong,18390,1
strong,18391,1
strong,18392,1
strong,18393,1
strong,18394,1
strong,18395,1
strong,18396,1
strong,18397,1
strong,18398,1
strong,18399,1
strong,18400,1
strong,18401,1
strong,18402,1
strong,18403,1
strong,18404,1
strong,18405,1
strong,18406,1
strong,18407,1
strong,18408,1
strong,18409,1
strong,18410,1
strong,18411,1
strong,18412,1
strong,18413,1
strong,18414,1
strong,18415,1
strong,18416,1
strong,18417,1
strong,18418,1
strong,18419,1
strong,18420,1
strong,18421,1
strong,18422,1
strong,18423,1
strong,18424,1
strong,18425,1
strong,18426,1
strong,18427,1
strong,18428,1
strong,18429,1
strong,18430,1
strong,18431,1
strong,18432,1
strong,18433,1
strong,18434,1
strong,18435,1
strong,18436,1
strong,18437,1
strong,18438,1
strong,18439,1
strong,18440,1
strong,18441,1
strong,18442,1
strong,18443,1
strong,18444,1
strong,18445,1
strong,18446,1
strong,18447,1
strong,18448,1
strong,18449,1
strong,18450,1
strong,18451,1
strong,18452,1
strong,18453,1
strong,18454,1
strong,18455,1
strong,18456,1
strong,18457,1
strong,18458,1
strong,18459,1
strong,18460,1
strong,18461,1
strong,18462,1
strong,18463,1
strong,18464,1
strong,18465,1
strong,18466,1
strong,18467,1
strong,18468,1
strong,18469,1
strong,18470,1
strong,18471,1
strong,18472,1
strong,18473,1
strong,18474,1
strong,18475,1
strong,18476,1
strong,18477,1
strong,18478,1
strong,18479,1
strong,18480,1
strong,18481,1
strong,18482,1
strong,18483,1
strong,18484,1
strong,18485,1
strong,18486,1
strong,18487,1
strong,18488,1
strong,18489,1
strong,18490,1
strong,18491,1
strong,18492,1
strong,18493,1
strong,18494,1
strong,18495,1
strong,18496,1
strong,18497,1
strong,18498,1
strong,18499,1
strong,18500,1
strong,18501,1
strong,18502,1
strong,18503,1
strong,18504,1
strong,18505,1
strong,18506,1
strong,18507,1
strong,18508,1
strong,18509,1
strong,18510,1
strong,18511,1
strong,18512,1
strong,18513,1
strong,18514,1
strong,18515,1
strong,18516,1
strong,18517,1
strong,18518,1
strong,18519,1
strong,18520,1
strong,18521,1
strong,18522,1
strong,18523,1
strong,18524,1
strong,18525,1
strong,18526,1
strong,18527,1
strong,18528,1
strong,18529,1
strong,18530,1
strong,18531,1
strong,18532,1
strong,18533,1
strong,18534,1
strong,18535,1
strong,18536,1
strong,18537,1
strong,18538,1
strong,18539,1
strong,18540,1
strong,18541,1
strong,18542,1
strong,18543,1
strong,18544,1
strong,18545,1
strong,18546,1
strong,18547,1
strong,18548,1
strong,18549,1
strong,18550,1
strong,18551,1
strong,18552,1
strong,18553,1
strong,18554,1
strong,18555,1
strong,18556,1
strong,18557,1
strong,18558,1
strong,18559,1
strong,18560,1
strong,18561,1
strong,18562,1
strong,18563,1
strong,18564,1
strong,18565,1
strong,18566,1
strong,18567,1
strong,18568,1
strong,18569,1
strong,18570,1
strong,18571,1
strong,18572,1
strong,18573,1
strong,18574,1
strong,18575,1
strong,18576,1
strong,18577,1
strong,18578,1
strong,18579,1
strong,18580,1
strong,18581,1
strong,18582,1
strong,18583,1
strong,18584,1
strong,18585,1
strong,18586,1
strong,18587,1
strong,18588,1
strong,18589,1
strong,18590,1
strong,18591,1
strong,18592,1
strong,18593,1
strong,18594,1
strong,18595,1
strong,18596,1
strong,18597,1
strong,18598,1
strong,18599,1
strong,18600,1
strong,18601,1
strong,18602,1
strong,18603,1
strong,18604,1
strong,18605,1
strong,18606,1
strong,18607,1
strong,18608,1
strong,18609,1
strong,18610,1
strong,18611,1
strong,18612,1
strong,18613,1
strong,18614,1
strong,18615,1
strong,18616,1
strong,18617,1
strong,18618,1
strong,18619,1
strong,18620,1
strong,18621,1
strong,18622,1
strong,18623,1
strong,18624,1
strong,18625,1
strong,18626,1
strong,18627,1
strong,18628,1
strong,18629,1
strong,18630,1
strong,18631,1
strong,18632,1
strong,18633,1
strong,18634,1
strong,18635,1
strong,18636,1
strong,18637,1
strong,18638,1
strong,18639,1
strong,18640,1
strong,18641,1
strong,18642,1
strong,18643,1
strong,18644,1
strong,18645,1
strong,18646,1
strong,18647,1
strong,18648,1
strong,18649,1
strong,18650,1
strong,18651,1
strong,18652,1
strong,18653,1
strong,18654,1
strong,18655,1
strong,18656,1
strong,18657,1
strong,18658,1
strong,18659,1
strong,18660,1
strong,18661,1
strong,18662,1
strong,18663,1
strong,18664,1
strong,18665,1
strong,18666,1
strong,18667,1
strong,18668,1
strong,18669,1
strong,18670,1
strong,18671,1
strong,18672,1
strong,18673,1
strong,18674,1
strong,18675,1
strong,18676,1
strong,18677,1
strong,18678,1
strong,18679,1
strong,18680,1
strong,18681,1
strong,18682,1
strong,18683,1
strong,18684,1
strong,18685,1
strong,18686,1
strong,18687,1
strong,18688,1
strong,18689,1
strong,18690,1
strong,18691,1
strong,18692,1
strong,18693,1
strong,18694,1
strong,18695,1
strong,18696,1
strong,18697,1
strong,18698,1
strong,18699,1
strong,18700,1
strong,18701,1
strong,18702,1
strong,18703,1
strong,18704,1
strong,18705,1
strong,18706,1
strong,18707,1
strong,18708,1
strong,18709,1
strong,18710,1
strong,18711,1
strong,18712,1
strong,18713,1
strong,18714,1
strong,18715,1
strong,18716,1
strong,18717,1
strong,18718,1
strong,18719,1
strong,18720,1
strong,18721,1
strong,18722,1
strong,18723,1
strong,18724,1
strong,18725,1
strong,18726,1
strong,18727,1
strong,18728,1
strong,18729,1
strong,18730,1
strong,18731,1
strong,18732,1
strong,18733,1
strong,18734,1
strong,18735,1
strong,18736,1
strong,18737,1
strong,18738,1
strong,18739,1
strong,18740,1
strong,18741,1
strong,18742,1
strong,18743,1
strong,18744,1
strong,18745,1
strong,18746,1
strong,18747,1
strong,18748,1
strong,18749,1
strong,18750,1
strong,18751,1
strong,18752,1
strong,18753,1
strong,18754,1
strong,18755,1
strong,18756,1
strong,18757,1
strong,18758,1
strong,18759,1
strong,18760,1
strong,18761,1
strong,18762,1
strong,18763,1
strong,18764,1
strong,18765,1
strong,18766,1
strong,18767,1
strong,18768,1
strong,18769,1
strong,18770,1
strong,18771,1
strong,18772,1
strong,18773,1
strong,18774,1
strong,18775,1
strong,18776,1
strong,18777,1
strong,18778,1
strong,18779,1
strong,18780,1
strong,18781,1
strong,18782,1
strong,18783,1
strong,18784,1
strong,18785,1
strong,18786,1
strong,18787,1
strong,18788,1
strong,18789,1
strong,18790,1
strong,18791,1
strong,18792,1
strong,18793,1
strong,18794,1
strong,18795,1
strong,18796,1
strong,18797,1
strong,18798,1
strong,18799,1
strong,18800,1
strong,18801,1
strong,18802,1
strong,18803,1
strong,18804,1
strong,18805,1
strong,18806,1
strong,18807,1
strong,18808,1
strong,18809,1
strong,18810,1
strong,18811,1
strong,18812,1
strong,18813,1
strong,18814,1
strong,18815,1
strong,18816,1
strong,18817,1
strong,18818,1
strong,18819,1
strong,18820,1
strong,18821,1
strong,18822,1
strong,18823,1
strong,18824,1
strong,18825,1
strong,18826,1
strong,18827,1
strong,18828,1
strong,18829,1
strong,18830,1
strong,18831,1
strong,18832,1
strong,18833,1
strong,18834,1
strong,18835,1
strong,18836,1
strong,18837,1
strong,18838,1
strong,18839,1
strong,18840,1
strong,18841,1
strong,18842,1
strong,18843,1
strong,18844,1
strong,18845,1
strong,18846,1
strong,18847,1
strong,18848,1
strong,18849,1
strong,18850,1
strong,18851,1
strong,18852,1
strong,18853,1
strong,18854,1
strong,18855,1
strong,18856,1
strong,18857,1
strong,18858,1
strong,18859,1
strong,18860,1
strong,18861,1
strong,18862,1
strong,18863,1
strong,18864,1
strong,18865,1
strong,18866,1
strong,18867,1
strong,18868,1
strong,18869,1
strong,18870,1
strong,18871,1
strong,18872,1
strong,18873,1
strong,18874,1
strong,18875,1
strong,18876,1
strong,18877,1
strong,18878,1
strong,18879,1
strong,18880,1
strong,18881,1
strong,18882,1
strong,18883,1
strong,18884,1
strong,18885,1
strong,18886,1
strong,18887,1
strong,18888,1
strong,18889,1
strong,18890,1
strong,18891,1
strong,18892,1
strong,18893,1
strong,18894,1
strong,18895,1
strong,18896,1
strong,18897,1
strong,18898,1
strong,18899,1
strong,18900,1
strong,18901,1
strong,18902,1
strong,18903,1
strong,18904,1
strong,18905,1
strong,18906,1
strong,18907,1
strong,18908,1
strong,18909,1
strong,18910,1
strong,18911,1
strong,18912,1
strong,18913,1
strong,18914,1
strong,18915,1
strong,18916,1
strong,18917,1
strong,18918,1
strong,18919,1
strong,18920,1
strong,18921,1
strong,18922,1
strong,18923,1
strong,18924,1
strong,18925,1
strong,18926,1
strong,18927,1
strong,18928,1
strong,18929,1
strong,18930,1
strong,18931,1
strong,18932,1
strong,18933,1
strong,18934,1
strong,18935,1
strong,18936,1
strong,18937,1
strong,18938,1
strong,18939,1
strong,18940,1
strong,18941,1
strong,18942,1
strong,18943,1
strong,18944,1
strong,18945,1
strong,18946,1
strong,18947,1
strong,18948,1
strong,18949,1
strong,18950,1
strong,18951,1
strong,18952,1
strong,18953,1
strong,18954,1
strong,18955,1
strong,18956,1
strong,18957,1
strong,18958,1
strong,18959,1
strong,18960,1
strong,18961,1
strong,18962,1
strong,18963,1
strong,18964,1
strong,18965,1
strong,18966,1
strong,18967,1
strong,18968,1
strong,18969,1
strong,18970,1
strong,18971,1
strong,18972,1
strong,18973,1
strong,18974,1
strong,18975,1
strong,18976,1
strong,18977,1
strong,18978,1
strong,18979,1
strong,18980,1
strong,18981,1
strong,18982,1
strong,18983,1
strong,18984,1
strong,18985,1
strong,18986,1
strong,18987,1
strong,18988,1
strong,18989,1
strong,18990,1
strong,18991,1
strong,18992,1
strong,18993,1
strong,18994,1
strong,18995,1
strong,18996,1
strong,18997,1
strong,18998,1
strong,18999,1
strong,19000,1
strong,19001,1
strong,19002,1
strong,19003,1
strong,19004,1
strong,19005,1
strong,19006,1
strong,19007,1
strong,19008,1
strong,19009,1
strong,19010,1
strong,19011,1
strong,19012,1
strong,19013,1
strong,19014,1
strong,19015,1
strong,19016,1
strong,19017,1
strong,19018,1
strong,19019,1
strong,19020,1
strong,19021,1
strong,19022,1
strong,19023,1
strong,19024,1
strong,19025,1
strong,19026,1
strong,19027,1
strong,19028,1
strong,19029,1
strong,19030,1
strong,19031,1
strong,19032,1
strong,19033,1
strong,19034,1
strong,19035,1
strong,19036,1
strong,19037,1
strong,19038,1
strong,19039,1
strong,19040,1
strong,19041,1
strong,19042,1
strong,19043,1
strong,19044,1
strong,19045,1
strong,19046,1
strong,19047,1
strong,19048,1
strong,19049,1
strong,19050,1
strong,19051,1
strong,19052,1
strong,19053,1
strong,19054,1
strong,19055,1
strong,19056,1
strong,19057,1
strong,19058,1
strong,19059,1
strong,19060,1
strong,19061,1
strong,19062,1
strong,19063,1
strong,19064,1
strong,19065,1
strong,19066,1
strong,19067,1
strong,19068,1
strong,19069,1
strong,19070,1
strong,19071,1
strong,19072,1
strong,19073,1
strong,19074,1
strong,19075,1
strong,19076,1
strong,19077,1
strong,19078,1
strong,19079,1
strong,19080,1
strong,19081,1
strong,19082,1
strong,19083,1
strong,19084,1
strong,19085,1
strong,19086,1
strong,19087,1
strong,19088,1
strong,19089,1
strong,19090,1
strong,19091,1
strong,19092,1
strong,19093,1
strong,19094,1
strong,19095,1
strong,19096,1
strong,19097,1
strong,19098,1
strong,19099,1
strong,19100,1
strong,19101,1
strong,19102,1
strong,19103,1
strong,19104,1
strong,19105,1
strong,19106,1
strong,19107,1
strong,19108,1
strong,19109,1
strong,19110,1
strong,19111,1
strong,19112,1
strong,19113,1
strong,19114,1
strong,19115,1
strong,19116,1
strong,19117,1
strong,19118,1
strong,19119,1
strong,19120,1
strong,19121,1
strong,19122,1
strong,19123,1
strong,19124,1
strong,19125,1
strong,19126,1
strong,19127,1
strong,19128,1
strong,19129,1
strong,19130,1
strong,19131,1
strong,19132,1
strong,19133,1
strong,19134,1
strong,19135,1
strong,19136,1
strong,19137,1
strong,19138,1
strong,19139,1
strong,19140,1
strong,19141,1
strong,19142,1
strong,19143,1
strong,19144,1
strong,19145,1
strong,19146,1
strong,19147,1
strong,19148,1
strong,19149,1
strong,19150,1
strong,19151,1
strong,19152,1
strong,19153,1
strong,19154,1
strong,19155,1
strong,19156,1
strong,19157,1
strong,19158,1
strong,19159,1
strong,19160,1
strong,19161,1
strong,19162,1
strong,19163,1
strong,19164,1
strong,19165,1
strong,19166,1
strong,19167,1
strong,19168,1
strong,19169,1
strong,19170,1
strong,19171,1
strong,19172,1
strong,19173,1
strong,19174,1
strong,19175,1
strong,19176,1
strong,19177,1
strong,19178,1
strong,19179,1
strong,19180,1
strong,19181,1
strong,19182,1
strong,19183,1
strong,19184,1
strong,19185,1
strong,19186,1
strong,19187,1
strong,19188,1
strong,19189,1
strong,19190,1
strong,19191,1
strong,19192,1
strong,19193,1
strong,19194,1
strong,19195,1
strong,19196,1
strong,19197,1
strong,19198,1
strong,19199,1
strong,19200,1
strong,19201,1
strong,19202,1
strong,19203,1
strong,19204,1
strong,19205,1
strong,19206,1
strong,19207,1
strong,19208,1
strong,19209,1
strong,19210,1
strong,19211,1
strong,19212,1
strong,19213,1
strong,19214,1
strong,19215,1
strong,19216,1
strong,19217,1
strong,19218,1
strong,19219,1
strong,19220,1
strong,19221,1
strong,19222,1
strong,19223,1
strong,19224,1
strong,19225,1
strong,19226,1
strong,19227,1
strong,19228,1
strong,19229,1
strong,19230,1
strong,19231,1
strong,19232,1
strong,19233,1
strong,19234,1
strong,19235,1
strong,19236,1
strong,19237,1
strong,19238,1
strong,19239,1
strong,19240,1
strong,19241,1
strong,19242,1
strong,19243,1
strong,19244,1
strong,19245,1
strong,19246,1
strong,19247,1
strong,19248,1
strong,19249,1
strong,19250,1
strong,19251,1
strong,19252,1
strong,19253,1
strong,19254,1
strong,19255,1
strong,19256,1
strong,19257,1
strong,19258,1
strong,19259,1
strong,19260,1
strong,19261,1
strong,19262,1
strong,19263,1
strong,19264,1
strong,19265,1
strong,19266,1
strong,19267,1
strong,19268,1
strong,19269,1
strong,19270,1
strong,19271,1
strong,19272,1
strong,19273,1
strong,19274,1
strong,19275,1
strong,19276,1
strong,19277,1
strong,19278,1
strong,19279,1
strong,19280,1
strong,19281,1
strong,19282,1
strong,19283,1
strong,19284,1
strong,19285,1
strong,19286,1
strong,19287,1
strong,19288,1
strong,19289,1
strong,19290,1
strong,19291,1
strong,19292,1
strong,19293,1
strong,19294,1
strong,19295,1
strong,19296,1
strong,19297,1
strong,19298,1
strong,19299,1
strong,19300,1
strong,19301,1
strong,19302,1
strong,19303,1
strong,19304,1
strong,19305,1
strong,19306,1
strong,19307,1
strong,19308,1
strong,19309,1
strong,19310,1
strong,19311,1
strong,19312,1
strong,19313,1
strong,19314,1
strong,19315,1
strong,19316,1
strong,19317,1
strong,19318,1
strong,19319,1
strong,19320,1
strong,19321,1
strong,19322,1
strong,19323,1
strong,19324,1
strong,19325,1
strong,19326,1
strong,19327,1
strong,19328,1
strong,19329,1
strong,19330,1
strong,19331,1
strong,19332,1
strong,19333,1
strong,19334,1
strong,19335,1
strong,19336,1
strong,19337,1
strong,19338,1
strong,19339,1
strong,19340,1
strong,19341,1
strong,19342,1
strong,19343,1
strong,19344,1
strong,19345,1
strong,19346,1
strong,19347,1
strong,19348,1
strong,19349,1
strong,19350,1
strong,19351,1
strong,19352,1
strong,19353,1
strong,19354,1
strong,19355,1
strong,19356,1
strong,19357,1
strong,19358,1
strong,19359,1
strong,19360,1
strong,19361,1
strong,19362,1
strong,19363,1
strong,19364,1
strong,19365,1
strong,19366,1
strong,19367,1
strong,19368,1
strong,19369,1
strong,19370,1
strong,19371,1
strong,19372,1
strong,19373,1
strong,19374,1
strong,19375,1
strong,19376,1
strong,19377,1
strong,19378,1
strong,19379,1
strong,19380,1
strong,19381,1
strong,19382,1
strong,19383,1
strong,19384,1
strong,19385,1
strong,19386,1
strong,19387,1
strong,19388,1
strong,19389,1
strong,19390,1
strong,19391,1
strong,19392,1
strong,19393,1
strong,19394,1
strong,19395,1
strong,19396,1
strong,19397,1
strong,19398,1
strong,19399,1
strong,19400,1
strong,19401,1
strong,19402,1
strong,19403,1
strong,19404,1
strong,19405,1
strong,19406,1
strong,19407,1
strong,19408,1
strong,19409,1
strong,19410,1
strong,19411,1
strong,19412,1
strong,19413,1
strong,19414,1
strong,19415,1
strong,19416,1
strong,19417,1
strong,19418,1
strong,19419,1
strong,19420,1
strong,19421,1
strong,19422,1
strong,19423,1
strong,19424,1
strong,19425,1
strong,19426,1
strong,19427,1
strong,19428,1
strong,19429,1
strong,19430,1
strong,19431,1
strong,19432,1
strong,19433,1
strong,19434,1
strong,19435,1
strong,19436,1
strong,19437,1
strong,19438,1
strong,19439,1
strong,19440,1
strong,19441,1
strong,19442,1
strong,19443,1
strong,19444,1
strong,19445,1
strong,19446,1
strong,19447,1
strong,19448,1
strong,19449,1
strong,19450,1
strong,19451,1
strong,19452,1
strong,19453,1
strong,19454,1
strong,19455,1
strong,19456,1
strong,19457,1
strong,19458,1
strong,19459,1
strong,19460,1
strong,19461,1
strong,19462,1
strong,19463,1
strong,19464,1
strong,19465,1
strong,19466,1
strong,19467,1
strong,19468,1
strong,19469,1
strong,19470,1
strong,19471,1
strong,19472,1
strong,19473,1
strong,19474,1
strong,19475,1
strong,19476,1
strong,19477,1
strong,19478,1
strong,19479,1
strong,19480,1
strong,19481,1
strong,19482,1
strong,19483,1
strong,19484,1
strong,19485,1
strong,19486,1
strong,19487,1
strong,19488,1
strong,19489,1
strong,19490,1
strong,19491,1
strong,19492,1
strong,19493,1
strong,19494,1
strong,19495,1
strong,19496,1
strong,19497,1
strong,19498,1
strong,19499,1
strong,19500,1
strong,19501,1
strong,19502,1
strong,19503,1
strong,19504,1
strong,19505,1
strong,19506,1
strong,19507,1
strong,19508,1
strong,19509,1
strong,19510,1
strong,19511,1
strong,19512,1
strong,19513,1
strong,19514,1
strong,19515,1
strong,19516,1
strong,19517,1
strong,19518,1
strong,19519,1
strong,19520,1
strong,19521,1
strong,19522,1
strong,19523,1
strong,19524,1
strong,19525,1
strong,19526,1
strong,19527,1
strong,19528,1
strong,19529,1
strong,19530,1
strong,19531,1
strong,19532,1
strong,19533,1
strong,19534,1
strong,19535,1
strong,19536,1
strong,19537,1
strong,19538,1
strong,19539,1
strong,19540,1
strong,19541,1
strong,19542,1
strong,19543,1
strong,19544,1
strong,19545,1
strong,19546,1
strong,19547,1
strong,19548,1
strong,19549,1
strong,19550,1
strong,19551,1
strong,19552,1
strong,19553,1
strong,19554,1
strong,19555,1
strong,19556,1
strong,19557,1
strong,19558,1
strong,19559,1
strong,19560,1
strong,19561,1
strong,19562,1
strong,19563,1
strong,19564,1
strong,19565,1
strong,19566,1
strong,19567,1
strong,19568,1
strong,19569,1
strong,19570,1
strong,19571,1
strong,19572,1
strong,19573,1
strong,19574,1
strong,19575,1
strong,19576,1
strong,19577,1
strong,19578,1
strong,19579,1
strong,19580,1
strong,19581,1
strong,19582,1
strong,19583,1
strong,19584,1
strong,19585,1
strong,19586,1
strong,19587,1
strong,19588,1
strong,19589,1
strong,19590,1
strong,19591,1
strong,19592,1
strong,19593,1
strong,19594,1
strong,19595,1
strong,19596,1
strong,19597,1
strong,19598,1
strong,19599,1
strong,19600,1
strong,19601,1
strong,19602,1
strong,19603,1
strong,19604,1
strong,19605,1
strong,19606,1
strong,19607,1
strong,19608,1
strong,19609,1
strong,19610,1
strong,19611,1
strong,19612,1
strong,19613,1
strong,19614,1
strong,19615,1
strong,19616,1
strong,19617,1
strong,19618,1
strong,19619,1
strong,19620,1
strong,19621,1
strong,19622,1
strong,19623,1
strong,19624,1
strong,19625,1
strong,19626,1
strong,19627,1
strong,19628,1
strong,19629,1
strong,19630,1
strong,19631,1
strong,19632,1
strong,19633,1
strong,19634,1
strong,19635,1
strong,19636,1
strong,19637,1
strong,19638,1
strong,19639,1
strong,19640,1
strong,19641,1
strong,19642,1
strong,19643,1
strong,19644,1
strong,19645,1
strong,19646,1
strong,19647,1
strong,19648,1
strong,19649,1
strong,19650,1
strong,19651,1
strong,19652,1
strong,19653,1
strong,19654,1
strong,19655,1
strong,19656,1
strong,19657,1
strong,19658,1
strong,19659,1
strong,19660,1
strong,19661,1
strong,19662,1
strong,19663,1
strong,19664,1
strong,19665,1
strong,19666,1
strong,19667,1
strong,19668,1
strong,19669,1
strong,19670,1
strong,19671,1
strong,19672,1
strong,19673,1
strong,19674,1
strong,19675,1
strong,19676,1
strong,19677,1
strong,19678,1
strong,19679,1
strong,19680,1
strong,19681,1
strong,19682,1
strong,19683,1
strong,19684,1
strong,19685,1
strong,19686,1
strong,19687,1
strong,19688,1
strong,19689,1
strong,19690,1
strong,19691,1
strong,19692,1
strong,19693,1
strong,19694,1
strong,19695,1
strong,19696,1
strong,19697,1
strong,19698,1
strong,19699,1
strong,19700,1
strong,19701,1
strong,19702,1
strong,19703,1
strong,19704,1
strong,19705,1
strong,19706,1
strong,19707,1
strong,19708,1
strong,19709,1
strong,19710,1
strong,19711,1
strong,19712,1
strong,19713,1
strong,19714,1
strong,19715,1
strong,19716,1
strong,19717,1
strong,19718,1
strong,19719,1
strong,19720,1
strong,19721,1
strong,19722,1
strong,19723,1
strong,19724,1
strong,19725,1
strong,19726,1
strong,19727,1
strong,19728,1
strong,19729,1
strong,19730,1
strong,19731,1
strong,19732,1
strong,19733,1
strong,19734,1
strong,19735,1
strong,19736,1
strong,19737,1
strong,19738,1
strong,19739,1
strong,19740,1
strong,19741,1
strong,19742,1
strong,19743,1
strong,19744,1
strong,19745,1
strong,19746,1
strong,19747,1
strong,19748,1
strong,19749,1
strong,19750,1
strong,19751,1
strong,19752,1
strong,19753,1
strong,19754,1
strong,19755,1
strong,19756,1
strong,19757,1
strong,19758,1
strong,19759,1
strong,19760,1
strong,19761,1
strong,19762,1
strong,19763,1
strong,19764,1
strong,19765,1
strong,19766,1
strong,19767,1
strong,19768,1
strong,19769,1
strong,19770,1
strong,19771,1
strong,19772,1
strong,19773,1
strong,19774,1
strong,19775,1
strong,19776,1
strong,19777,1
strong,19778,1
strong,19779,1
strong,19780,1
strong,19781,1
strong,19782,1
strong,19783,1
strong,19784,1
strong,19785,1
strong,19786,1
strong,19787,1
strong,19788,1
strong,19789,1
strong,19790,1
strong,19791,1
strong,19792,1
strong,19793,1
strong,19794,1
strong,19795,1
strong,19796,1
strong,19797,1
strong,19798,1
strong,19799,1
strong,19800,1
strong,19801,1
strong,19802,1
strong,19803,1
strong,19804,1
strong,19805,1
strong,19806,1
strong,19807,1
strong,19808,1
strong,19809,1
strong,19810,1
strong,19811,1
strong,19812,1
strong,19813,1
strong,19814,1
strong,19815,1
strong,19816,1
strong,19817,1
strong,19818,1
strong,19819,1
strong,19820,1
strong,19821,1
strong,19822,1
strong,19823,1
strong,19824,1
strong,19825,1
strong,19826,1
strong,19827,1
strong,19828,1
strong,19829,1
strong,19830,1
strong,19831,1
strong,19832,1
strong,19833,1
strong,19834,1
strong,19835,1
strong,19836,1
strong,19837,1
strong,19838,1
strong,19839,1
strong,19840,1
strong,19841,1
strong,19842,1
strong,19843,1
strong,19844,1
strong,19845,1
strong,19846,1
strong,19847,1
strong,19848,1
strong,19849,1
strong,19850,1
strong,19851,1
strong,19852,1
strong,19853,1
strong,19854,1
strong,19855,1
strong,19856,1
strong,19857,1
strong,19858,1
strong,19859,1
strong,19860,1
strong,19861,1
strong,19862,1
strong,19863,1
strong,19864,1
strong,19865,1
strong,19866,1
strong,19867,1
strong,19868,1
strong,19869,1
strong,19870,1
strong,19871,1
strong,19872,1
strong,19873,1
strong,19874,1
strong,19875,1
strong,19876,1
strong,19877,1
strong,19878,1
strong,19879,1
strong,19880,1
strong,19881,1
strong,19882,1
strong,19883,1
strong,19884,1
strong,19885,1
strong,19886,1
strong,19887,1
strong,19888,1
strong,19889,1
strong,19890,1
strong,19891,1
strong,19892,1
strong,19893,1
strong,19894,1
strong,19895,1
strong,19896,1
strong,19897,1
strong,19898,1
strong,19899,1
strong,19900,1
strong,19901,1
strong,19902,1
strong,19903,1
strong,19904,1
strong,19905,1
strong,19906,1
strong,19907,1
strong,19908,1
strong,19909,1
strong,19910,1
strong,19911,1
strong,19912,1
strong,19913,1
strong,19914,1
strong,19915,1
strong,19916,1
strong,19917,1
strong,19918,1
strong,19919,1
strong,19920,1
strong,19921,1
strong,19922,1
strong,19923,1
strong,19924,1
strong,19925,1
strong,19926,1
strong,19927,1
strong,19928,1
strong,19929,1
strong,19930,1
strong,19931,1
strong,19932,1
strong,19933,1
strong,19934,1
strong,19935,1
strong,19936,1
strong,19937,1
strong,19938,1
strong,19939,1
strong,19940,1
strong,19941,1
strong,19942,1
strong,19943,1
strong,19944,1
strong,19945,1
strong,19946,1
strong,19947,1
strong,19948,1
strong,19949,1
strong,19950,1
strong,19951,1
strong,19952,1
strong,19953,1
strong,19954,1
strong,19955,1
strong,19956,1
strong,19957,1
strong,19958,1
strong,19959,1
strong,19960,1
strong,19961,1
strong,19962,1
strong,19963,1
strong,19964,1
strong,19965,1
strong,19966,1
strong,19967,1
strong,19968,1
strong,19969,1
strong,19970,1
strong,19971,1
strong,19972,1
strong,19973,1
strong,19974,1
strong,19975,1
strong,19976,1
strong,19977,1
strong,19978,1
strong,19979,1
strong,19980,1
strong,19981,1
strong,19982,1
strong,19983,1
strong,19984,1
strong,19985,1
strong,19986,1
strong,19987,1
strong,19988,1
strong,19989,1
strong,19990,1
strong,19991,1
strong,19992,1
strong,19993,1
strong,19994,1
strong,19995,1
strong,19996,1
strong,19997,1
strong,19998,1
strong,19999,1
strong,20000,1
strong,20001,1
strong,20002,1
strong,20003,1
strong,20004,1
strong,20005,1
strong,20006,1
strong,20007,1
strong,20008,1
strong,20009,1
strong,20010,1
strong,20011,1
strong,20012,1
strong,20013,1
strong,20014,1
strong,20015,1
strong,20016,1
strong,20017,1
strong,20018,1
strong,20019,1
strong,20020,1
strong,20021,1
strong,20022,1
strong,20023,1
strong,20024,1
strong,20025,1
strong,20026,1
strong,20027,1
strong,20028,1
strong,20029,1
strong,20030,1
strong,20031,1
strong,20032,1
strong,20033,1
strong,20034,1
strong,20035,1
strong,20036,1
strong,20037,1
strong,20038,1
strong,20039,1
strong,20040,1
strong,20041,1
strong,20042,1
strong,20043,1
strong,20044,1
strong,20045,1
strong,20046,1
strong,20047,1
strong,20048,1
strong,20049,1
strong,20050,1
strong,20051,1
strong,20052,1
strong,20053,1
strong,20054,1
strong,20055,1
strong,20056,1
strong,20057,1
strong,20058,1
strong,20059,1
strong,20060,1
strong,20061,1
strong,20062,1
strong,20063,1
strong,20064,1
strong,20065,1
strong,20066,1
strong,20067,1
strong,20068,1
strong,20069,1
strong,20070,1
strong,20071,1
strong,20072,1
strong,20073,1
strong,20074,1
strong,20075,1
strong,20076,1
strong,20077,1
strong,20078,1
strong,20079,1
strong,20080,1
strong,20081,1
strong,20082,1
strong,20083,1
strong,20084,1
strong,20085,1
strong,20086,1
strong,20087,1
strong,20088,1
strong,20089,1
strong,20090,1
strong,20091,1
strong,20092,1
strong,20093,1
strong,20094,1
strong,20095,1
strong,20096,1
strong,20097,1
strong,20098,1
strong,20099,1
strong,20100,1
strong,20101,1
strong,20102,1
strong,20103,1
strong,20104,1
strong,20105,1
strong,20106,1
strong,20107,1
strong,20108,1
strong,20109,1
strong,20110,1
strong,20111,1
strong,20112,1
strong,20113,1
strong,20114,1
strong,20115,1
strong,20116,1
strong,20117,1
strong,20118,1
strong,20119,1
strong,20120,1
strong,20121,1
strong,20122,1
strong,20123,1
strong,20124,1
strong,20125,1
strong,20126,1
strong,20127,1
strong,20128,1
strong,20129,1
strong,20130,1
strong,20131,1
strong,20132,1
strong,20133,1
strong,20134,1
strong,20135,1
strong,20136,1
strong,20137,1
strong,20138,1
strong,20139,1
strong,20140,1
strong,20141,1
strong,20142,1
strong,20143,1
strong,20144,1
strong,20145,1
strong,20146,1
strong,20147,1
strong,20148,1
strong,20149,1
strong,20150,1
strong,20151,1
strong,20152,1
strong,20153,1
strong,20154,1
strong,20155,1
strong,20156,1
strong,20157,1
strong,20158,1
strong,20159,1
strong,20160,1
strong,20161,1
strong,20162,1
strong,20163,1
strong,20164,1
strong,20165,1
strong,20166,1
strong,20167,1
strong,20168,1
strong,20169,1
strong,20170,1
strong,20171,1
strong,20172,1
strong,20173,1
strong,20174,1
strong,20175,1
strong,20176,1
strong,20177,1
strong,20178,1
strong,20179,1
strong,20180,1
strong,20181,1
strong,20182,1
strong,20183,1
strong,20184,1
strong,20185,1
strong,20186,1
strong,20187,1
strong,20188,1
strong,20189,1
strong,20190,1
strong,20191,1
strong,20192,1
strong,20193,1
strong,20194,1
strong,20195,1
strong,20196,1
strong,20197,1
strong,20198,1
strong,20199,1
strong,20200,1
strong,20201,1
strong,20202,1
strong,20203,1
strong,20204,1
strong,20205,1
strong,20206,1
strong,20207,1
strong,20208,1
strong,20209,1
strong,20210,1
strong,20211,1
strong,20212,1
strong,20213,1
strong,20214,1
strong,20215,1
strong,20216,1
strong,20217,1
strong,20218,1
strong,20219,1
strong,20220,1
strong,20221,1
strong,20222,1
strong,20223,1
strong,20224,1
strong,20225,1
strong,20226,1
strong,20227,1
strong,20228,1
strong,20229,1
strong,20230,1
strong,20231,1
strong,20232,1
strong,20233,1
strong,20234,1
strong,20235,1
strong,20236,1
strong,20237,1
strong,20238,1
strong,20239,1
strong,20240,1
strong,20241,1
strong,20242,1
strong,20243,1
strong,20244,1
strong,20245,1
strong,20246,1
strong,20247,1
strong,20248,1
strong,20249,1
strong,20250,1
strong,20251,1
strong,20252,1
strong,20253,1
strong,20254,1
strong,20255,1
strong,20256,1
strong,20257,1
strong,20258,1
strong,20259,1
strong,20260,1
strong,20261,1
strong,20262,1
strong,20263,1
strong,20264,1
strong,20265,1
strong,20266,1
strong,20267,1
strong,20268,1
strong,20269,1
strong,20270,1
strong,20271,1
strong,20272,1
strong,20273,1
strong,20274,1
strong,20275,1
strong,20276,1
strong,20277,1
strong,20278,1
strong,20279,1
strong,20280,1
strong,20281,1
strong,20282,1
strong,20283,1
strong,20284,1
strong,20285,1
strong,20286,1
strong,20287,1
strong,20288,1
strong,20289,1
strong,20290,1
strong,20291,1
strong,20292,1
strong,20293,1
strong,20294,1
strong,20295,1
strong,20296,1
strong,20297,1
strong,20298,1
strong,20299,1
strong,20300,1
strong,20301,1
strong,20302,1
strong,20303,1
strong,20304,1
strong,20305,1
strong,20306,1
strong,20307,1
strong,20308,1
strong,20309,1
strong,20310,1
strong,20311,1
strong,20312,1
strong,20313,1
strong,20314,1
strong,20315,1
strong,20316,1
strong,20317,1
strong,20318,1
strong,20319,1
strong,20320,1
strong,20321,1
strong,20322,1
strong,20323,1
strong,20324,1
strong,20325,1
strong,20326,1
strong,20327,1
strong,20328,1
strong,20329,1
strong,20330,1
strong,20331,1
strong,20332,1
strong,20333,1
strong,20334,1
strong,20335,1
strong,20336,1
strong,20337,1
strong,20338,1
strong,20339,1
strong,20340,1
strong,20341,1
strong,20342,1
strong,20343,1
strong,20344,1
strong,20345,1
strong,20346,1
strong,20347,1
strong,20348,1
strong,20349,1
strong,20350,1
strong,20351,1
strong,20352,1
strong,20353,1
strong,20354,1
strong,20355,1
strong,20356,1
strong,20357,1
strong,20358,1
strong,20359,1
strong,20360,1
strong,20361,1
strong,20362,1
strong,20363,1
strong,20364,1
strong,20365,1
strong,20366,1
strong,20367,1
strong,20368,1
strong,20369,1
strong,20370,1
strong,20371,1
strong,20372,1
strong,20373,1
strong,20374,1
strong,20375,1
strong,20376,1
strong,20377,1
strong,20378,1
strong,20379,1
strong,20380,1
strong,20381,1
strong,20382,1
strong,20383,1
strong,20384,1
strong,20385,1
strong,20386,1
strong,20387,1
strong,20388,1
strong,20389,1
strong,20390,1
strong,20391,1
strong,20392,1
strong,20393,1
strong,20394,1
strong,20395,1
strong,20396,1
strong,20397,1
strong,20398,1
strong,20399,1
strong,20400,1
strong,20401,1
strong,20402,1
strong,20403,1
strong,20404,1
strong,20405,1
strong,20406,1
strong,20407,1
strong,20408,1
strong,20409,1
strong,20410,1
strong,20411,1
strong,20412,1
strong,20413,1
strong,20414,1
strong,20415,1
strong,20416,1
strong,20417,1
strong,20418,1
strong,20419,1
strong,20420,1
strong,20421,1
strong,20422,1
strong,20423,1
strong,20424,1
strong,20425,1
strong,20426,1
strong,20427,1
strong,20428,1
strong,20429,1
strong,20430,1
strong,20431,1
strong,20432,1
strong,20433,1
strong,20434,1
strong,20435,1
strong,20436,1
strong,20437,1
strong,20438,1
strong,20439,1
strong,20440,1
strong,20441,1
strong,20442,1
strong,20443,1
strong,20444,1
strong,20445,1
strong,20446,1
strong,20447,1
strong,20448,1
strong,20449,1
strong,20450,1
strong,20451,1
strong,20452,1
strong,20453,1
strong,20454,1
strong,20455,1
strong,20456,1
strong,20457,1
strong,20458,1
strong,20459,1
strong,20460,1
strong,20461,1
strong,20462,1
strong,20463,1
strong,20464,1
strong,20465,1
strong,20466,1
strong,20467,1
strong,20468,1
strong,20469,1
strong,20470,1
strong,20471,1
strong,20472,1
strong,20473,1
strong,20474,1
strong,20475,1
strong,20476,1
strong,20477,1
strong,20478,1
strong,20479,1
strong,20480,1
strong,20481,1
strong,20482,1
strong,20483,1
strong,20484,1
strong,20485,1
strong,20486,1
strong,20487,1
strong,20488,1
strong,20489,1
strong,20490,1
strong,20491,1
strong,20492,1
strong,20493,1
strong,20494,1
strong,20495,1
strong,20496,1
strong,20497,1
strong,20498,1
strong,20499,1
strong,20500,1
strong,20501,1
strong,20502,1
strong,20503,1
strong,20504,1
strong,20505,1
strong,20506,1
strong,20507,1
strong,20508,1
strong,20509,1
strong,20510,1
strong,20511,1
strong,20512,1
strong,20513,1
strong,20514,1
strong,20515,1
strong,20516,1
strong,20517,1
strong,20518,1
strong,20519,1
strong,20520,1
strong,20521,1
strong,20522,1
strong,20523,1
strong,20524,1
strong,20525,1
strong,20526,1
strong,20527,1
strong,20528,1
strong,20529,1
strong,20530,1
strong,20531,1
strong,20532,1
strong,20533,1
strong,20534,1
strong,20535,1
strong,20536,1
strong,20537,1
strong,20538,1
strong,20539,1
strong,20540,1
strong,20541,1
strong,20542,1
strong,20543,1
strong,20544,1
strong,20545,1
strong,20546,1
strong,20547,1
strong,20548,1
strong,20549,1
strong,20550,1
strong,20551,1
strong,20552,1
strong,20553,1
strong,20554,1
strong,20555,1
strong,20556,1
strong,20557,1
strong,20558,1
strong,20559,1
strong,20560,1
strong,20561,1
strong,20562,1
strong,20563,1
strong,20564,1
strong,20565,1
strong,20566,1
strong,20567,1
strong,20568,1
strong,20569,1
strong,20570,1
strong,20571,1
strong,20572,1
strong,20573,1
strong,20574,1
strong,20575,1
strong,20576,1
strong,20577,1
strong,20578,1
strong,20579,1
strong,20580,1
strong,20581,1
strong,20582,1
strong,20583,1
strong,20584,1
strong,20585,1
strong,20586,1
strong,20587,1
strong,20588,1
strong,20589,1
strong,20590,1
strong,20591,1
strong,20592,1
strong,20593,1
strong,20594,1
strong,20595,1
strong,20596,1
strong,20597,1
strong,20598,1
strong,20599,1
strong,20600,1
strong,20601,1
strong,20602,1
strong,20603,1
strong,20604,1
strong,20605,1
strong,20606,1
strong,20607,1
strong,20608,1
strong,20609,1
strong,20610,1
strong,20611,1
strong,20612,1
strong,20613,1
strong,20614,1
strong,20615,1
strong,20616,1
strong,20617,1
strong,20618,1
strong,20619,1
strong,20620,1
strong,20621,1
strong,20622,1
strong,20623,1
strong,20624,1
strong,20625,1
strong,20626,1
strong,20627,1
strong,20628,1
strong,20629,1
strong,20630,1
strong,20631,1
strong,20632,1
strong,20633,1
strong,20634,1
strong,20635,1
strong,20636,1
strong,20637,1
strong,20638,1
strong,20639,1
strong,20640,1
strong,20641,1
strong,20642,1
strong,20643,1
strong,20644,1
strong,20645,1
strong,20646,1
strong,20647,1
strong,20648,1
strong,20649,1
strong,20650,1
strong,20651,1
strong,20652,1
strong,20653,1
strong,20654,1
strong,20655,1
strong,20656,1
strong,20657,1
strong,20658,1
strong,20659,1
strong,20660,1
strong,20661,1
strong,20662,1
strong,20663,1
strong,20664,1
strong,20665,1
strong,20666,1
strong,20667,1
strong,20668,1
strong,20669,1
strong,20670,1
strong,20671,1
strong,20672,1
strong,20673,1
strong,20674,1
strong,20675,1
strong,20676,1
strong,20677,1
strong,20678,1
strong,20679,1
strong,20680,1
strong,20681,1
strong,20682,1
strong,20683,1
strong,20684,1
strong,20685,1
strong,20686,1
strong,20687,1
strong,20688,1
strong,20689,1
strong,20690,1
strong,20691,1
strong,20692,1
strong,20693,1
strong,20694,1
strong,20695,1
strong,20696,1
strong,20697,1
strong,20698,1
strong,20699,1
strong,20700,1
strong,20701,1
strong,20702,1
strong,20703,1
strong,20704,1
strong,20705,1
strong,20706,1
strong,20707,1
strong,20708,1
strong,20709,1
strong,20710,1
strong,20711,1
strong,20712,1
strong,20713,1
strong,20714,1
strong,20715,1
strong,20716,1
strong,20717,1
strong,20718,1
strong,20719,1
strong,20720,1
strong,20721,1
strong,20722,1
strong,20723,1
strong,20724,1
strong,20725,1
strong,20726,1
strong,20727,1
strong,20728,1
strong,20729,1
strong,20730,1
strong,20731,1
strong,20732,1
strong,20733,1
strong,20734,1
strong,20735,1
strong,20736,1
strong,20737,1
strong,20738,1
strong,20739,1
strong,20740,1
strong,20741,1
strong,20742,1
strong,20743,1
strong,20744,1
strong,20745,1
strong,20746,1
strong,20747,1
strong,20748,1
strong,20749,1
strong,20750,1
strong,20751,1
strong,20752,1
strong,20753,1
strong,20754,1
strong,20755,1
strong,20756,1
strong,20757,1
strong,20758,1
strong,20759,1
strong,20760,1
strong,20761,1
strong,20762,1
strong,20763,1
strong,20764,1
strong,20765,1
strong,20766,1
strong,20767,1
strong,20768,1
strong,20769,1
strong,20770,1
strong,20771,1
strong,20772,1
strong,20773,1
strong,20774,1
strong,20775,1
strong,20776,1
strong,20777,1
strong,20778,1
strong,20779,1
strong,20780,1
strong,20781,1
strong,20782,1
strong,20783,1
strong,20784,1
strong,20785,1
strong,20786,1
strong,20787,1
strong,20788,1
strong,20789,1
strong,20790,1
strong,20791,1
strong,20792,1
strong,20793,1
strong,20794,1
strong,20795,1
strong,20796,1
strong,20797,1
strong,20798,1
strong,20799,1
strong,20800,1
strong,20801,1
strong,20802,1
strong,20803,1
strong,20804,1
strong,20805,1
strong,20806,1
strong,20807,1
strong,20808,1
strong,20809,1
strong,20810,1
strong,20811,1
strong,20812,1
strong,20813,1
strong,20814,1
strong,20815,1
strong,20816,1
strong,20817,1
strong,20818,1
strong,20819,1
strong,20820,1
strong,20821,1
strong,20822,1
strong,20823,1
strong,20824,1
strong,20825,1
strong,20826,1
strong,20827,1
strong,20828,1
strong,20829,1
strong,20830,1
strong,20831,1
strong,20832,1
strong,20833,1
strong,20834,1
strong,20835,1
strong,20836,1
strong,20837,1
strong,20838,1
strong,20839,1
strong,20840,1
strong,20841,1
strong,20842,1
strong,20843,1
strong,20844,1
strong,20845,1
strong,20846,1
strong,20847,1
strong,20848,1
strong,20849,1
strong,20850,1
strong,20851,1
strong,20852,1
strong,20853,1
strong,20854,1
strong,20855,1
strong,20856,1
strong,20857,1
strong,20858,1
strong,20859,1
strong,20860,1
strong,20861,1
strong,20862,1
strong,20863,1
strong,20864,1
strong,20865,1
strong,20866,1
strong,20867,1
strong,20868,1
strong,20869,1
strong,20870,1
strong,20871,1
strong,20872,1
strong,20873,1
strong,20874,1
strong,20875,1
strong,20876,1
strong,20877,1
strong,20878,1
strong,20879,1
strong,20880,1
strong,20881,1
strong,20882,1
strong,20883,1
strong,20884,1
strong,20885,1
strong,20886,1
strong,20887,1
strong,20888,1
strong,20889,1
strong,20890,1
strong,20891,1
strong,20892,1
strong,20893,1
strong,20894,1
strong,20895,1
strong,20896,1
strong,20897,1
strong,20898,1
strong,20899,1
strong,20900,1
strong,20901,1
strong,20902,1
strong,20903,1
strong,20904,1
strong,20905,1
strong,20906,1
strong,20907,1
strong,20908,1
strong,20909,1
strong,20910,1
strong,20911,1
strong,20912,1
strong,20913,1
strong,20914,1
strong,20915,1
strong,20916,1
strong,20917,1
strong,20918,1
strong,20919,1
strong,20920,1
strong,20921,1
strong,20922,1
strong,20923,1
strong,20924,1
strong,20925,1
strong,20926,1
strong,20927,1
strong,20928,1
strong,20929,1
strong,20930,1
strong,20931,1
strong,20932,1
strong,20933,1
strong,20934,1
strong,20935,1
strong,20936,1
strong,20937,1
strong,20938,1
strong,20939,1
strong,20940,1
strong,20941,1
strong,20942,1
strong,20943,1
strong,20944,1
strong,20945,1
strong,20946,1
strong,20947,1
strong,20948,1
strong,20949,1
strong,20950,1
strong,20951,1
strong,20952,1
strong,20953,1
strong,20954,1
strong,20955,1
strong,20956,1
strong,20957,1
strong,20958,1
strong,20959,1
strong,20960,1
strong,20961,1
strong,20962,1
strong,20963,1
strong,20964,1
strong,20965,1
strong,20966,1
strong,20967,1
strong,20968,1
strong,20969,1
strong,20970,1
strong,20971,1
strong,20972,1
strong,20973,1
strong,20974,1
strong,20975,1
strong,20976,1
strong,20977,1
strong,20978,1
strong,20979,1
strong,20980,1
strong,20981,1
strong,20982,1
strong,20983,1
strong,20984,1
strong,20985,1
strong,20986,1
strong,20987,1
strong,20988,1
strong,20989,1
strong,20990,1
strong,20991,1
strong,20992,1
strong,20993,1
strong,20994,1
strong,20995,1
strong,20996,1
strong,20997,1
strong,20998,1
strong,20999,1
strong,21000,1
strong,21001,1
strong,21002,1
strong,21003,1
strong,21004,1
strong,21005,1
strong,21006,1
strong,21007,1
strong,21008,1
strong,21009,1
strong,21010,1
strong,21011,1
strong,21012,1
strong,21013,1
strong,21014,1
strong,21015,1
strong,21016,1
strong,21017,1
strong,21018,1
strong,21019,1
strong,21020,1
strong,21021,1
strong,21022,1
strong,21023,1
strong,21024,1
strong,21025,1
strong,21026,1
strong,21027,1
strong,21028,1
strong,21029,1
strong,21030,1
strong,21031,1
strong,21032,1
strong,21033,1
strong,21034,1
strong,21035,1
strong,21036,1
strong,21037,1
strong,21038,1
strong,21039,1
strong,21040,1
strong,21041,1
strong,21042,1
strong,21043,1
strong,21044,1
strong,21045,1
strong,21046,1
strong,21047,1
strong,21048,1
strong,21049,1
strong,21050,1
strong,21051,1
strong,21052,1
strong,21053,1
strong,21054,1
strong,21055,1
strong,21056,1
strong,21057,1
strong,21058,1
strong,21059,1
strong,21060,1
strong,21061,1
strong,21062,1
strong,21063,1
strong,21064,1
strong,21065,1
strong,21066,1
strong,21067,1
strong,21068,1
strong,21069,1
strong,21070,1
strong,21071,1
strong,21072,1
strong,21073,1
strong,21074,1
strong,21075,1
strong,21076,1
strong,21077,1
strong,21078,1
strong,21079,1
strong,21080,1
strong,21081,1
strong,21082,1
strong,21083,1
strong,21084,1
strong,21085,1
strong,21086,1
strong,21087,1
strong,21088,1
strong,21089,1
strong,21090,1
strong,21091,1
strong,21092,1
strong,21093,1
strong,21094,1
strong,21095,1
strong,21096,1
strong,21097,1
strong,21098,1
strong,21099,1
strong,21100,1
strong,21101,1
strong,21102,1
strong,21103,1
strong,21104,1
strong,21105,1
strong,21106,1
strong,21107,1
strong,21108,1
strong,21109,1
strong,21110,1
strong,21111,1
strong,21112,1
strong,21113,1
strong,21114,1
strong,21115,1
strong,21116,1
strong,21117,1
strong,21118,1
strong,21119,1
strong,21120,1
strong,21121,1
strong,21122,1
strong,21123,1
strong,21124,1
strong,21125,1
strong,21126,1
strong,21127,1
strong,21128,1
strong,21129,1
strong,21130,1
strong,21131,1
strong,21132,1
strong,21133,1
strong,21134,1
strong,21135,1
strong,21136,1
strong,21137,1
strong,21138,1
strong,21139,1
strong,21140,1
strong,21141,1
strong,21142,1
strong,21143,1
strong,21144,1
strong,21145,1
strong,21146,1
strong,21147,1
strong,21148,1
strong,21149,1
strong,21150,1
strong,21151,1
strong,21152,1
strong,21153,1
strong,21154,1
strong,21155,1
strong,21156,1
strong,21157,1
strong,21158,1
strong,21159,1
strong,21160,1
strong,21161,1
strong,21162,1
strong,21163,1
strong,21164,1
strong,21165,1
strong,21166,1
strong,21167,1
strong,21168,1
strong,21169,1
strong,21170,1
strong,21171,1
strong,21172,1
strong,21173,1
strong,21174,1
strong,21175,1
strong,21176,1
strong,21177,1
strong,21178,1
strong,21179,1
strong,21180,1
strong,21181,1
strong,21182,1
strong,21183,1
strong,21184,1
strong,21185,1
strong,21186,1
strong,21187,1
strong,21188,1
strong,21189,1
strong,21190,1
strong,21191,1
strong,21192,1
strong,21193,1
strong,21194,1
strong,21195,1
strong,21196,1
strong,21197,1
strong,21198,1
strong,21199,1
strong,21200,1
strong,21201,1
strong,21202,1
strong,21203,1
strong,21204,1
strong,21205,1
strong,21206,1
strong,21207,1
strong,21208,1
strong,21209,1
strong,21210,1
strong,21211,1
strong,21212,1
strong,21213,1
strong,21214,1
strong,21215,1
strong,21216,1
strong,21217,1
strong,21218,1
strong,21219,1
strong,21220,1
strong,21221,1
strong,21222,1
strong,21223,1
strong,21224,1
strong,21225,1
strong,21226,1
strong,21227,1
strong,21228,1
strong,21229,1
strong,21230,1
strong,21231,1
strong,21232,1
strong,21233,1
strong,21234,1
strong,21235,1
strong,21236,1
strong,21237,1
strong,21238,1
strong,21239,1
strong,21240,1
strong,21241,1
strong,21242,1
strong,21243,1
strong,21244,1
strong,21245,1
strong,21246,1
strong,21247,1
strong,21248,1
strong,21249,1
strong,21250,1
strong,21251,1
strong,21252,1
strong,21253,1
strong,21254,1
strong,21255,1
strong,21256,1
strong,21257,1
strong,21258,1
strong,21259,1
strong,21260,1
strong,21261,1
strong,21262,1
strong,21263,1
strong,21264,1
strong,21265,1
strong,21266,1
strong,21267,1
strong,21268,1
strong,21269,1
strong,21270,1
strong,21271,1
strong,21272,1
strong,21273,1
strong,21274,1
strong,21275,1
strong,21276,1
strong,21277,1
strong,21278,1
strong,21279,1
strong,21280,1
strong,21281,1
strong,21282,1
strong,21283,1
strong,21284,1
strong,21285,1
strong,21286,1
strong,21287,1
strong,21288,1
strong,21289,1
strong,21290,1
strong,21291,1
strong,21292,1
strong,21293,1
strong,21294,1
strong,21295,1
strong,21296,1
strong,21297,1
strong,21298,1
strong,21299,1
strong,21300,1
strong,21301,1
strong,21302,1
strong,21303,1
strong,21304,1
strong,21305,1
strong,21306,1
strong,21307,1
strong,21308,1
strong,21309,1
strong,21310,1
strong,21311,1
strong,21312,1
strong,21313,1
strong,21314,1
strong,21315,1
strong,21316,1
strong,21317,1
strong,21318,1
strong,21319,1
strong,21320,1
strong,21321,1
strong,21322,1
strong,21323,1
strong,21324,1
strong,21325,1
strong,21326,1
strong,21327,1
strong,21328,1
strong,21329,1
strong,21330,1
strong,21331,1
strong,21332,1
strong,21333,1
strong,21334,1
strong,21335,1
strong,21336,1
strong,21337,1
strong,21338,1
strong,21339,1
strong,21340,1
strong,21341,1
strong,21342,1
strong,21343,1
strong,21344,1
strong,21345,1
strong,21346,1
strong,21347,1
strong,21348,1
strong,21349,1
strong,21350,1
strong,21351,1
strong,21352,1
strong,21353,1
strong,21354,1
strong,21355,1
strong,21356,1
strong,21357,1
strong,21358,1
strong,21359,1
strong,21360,1
strong,21361,1
strong,21362,1
strong,21363,1
strong,21364,1
strong,21365,1
strong,21366,1
strong,21367,1
strong,21368,1
strong,21369,1
strong,21370,1
strong,21371,1
strong,21372,1
strong,21373,1
strong,21374,1
strong,21375,1
strong,21376,1
strong,21377,1
strong,21378,1
strong,21379,1
strong,21380,1
strong,21381,1
strong,21382,1
strong,21383,1
strong,21384,1
strong,21385,1
strong,21386,1
strong,21387,1
strong,21388,1
strong,21389,1
strong,21390,1
strong,21391,1
strong,21392,1
strong,21393,1
strong,21394,1
strong,21395,1
strong,21396,1
strong,21397,1
strong,21398,1
strong,21399,1
strong,21400,1
strong,21401,1
strong,21402,1
strong,21403,1
strong,21404,1
strong,21405,1
strong,21406,1
strong,21407,1
strong,21408,1
strong,21409,1
strong,21410,1
strong,21411,1
strong,21412,1
strong,21413,1
strong,21414,1
strong,21415,1
strong,21416,1
strong,21417,1
strong,21418,1
strong,21419,1
strong,21420,1
strong,21421,1
strong,21422,1
strong,21423,1
strong,21424,1
strong,21425,1
strong,21426,1
strong,21427,1
strong,21428,1
strong,21429,1
strong,21430,1
strong,21431,1
strong,21432,1
strong,21433,1
strong,21434,1
strong,21435,1
strong,21436,1
strong,21437,1
strong,21438,1
strong,21439,1
strong,21440,1
strong,21441,1
strong,21442,1
strong,21443,1
strong,21444,1
strong,21445,1
strong,21446,1
strong,21447,1
strong,21448,1
strong,21449,1
strong,21450,1
strong,21451,1
strong,21452,1
strong,21453,1
strong,21454,1
strong,21455,1
strong,21456,1
strong,21457,1
strong,21458,1
strong,21459,1
strong,21460,1
strong,21461,1
strong,21462,1
strong,21463,1
strong,21464,1
strong,21465,1
strong,21466,1
strong,21467,1
strong,21468,1
strong,21469,1
strong,21470,1
strong,21471,1
strong,21472,1
strong,21473,1
strong,21474,1
strong,21475,1
strong,21476,1
strong,21477,1
strong,21478,1
strong,21479,1
strong,21480,1
strong,21481,1
strong,21482,1
strong,21483,1
strong,21484,1
strong,21485,1
strong,21486,1
strong,21487,1
strong,21488,1
strong,21489,1
strong,21490,1
strong,21491,1
strong,21492,1
strong,21493,1
strong,21494,1
strong,21495,1
strong,21496,1
strong,21497,1
strong,21498,1
strong,21499,1
strong,21500,1
strong,21501,1
strong,21502,1
strong,21503,1
strong,21504,1
strong,21505,1
strong,21506,1
strong,21507,1
strong,21508,1
strong,21509,1
strong,21510,1
strong,21511,1
strong,21512,1
strong,21513,1
strong,21514,1
strong,21515,1
strong,21516,1
strong,21517,1
strong,21518,1
strong,21519,1
strong,21520,1
strong,21521,1
strong,21522,1
strong,21523,1
strong,21524,1
strong,21525,1
strong,21526,1
strong,21527,1
strong,21528,1
strong,21529,1
strong,21530,1
strong,21531,1
strong,21532,1
strong,21533,1
strong,21534,1
strong,21535,1
strong,21536,1
strong,21537,1
strong,21538,1
strong,21539,1
strong,21540,1
strong,21541,1
strong,21542,1
strong,21543,1
strong,21544,1
strong,21545,1
strong,21546,1
strong,21547,1
strong,21548,1
strong,21549,1
strong,21550,1
strong,21551,1
strong,21552,1
strong,21553,1
strong,21554,1
strong,21555,1
strong,21556,1
strong,21557,1
strong,21558,1
strong,21559,1
strong,21560,1
strong,21561,1
strong,21562,1
strong,21563,1
strong,21564,1
strong,21565,1
strong,21566,1
strong,21567,1
strong,21568,1
strong,21569,1
strong,21570,1
strong,21571,1
strong,21572,1
strong,21573,1
strong,21574,1
strong,21575,1
strong,21576,1
strong,21577,1
strong,21578,1
strong,21579,1
strong,21580,1
strong,21581,1
strong,21582,1
strong,21583,1
strong,21584,1
strong,21585,1
strong,21586,1
strong,21587,1
strong,21588,1
strong,21589,1
strong,21590,1
strong,21591,1
strong,21592,1
strong,21593,1
strong,21594,1
strong,21595,1
strong,21596,1
strong,21597,1
strong,21598,1
strong,21599,1
strong,21600,1
strong,21601,1
strong,21602,1
strong,21603,1
strong,21604,1
strong,21605,1
strong,21606,1
strong,21607,1
strong,21608,1
strong,21609,1
strong,21610,1
strong,21611,1
strong,21612,1
strong,21613,1
strong,21614,1
strong,21615,1
strong,21616,1
strong,21617,1
strong,21618,1
strong,21619,1
strong,21620,1
strong,21621,1
strong,21622,1
strong,21623,1
strong,21624,1
strong,21625,1
strong,21626,1
strong,21627,1
strong,21628,1
strong,21629,1
strong,21630,1
strong,21631,1
strong,21632,1
strong,21633,1
strong,21634,1
strong,21635,1
strong,21636,1
strong,21637,1
strong,21638,1
strong,21639,1
strong,21640,1
strong,21641,1
strong,21642,1
strong,21643,1
strong,21644,1
strong,21645,1
strong,21646,1
strong,21647,1
strong,21648,1
strong,21649,1
strong,21650,1
strong,21651,1
strong,21652,1
strong,21653,1
strong,21654,1
strong,21655,1
strong,21656,1
strong,21657,1
strong,21658,1
strong,21659,1
strong,21660,1
strong,21661,1
strong,21662,1
strong,21663,1
strong,21664,1
strong,21665,1
strong,21666,1
strong,21667,1
strong,21668,1
strong,21669,1
strong,21670,1
strong,21671,1
strong,21672,1
strong,21673,1
strong,21674,1
strong,21675,1
strong,21676,1
strong,21677,1
strong,21678,1
strong,21679,1
strong,21680,1
strong,21681,1
strong,21682,1
strong,21683,1
strong,21684,1
strong,21685,1
strong,21686,1
strong,21687,1
strong,21688,1
strong,21689,1
strong,21690,1
strong,21691,1
strong,21692,1
strong,21693,1
strong,21694,1
strong,21695,1
strong,21696,1
strong,21697,1
strong,21698,1
strong,21699,1
strong,21700,1
strong,21701,1
strong,21702,1
strong,21703,1
strong,21704,1
strong,21705,1
strong,21706,1
strong,21707,1
strong,21708,1
strong,21709,1
strong,21710,1
strong,21711,1
strong,21712,1
strong,21713,1
strong,21714,1
strong,21715,1
strong,21716,1
strong,21717,1
strong,21718,1
strong,21719,1
strong,21720,1
strong,21721,1
strong,21722,1
strong,21723,1
strong,21724,1
strong,21725,1
strong,21726,1
strong,21727,1
strong,21728,1
strong,21729,1
strong,21730,1
strong,21731,1
strong,21732,1
strong,21733,1
strong,21734,1
strong,21735,1
strong,21736,1
strong,21737,1
strong,21738,1
strong,21739,1
strong,21740,1
strong,21741,1
strong,21742,1
strong,21743,1
strong,21744,1
strong,21745,1
strong,21746,1
strong,21747,1
strong,21748,1
strong,21749,1
strong,21750,1
strong,21751,1
strong,21752,1
strong,21753,1
strong,21754,1
strong,21755,1
strong,21756,1
strong,21757,1
strong,21758,1
strong,21759,1
strong,21760,1
strong,21761,1
strong,21762,1
strong,21763,1
strong,21764,1
strong,21765,1
strong,21766,1
strong,21767,1
strong,21768,1
strong,21769,1
strong,21770,1
strong,21771,1
strong,21772,1
strong,21773,1
strong,21774,1
strong,21775,1
strong,21776,1
strong,21777,1
strong,21778,1
strong,21779,1
strong,21780,1
strong,21781,1
strong,21782,1
strong,21783,1
strong,21784,1
strong,21785,1
strong,21786,1
strong,21787,1
strong,21788,1
strong,21789,1
strong,21790,1
strong,21791,1
strong,21792,1
strong,21793,1
strong,21794,1
strong,21795,1
strong,21796,1
strong,21797,1
strong,21798,1
strong,21799,1
strong,21800,1
strong,21801,1
strong,21802,1
strong,21803,1
strong,21804,1
strong,21805,1
strong,21806,1
strong,21807,1
strong,21808,1
strong,21809,1
strong,21810,1
strong,21811,1
strong,21812,1
strong,21813,1
strong,21814,1
strong,21815,1
strong,21816,1
strong,21817,1
strong,21818,1
strong,21819,1
strong,21820,1
strong,21821,1
strong,21822,1
strong,21823,1
strong,21824,1
strong,21825,1
strong,21826,1
strong,21827,1
strong,21828,1
strong,21829,1
strong,21830,1
strong,21831,1
strong,21832,1
strong,21833,1
strong,21834,1
strong,21835,1
strong,21836,1
strong,21837,1
strong,21838,1
strong,21839,1
strong,21840,1
strong,21841,1
strong,21842,1
strong,21843,1
strong,21844,1
strong,21845,1
strong,21846,1
strong,21847,1
strong,21848,1
strong,21849,1
strong,21850,1
strong,21851,1
strong,21852,1
strong,21853,1
strong,21854,1
strong,21855,1
strong,21856,1
strong,21857,1
strong,21858,1
strong,21859,1
strong,21860,1
strong,21861,1
strong,21862,1
strong,21863,1
strong,21864,1
strong,21865,1
strong,21866,1
strong,21867,1
strong,21868,1
strong,21869,1
strong,21870,1
strong,21871,1
strong,21872,1
strong,21873,1
strong,21874,1
strong,21875,1
strong,21876,1
strong,21877,1
strong,21878,1
strong,21879,1
strong,21880,1
strong,21881,1
strong,21882,1
strong,21883,1
strong,21884,1
strong,21885,1
strong,21886,1
strong,21887,1
strong,21888,1
strong,21889,1
strong,21890,1
strong,21891,1
strong,21892,1
strong,21893,1
strong,21894,1
strong,21895,1
strong,21896,1
strong,21897,1
strong,21898,1
strong,21899,1
strong,21900,1
strong,21901,1
strong,21902,1
strong,21903,1
strong,21904,1
strong,21905,1
strong,21906,1
strong,21907,1
strong,21908,1
strong,21909,1
strong,21910,1
strong,21911,1
strong,21912,1
strong,21913,1
strong,21914,1
strong,21915,1
strong,21916,1
strong,21917,1
strong,21918,1
strong,21919,1
strong,21920,1
strong,21921,1
strong,21922,1
strong,21923,1
strong,21924,1
strong,21925,1
strong,21926,1
strong,21927,1
strong,21928,1
strong,21929,1
strong,21930,1
strong,21931,1
strong,21932,1
strong,21933,1
strong,21934,1
strong,21935,1
strong,21936,1
strong,21937,1
strong,21938,1
strong,21939,1
strong,21940,1
strong,21941,1
strong,21942,1
strong,21943,1
strong,21944,1
strong,21945,1
strong,21946,1
strong,21947,1
strong,21948,1
strong,21949,1
strong,21950,1
strong,21951,1
strong,21952,1
strong,21953,1
strong,21954,1
strong,21955,1
strong,21956,1
strong,21957,1
strong,21958,1
strong,21959,1
strong,21960,1
strong,21961,1
strong,21962,1
strong,21963,1
strong,21964,1
strong,21965,1
strong,21966,1
strong,21967,1
strong,21968,1
strong,21969,1
strong,21970,1
strong,21971,1
strong,21972,1
strong,21973,1
strong,21974,1
strong,21975,1
strong,21976,1
strong,21977,1
strong,21978,1
strong,21979,1
strong,21980,1
strong,21981,1
strong,21982,1
strong,21983,1
strong,21984,1
strong,21985,1
strong,21986,1
strong,21987,1
strong,21988,1
strong,21989,1
strong,21990,1
strong,21991,1
strong,21992,1
strong,21993,1
strong,21994,1
strong,21995,1
strong,21996,1
strong,21997,1
strong,21998,1
strong,21999,1
strong,22000,1
strong,22001,1
strong,22002,1
strong,22003,1
strong,22004,1
strong,22005,1
strong,22006,1
strong,22007,1
strong,22008,1
strong,22009,1
strong,22010,1
strong,22011,1
strong,22012,1
strong,22013,1
strong,22014,1
strong,22015,1
strong,22016,1
strong,22017,1
strong,22018,1
strong,22019,1
strong,22020,1
strong,22021,1
strong,22022,1
strong,22023,1
strong,22024,1
strong,22025,1
strong,22026,1
strong,22027,1
strong,22028,1
strong,22029,1
strong,22030,1
strong,22031,1
strong,22032,1
strong,22033,1
strong,22034,1
strong,22035,1
strong,22036,1
strong,22037,1
strong,22038,1
strong,22039,1
strong,22040,1
strong,22041,1
strong,22042,1
strong,22043,1
strong,22044,1
strong,22045,1
strong,22046,1
strong,22047,1
strong,22048,1
strong,22049,1
strong,22050,1
strong,22051,1
strong,22052,1
strong,22053,1
strong,22054,1
strong,22055,1
strong,22056,1
strong,22057,1
strong,22058,1
strong,22059,1
strong,22060,1
strong,22061,1
strong,22062,1
strong,22063,1
strong,22064,1
strong,22065,1
strong,22066,1
strong,22067,1
strong,22068,1
strong,22069,1
strong,22070,1
strong,22071,1
strong,22072,1
strong,22073,1
strong,22074,1
strong,22075,1
strong,22076,1
strong,22077,1
strong,22078,1
strong,22079,1
strong,22080,1
strong,22081,1
strong,22082,1
strong,22083,1
strong,22084,1
strong,22085,1
strong,22086,1
strong,22087,1
strong,22088,1
strong,22089,1
strong,22090,1
strong,22091,1
strong,22092,1
strong,22093,1
strong,22094,1
strong,22095,1
strong,22096,1
strong,22097,1
strong,22098,1
strong,22099,1
strong,22100,1
strong,22101,1
strong,22102,1
strong,22103,1
strong,22104,1
strong,22105,1
strong,22106,1
strong,22107,1
strong,22108,1
strong,22109,1
strong,22110,1
strong,22111,1
strong,22112,1
strong,22113,1
strong,22114,1
strong,22115,1
strong,22116,1
strong,22117,1
strong,22118,1
strong,22119,1
strong,22120,1
strong,22121,1
strong,22122,1
strong,22123,1
strong,22124,1
strong,22125,1
strong,22126,1
strong,22127,1
strong,22128,1
strong,22129,1
strong,22130,1
strong,22131,1
strong,22132,1
strong,22133,1
strong,22134,1
strong,22135,1
strong,22136,1
strong,22137,1
strong,22138,1
strong,22139,1
strong,22140,1
strong,22141,1
strong,22142,1
strong,22143,1
strong,22144,1
strong,22145,1
strong,22146,1
strong,22147,1
strong,22148,1
strong,22149,1
strong,22150,1
strong,22151,1
strong,22152,1
strong,22153,1
strong,22154,1
strong,22155,1
strong,22156,1
strong,22157,1
strong,22158,1
strong,22159,1
strong,22160,1
strong,22161,1
strong,22162,1
strong,22163,1
strong,22164,1
strong,22165,1
strong,22166,1
strong,22167,1
strong,22168,1
strong,22169,1
strong,22170,1
strong,22171,1
strong,22172,1
strong,22173,1
strong,22174,1
strong,22175,1
strong,22176,1
strong,22177,1
strong,22178,1
strong,22179,1
strong,22180,1
strong,22181,1
strong,22182,1
strong,22183,1
strong,22184,1
strong,22185,1
strong,22186,1
strong,22187,1
strong,22188,1
strong,22189,1
strong,22190,1
strong,22191,1
strong,22192,1
strong,22193,1
strong,22194,1
strong,22195,1
strong,22196,1
strong,22197,1
strong,22198,1
strong,22199,1
strong,22200,1
strong,22201,1
strong,22202,1
strong,22203,1
strong,22204,1
strong,22205,1
strong,22206,1
strong,22207,1
strong,22208,1
strong,22209,1
strong,22210,1
strong,22211,1
strong,22212,1
strong,22213,1
strong,22214,1
strong,22215,1
strong,22216,1
strong,22217,1
strong,22218,1
strong,22219,1
strong,22220,1
strong,22221,1
strong,22222,1
strong,22223,1
strong,22224,1
strong,22225,1
strong,22226,1
strong,22227,1
strong,22228,1
strong,22229,1
strong,22230,1
strong,22231,1
strong,22232,1
strong,22233,1
strong,22234,1
strong,22235,1
strong,22236,1
strong,22237,1
strong,22238,1
strong,22239,1
strong,22240,1
strong,22241,1
strong,22242,1
strong,22243,1
strong,22244,1
strong,22245,1
strong,22246,1
strong,22247,1
strong,22248,1
strong,22249,1
strong,22250,1
strong,22251,1
strong,22252,1
strong,22253,1
strong,22254,1
strong,22255,1
strong,22256,1
strong,22257,1
strong,22258,1
strong,22259,1
strong,22260,1
strong,22261,1
strong,22262,1
strong,22263,1
strong,22264,1
strong,22265,1
strong,22266,1
strong,22267,1
strong,22268,1
strong,22269,1
strong,22270,1
strong,22271,1
strong,22272,1
strong,22273,1
strong,22274,1
strong,22275,1
strong,22276,1
strong,22277,1
strong,22278,1
strong,22279,1
strong,22280,1
strong,22281,1
strong,22282,1
strong,22283,1
strong,22284,1
strong,22285,1
strong,22286,1
strong,22287,1
strong,22288,1
strong,22289,1
strong,22290,1
strong,22291,1
strong,22292,1
strong,22293,1
strong,22294,1
strong,22295,1
strong,22296,1
strong,22297,1
strong,22298,1
strong,22299,1
strong,22300,1
strong,22301,1
strong,22302,1
strong,22303,1
strong,22304,1
strong,22305,1
strong,22306,1
strong,22307,1
strong,22308,1
strong,22309,1
strong,22310,1
strong,22311,1
strong,22312,1
strong,22313,1
strong,22314,1
strong,22315,1
strong,22316,1
strong,22317,1
strong,22318,1
strong,22319,1
strong,22320,1
strong,22321,1
strong,22322,1
strong,22323,1
strong,22324,1
strong,22325,1
strong,22326,1
strong,22327,1
strong,22328,1
strong,22329,1
strong,22330,1
strong,22331,1
strong,22332,1
strong,22333,1
strong,22334,1
strong,22335,1
strong,22336,1
strong,22337,1
strong,22338,1
strong,22339,1
strong,22340,1
strong,22341,1
strong,22342,1
strong,22343,1
strong,22344,1
strong,22345,1
strong,22346,1
strong,22347,1
strong,22348,1
strong,22349,1
strong,22350,1
strong,22351,1
strong,22352,1
strong,22353,1
strong,22354,1
strong,22355,1
strong,22356,1
strong,22357,1
strong,22358,1
strong,22359,1
strong,22360,1
strong,22361,1
strong,22362,1
strong,22363,1
strong,22364,1
strong,22365,1
strong,22366,1
strong,22367,1
strong,22368,1
strong,22369,1
strong,22370,1
strong,22371,1
strong,22372,1
strong,22373,1
strong,22374,1
strong,22375,1
strong,22376,1
strong,22377,1
strong,22378,1
strong,22379,1
strong,22380,1
strong,22381,1
strong,22382,1
strong,22383,1
strong,22384,1
strong,22385,1
strong,22386,1
strong,22387,1
strong,22388,1
strong,22389,1
strong,22390,1
strong,22391,1
strong,22392,1
strong,22393,1
strong,22394,1
strong,22395,1
strong,22396,1
strong,22397,1
strong,22398,1
strong,22399,1
strong,22400,1
strong,22401,1
strong,22402,1
strong,22403,1
strong,22404,1
strong,22405,1
strong,22406,1
strong,22407,1
strong,22408,1
strong,22409,1
strong,22410,1
strong,22411,1
strong,22412,1
strong,22413,1
strong,22414,1
strong,22415,1
strong,22416,1
strong,22417,1
strong,22418,1
strong,22419,1
strong,22420,1
strong,22421,1
strong,22422,1
strong,22423,1
strong,22424,1
strong,22425,1
strong,22426,1
strong,22427,1
strong,22428,1
strong,22429,1
strong,22430,1
strong,22431,1
strong,22432,1
strong,22433,1
strong,22434,1
strong,22435,1
strong,22436,1
strong,22437,1
strong,22438,1
strong,22439,1
strong,22440,1
strong,22441,1
strong,22442,1
strong,22443,1
strong,22444,1
strong,22445,1
strong,22446,1
strong,22447,1
strong,22448,1
strong,22449,1
strong,22450,1
strong,22451,1
strong,22452,1
strong,22453,1
strong,22454,1
strong,22455,1
strong,22456,1
strong,22457,1
strong,22458,1
strong,22459,1
strong,22460,1
strong,22461,1
strong,22462,1
strong,22463,1
strong,22464,1
strong,22465,1
strong,22466,1
strong,22467,1
strong,22468,1
strong,22469,1
strong,22470,1
strong,22471,1
strong,22472,1
strong,22473,1
strong,22474,1
strong,22475,1
strong,22476,1
strong,22477,1
strong,22478,1
strong,22479,1
strong,22480,1
strong,22481,1
strong,22482,1
strong,22483,1
strong,22484,1
strong,22485,1
strong,22486,1
strong,22487,1
strong,22488,1
strong,22489,1
strong,22490,1
strong,22491,1
strong,22492,1
strong,22493,1
strong,22494,1
strong,22495,1
strong,22496,1
strong,22497,1
strong,22498,1
strong,22499,1
strong,22500,1
strong,22501,1
strong,22502,1
strong,22503,1
strong,22504,1
strong,22505,1
strong,22506,1
strong,22507,1
strong,22508,1
strong,22509,1
strong,22510,1
strong,22511,1
strong,22512,1
strong,22513,1
strong,22514,1
strong,22515,1
strong,22516,1
strong,22517,1
strong,22518,1
strong,22519,1
strong,22520,1
strong,22521,1
strong,22522,1
strong,22523,1
strong,22524,1
strong,22525,1
strong,22526,1
strong,22527,1
strong,22528,1
strong,22529,1
strong,22530,1
strong,22531,1
strong,22532,1
strong,22533,1
strong,22534,1
strong,22535,1
strong,22536,1
strong,22537,1
strong,22538,1
strong,22539,1
strong,22540,1
strong,22541,1
strong,22542,1
strong,22543,1
strong,22544,1
strong,22545,1
strong,22546,1
strong,22547,1
strong,22548,1
strong,22549,1
strong,22550,1
strong,22551,1
strong,22552,1
strong,22553,1
strong,22554,1
strong,22555,1
strong,22556,1
strong,22557,1
strong,22558,1
strong,22559,1
strong,22560,1
strong,22561,1
strong,22562,1
strong,22563,1
strong,22564,1
strong,22565,1
strong,22566,1
strong,22567,1
strong,22568,1
strong,22569,1
strong,22570,1
strong,22571,1
strong,22572,1
strong,22573,1
strong,22574,1
strong,22575,1
strong,22576,1
strong,22577,1
strong,22578,1
strong,22579,1
strong,22580,1
strong,22581,1
strong,22582,1
strong,22583,1
strong,22584,1
strong,22585,1
strong,22586,1
strong,22587,1
strong,22588,1
strong,22589,1
strong,22590,1
strong,22591,1
strong,22592,1
strong,22593,1
strong,22594,1
strong,22595,1
strong,22596,1
strong,22597,1
strong,22598,1
strong,22599,1
strong,22600,1
strong,22601,1
strong,22602,1
strong,22603,1
strong,22604,1
strong,22605,1
strong,22606,1
strong,22607,1
strong,22608,1
strong,22609,1
strong,22610,1
strong,22611,1
strong,22612,1
strong,22613,1
strong,22614,1
strong,22615,1
strong,22616,1
strong,22617,1
strong,22618,1
strong,22619,1
strong,22620,1
strong,22621,1
strong,22622,1
strong,22623,1
strong,22624,1
strong,22625,1
strong,22626,1
strong,22627,1
strong,22628,1
strong,22629,1
strong,22630,1
strong,22631,1
strong,22632,1
strong,22633,1
strong,22634,1
strong,22635,1
strong,22636,1
strong,22637,1
strong,22638,1
strong,22639,1
strong,22640,1
strong,22641,1
strong,22642,1
strong,22643,1
strong,22644,1
strong,22645,1
strong,22646,1
strong,22647,1
strong,22648,1
strong,22649,1
strong,22650,1
strong,22651,1
strong,22652,1
strong,22653,1
strong,22654,1
strong,22655,1
strong,22656,1
strong,22657,1
strong,22658,1
strong,22659,1
strong,22660,1
strong,22661,1
strong,22662,1
strong,22663,1
strong,22664,1
strong,22665,1
strong,22666,1
strong,22667,1
strong,22668,1
strong,22669,1
strong,22670,1
strong,22671,1
strong,22672,1
strong,22673,1
strong,22674,1
strong,22675,1
strong,22676,1
strong,22677,1
strong,22678,1
strong,22679,1
strong,22680,1
strong,22681,1
strong,22682,1
strong,22683,1
strong,22684,1
strong,22685,1
strong,22686,1
strong,22687,1
strong,22688,1
strong,22689,1
strong,22690,1
strong,22691,1
strong,22692,1
strong,22693,1
strong,22694,1
strong,22695,1
strong,22696,1
strong,22697,1
strong,22698,1
strong,22699,1
strong,22700,1
strong,22701,1
strong,22702,1
strong,22703,1
strong,22704,1
strong,22705,1
strong,22706,1
strong,22707,1
strong,22708,1
strong,22709,1
strong,22710,1
strong,22711,1
strong,22712,1
strong,22713,1
strong,22714,1
strong,22715,1
strong,22716,1
strong,22717,1
strong,22718,1
strong,22719,1
strong,22720,1
strong,22721,1
strong,22722,1
strong,22723,1
strong,22724,1
strong,22725,1
strong,22726,1
strong,22727,1
strong,22728,1
strong,22729,1
strong,22730,1
strong,22731,1
strong,22732,1
strong,22733,1
strong,22734,1
strong,22735,1
strong,22736,1
strong,22737,1
strong,22738,1
strong,22739,1
strong,22740,1
strong,22741,1
strong,22742,1
strong,22743,1
strong,22744,1
strong,22745,1
strong,22746,1
strong,22747,1
strong,22748,1
strong,22749,1
strong,22750,1
strong,22751,1
strong,22752,1
strong,22753,1
strong,22754,1
strong,22755,1
strong,22756,1
strong,22757,1
strong,22758,1
strong,22759,1
strong,22760,1
strong,22761,1
strong,22762,1
strong,22763,1
strong,22764,1
strong,22765,1
strong,22766,1
strong,22767,1
strong,22768,1
strong,22769,1
strong,22770,1
strong,22771,1
strong,22772,1
strong,22773,1
strong,22774,1
strong,22775,1
strong,22776,1
strong,22777,1
strong,22778,1
strong,22779,1
strong,22780,1
strong,22781,1
strong,22782,1
strong,22783,1
strong,22784,1
strong,22785,1
strong,22786,1
strong,22787,1
strong,22788,1
strong,22789,1
strong,22790,1
strong,22791,1
strong,22792,1
strong,22793,1
strong,22794,1
strong,22795,1
strong,22796,1
strong,22797,1
strong,22798,1
strong,22799,1
strong,22800,1
strong,22801,1
strong,22802,1
strong,22803,1
strong,22804,1
strong,22805,1
strong,22806,1
strong,22807,1
strong,22808,1
strong,22809,1
strong,22810,1
strong,22811,1
strong,22812,1
strong,22813,1
strong,22814,1
strong,22815,1
strong,22816,1
strong,22817,1
strong,22818,1
strong,22819,1
strong,22820,1
strong,22821,1
strong,22822,1
strong,22823,1
strong,22824,1
strong,22825,1
strong,22826,1
strong,22827,1
strong,22828,1
strong,22829,1
strong,22830,1
strong,22831,1
strong,22832,1
strong,22833,1
strong,22834,1
strong,22835,1
strong,22836,1
strong,22837,1
strong,22838,1
strong,22839,1
strong,22840,1
strong,22841,1
strong,22842,1
strong,22843,1
strong,22844,1
strong,22845,1
strong,22846,1
strong,22847,1
strong,22848,1
strong,22849,1
strong,22850,1
strong,22851,1
strong,22852,1
strong,22853,1
strong,22854,1
strong,22855,1
strong,22856,1
strong,22857,1
strong,22858,1
strong,22859,1
strong,22860,1
strong,22861,1
strong,22862,1
strong,22863,1
strong,22864,1
strong,22865,1
strong,22866,1
strong,22867,1
strong,22868,1
strong,22869,1
strong,22870,1
strong,22871,1
strong,22872,1
strong,22873,1
strong,22874,1
strong,22875,1
strong,22876,1
strong,22877,1
strong,22878,1
strong,22879,1
strong,22880,1
strong,22881,1
strong,22882,1
strong,22883,1
strong,22884,1
strong,22885,1
strong,22886,1
strong,22887,1
strong,22888,1
strong,22889,1
strong,22890,1
strong,22891,1
strong,22892,1
strong,22893,1
strong,22894,1
strong,22895,1
strong,22896,1
strong,22897,1
strong,22898,1
strong,22899,1
strong,22900,1
strong,22901,1
strong,22902,1
strong,22903,1
strong,22904,1
strong,22905,1
strong,22906,1
strong,22907,1
strong,22908,1
strong,22909,1
strong,22910,1
strong,22911,1
strong,22912,1
strong,22913,1
strong,22914,1
strong,22915,1
strong,22916,1
strong,22917,1
strong,22918,1
strong,22919,1
strong,22920,1
strong,22921,1
strong,22922,1
strong,22923,1
strong,22924,1
strong,22925,1
strong,22926,1
strong,22927,1
strong,22928,1
strong,22929,1
strong,22930,1
strong,22931,1
strong,22932,1
strong,22933,1
strong,22934,1
strong,22935,1
strong,22936,1
strong,22937,1
strong,22938,1
strong,22939,1
strong,22940,1
strong,22941,1
strong,22942,1
strong,22943,1
strong,22944,1
strong,22945,1
strong,22946,1
strong,22947,1
strong,22948,1
strong,22949,1
strong,22950,1
strong,22951,1
strong,22952,1
strong,22953,1
strong,22954,1
strong,22955,1
strong,22956,1
strong,22957,1
strong,22958,1
strong,22959,1
strong,22960,1
strong,22961,1
strong,22962,1
strong,22963,1
strong,22964,1
strong,22965,1
strong,22966,1
strong,22967,1
strong,22968,1
strong,22969,1
strong,22970,1
strong,22971,1
strong,22972,1
strong,22973,1
strong,22974,1
strong,22975,1
strong,22976,1
strong,22977,1
strong,22978,1
strong,22979,1
strong,22980,1
strong,22981,1
strong,22982,1
strong,22983,1
strong,22984,1
strong,22985,1
strong,22986,1
strong,22987,1
strong,22988,1
strong,22989,1
strong,22990,1
strong,22991,1
strong,22992,1
strong,22993,1
strong,22994,1
strong,22995,1
strong,22996,1
strong,22997,1
strong,22998,1
strong,22999,1
strong,23000,1
strong,23001,1
strong,23002,1
strong,23003,1
strong,23004,1
strong,23005,1
strong,23006,1
strong,23007,1
strong,23008,1
strong,23009,1
strong,23010,1
strong,23011,1
strong,23012,1
strong,23013,1
strong,23014,1
strong,23015,1
strong,23016,1
strong,23017,1
strong,23018,1
strong,23019,1
strong,23020,1
strong,23021,1
strong,23022,1
strong,23023,1
strong,23024,1
strong,23025,1
strong,23026,1
strong,23027,1
strong,23028,1
strong,23029,1
strong,23030,1
strong,23031,1
strong,23032,1
strong,23033,1
strong,23034,1
strong,23035,1
strong,23036,1
strong,23037,1
strong,23038,1
strong,23039,1
strong,23040,1
strong,23041,1
strong,23042,1
strong,23043,1
strong,23044,1
strong,23045,1
strong,23046,1
strong,23047,1
strong,23048,1
strong,23049,1
strong,23050,1
strong,23051,1
strong,23052,1
strong,23053,1
strong,23054,1
strong,23055,1
strong,23056,1
strong,23057,1
strong,23058,1
strong,23059,1
strong,23060,1
strong,23061,1
strong,23062,1
strong,23063,1
strong,23064,1
strong,23065,1
strong,23066,1
strong,23067,1
strong,23068,1
strong,23069,1
strong,23070,1
strong,23071,1
strong,23072,1
strong,23073,1
strong,23074,1
strong,23075,1
strong,23076,1
strong,23077,1
strong,23078,1
strong,23079,1
strong,23080,1
strong,23081,1
strong,23082,1
strong,23083,1
strong,23084,1
strong,23085,1
strong,23086,1
strong,23087,1
strong,23088,1
strong,23089,1
strong,23090,1
strong,23091,1
strong,23092,1
strong,23093,1
strong,23094,1
strong,23095,1
strong,23096,1
strong,23097,1
strong,23098,1
strong,23099,1
strong,23100,1
strong,23101,1
strong,23102,1
strong,23103,1
strong,23104,1
strong,23105,1
strong,23106,1
strong,23107,1
strong,23108,1
strong,23109,1
strong,23110,1
strong,23111,1
strong,23112,1
strong,23113,1
strong,23114,1
strong,23115,1
strong,23116,1
strong,23117,1
strong,23118,1
strong,23119,1
strong,23120,1
strong,23121,1
strong,23122,1
strong,23123,1
strong,23124,1
strong,23125,1
strong,23126,1
strong,23127,1
strong,23128,1
strong,23129,1
strong,23130,1
strong,23131,1
strong,23132,1
strong,23133,1
strong,23134,1
strong,23135,1
strong,23136,1
strong,23137,1
strong,23138,1
strong,23139,1
strong,23140,1
strong,23141,1
strong,23142,1
strong,23143,1
strong,23144,1
strong,23145,1
strong,23146,1
strong,23147,1
strong,23148,1
strong,23149,1
strong,23150,1
strong,23151,1
strong,23152,1
strong,23153,1
strong,23154,1
strong,23155,1
strong,23156,1
strong,23157,1
strong,23158,1
strong,23159,1
strong,23160,1
strong,23161,1
strong,23162,1
strong,23163,1
strong,23164,1
strong,23165,1
strong,23166,1
strong,23167,1
strong,23168,1
strong,23169,1
strong,23170,1
strong,23171,1
strong,23172,1
strong,23173,1
strong,23174,1
strong,23175,1
strong,23176,1
strong,23177,1
strong,23178,1
strong,23179,1
strong,23180,1
strong,23181,1
strong,23182,1
strong,23183,1
strong,23184,1
strong,23185,1
strong,23186,1
strong,23187,1
strong,23188,1
strong,23189,1
strong,23190,1
strong,23191,1
strong,23192,1
strong,23193,1
strong,23194,1
strong,23195,1
strong,23196,1
strong,23197,1
strong,23198,1
strong,23199,1
strong,23200,1
strong,23201,1
strong,23202,1
strong,23203,1
strong,23204,1
strong,23205,1
strong,23206,1
strong,23207,1
strong,23208,1
strong,23209,1
strong,23210,1
strong,23211,1
strong,23212,1
strong,23213,1
strong,23214,1
strong,23215,1
strong,23216,1
strong,23217,1
strong,23218,1
strong,23219,1
strong,23220,1
strong,23221,1
strong,23222,1
strong,23223,1
strong,23224,1
strong,23225,1
strong,23226,1
strong,23227,1
strong,23228,1
strong,23229,1
strong,23230,1
strong,23231,1
strong,23232,1
strong,23233,1
strong,23234,1
strong,23235,1
strong,23236,1
strong,23237,1
strong,23238,1
strong,23239,1
strong,23240,1
strong,23241,1
strong,23242,1
strong,23243,1
strong,23244,1
strong,23245,1
strong,23246,1
strong,23247,1
strong,23248,1
strong,23249,1
strong,23250,1
strong,23251,1
strong,23252,1
strong,23253,1
strong,23254,1
strong,23255,1
strong,23256,1
strong,23257,1
strong,23258,1
strong,23259,1
strong,23260,1
strong,23261,1
strong,23262,1
strong,23263,1
strong,23264,1
strong,23265,1
strong,23266,1
strong,23267,1
strong,23268,1
strong,23269,1
strong,23270,1
strong,23271,1
strong,23272,1
strong,23273,1
strong,23274,1
strong,23275,1
strong,23276,1
strong,23277,1
strong,23278,1
strong,23279,1
strong,23280,1
strong,23281,1
strong,23282,1
strong,23283,1
strong,23284,1
strong,23285,1
strong,23286,1
strong,23287,1
strong,23288,1
strong,23289,1
strong,23290,1
strong,23291,1
strong,23292,1
strong,23293,1
strong,23294,1
strong,23295,1
strong,23296,1
strong,23297,1
strong,23298,1
strong,23299,1
strong,23300,1
strong,23301,1
strong,23302,1
strong,23303,1
strong,23304,1
strong,23305,1
strong,23306,1
strong,23307,1
strong,23308,1
strong,23309,1
strong,23310,1
strong,23311,1
strong,23312,1
strong,23313,1
strong,23314,1
strong,23315,1
strong,23316,1
strong,23317,1
strong,23318,1
strong,23319,1
strong,23320,1
strong,23321,1
strong,23322,1
strong,23323,1
strong,23324,1
strong,23325,1
strong,23326,1
strong,23327,1
strong,23328,1
strong,23329,1
strong,23330,1
strong,23331,1
strong,23332,1
strong,23333,1
strong,23334,1
strong,23335,1
strong,23336,1
strong,23337,1
strong,23338,1
strong,23339,1
strong,23340,1
strong,23341,1
strong,23342,1
strong,23343,1
strong,23344,1
strong,23345,1
strong,23346,1
strong,23347,1
strong,23348,1
strong,23349,1
strong,23350,1
strong,23351,1
strong,23352,1
strong,23353,1
strong,23354,1
strong,23355,1
strong,23356,1
strong,23357,1
strong,23358,1
strong,23359,1
strong,23360,1
strong,23361,1
strong,23362,1
strong,23363,1
strong,23364,1
strong,23365,1
strong,23366,1
strong,23367,1
strong,23368,1
strong,23369,1
strong,23370,1
strong,23371,1
strong,23372,1
strong,23373,1
strong,23374,1
strong,23375,1
strong,23376,1
strong,23377,1
strong,23378,1
strong,23379,1
strong,23380,1
strong,23381,1
strong,23382,1
strong,23383,1
strong,23384,1
strong,23385,1
strong,23386,1
strong,23387,1
strong,23388,1
strong,23389,1
strong,23390,1
strong,23391,1
strong,23392,1
strong,23393,1
strong,23394,1
strong,23395,1
strong,23396,1
strong,23397,1
strong,23398,1
strong,23399,1
strong,23400,1
strong,23401,1
strong,23402,1
strong,23403,1
strong,23404,1
strong,23405,1
strong,23406,1
strong,23407,1
strong,23408,1
strong,23409,1
strong,23410,1
strong,23411,1
strong,23412,1
strong,23413,1
strong,23414,1
strong,23415,1
strong,23416,1
strong,23417,1
strong,23418,1
strong,23419,1
strong,23420,1
strong,23421,1
strong,23422,1
strong,23423,1
strong,23424,1
strong,23425,1
strong,23426,1
strong,23427,1
strong,23428,1
strong,23429,1
strong,23430,1
strong,23431,1
strong,23432,1
strong,23433,1
strong,23434,1
strong,23435,1
strong,23436,1
strong,23437,1
strong,23438,1
strong,23439,1
strong,23440,1
strong,23441,1
strong,23442,1
strong,23443,1
strong,23444,1
strong,23445,1
strong,23446,1
strong,23447,1
strong,23448,1
strong,23449,1
strong,23450,1
strong,23451,1
strong,23452,1
strong,23453,1
strong,23454,1
strong,23455,1
strong,23456,1
strong,23457,1
strong,23458,1
strong,23459,1
strong,23460,1
strong,23461,1
strong,23462,1
strong,23463,1
strong,23464,1
strong,23465,1
strong,23466,1
strong,23467,1
strong,23468,1
strong,23469,1
strong,23470,1
strong,23471,1
strong,23472,1
strong,23473,1
strong,23474,1
strong,23475,1
strong,23476,1
strong,23477,1
strong,23478,1
strong,23479,1
strong,23480,1
strong,23481,1
strong,23482,1
strong,23483,1
strong,23484,1
strong,23485,1
strong,23486,1
strong,23487,1
strong,23488,1
strong,23489,1
strong,23490,1
strong,23491,1
strong,23492,1
strong,23493,1
strong,23494,1
strong,23495,1
strong,23496,1
strong,23497,1
strong,23498,1
strong,23499,1
strong,23500,1
strong,23501,1
strong,23502,1
strong,23503,1
strong,23504,1
strong,23505,1
strong,23506,1
strong,23507,1
strong,23508,1
strong,23509,1
strong,23510,1
strong,23511,1
strong,23512,1
strong,23513,1
strong,23514,1
strong,23515,1
strong,23516,1
strong,23517,1
strong,23518,1
strong,23519,1
strong,23520,1
strong,23521,1
strong,23522,1
strong,23523,1
strong,23524,1
strong,23525,1
strong,23526,1
strong,23527,1
strong,23528,1
strong,23529,1
strong,23530,1
strong,23531,1
strong,23532,1
strong,23533,1
strong,23534,1
strong,23535,1
strong,23536,1
strong,23537,1
strong,23538,1
strong,23539,1
strong,23540,1
strong,23541,1
strong,23542,1
strong,23543,1
strong,23544,1
strong,23545,1
strong,23546,1
strong,23547,1
strong,23548,1
strong,23549,1
strong,23550,1
strong,23551,1
strong,23552,1
strong,23553,1
strong,23554,1
strong,23555,1
strong,23556,1
strong,23557,1
strong,23558,1
strong,23559,1
strong,23560,1
strong,23561,1
strong,23562,1
strong,23563,1
strong,23564,1
strong,23565,1
strong,23566,1
strong,23567,1
strong,23568,1
strong,23569,1
strong,23570,1
strong,23571,1
strong,23572,1
strong,23573,1
strong,23574,1
strong,23575,1
strong,23576,1
strong,23577,1
strong,23578,1
strong,23579,1
strong,23580,1
strong,23581,1
strong,23582,1
strong,23583,1
strong,23584,1
strong,23585,1
strong,23586,1
strong,23587,1
strong,23588,1
strong,23589,1
strong,23590,1
strong,23591,1
strong,23592,1
strong,23593,1
strong,23594,1
strong,23595,1
strong,23596,1
strong,23597,1
strong,23598,1
strong,23599,1
strong,23600,1
strong,23601,1
strong,23602,1
strong,23603,1
strong,23604,1
strong,23605,1
strong,23606,1
strong,23607,1
strong,23608,1
strong,23609,1
strong,23610,1
strong,23611,1
strong,23612,1
strong,23613,1
strong,23614,1
strong,23615,1
strong,23616,1
strong,23617,1
strong,23618,1
strong,23619,1
strong,23620,1
strong,23621,1
strong,23622,1
strong,23623,1
strong,23624,1
strong,23625,1
strong,23626,1
strong,23627,1
strong,23628,1
strong,23629,1
strong,23630,1
strong,23631,1
strong,23632,1
strong,23633,1
strong,23634,1
strong,23635,1
strong,23636,1
strong,23637,1
strong,23638,1
strong,23639,1
strong,23640,1
strong,23641,1
strong,23642,1
strong,23643,1
strong,23644,1
strong,23645,1
strong,23646,1
strong,23647,1
strong,23648,1
strong,23649,1
strong,23650,1
strong,23651,1
strong,23652,1
strong,23653,1
strong,23654,1
strong,23655,1
strong,23656,1
strong,23657,1
strong,23658,1
strong,23659,1
strong,23660,1
strong,23661,1
strong,23662,1
strong,23663,1
strong,23664,1
strong,23665,1
strong,23666,1
strong,23667,1
strong,23668,1
strong,23669,1
strong,23670,1
strong,23671,1
strong,23672,1
strong,23673,1
strong,23674,1
strong,23675,1
strong,23676,1
strong,23677,1
strong,23678,1
strong,23679,1
strong,23680,1
strong,23681,1
strong,23682,1
strong,23683,1
strong,23684,1
strong,23685,1
strong,23686,1
strong,23687,1
strong,23688,1
strong,23689,1
strong,23690,1
strong,23691,1
strong,23692,1
strong,23693,1
strong,23694,1
strong,23695,1
strong,23696,1
strong,23697,1
strong,23698,1
strong,23699,1
strong,23700,1
strong,23701,1
strong,23702,1
strong,23703,1
strong,23704,1
strong,23705,1
strong,23706,1
strong,23707,1
strong,23708,1
strong,23709,1
strong,23710,1
strong,23711,1
strong,23712,1
strong,23713,1
strong,23714,1
strong,23715,1
strong,23716,1
strong,23717,1
strong,23718,1
strong,23719,1
strong,23720,1
strong,23721,1
strong,23722,1
strong,23723,1
strong,23724,1
strong,23725,1
strong,23726,1
strong,23727,1
strong,23728,1
strong,23729,1
strong,23730,1
strong,23731,1
strong,23732,1
strong,23733,1
strong,23734,1
strong,23735,1
strong,23736,1
strong,23737,1
strong,23738,1
strong,23739,1
strong,23740,1
strong,23741,1
strong,23742,1
strong,23743,1
strong,23744,1
strong,23745,1
strong,23746,1
strong,23747,1
strong,23748,1
strong,23749,1
strong,23750,1
strong,23751,1
strong,23752,1
strong,23753,1
strong,23754,1
strong,23755,1
strong,23756,1
strong,23757,1
strong,23758,1
strong,23759,1
strong,23760,1
strong,23761,1
strong,23762,1
strong,23763,1
strong,23764,1
strong,23765,1
strong,23766,1
strong,23767,1
strong,23768,1
strong,23769,1
strong,23770,1
strong,23771,1
strong,23772,1
strong,23773,1
strong,23774,1
strong,23775,1
strong,23776,1
strong,23777,1
strong,23778,1
strong,23779,1
strong,23780,1
strong,23781,1
strong,23782,1
strong,23783,1
strong,23784,1
strong,23785,1
strong,23786,1
strong,23787,1
strong,23788,1
strong,23789,1
strong,23790,1
strong,23791,1
strong,23792,1
strong,23793,1
strong,23794,1
strong,23795,1
strong,23796,1
strong,23797,1
strong,23798,1
strong,23799,1
strong,23800,1
strong,23801,1
strong,23802,1
strong,23803,1
strong,23804,1
strong,23805,1
strong,23806,1
strong,23807,1
strong,23808,1
strong,23809,1
strong,23810,1
strong,23811,1
strong,23812,1
strong,23813,1
strong,23814,1
strong,23815,1
strong,23816,1
strong,23817,1
strong,23818,1
strong,23819,1
strong,23820,1
strong,23821,1
strong,23822,1
strong,23823,1
strong,23824,1
strong,23825,1
strong,23826,1
strong,23827,1
strong,23828,1
strong,23829,1
strong,23830,1
strong,23831,1
strong,23832,1
strong,23833,1
strong,23834,1
strong,23835,1
strong,23836,1
strong,23837,1
strong,23838,1
strong,23839,1
strong,23840,1
strong,23841,1
strong,23842,1
strong,23843,1
strong,23844,1
strong,23845,1
strong,23846,1
strong,23847,1
strong,23848,1
strong,23849,1
strong,23850,1
strong,23851,1
strong,23852,1
strong,23853,1
strong,23854,1
strong,23855,1
strong,23856,1
strong,23857,1
strong,23858,1
strong,23859,1
strong,23860,1
strong,23861,1
strong,23862,1
strong,23863,1
strong,23864,1
strong,23865,1
strong,23866,1
strong,23867,1
strong,23868,1
strong,23869,1
strong,23870,1
strong,23871,1
strong,23872,1
strong,23873,1
strong,23874,1
strong,23875,1
strong,23876,1
strong,23877,1
strong,23878,1
strong,23879,1
strong,23880,1
strong,23881,1
strong,23882,1
strong,23883,1
strong,23884,1
strong,23885,1
strong,23886,1
strong,23887,1
strong,23888,1
strong,23889,1
strong,23890,1
strong,23891,1
strong,23892,1
strong,23893,1
strong,23894,1
strong,23895,1
strong,23896,1
strong,23897,1
strong,23898,1
strong,23899,1
strong,23900,1
strong,23901,1
strong,23902,1
strong,23903,1
strong,23904,1
strong,23905,1
strong,23906,1
strong,23907,1
strong,23908,1
strong,23909,1
strong,23910,1
strong,23911,1
strong,23912,1
strong,23913,1
strong,23914,1
strong,23915,1
strong,23916,1
strong,23917,1
strong,23918,1
strong,23919,1
strong,23920,1
strong,23921,1
strong,23922,1
strong,23923,1
strong,23924,1
strong,23925,1
strong,23926,1
strong,23927,1
strong,23928,1
strong,23929,1
strong,23930,1
strong,23931,1
strong,23932,1
strong,23933,1
strong,23934,1
strong,23935,1
strong,23936,1
strong,23937,1
strong,23938,1
strong,23939,1
strong,23940,1
strong,23941,1
strong,23942,1
strong,23943,1
strong,23944,1
strong,23945,1
strong,23946,1
strong,23947,1
strong,23948,1
strong,23949,1
strong,23950,1
strong,23951,1
strong,23952,1
strong,23953,1
strong,23954,1
strong,23955,1
strong,23956,1
strong,23957,1
strong,23958,1
strong,23959,1
strong,23960,1
strong,23961,1
strong,23962,1
strong,23963,1
strong,23964,1
strong,23965,1
strong,23966,1
strong,23967,1
strong,23968,1
strong,23969,1
strong,23970,1
strong,23971,1
strong,23972,1
strong,23973,1
strong,23974,1
strong,23975,1
strong,23976,1
strong,23977,1
strong,23978,1
strong,23979,1
strong,23980,1
strong,23981,1
strong,23982,1
strong,23983,1
strong,23984,1
strong,23985,1
strong,23986,1
strong,23987,1
strong,23988,1
strong,23989,1
strong,23990,1
strong,23991,1
strong,23992,1
strong,23993,1
strong,23994,1
strong,23995,1
strong,23996,1
strong,23997,1
strong,23998,1
strong,23999,1
strong,24000,1
strong,24001,1
strong,24002,1
strong,24003,1
strong,24004,1
strong,24005,1
strong,24006,1
strong,24007,1
strong,24008,1
strong,24009,1
strong,24010,1
strong,24011,1
strong,24012,1
strong,24013,1
strong,24014,1
strong,24015,1
strong,24016,1
strong,24017,1
strong,24018,1
strong,24019,1
strong,24020,1
strong,24021,1
strong,24022,1
strong,24023,1
strong,24024,1
strong,24025,1
strong,24026,1
strong,24027,1
strong,24028,1
strong,24029,1
strong,24030,1
strong,24031,1
strong,24032,1
strong,24033,1
strong,24034,1
strong,24035,1
strong,24036,1
strong,24037,1
strong,24038,1
strong,24039,1
strong,24040,1
strong,24041,1
strong,24042,1
strong,24043,1
strong,24044,1
strong,24045,1
strong,24046,1
strong,24047,1
strong,24048,1
strong,24049,1
strong,24050,1
strong,24051,1
strong,24052,1
strong,24053,1
strong,24054,1
strong,24055,1
strong,24056,1
strong,24057,1
strong,24058,1
strong,24059,1
strong,24060,1
strong,24061,1
strong,24062,1
strong,24063,1
strong,24064,1
strong,24065,1
strong,24066,1
strong,24067,1
strong,24068,1
strong,24069,1
strong,24070,1
strong,24071,1
strong,24072,1
strong,24073,1
strong,24074,1
strong,24075,1
strong,24076,1
strong,24077,1
strong,24078,1
strong,24079,1
strong,24080,1
strong,24081,1
strong,24082,1
strong,24083,1
strong,24084,1
strong,24085,1
strong,24086,1
strong,24087,1
strong,24088,1
strong,24089,1
strong,24090,1
strong,24091,1
strong,24092,1
strong,24093,1
strong,24094,1
strong,24095,1
strong,24096,1
strong,24097,1
strong,24098,1
strong,24099,1
strong,24100,1
strong,24101,1
strong,24102,1
strong,24103,1
strong,24104,1
strong,24105,1
strong,24106,1
strong,24107,1
strong,24108,1
strong,24109,1
strong,24110,1
strong,24111,1
strong,24112,1
strong,24113,1
strong,24114,1
strong,24115,1
strong,24116,1
strong,24117,1
strong,24118,1
strong,24119,1
strong,24120,1
strong,24121,1
strong,24122,1
strong,24123,1
strong,24124,1
strong,24125,1
strong,24126,1
strong,24127,1
strong,24128,1
strong,24129,1
strong,24130,1
strong,24131,1
strong,24132,1
strong,24133,1
strong,24134,1
strong,24135,1
strong,24136,1
strong,24137,1
strong,24138,1
strong,24139,1
strong,24140,1
strong,24141,1
strong,24142,1
strong,24143,1
strong,24144,1
strong,24145,1
strong,24146,1
strong,24147,1
strong,24148,1
strong,24149,1
strong,24150,1
strong,24151,1
strong,24152,1
strong,24153,1
strong,24154,1
strong,24155,1
strong,24156,1
strong,24157,1
strong,24158,1
strong,24159,1
strong,24160,1
strong,24161,1
strong,24162,1
strong,24163,1
strong,24164,1
strong,24165,1
strong,24166,1
strong,24167,1
strong,24168,1
strong,24169,1
strong,24170,1
strong,24171,1
strong,24172,1
strong,24173,1
strong,24174,1
strong,24175,1
strong,24176,1
strong,24177,1
strong,24178,1
strong,24179,1
strong,24180,1
strong,24181,1
strong,24182,1
strong,24183,1
strong,24184,1
strong,24185,1
strong,24186,1
strong,24187,1
strong,24188,1
strong,24189,1
strong,24190,1
strong,24191,1
strong,24192,1
strong,24193,1
strong,24194,1
strong,24195,1
strong,24196,1
strong,24197,1
strong,24198,1
strong,24199,1
strong,24200,1
strong,24201,1
strong,24202,1
strong,24203,1
strong,24204,1
strong,24205,1
strong,24206,1
strong,24207,1
strong,24208,1
strong,24209,1
strong,24210,1
strong,24211,1
strong,24212,1
strong,24213,1
strong,24214,1
strong,24215,1
strong,24216,1
strong,24217,1
strong,24218,1
strong,24219,1
strong,24220,1
strong,24221,1
strong,24222,1
strong,24223,1
strong,24224,1
strong,24225,1
strong,24226,1
strong,24227,1
strong,24228,1
strong,24229,1
strong,24230,1
strong,24231,1
strong,24232,1
strong,24233,1
strong,24234,1
strong,24235,1
strong,24236,1
strong,24237,1
strong,24238,1
strong,24239,1
strong,24240,1
strong,24241,1
strong,24242,1
strong,24243,1
strong,24244,1
strong,24245,1
strong,24246,1
strong,24247,1
strong,24248,1
strong,24249,1
strong,24250,1
strong,24251,1
strong,24252,1
strong,24253,1
strong,24254,1
strong,24255,1
strong,24256,1
strong,24257,1
strong,24258,1
strong,24259,1
strong,24260,1
strong,24261,1
strong,24262,1
strong,24263,1
strong,24264,1
strong,24265,1
strong,24266,1
strong,24267,1
strong,24268,1
strong,24269,1
strong,24270,1
strong,24271,1
strong,24272,1
strong,24273,1
strong,24274,1
strong,24275,1
strong,24276,1
strong,24277,1
strong,24278,1
strong,24279,1
strong,24280,1
strong,24281,1
strong,24282,1
strong,24283,1
strong,24284,1
strong,24285,1
strong,24286,1
strong,24287,1
strong,24288,1
strong,24289,1
strong,24290,1
strong,24291,1
strong,24292,1
strong,24293,1
strong,24294,1
strong,24295,1
strong,24296,1
strong,24297,1
strong,24298,1
strong,24299,1
strong,24300,1
strong,24301,1
strong,24302,1
strong,24303,1
strong,24304,1
strong,24305,1
strong,24306,1
strong,24307,1
strong,24308,1
strong,24309,1
strong,24310,1
strong,24311,1
strong,24312,1
strong,24313,1
strong,24314,1
strong,24315,1
strong,24316,1
strong,24317,1
strong,24318,1
strong,24319,1
strong,24320,1
strong,24321,1
strong,24322,1
strong,24323,1
strong,24324,1
strong,24325,1
strong,24326,1
strong,24327,1
strong,24328,1
strong,24329,1
strong,24330,1
strong,24331,1
strong,24332,1
strong,24333,1
strong,24334,1
strong,24335,1
strong,24336,1
strong,24337,1
strong,24338,1
strong,24339,1
strong,24340,1
strong,24341,1
strong,24342,1
strong,24343,1
strong,24344,1
strong,24345,1
strong,24346,1
strong,24347,1
strong,24348,1
strong,24349,1
strong,24350,1
strong,24351,1
strong,24352,1
strong,24353,1
strong,24354,1
strong,24355,1
strong,24356,1
strong,24357,1
strong,24358,1
strong,24359,1
strong,24360,1
strong,24361,1
strong,24362,1
strong,24363,1
strong,24364,1
strong,24365,1
strong,24366,1
strong,24367,1
strong,24368,1
strong,24369,1
strong,24370,1
strong,24371,1
strong,24372,1
strong,24373,1
strong,24374,1
strong,24375,1
strong,24376,1
strong,24377,1
strong,24378,1
strong,24379,1
strong,24380,1
strong,24381,1
strong,24382,1
strong,24383,1
strong,24384,1
strong,24385,1
strong,24386,1
strong,24387,1
strong,24388,1
strong,24389,1
strong,24390,1
strong,24391,1
strong,24392,1
strong,24393,1
strong,24394,1
strong,24395,1
strong,24396,1
strong,24397,1
strong,24398,1
strong,24399,1
strong,24400,1
strong,24401,1
strong,24402,1
strong,24403,1
strong,24404,1
strong,24405,1
strong,24406,1
strong,24407,1
strong,24408,1
strong,24409,1
strong,24410,1
strong,24411,1
strong,24412,1
strong,24413,1
strong,24414,1
strong,24415,1
strong,24416,1
strong,24417,1
strong,24418,1
strong,24419,1
strong,24420,1
strong,24421,1
strong,24422,1
strong,24423,1
strong,24424,1
strong,24425,1
strong,24426,1
strong,24427,1
strong,24428,1
strong,24429,1
strong,24430,1
strong,24431,1
strong,24432,1
strong,24433,1
strong,24434,1
strong,24435,1
strong,24436,1
strong,24437,1
strong,24438,1
strong,24439,1
strong,24440,1
strong,24441,1
strong,24442,1
strong,24443,1
strong,24444,1
strong,24445,1
strong,24446,1
strong,24447,1
strong,24448,1
strong,24449,1
strong,24450,1
strong,24451,1
strong,24452,1
strong,24453,1
strong,24454,1
strong,24455,1
strong,24456,1
strong,24457,1
strong,24458,1
strong,24459,1
strong,24460,1
strong,24461,1
strong,24462,1
strong,24463,1
strong,24464,1
strong,24465,1
strong,24466,1
strong,24467,1
strong,24468,1
strong,24469,1
strong,24470,1
strong,24471,1
strong,24472,1
strong,24473,1
strong,24474,1
strong,24475,1
strong,24476,1
strong,24477,1
strong,24478,1
strong,24479,1
strong,24480,1
strong,24481,1
strong,24482,1
strong,24483,1
strong,24484,1
strong,24485,1
strong,24486,1
strong,24487,1
strong,24488,1
strong,24489,1
strong,24490,1
strong,24491,1
strong,24492,1
strong,24493,1
strong,24494,1
strong,24495,1
strong,24496,1
strong,24497,1
strong,24498,1
strong,24499,1
strong,24500,1
strong,24501,1
strong,24502,1
strong,24503,1
strong,24504,1
strong,24505,1
strong,24506,1
strong,24507,1
strong,24508,1
strong,24509,1
strong,24510,1
strong,24511,1
strong,24512,1
strong,24513,1
strong,24514,1
strong,24515,1
strong,24516,1
strong,24517,1
strong,24518,1
strong,24519,1
strong,24520,1
strong,24521,1
strong,24522,1
strong,24523,1
strong,24524,1
strong,24525,1
strong,24526,1
strong,24527,1
strong,24528,1
strong,24529,1
strong,24530,1
strong,24531,1
strong,24532,1
strong,24533,1
strong,24534,1
strong,24535,1
strong,24536,1
strong,24537,1
strong,24538,1
strong,24539,1
strong,24540,1
strong,24541,1
strong,24542,1
strong,24543,1
strong,24544,1
strong,24545,1
strong,24546,1
strong,24547,1
strong,24548,1
strong,24549,1
strong,24550,1
strong,24551,1
strong,24552,1
strong,24553,1
strong,24554,1
strong,24555,1
strong,24556,1
strong,24557,1
strong,24558,1
strong,24559,1
strong,24560,1
strong,24561,1
strong,24562,1
strong,24563,1
strong,24564,1
strong,24565,1
strong,24566,1
strong,24567,1
strong,24568,1
strong,24569,1
strong,24570,1
strong,24571,1
strong,24572,1
strong,24573,1
strong,24574,1
strong,24575,1
strong,24576,1
strong,24577,1
strong,24578,1
strong,24579,1
strong,24580,1
strong,24581,1
strong,24582,1
strong,24583,1
strong,24584,1
strong,24585,1
strong,24586,1
strong,24587,1
strong,24588,1
strong,24589,1
strong,24590,1
strong,24591,1
strong,24592,1
strong,24593,1
strong,24594,1
strong,24595,1
strong,24596,1
strong,24597,1
strong,24598,1
strong,24599,1
strong,24600,1
strong,24601,1
strong,24602,1
strong,24603,1
strong,24604,1
strong,24605,1
strong,24606,1
strong,24607,1
strong,24608,1
strong,24609,1
strong,24610,1
strong,24611,1
strong,24612,1
strong,24613,1
strong,24614,1
strong,24615,1
strong,24616,1
strong,24617,1
strong,24618,1
strong,24619,1
strong,24620,1
strong,24621,1
strong,24622,1
strong,24623,1
strong,24624,1
strong,24625,1
strong,24626,1
strong,24627,1
strong,24628,1
strong,24629,1
strong,24630,1
strong,24631,1
strong,24632,1
strong,24633,1
strong,24634,1
strong,24635,1
strong,24636,1
strong,24637,1
strong,24638,1
strong,24639,1
strong,24640,1
strong,24641,1
strong,24642,1
strong,24643,1
strong,24644,1
strong,24645,1
strong,24646,1
strong,24647,1
strong,24648,1
strong,24649,1
strong,24650,1
strong,24651,1
strong,24652,1
strong,24653,1
strong,24654,1
strong,24655,1
strong,24656,1
strong,24657,1
strong,24658,1
strong,24659,1
strong,24660,1
strong,24661,1
strong,24662,1
strong,24663,1
strong,24664,1
strong,24665,1
strong,24666,1
strong,24667,1
strong,24668,1
strong,24669,1
strong,24670,1
strong,24671,1
strong,24672,1
strong,24673,1
strong,24674,1
strong,24675,1
strong,24676,1
strong,24677,1
strong,24678,1
strong,24679,1
strong,24680,1
strong,24681,1
strong,24682,1
strong,24683,1
strong,24684,1
strong,24685,1
strong,24686,1
strong,24687,1
strong,24688,1
strong,24689,1
strong,24690,1
strong,24691,1
strong,24692,1
strong,24693,1
strong,24694,1
strong,24695,1
strong,24696,1
strong,24697,1
strong,24698,1
strong,24699,1
strong,24700,1
strong,24701,1
strong,24702,1
strong,24703,1
strong,24704,1
strong,24705,1
strong,24706,1
strong,24707,1
strong,24708,1
strong,24709,1
strong,24710,1
strong,24711,1
strong,24712,1
strong,24713,1
strong,24714,1
strong,24715,1
strong,24716,1
strong,24717,1
strong,24718,1
strong,24719,1
strong,24720,1
strong,24721,1
strong,24722,1
strong,24723,1
strong,24724,1
strong,24725,1
strong,24726,1
strong,24727,1
strong,24728,1
strong,24729,1
strong,24730,1
strong,24731,1
strong,24732,1
strong,24733,1
strong,24734,1
strong,24735,1
strong,24736,1
strong,24737,1
strong,24738,1
strong,24739,1
strong,24740,1
strong,24741,1
strong,24742,1
strong,24743,1
strong,24744,1
strong,24745,1
strong,24746,1
strong,24747,1
strong,24748,1
strong,24749,1
strong,24750,1
strong,24751,1
strong,24752,1
strong,24753,1
strong,24754,1
strong,24755,1
strong,24756,1
strong,24757,1
strong,24758,1
strong,24759,1
strong,24760,1
strong,24761,1
strong,24762,1
strong,24763,1
strong,24764,1
strong,24765,1
strong,24766,1
strong,24767,1
strong,24768,1
strong,24769,1
strong,24770,1
strong,24771,1
strong,24772,1
strong,24773,1
strong,24774,1
strong,24775,1
strong,24776,1
strong,24777,1
strong,24778,1
strong,24779,1
strong,24780,1
strong,24781,1
strong,24782,1
strong,24783,1
strong,24784,1
strong,24785,1
strong,24786,1
strong,24787,1
strong,24788,1
strong,24789,1
strong,24790,1
strong,24791,1
strong,24792,1
strong,24793,1
strong,24794,1
strong,24795,1
strong,24796,1
strong,24797,1
strong,24798,1
strong,24799,1
strong,24800,1
strong,24801,1
strong,24802,1
strong,24803,1
strong,24804,1
strong,24805,1
strong,24806,1
strong,24807,1
strong,24808,1
strong,24809,1
strong,24810,1
strong,24811,1
strong,24812,1
strong,24813,1
strong,24814,1
strong,24815,1
strong,24816,1
strong,24817,1
strong,24818,1
strong,24819,1
strong,24820,1
strong,24821,1
strong,24822,1
strong,24823,1
strong,24824,1
strong,24825,1
strong,24826,1
strong,24827,1
strong,24828,1
strong,24829,1
strong,24830,1
strong,24831,1
strong,24832,1
strong,24833,1
strong,24834,1
strong,24835,1
strong,24836,1
strong,24837,1
strong,24838,1
strong,24839,1
strong,24840,1
strong,24841,1
strong,24842,1
strong,24843,1
strong,24844,1
strong,24845,1
strong,24846,1
strong,24847,1
strong,24848,1
strong,24849,1
strong,24850,1
strong,24851,1
strong,24852,1
strong,24853,1
strong,24854,1
strong,24855,1
strong,24856,1
strong,24857,1
strong,24858,1
strong,24859,1
strong,24860,1
strong,24861,1
strong,24862,1
strong,24863,1
strong,24864,1
strong,24865,1
strong,24866,1
strong,24867,1
strong,24868,1
strong,24869,1
strong,24870,1
strong,24871,1
strong,24872,1
strong,24873,1
strong,24874,1
strong,24875,1
strong,24876,1
strong,24877,1
strong,24878,1
strong,24879,1
strong,24880,1
strong,24881,1
strong,24882,1
strong,24883,1
strong,24884,1
strong,24885,1
strong,24886,1
strong,24887,1
strong,24888,1
strong,24889,1
strong,24890,1
strong,24891,1
strong,24892,1
strong,24893,1
strong,24894,1
strong,24895,1
strong,24896,1
strong,24897,1
strong,24898,1
strong,24899,1
strong,24900,1
strong,24901,1
strong,24902,1
strong,24903,1
strong,24904,1
strong,24905,1
strong,24906,1
strong,24907,1
strong,24908,1
strong,24909,1
strong,24910,1
strong,24911,1
strong,24912,1
strong,24913,1
strong,24914,1
strong,24915,1
strong,24916,1
strong,24917,1
strong,24918,1
strong,24919,1
strong,24920,1
strong,24921,1
strong,24922,1
strong,24923,1
strong,24924,1
strong,24925,1
strong,24926,1
strong,24927,1
strong,24928,1
strong,24929,1
strong,24930,1
strong,24931,1
strong,24932,1
strong,24933,1
strong,24934,1
strong,24935,1
strong,24936,1
strong,24937,1
strong,24938,1
strong,24939,1
strong,24940,1
strong,24941,1
strong,24942,1
strong,24943,1
strong,24944,1
strong,24945,1
strong,24946,1
strong,24947,1
strong,24948,1
strong,24949,1
strong,24950,1
strong,24951,1
strong,24952,1
strong,24953,1
strong,24954,1
strong,24955,1
strong,24956,1
strong,24957,1
strong,24958,1
strong,24959,1
strong,24960,1
strong,24961,1
strong,24962,1
strong,24963,1
strong,24964,1
strong,24965,1
strong,24966,1
strong,24967,1
strong,24968,1
strong,24969,1
strong,24970,1
strong,24971,1
strong,24972,1
strong,24973,1
strong,24974,1
strong,24975,1
strong,24976,1
strong,24977,1
strong,24978,1
strong,24979,1
strong,24980,1
strong,24981,1
strong,24982,1
strong,24983,1
strong,24984,1
strong,24985,1
strong,24986,1
strong,24987,1
strong,24988,1
strong,24989,1
strong,24990,1
strong,24991,1
strong,24992,1
strong,24993,1
strong,24994,1
strong,24995,1
strong,24996,1
strong,24997,1
strong,24998,1
strong,24999,1
strong,25000,1
strong,25001,1
strong,25002,1
strong,25003,1
strong,25004,1
strong,25005,1
strong,25006,1
strong,25007,1
strong,25008,1
strong,25009,1
strong,25010,1
strong,25011,1
strong,25012,1
strong,25013,1
strong,25014,1
strong,25015,1
strong,25016,1
strong,25017,1
strong,25018,1
strong,25019,1
strong,25020,1
strong,25021,1
strong,25022,1
strong,25023,1
strong,25024,1
strong,25025,1
strong,25026,1
strong,25027,1
strong,25028,1
strong,25029,1
strong,25030,1
strong,25031,1
strong,25032,1
strong,25033,1
strong,25034,1
strong,25035,1
strong,25036,1
strong,25037,1
strong,25038,1
strong,25039,1
strong,25040,1
strong,25041,1
strong,25042,1
strong,25043,1
strong,25044,1
strong,25045,1
strong,25046,1
strong,25047,1
strong,25048,1
strong,25049,1
strong,25050,1
strong,25051,1
strong,25052,1
strong,25053,1
strong,25054,1
strong,25055,1
strong,25056,1
strong,25057,1
strong,25058,1
strong,25059,1
strong,25060,1
strong,25061,1
strong,25062,1
strong,25063,1
strong,25064,1
strong,25065,1
strong,25066,1
strong,25067,1
strong,25068,1
strong,25069,1
strong,25070,1
strong,25071,1
strong,25072,1
strong,25073,1
strong,25074,1
strong,25075,1
strong,25076,1
strong,25077,1
strong,25078,1
strong,25079,1
strong,25080,1
strong,25081,1
strong,25082,1
strong,25083,1
strong,25084,1
strong,25085,1
strong,25086,1
strong,25087,1
strong,25088,1
strong,25089,1
strong,25090,1
strong,25091,1
strong,25092,1
strong,25093,1
strong,25094,1
strong,25095,1
strong,25096,1
strong,25097,1
strong,25098,1
strong,25099,1
strong,25100,1
strong,25101,1
strong,25102,1
strong,25103,1
strong,25104,1
strong,25105,1
strong,25106,1
strong,25107,1
strong,25108,1
strong,25109,1
strong,25110,1
strong,25111,1
strong,25112,1
strong,25113,1
strong,25114,1
strong,25115,1
strong,25116,1
strong,25117,1
strong,25118,1
strong,25119,1
strong,25120,1
strong,25121,1
strong,25122,1
strong,25123,1
strong,25124,1
strong,25125,1
strong,25126,1
strong,25127,1
strong,25128,1
strong,25129,1
strong,25130,1
strong,25131,1
strong,25132,1
strong,25133,1
strong,25134,1
strong,25135,1
strong,25136,1
strong,25137,1
strong,25138,1
strong,25139,1
strong,25140,1
strong,25141,1
strong,25142,1
strong,25143,1
strong,25144,1
strong,25145,1
strong,25146,1
strong,25147,1
strong,25148,1
strong,25149,1
strong,25150,1
strong,25151,1
strong,25152,1
strong,25153,1
strong,25154,1
strong,25155,1
strong,25156,1
strong,25157,1
strong,25158,1
strong,25159,1
strong,25160,1
strong,25161,1
strong,25162,1
strong,25163,1
strong,25164,1
strong,25165,1
strong,25166,1
strong,25167,1
strong,25168,1
strong,25169,1
strong,25170,1
strong,25171,1
strong,25172,1
strong,25173,1
strong,25174,1
strong,25175,1
strong,25176,1
strong,25177,1
strong,25178,1
strong,25179,1
strong,25180,1
strong,25181,1
strong,25182,1
strong,25183,1
strong,25184,1
strong,25185,1
strong,25186,1
strong,25187,1
strong,25188,1
strong,25189,1
strong,25190,1
strong,25191,1
strong,25192,1
strong,25193,1
strong,25194,1
strong,25195,1
strong,25196,1
strong,25197,1
strong,25198,1
strong,25199,1
strong,25200,1
strong,25201,1
strong,25202,1
strong,25203,1
strong,25204,1
strong,25205,1
strong,25206,1
strong,25207,1
strong,25208,1
strong,25209,1
strong,25210,1
strong,25211,1
strong,25212,1
strong,25213,1
strong,25214,1
strong,25215,1
strong,25216,1
strong,25217,1
strong,25218,1
strong,25219,1
strong,25220,1
strong,25221,1
strong,25222,1
strong,25223,1
strong,25224,1
strong,25225,1
strong,25226,1
strong,25227,1
strong,25228,1
strong,25229,1
strong,25230,1
strong,25231,1
strong,25232,1
strong,25233,1
strong,25234,1
strong,25235,1
strong,25236,1
strong,25237,1
strong,25238,1
strong,25239,1
strong,25240,1
strong,25241,1
strong,25242,1
strong,25243,1
strong,25244,1
strong,25245,1
strong,25246,1
strong,25247,1
strong,25248,1
strong,25249,1
strong,25250,1
strong,25251,1
strong,25252,1
strong,25253,1
strong,25254,1
strong,25255,1
strong,25256,1
strong,25257,1
strong,25258,1
strong,25259,1
strong,25260,1
strong,25261,1
strong,25262,1
strong,25263,1
strong,25264,1
strong,25265,1
strong,25266,1
strong,25267,1
strong,25268,1
strong,25269,1
strong,25270,1
strong,25271,1
strong,25272,1
strong,25273,1
strong,25274,1
strong,25275,1
strong,25276,1
strong,25277,1
strong,25278,1
strong,25279,1
strong,25280,1
strong,25281,1
strong,25282,1
strong,25283,1
strong,25284,1
strong,25285,1
strong,25286,1
strong,25287,1
strong,25288,1
strong,25289,1
strong,25290,1
strong,25291,1
strong,25292,1
strong,25293,1
strong,25294,1
strong,25295,1
strong,25296,1
strong,25297,1
strong,25298,1
strong,25299,1
strong,25300,1
strong,25301,1
strong,25302,1
strong,25303,1
strong,25304,1
strong,25305,1
strong,25306,1
strong,25307,1
strong,25308,1
strong,25309,1
strong,25310,1
strong,25311,1
strong,25312,1
strong,25313,1
strong,25314,1
strong,25315,1
strong,25316,1
strong,25317,1
strong,25318,1
strong,25319,1
strong,25320,1
strong,25321,1
strong,25322,1
strong,25323,1
strong,25324,1
strong,25325,1
strong,25326,1
strong,25327,1
strong,25328,1
strong,25329,1
strong,25330,1
strong,25331,1
strong,25332,1
strong,25333,1
strong,25334,1
strong,25335,1
strong,25336,1
strong,25337,1
strong,25338,1
strong,25339,1
strong,25340,1
strong,25341,1
strong,25342,1
strong,25343,1
strong,25344,1
strong,25345,1
strong,25346,1
strong,25347,1
strong,25348,1
strong,25349,1
strong,25350,1
strong,25351,1
strong,25352,1
strong,25353,1
strong,25354,1
strong,25355,1
strong,25356,1
strong,25357,1
strong,25358,1
strong,25359,1
strong,25360,1
strong,25361,1
strong,25362,1
strong,25363,1
strong,25364,1
strong,25365,1
strong,25366,1
strong,25367,1
strong,25368,1
strong,25369,1
strong,25370,1
strong,25371,1
strong,25372,1
strong,25373,1
strong,25374,1
strong,25375,1
strong,25376,1
strong,25377,1
strong,25378,1
strong,25379,1
strong,25380,1
strong,25381,1
strong,25382,1
strong,25383,1
strong,25384,1
strong,25385,1
strong,25386,1
strong,25387,1
strong,25388,1
strong,25389,1
strong,25390,1
strong,25391,1
strong,25392,1
strong,25393,1
strong,25394,1
strong,25395,1
strong,25396,1
strong,25397,1
strong,25398,1
strong,25399,1
strong,25400,1
strong,25401,1
strong,25402,1
strong,25403,1
strong,25404,1
strong,25405,1
strong,25406,1
strong,25407,1
strong,25408,1
strong,25409,1
strong,25410,1
strong,25411,1
strong,25412,1
strong,25413,1
strong,25414,1
strong,25415,1
strong,25416,1
strong,25417,1
strong,25418,1
strong,25419,1
strong,25420,1
strong,25421,1
strong,25422,1
strong,25423,1
strong,25424,1
strong,25425,1
strong,25426,1
strong,25427,1
strong,25428,1
strong,25429,1
strong,25430,1
strong,25431,1
strong,25432,1
strong,25433,1
strong,25434,1
strong,25435,1
strong,25436,1
strong,25437,1
strong,25438,1
strong,25439,1
strong,25440,1
strong,25441,1
strong,25442,1
strong,25443,1
strong,25444,1
strong,25445,1
strong,25446,1
strong,25447,1
strong,25448,1
strong,25449,1
strong,25450,1
strong,25451,1
strong,25452,1
strong,25453,1
strong,25454,1
strong,25455,1
strong,25456,1
strong,25457,1
strong,25458,1
strong,25459,1
strong,25460,1
strong,25461,1
strong,25462,1
strong,25463,1
strong,25464,1
strong,25465,1
strong,25466,1
strong,25467,1
strong,25468,1
strong,25469,1
strong,25470,1
strong,25471,1
strong,25472,1
strong,25473,1
strong,25474,1
strong,25475,1
strong,25476,1
strong,25477,1
strong,25478,1
strong,25479,1
strong,25480,1
strong,25481,1
strong,25482,1
strong,25483,1
strong,25484,1
strong,25485,1
strong,25486,1
strong,25487,1
strong,25488,1
strong,25489,1
strong,25490,1
strong,25491,1
strong,25492,1
strong,25493,1
strong,25494,1
strong,25495,1
strong,25496,1
strong,25497,1
strong,25498,1
strong,25499,1
strong,25500,1
strong,25501,1
strong,25502,1
strong,25503,1
strong,25504,1
strong,25505,1
strong,25506,1
strong,25507,1
strong,25508,1
strong,25509,1
strong,25510,1
strong,25511,1
strong,25512,1
strong,25513,1
strong,25514,1
strong,25515,1
strong,25516,1
strong,25517,1
strong,25518,1
strong,25519,1
strong,25520,1
strong,25521,1
strong,25522,1
strong,25523,1
strong,25524,1
strong,25525,1
strong,25526,1
strong,25527,1
strong,25528,1
strong,25529,1
strong,25530,1
strong,25531,1
strong,25532,1
strong,25533,1
strong,25534,1
strong,25535,1
strong,25536,1
strong,25537,1
strong,25538,1
strong,25539,1
strong,25540,1
strong,25541,1
strong,25542,1
strong,25543,1
strong,25544,1
strong,25545,1
strong,25546,1
strong,25547,1
strong,25548,1
strong,25549,1
strong,25550,1
strong,25551,1
strong,25552,1
strong,25553,1
strong,25554,1
strong,25555,1
strong,25556,1
strong,25557,1
strong,25558,1
strong,25559,1
strong,25560,1
strong,25561,1
strong,25562,1
strong,25563,1
strong,25564,1
strong,25565,1
strong,25566,1
strong,25567,1
strong,25568,1
strong,25569,1
strong,25570,1
strong,25571,1
strong,25572,1
strong,25573,1
strong,25574,1
strong,25575,1
strong,25576,1
strong,25577,1
strong,25578,1
strong,25579,1
strong,25580,1
strong,25581,1
strong,25582,1
strong,25583,1
strong,25584,1
strong,25585,1
strong,25586,1
strong,25587,1
strong,25588,1
strong,25589,1
strong,25590,1
strong,25591,1
strong,25592,1
strong,25593,1
strong,25594,1
strong,25595,1
strong,25596,1
strong,25597,1
strong,25598,1
strong,25599,1
strong,25600,1
strong,25601,1
strong,25602,1
strong,25603,1
strong,25604,1
strong,25605,1
strong,25606,1
strong,25607,1
strong,25608,1
strong,25609,1
strong,25610,1
strong,25611,1
strong,25612,1
strong,25613,1
strong,25614,1
strong,25615,1
strong,25616,1
strong,25617,1
strong,25618,1
strong,25619,1
strong,25620,1
strong,25621,1
strong,25622,1
strong,25623,1
strong,25624,1
strong,25625,1
strong,25626,1
strong,25627,1
strong,25628,1
strong,25629,1
strong,25630,1
strong,25631,1
strong,25632,1
strong,25633,1
strong,25634,1
strong,25635,1
strong,25636,1
strong,25637,1
strong,25638,1
strong,25639,1
strong,25640,1
strong,25641,1
strong,25642,1
strong,25643,1
strong,25644,1
strong,25645,1
strong,25646,1
strong,25647,1
strong,25648,1
strong,25649,1
strong,25650,1
strong,25651,1
strong,25652,1
strong,25653,1
strong,25654,1
strong,25655,1
strong,25656,1
strong,25657,1
strong,25658,1
strong,25659,1
strong,25660,1
strong,25661,1
strong,25662,1
strong,25663,1
strong,25664,1
strong,25665,1
strong,25666,1
strong,25667,1
strong,25668,1
strong,25669,1
strong,25670,1
strong,25671,1
strong,25672,1
strong,25673,1
strong,25674,1
strong,25675,1
strong,25676,1
strong,25677,1
strong,25678,1
strong,25679,1
strong,25680,1
strong,25681,1
strong,25682,1
strong,25683,1
strong,25684,1
strong,25685,1
strong,25686,1
strong,25687,1
strong,25688,1
strong,25689,1
strong,25690,1
strong,25691,1
strong,25692,1
strong,25693,1
strong,25694,1
strong,25695,1
strong,25696,1
strong,25697,1
strong,25698,1
strong,25699,1
strong,25700,1
strong,25701,1
strong,25702,1
strong,25703,1
strong,25704,1
strong,25705,1
strong,25706,1
strong,25707,1
strong,25708,1
strong,25709,1
strong,25710,1
strong,25711,1
strong,25712,1
strong,25713,1
strong,25714,1
strong,25715,1
strong,25716,1
strong,25717,1
strong,25718,1
strong,25719,1
strong,25720,1
strong,25721,1
strong,25722,1
strong,25723,1
strong,25724,1
strong,25725,1
strong,25726,1
strong,25727,1
strong,25728,1
strong,25729,1
strong,25730,1
strong,25731,1
strong,25732,1
strong,25733,1
strong,25734,1
strong,25735,1
strong,25736,1
strong,25737,1
strong,25738,1
strong,25739,1
strong,25740,1
strong,25741,1
strong,25742,1
strong,25743,1
strong,25744,1
strong,25745,1
strong,25746,1
strong,25747,1
strong,25748,1
strong,25749,1
strong,25750,1
strong,25751,1
strong,25752,1
strong,25753,1
strong,25754,1
strong,25755,1
strong,25756,1
strong,25757,1
strong,25758,1
strong,25759,1
strong,25760,1
strong,25761,1
strong,25762,1
strong,25763,1
strong,25764,1
strong,25765,1
strong,25766,1
strong,25767,1
strong,25768,1
strong,25769,1
strong,25770,1
strong,25771,1
strong,25772,1
strong,25773,1
strong,25774,1
strong,25775,1
strong,25776,1
strong,25777,1
strong,25778,1
strong,25779,1
strong,25780,1
strong,25781,1
strong,25782,1
strong,25783,1
strong,25784,1
strong,25785,1
strong,25786,1
strong,25787,1
strong,25788,1
strong,25789,1
strong,25790,1
strong,25791,1
strong,25792,1
strong,25793,1
strong,25794,1
strong,25795,1
strong,25796,1
strong,25797,1
strong,25798,1
strong,25799,1
strong,25800,1
strong,25801,1
strong,25802,1
strong,25803,1
strong,25804,1
strong,25805,1
strong,25806,1
strong,25807,1
strong,25808,1
strong,25809,1
strong,25810,1
strong,25811,1
strong,25812,1
strong,25813,1
strong,25814,1
strong,25815,1
strong,25816,1
strong,25817,1
strong,25818,1
strong,25819,1
strong,25820,1
strong,25821,1
strong,25822,1
strong,25823,1
strong,25824,1
strong,25825,1
strong,25826,1
strong,25827,1
strong,25828,1
strong,25829,1
strong,25830,1
strong,25831,1
strong,25832,1
strong,25833,1
strong,25834,1
strong,25835,1
strong,25836,1
strong,25837,1
strong,25838,1
strong,25839,1
strong,25840,1
strong,25841,1
strong,25842,1
strong,25843,1
strong,25844,1
strong,25845,1
strong,25846,1
strong,25847,1
strong,25848,1
strong,25849,1
strong,25850,1
strong,25851,1
strong,25852,1
strong,25853,1
strong,25854,1
strong,25855,1
strong,25856,1
strong,25857,1
strong,25858,1
strong,25859,1
strong,25860,1
strong,25861,1
strong,25862,1
strong,25863,1
strong,25864,1
strong,25865,1
strong,25866,1
strong,25867,1
strong,25868,1
strong,25869,1
strong,25870,1
strong,25871,1
strong,25872,1
strong,25873,1
strong,25874,1
strong,25875,1
strong,25876,1
strong,25877,1
strong,25878,1
strong,25879,1
strong,25880,1
strong,25881,1
strong,25882,1
strong,25883,1
strong,25884,1
strong,25885,1
strong,25886,1
strong,25887,1
strong,25888,1
strong,25889,1
strong,25890,1
strong,25891,1
strong,25892,1
strong,25893,1
strong,25894,1
strong,25895,1
strong,25896,1
strong,25897,1
strong,25898,1
strong,25899,1
strong,25900,1
strong,25901,1
strong,25902,1
strong,25903,1
strong,25904,1
strong,25905,1
strong,25906,1
strong,25907,1
strong,25908,1
strong,25909,1
strong,25910,1
strong,25911,1
strong,25912,1
strong,25913,1
strong,25914,1
strong,25915,1
strong,25916,1
strong,25917,1
strong,25918,1
strong,25919,1
strong,25920,1
strong,25921,1
strong,25922,1
strong,25923,1
strong,25924,1
strong,25925,1
strong,25926,1
strong,25927,1
strong,25928,1
strong,25929,1
strong,25930,1
strong,25931,1
strong,25932,1
strong,25933,1
strong,25934,1
strong,25935,1
strong,25936,1
strong,25937,1
strong,25938,1
strong,25939,1
strong,25940,1
strong,25941,1
strong,25942,1
strong,25943,1
strong,25944,1
strong,25945,1
strong,25946,1
strong,25947,1
strong,25948,1
strong,25949,1
strong,25950,1
strong,25951,1
strong,25952,1
strong,25953,1
strong,25954,1
strong,25955,1
strong,25956,1
strong,25957,1
strong,25958,1
strong,25959,1
strong,25960,1
strong,25961,1
strong,25962,1
strong,25963,1
strong,25964,1
strong,25965,1
strong,25966,1
strong,25967,1
strong,25968,1
strong,25969,1
strong,25970,1
strong,25971,1
strong,25972,1
strong,25973,1
strong,25974,1
strong,25975,1
strong,25976,1
strong,25977,1
strong,25978,1
strong,25979,1
strong,25980,1
strong,25981,1
strong,25982,1
strong,25983,1
strong,25984,1
strong,25985,1
strong,25986,1
strong,25987,1
strong,25988,1
strong,25989,1
strong,25990,1
strong,25991,1
strong,25992,1
strong,25993,1
strong,25994,1
strong,25995,1
strong,25996,1
strong,25997,1
strong,25998,1
strong,25999,1
strong,26000,1
strong,26001,1
strong,26002,1
strong,26003,1
strong,26004,1
strong,26005,1
strong,26006,1
strong,26007,1
strong,26008,1
strong,26009,1
strong,26010,1
strong,26011,1
strong,26012,1
strong,26013,1
strong,26014,1
strong,26015,1
strong,26016,1
strong,26017,1
strong,26018,1
strong,26019,1
strong,26020,1
strong,26021,1
strong,26022,1
strong,26023,1
strong,26024,1
strong,26025,1
strong,26026,1
strong,26027,1
strong,26028,1
strong,26029,1
strong,26030,1
strong,26031,1
strong,26032,1
strong,26033,1
strong,26034,1
strong,26035,1
strong,26036,1
strong,26037,1
strong,26038,1
strong,26039,1
strong,26040,1
strong,26041,1
strong,26042,1
strong,26043,1
strong,26044,1
strong,26045,1
strong,26046,1
strong,26047,1
strong,26048,1
strong,26049,1
strong,26050,1
strong,26051,1
strong,26052,1
strong,26053,1
strong,26054,1
strong,26055,1
strong,26056,1
strong,26057,1
strong,26058,1
strong,26059,1
strong,26060,1
strong,26061,1
strong,26062,1
strong,26063,1
strong,26064,1
strong,26065,1
strong,26066,1
strong,26067,1
strong,26068,1
strong,26069,1
strong,26070,1
strong,26071,1
strong,26072,1
strong,26073,1
strong,26074,1
strong,26075,1
strong,26076,1
strong,26077,1
strong,26078,1
strong,26079,1
strong,26080,1
strong,26081,1
strong,26082,1
strong,26083,1
strong,26084,1
strong,26085,1
strong,26086,1
strong,26087,1
strong,26088,1
strong,26089,1
strong,26090,1
strong,26091,1
strong,26092,1
strong,26093,1
strong,26094,1
strong,26095,1
strong,26096,1
strong,26097,1
strong,26098,1
strong,26099,1
strong,26100,1
strong,26101,1
strong,26102,1
strong,26103,1
strong,26104,1
strong,26105,1
strong,26106,1
strong,26107,1
strong,26108,1
strong,26109,1
strong,26110,1
strong,26111,1
strong,26112,1
strong,26113,1
strong,26114,1
strong,26115,1
strong,26116,1
strong,26117,1
strong,26118,1
strong,26119,1
strong,26120,1
strong,26121,1
strong,26122,1
strong,26123,1
strong,26124,1
strong,26125,1
strong,26126,1
strong,26127,1
strong,26128,1
strong,26129,1
strong,26130,1
strong,26131,1
strong,26132,1
strong,26133,1
strong,26134,1
strong,26135,1
strong,26136,1
strong,26137,1
strong,26138,1
strong,26139,1
strong,26140,1
strong,26141,1
strong,26142,1
strong,26143,1
strong,26144,1
strong,26145,1
strong,26146,1
strong,26147,1
strong,26148,1
strong,26149,1
strong,26150,1
strong,26151,1
strong,26152,1
strong,26153,1
strong,26154,1
strong,26155,1
strong,26156,1
strong,26157,1
strong,26158,1
strong,26159,1
strong,26160,1
strong,26161,1
strong,26162,1
strong,26163,1
strong,26164,1
strong,26165,1
strong,26166,1
strong,26167,1
strong,26168,1
strong,26169,1
strong,26170,1
strong,26171,1
strong,26172,1
strong,26173,1
strong,26174,1
strong,26175,1
strong,26176,1
strong,26177,1
strong,26178,1
strong,26179,1
strong,26180,1
strong,26181,1
strong,26182,1
strong,26183,1
strong,26184,1
strong,26185,1
strong,26186,1
strong,26187,1
strong,26188,1
strong,26189,1
strong,26190,1
strong,26191,1
strong,26192,1
strong,26193,1
strong,26194,1
strong,26195,1
strong,26196,1
strong,26197,1
strong,26198,1
strong,26199,1
strong,26200,1
strong,26201,1
strong,26202,1
strong,26203,1
strong,26204,1
strong,26205,1
strong,26206,1
strong,26207,1
strong,26208,1
strong,26209,1
strong,26210,1
strong,26211,1
strong,26212,1
strong,26213,1
strong,26214,1
strong,26215,1
strong,26216,1
strong,26217,1
strong,26218,1
strong,26219,1
strong,26220,1
strong,26221,1
strong,26222,1
strong,26223,1
strong,26224,1
strong,26225,1
strong,26226,1
strong,26227,1
strong,26228,1
strong,26229,1
strong,26230,1
strong,26231,1
strong,26232,1
strong,26233,1
strong,26234,1
strong,26235,1
strong,26236,1
strong,26237,1
strong,26238,1
strong,26239,1
strong,26240,1
strong,26241,1
strong,26242,1
strong,26243,1
strong,26244,1
strong,26245,1
strong,26246,1
strong,26247,1
strong,26248,1
strong,26249,1
strong,26250,1
strong,26251,1
strong,26252,1
strong,26253,1
strong,26254,1
strong,26255,1
strong,26256,1
strong,26257,1
strong,26258,1
strong,26259,1
strong,26260,1
strong,26261,1
strong,26262,1
strong,26263,1
strong,26264,1
strong,26265,1
strong,26266,1
strong,26267,1
strong,26268,1
strong,26269,1
strong,26270,1
strong,26271,1
strong,26272,1
strong,26273,1
strong,26274,1
strong,26275,1
strong,26276,1
strong,26277,1
strong,26278,1
strong,26279,1
strong,26280,1
strong,26281,1
strong,26282,1
strong,26283,1
strong,26284,1
strong,26285,1
strong,26286,1
strong,26287,1
strong,26288,1
strong,26289,1
strong,26290,1
strong,26291,1
strong,26292,1
strong,26293,1
strong,26294,1
strong,26295,1
strong,26296,1
strong,26297,1
strong,26298,1
strong,26299,1
strong,26300,1
strong,26301,1
strong,26302,1
strong,26303,1
strong,26304,1
strong,26305,1
strong,26306,1
strong,26307,1
strong,26308,1
strong,26309,1
strong,26310,1
strong,26311,1
strong,26312,1
strong,26313,1
strong,26314,1
strong,26315,1
strong,26316,1
strong,26317,1
strong,26318,1
strong,26319,1
strong,26320,1
strong,26321,1
strong,26322,1
strong,26323,1
strong,26324,1
strong,26325,1
strong,26326,1
strong,26327,1
strong,26328,1
strong,26329,1
strong,26330,1
strong,26331,1
strong,26332,1
strong,26333,1
strong,26334,1
strong,26335,1
strong,26336,1
strong,26337,1
strong,26338,1
strong,26339,1
strong,26340,1
strong,26341,1
strong,26342,1
strong,26343,1
strong,26344,1
strong,26345,1
strong,26346,1
strong,26347,1
strong,26348,1
strong,26349,1
strong,26350,1
strong,26351,1
strong,26352,1
strong,26353,1
strong,26354,1
strong,26355,1
strong,26356,1
strong,26357,1
strong,26358,1
strong,26359,1
strong,26360,1
strong,26361,1
strong,26362,1
strong,26363,1
strong,26364,1
strong,26365,1
strong,26366,1
strong,26367,1
strong,26368,1
strong,26369,1
strong,26370,1
strong,26371,1
strong,26372,1
strong,26373,1
strong,26374,1
strong,26375,1
strong,26376,1
strong,26377,1
strong,26378,1
strong,26379,1
strong,26380,1
strong,26381,1
strong,26382,1
strong,26383,1
strong,26384,1
strong,26385,1
strong,26386,1
strong,26387,1
strong,26388,1
strong,26389,1
strong,26390,1
strong,26391,1
strong,26392,1
strong,26393,1
strong,26394,1
strong,26395,1
strong,26396,1
strong,26397,1
strong,26398,1
strong,26399,1
strong,26400,1
strong,26401,1
strong,26402,1
strong,26403,1
strong,26404,1
strong,26405,1
strong,26406,1
strong,26407,1
strong,26408,1
strong,26409,1
strong,26410,1
strong,26411,1
strong,26412,1
strong,26413,1
strong,26414,1
strong,26415,1
strong,26416,1
strong,26417,1
strong,26418,1
strong,26419,1
strong,26420,1
strong,26421,1
strong,26422,1
strong,26423,1
strong,26424,1
strong,26425,1
strong,26426,1
strong,26427,1
strong,26428,1
strong,26429,1
strong,26430,1
strong,26431,1
strong,26432,1
strong,26433,1
strong,26434,1
strong,26435,1
strong,26436,1
strong,26437,1
strong,26438,1
strong,26439,1
strong,26440,1
strong,26441,1
strong,26442,1
strong,26443,1
strong,26444,1
strong,26445,1
strong,26446,1
strong,26447,1
strong,26448,1
strong,26449,1
strong,26450,1
strong,26451,1
strong,26452,1
strong,26453,1
strong,26454,1
strong,26455,1
strong,26456,1
strong,26457,1
strong,26458,1
strong,26459,1
strong,26460,1
strong,26461,1
strong,26462,1
strong,26463,1
strong,26464,1
strong,26465,1
strong,26466,1
strong,26467,1
strong,26468,1
strong,26469,1
strong,26470,1
strong,26471,1
strong,26472,1
strong,26473,1
strong,26474,1
strong,26475,1
strong,26476,1
strong,26477,1
strong,26478,1
strong,26479,1
strong,26480,1
strong,26481,1
strong,26482,1
strong,26483,1
strong,26484,1
strong,26485,1
strong,26486,1
strong,26487,1
strong,26488,1
strong,26489,1
strong,26490,1
strong,26491,1
strong,26492,1
strong,26493,1
strong,26494,1
strong,26495,1
strong,26496,1
strong,26497,1
strong,26498,1
strong,26499,1
strong,26500,1
strong,26501,1
strong,26502,1
strong,26503,1
strong,26504,1
strong,26505,1
strong,26506,1
strong,26507,1
strong,26508,1
strong,26509,1
strong,26510,1
strong,26511,1
strong,26512,1
strong,26513,1
strong,26514,1
strong,26515,1
strong,26516,1
strong,26517,1
strong,26518,1
strong,26519,1
strong,26520,1
strong,26521,1
strong,26522,1
strong,26523,1
strong,26524,1
strong,26525,1
strong,26526,1
strong,26527,1
strong,26528,1
strong,26529,1
strong,26530,1
strong,26531,1
strong,26532,1
strong,26533,1
strong,26534,1
strong,26535,1
strong,26536,1
strong,26537,1
strong,26538,1
strong,26539,1
strong,26540,1
strong,26541,1
strong,26542,1
strong,26543,1
strong,26544,1
strong,26545,1
strong,26546,1
strong,26547,1
strong,26548,1
strong,26549,1
strong,26550,1
strong,26551,1
strong,26552,1
strong,26553,1
strong,26554,1
strong,26555,1
strong,26556,1
strong,26557,1
strong,26558,1
strong,26559,1
strong,26560,1
strong,26561,1
strong,26562,1
strong,26563,1
strong,26564,1
strong,26565,1
strong,26566,1
strong,26567,1
strong,26568,1
strong,26569,1
strong,26570,1
strong,26571,1
strong,26572,1
strong,26573,1
strong,26574,1
strong,26575,1
strong,26576,1
strong,26577,1
strong,26578,1
strong,26579,1
strong,26580,1
strong,26581,1
strong,26582,1
strong,26583,1
strong,26584,1
strong,26585,1
strong,26586,1
strong,26587,1
strong,26588,1
strong,26589,1
strong,26590,1
strong,26591,1
strong,26592,1
strong,26593,1
strong,26594,1
strong,26595,1
strong,26596,1
strong,26597,1
strong,26598,1
strong,26599,1
strong,26600,1
strong,26601,1
strong,26602,1
strong,26603,1
strong,26604,1
strong,26605,1
strong,26606,1
strong,26607,1
strong,26608,1
strong,26609,1
strong,26610,1
strong,26611,1
strong,26612,1
strong,26613,1
strong,26614,1
strong,26615,1
strong,26616,1
strong,26617,1
strong,26618,1
strong,26619,1
strong,26620,1
strong,26621,1
strong,26622,1
strong,26623,1
strong,26624,1
strong,26625,1
strong,26626,1
strong,26627,1
strong,26628,1
strong,26629,1
strong,26630,1
strong,26631,1
strong,26632,1
strong,26633,1
strong,26634,1
strong,26635,1
strong,26636,1
strong,26637,1
strong,26638,1
strong,26639,1
strong,26640,1
strong,26641,1
strong,26642,1
strong,26643,1
strong,26644,1
strong,26645,1
strong,26646,1
strong,26647,1
strong,26648,1
strong,26649,1
strong,26650,1
strong,26651,1
strong,26652,1
strong,26653,1
strong,26654,1
strong,26655,1
strong,26656,1
strong,26657,1
strong,26658,1
strong,26659,1
strong,26660,1
strong,26661,1
strong,26662,1
strong,26663,1
strong,26664,1
strong,26665,1
strong,26666,1
strong,26667,1
strong,26668,1
strong,26669,1
strong,26670,1
strong,26671,1
strong,26672,1
strong,26673,1
strong,26674,1
strong,26675,1
strong,26676,1
strong,26677,1
strong,26678,1
strong,26679,1
strong,26680,1
strong,26681,1
strong,26682,1
strong,26683,1
strong,26684,1
strong,26685,1
strong,26686,1
strong,26687,1
strong,26688,1
strong,26689,1
strong,26690,1
strong,26691,1
strong,26692,1
strong,26693,1
strong,26694,1
strong,26695,1
strong,26696,1
strong,26697,1
strong,26698,1
strong,26699,1
strong,26700,1
strong,26701,1
strong,26702,1
strong,26703,1
strong,26704,1
strong,26705,1
strong,26706,1
strong,26707,1
strong,26708,1
strong,26709,1
strong,26710,1
strong,26711,1
strong,26712,1
strong,26713,1
strong,26714,1
strong,26715,1
strong,26716,1
strong,26717,1
strong,26718,1
strong,26719,1
strong,26720,1
strong,26721,1
strong,26722,1
strong,26723,1
strong,26724,1
strong,26725,1
strong,26726,1
strong,26727,1
strong,26728,1
strong,26729,1
strong,26730,1
strong,26731,1
strong,26732,1
strong,26733,1
strong,26734,1
strong,26735,1
strong,26736,1
strong,26737,1
strong,26738,1
strong,26739,1
strong,26740,1
strong,26741,1
strong,26742,1
strong,26743,1
strong,26744,1
strong,26745,1
strong,26746,1
strong,26747,1
strong,26748,1
strong,26749,1
strong,26750,1
strong,26751,1
strong,26752,1
strong,26753,1
strong,26754,1
strong,26755,1
strong,26756,1
strong,26757,1
strong,26758,1
strong,26759,1
strong,26760,1
strong,26761,1
strong,26762,1
strong,26763,1
strong,26764,1
strong,26765,1
strong,26766,1
strong,26767,1
strong,26768,1
strong,26769,1
strong,26770,1
strong,26771,1
strong,26772,1
strong,26773,1
strong,26774,1
strong,26775,1
strong,26776,1
strong,26777,1
strong,26778,1
strong,26779,1
strong,26780,1
strong,26781,1
strong,26782,1
strong,26783,1
strong,26784,1
strong,26785,1
strong,26786,1
strong,26787,1
strong,26788,1
strong,26789,1
strong,26790,1
strong,26791,1
strong,26792,1
strong,26793,1
strong,26794,1
strong,26795,1
strong,26796,1
strong,26797,1
strong,26798,1
strong,26799,1
strong,26800,1
strong,26801,1
strong,26802,1
strong,26803,1
strong,26804,1
strong,26805,1
strong,26806,1
strong,26807,1
strong,26808,1
strong,26809,1
strong,26810,1
strong,26811,1
strong,26812,1
strong,26813,1
strong,26814,1
strong,26815,1
strong,26816,1
strong,26817,1
strong,26818,1
strong,26819,1
strong,26820,1
strong,26821,1
strong,26822,1
strong,26823,1
strong,26824,1
strong,26825,1
strong,26826,1
strong,26827,1
strong,26828,1
strong,26829,1
strong,26830,1
strong,26831,1
strong,26832,1
strong,26833,1
strong,26834,1
strong,26835,1
strong,26836,1
strong,26837,1
strong,26838,1
strong,26839,1
strong,26840,1
strong,26841,1
strong,26842,1
strong,26843,1
strong,26844,1
strong,26845,1
strong,26846,1
strong,26847,1
strong,26848,1
strong,26849,1
strong,26850,1
strong,26851,1
strong,26852,1
strong,26853,1
strong,26854,1
strong,26855,1
strong,26856,1
strong,26857,1
strong,26858,1
strong,26859,1
strong,26860,1
strong,26861,1
strong,26862,1
strong,26863,1
strong,26864,1
strong,26865,1
strong,26866,1
strong,26867,1
strong,26868,1
strong,26869,1
strong,26870,1
strong,26871,1
strong,26872,1
strong,26873,1
strong,26874,1
strong,26875,1
strong,26876,1
strong,26877,1
strong,26878,1
strong,26879,1
strong,26880,1
strong,26881,1
strong,26882,1
strong,26883,1
strong,26884,1
strong,26885,1
strong,26886,1
strong,26887,1
strong,26888,1
strong,26889,1
strong,26890,1
strong,26891,1
strong,26892,1
strong,26893,1
strong,26894,1
strong,26895,1
strong,26896,1
strong,26897,1
strong,26898,1
strong,26899,1
strong,26900,1
strong,26901,1
strong,26902,1
strong,26903,1
strong,26904,1
strong,26905,1
strong,26906,1
strong,26907,1
strong,26908,1
strong,26909,1
strong,26910,1
strong,26911,1
strong,26912,1
strong,26913,1
strong,26914,1
strong,26915,1
strong,26916,1
strong,26917,1
strong,26918,1
strong,26919,1
strong,26920,1
strong,26921,1
strong,26922,1
strong,26923,1
strong,26924,1
strong,26925,1
strong,26926,1
strong,26927,1
strong,26928,1
strong,26929,1
strong,26930,1
strong,26931,1
strong,26932,1
strong,26933,1
strong,26934,1
strong,26935,1
strong,26936,1
strong,26937,1
strong,26938,1
strong,26939,1
strong,26940,1
strong,26941,1
strong,26942,1
strong,26943,1
strong,26944,1
strong,26945,1
strong,26946,1
strong,26947,1
strong,26948,1
strong,26949,1
strong,26950,1
strong,26951,1
strong,26952,1
strong,26953,1
strong,26954,1
strong,26955,1
strong,26956,1
strong,26957,1
strong,26958,1
strong,26959,1
strong,26960,1
strong,26961,1
strong,26962,1
strong,26963,1
strong,26964,1
strong,26965,1
strong,26966,1
strong,26967,1
strong,26968,1
strong,26969,1
strong,26970,1
strong,26971,1
strong,26972,1
strong,26973,1
strong,26974,1
strong,26975,1
strong,26976,1
strong,26977,1
strong,26978,1
strong,26979,1
strong,26980,1
strong,26981,1
strong,26982,1
strong,26983,1
strong,26984,1
strong,26985,1
strong,26986,1
strong,26987,1
strong,26988,1
strong,26989,1
strong,26990,1
strong,26991,1
strong,26992,1
strong,26993,1
strong,26994,1
strong,26995,1
strong,26996,1
strong,26997,1
strong,26998,1
strong,26999,1
strong,27000,1
strong,27001,1
strong,27002,1
strong,27003,1
strong,27004,1
strong,27005,1
strong,27006,1
strong,27007,1
strong,27008,1
strong,27009,1
strong,27010,1
strong,27011,1
strong,27012,1
strong,27013,1
strong,27014,1
strong,27015,1
strong,27016,1
strong,27017,1
strong,27018,1
strong,27019,1
strong,27020,1
strong,27021,1
strong,27022,1
strong,27023,1
strong,27024,1
strong,27025,1
strong,27026,1
strong,27027,1
strong,27028,1
strong,27029,1
strong,27030,1
strong,27031,1
strong,27032,1
strong,27033,1
strong,27034,1
strong,27035,1
strong,27036,1
strong,27037,1
strong,27038,1
strong,27039,1
strong,27040,1
strong,27041,1
strong,27042,1
strong,27043,1
strong,27044,1
strong,27045,1
strong,27046,1
strong,27047,1
strong,27048,1
strong,27049,1
strong,27050,1
strong,27051,1
strong,27052,1
strong,27053,1
strong,27054,1
strong,27055,1
strong,27056,1
strong,27057,1
strong,27058,1
strong,27059,1
strong,27060,1
strong,27061,1
strong,27062,1
strong,27063,1
strong,27064,1
strong,27065,1
strong,27066,1
strong,27067,1
strong,27068,1
strong,27069,1
strong,27070,1
strong,27071,1
strong,27072,1
strong,27073,1
strong,27074,1
strong,27075,1
strong,27076,1
strong,27077,1
strong,27078,1
strong,27079,1
strong,27080,1
strong,27081,1
strong,27082,1
strong,27083,1
strong,27084,1
strong,27085,1
strong,27086,1
strong,27087,1
strong,27088,1
strong,27089,1
strong,27090,1
strong,27091,1
strong,27092,1
strong,27093,1
strong,27094,1
strong,27095,1
strong,27096,1
strong,27097,1
strong,27098,1
strong,27099,1
strong,27100,1
strong,27101,1
strong,27102,1
strong,27103,1
strong,27104,1
strong,27105,1
strong,27106,1
strong,27107,1
strong,27108,1
strong,27109,1
strong,27110,1
strong,27111,1
strong,27112,1
strong,27113,1
strong,27114,1
strong,27115,1
strong,27116,1
strong,27117,1
strong,27118,1
strong,27119,1
strong,27120,1
strong,27121,1
strong,27122,1
strong,27123,1
strong,27124,1
strong,27125,1
strong,27126,1
strong,27127,1
strong,27128,1
strong,27129,1
strong,27130,1
strong,27131,1
strong,27132,1
strong,27133,1
strong,27134,1
strong,27135,1
strong,27136,1
strong,27137,1
strong,27138,1
strong,27139,1
strong,27140,1
strong,27141,1
strong,27142,1
strong,27143,1
strong,27144,1
strong,27145,1
strong,27146,1
strong,27147,1
strong,27148,1
strong,27149,1
strong,27150,1
strong,27151,1
strong,27152,1
strong,27153,1
strong,27154,1
strong,27155,1
strong,27156,1
strong,27157,1
strong,27158,1
strong,27159,1
strong,27160,1
strong,27161,1
strong,27162,1
strong,27163,1
strong,27164,1
strong,27165,1
strong,27166,1
strong,27167,1
strong,27168,1
strong,27169,1
strong,27170,1
strong,27171,1
strong,27172,1
strong,27173,1
strong,27174,1
strong,27175,1
strong,27176,1
strong,27177,1
strong,27178,1
strong,27179,1
strong,27180,1
strong,27181,1
strong,27182,1
strong,27183,1
strong,27184,1
strong,27185,1
strong,27186,1
strong,27187,1
strong,27188,1
strong,27189,1
strong,27190,1
strong,27191,1
strong,27192,1
strong,27193,1
strong,27194,1
strong,27195,1
strong,27196,1
strong,27197,1
strong,27198,1
strong,27199,1
strong,27200,1
strong,27201,1
strong,27202,1
strong,27203,1
strong,27204,1
strong,27205,1
strong,27206,1
strong,27207,1
strong,27208,1
strong,27209,1
strong,27210,1
strong,27211,1
strong,27212,1
strong,27213,1
strong,27214,1
strong,27215,1
strong,27216,1
strong,27217,1
strong,27218,1
strong,27219,1
strong,27220,1
strong,27221,1
strong,27222,1
strong,27223,1
strong,27224,1
strong,27225,1
strong,27226,1
strong,27227,1
strong,27228,1
strong,27229,1
strong,27230,1
strong,27231,1
strong,27232,1
strong,27233,1
strong,27234,1
strong,27235,1
strong,27236,1
strong,27237,1
strong,27238,1
strong,27239,1
strong,27240,1
strong,27241,1
strong,27242,1
strong,27243,1
strong,27244,1
strong,27245,1
strong,27246,1
strong,27247,1
strong,27248,1
strong,27249,1
strong,27250,1
strong,27251,1
strong,27252,1
strong,27253,1
strong,27254,1
strong,27255,1
strong,27256,1
strong,27257,1
strong,27258,1
strong,27259,1
strong,27260,1
strong,27261,1
strong,27262,1
strong,27263,1
strong,27264,1
strong,27265,1
strong,27266,1
strong,27267,1
strong,27268,1
strong,27269,1
strong,27270,1
strong,27271,1
strong,27272,1
strong,27273,1
strong,27274,1
strong,27275,1
strong,27276,1
strong,27277,1
strong,27278,1
strong,27279,1
strong,27280,1
strong,27281,1
strong,27282,1
strong,27283,1
strong,27284,1
strong,27285,1
strong,27286,1
strong,27287,1
strong,27288,1
strong,27289,1
strong,27290,1
strong,27291,1
strong,27292,1
strong,27293,1
strong,27294,1
strong,27295,1
strong,27296,1
strong,27297,1
strong,27298,1
strong,27299,1
strong,27300,1
strong,27301,1
strong,27302,1
strong,27303,1
strong,27304,1
strong,27305,1
strong,27306,1
strong,27307,1
strong,27308,1
strong,27309,1
strong,27310,1
strong,27311,1
strong,27312,1
strong,27313,1
strong,27314,1
strong,27315,1
strong,27316,1
strong,27317,1
strong,27318,1
strong,27319,1
strong,27320,1
strong,27321,1
strong,27322,1
strong,27323,1
strong,27324,1
strong,27325,1
strong,27326,1
strong,27327,1
strong,27328,1
strong,27329,1
strong,27330,1
strong,27331,1
strong,27332,1
strong,27333,1
strong,27334,1
strong,27335,1
strong,27336,1
strong,27337,1
strong,27338,1
strong,27339,1
strong,27340,1
strong,27341,1
strong,27342,1
strong,27343,1
strong,27344,1
strong,27345,1
strong,27346,1
strong,27347,1
strong,27348,1
strong,27349,1
strong,27350,1
strong,27351,1
strong,27352,1
strong,27353,1
strong,27354,1
strong,27355,1
strong,27356,1
strong,27357,1
strong,27358,1
strong,27359,1
strong,27360,1
strong,27361,1
strong,27362,1
strong,27363,1
strong,27364,1
strong,27365,1
strong,27366,1
strong,27367,1
strong,27368,1
strong,27369,1
strong,27370,1
strong,27371,1
strong,27372,1
strong,27373,1
strong,27374,1
strong,27375,1
strong,27376,1
strong,27377,1
strong,27378,1
strong,27379,1
strong,27380,1
strong,27381,1
strong,27382,1
strong,27383,1
strong,27384,1
strong,27385,1
strong,27386,1
strong,27387,1
strong,27388,1
strong,27389,1
strong,27390,1
strong,27391,1
strong,27392,1
strong,27393,1
strong,27394,1
strong,27395,1
strong,27396,1
strong,27397,1
strong,27398,1
strong,27399,1
strong,27400,1
strong,27401,1
strong,27402,1
strong,27403,1
strong,27404,1
strong,27405,1
strong,27406,1
strong,27407,1
strong,27408,1
strong,27409,1
strong,27410,1
strong,27411,1
strong,27412,1
strong,27413,1
strong,27414,1
strong,27415,1
strong,27416,1
strong,27417,1
strong,27418,1
strong,27419,1
strong,27420,1
strong,27421,1
strong,27422,1
strong,27423,1
strong,27424,1
strong,27425,1
strong,27426,1
strong,27427,1
strong,27428,1
strong,27429,1
strong,27430,1
strong,27431,1
strong,27432,1
strong,27433,1
strong,27434,1
strong,27435,1
strong,27436,1
strong,27437,1
strong,27438,1
strong,27439,1
strong,27440,1
strong,27441,1
strong,27442,1
strong,27443,1
strong,27444,1
strong,27445,1
strong,27446,1
strong,27447,1
strong,27448,1
strong,27449,1
strong,27450,1
strong,27451,1
strong,27452,1
strong,27453,1
strong,27454,1
strong,27455,1
strong,27456,1
strong,27457,1
strong,27458,1
strong,27459,1
strong,27460,1
strong,27461,1
strong,27462,1
strong,27463,1
strong,27464,1
strong,27465,1
strong,27466,1
strong,27467,1
strong,27468,1
strong,27469,1
strong,27470,1
strong,27471,1
strong,27472,1
strong,27473,1
strong,27474,1
strong,27475,1
strong,27476,1
strong,27477,1
strong,27478,1
strong,27479,1
strong,27480,1
strong,27481,1
strong,27482,1
strong,27483,1
strong,27484,1
strong,27485,1
strong,27486,1
strong,27487,1
strong,27488,1
strong,27489,1
strong,27490,1
strong,27491,1
strong,27492,1
strong,27493,1
strong,27494,1
strong,27495,1
strong,27496,1
strong,27497,1
strong,27498,1
strong,27499,1
strong,27500,1
strong,27501,1
strong,27502,1
strong,27503,1
strong,27504,1
strong,27505,1
strong,27506,1
strong,27507,1
strong,27508,1
strong,27509,1
strong,27510,1
strong,27511,1
strong,27512,1
strong,27513,1
strong,27514,1
strong,27515,1
strong,27516,1
strong,27517,1
strong,27518,1
strong,27519,1
strong,27520,1
strong,27521,1
strong,27522,1
strong,27523,1
strong,27524,1
strong,27525,1
strong,27526,1
strong,27527,1
strong,27528,1
strong,27529,1
strong,27530,1
strong,27531,1
strong,27532,1
strong,27533,1
strong,27534,1
strong,27535,1
strong,27536,1
strong,27537,1
strong,27538,1
strong,27539,1
strong,27540,1
strong,27541,1
strong,27542,1
strong,27543,1
strong,27544,1
strong,27545,1
strong,27546,1
strong,27547,1
strong,27548,1
strong,27549,1
strong,27550,1
strong,27551,1
strong,27552,1
strong,27553,1
strong,27554,1
strong,27555,1
strong,27556,1
strong,27557,1
strong,27558,1
strong,27559,1
strong,27560,1
strong,27561,1
strong,27562,1
strong,27563,1
strong,27564,1
strong,27565,1
strong,27566,1
strong,27567,1
strong,27568,1
strong,27569,1
strong,27570,1
strong,27571,1
strong,27572,1
strong,27573,1
strong,27574,1
strong,27575,1
strong,27576,1
strong,27577,1
strong,27578,1
strong,27579,1
strong,27580,1
strong,27581,1
strong,27582,1
strong,27583,1
strong,27584,1
strong,27585,1
strong,27586,1
strong,27587,1
strong,27588,1
strong,27589,1
strong,27590,1
strong,27591,1
strong,27592,1
strong,27593,1
strong,27594,1
strong,27595,1
strong,27596,1
strong,27597,1
strong,27598,1
strong,27599,1
strong,27600,1
strong,27601,1
strong,27602,1
strong,27603,1
strong,27604,1
strong,27605,1
strong,27606,1
strong,27607,1
strong,27608,1
strong,27609,1
strong,27610,1
strong,27611,1
strong,27612,1
strong,27613,1
strong,27614,1
strong,27615,1
strong,27616,1
strong,27617,1
strong,27618,1
strong,27619,1
strong,27620,1
strong,27621,1
strong,27622,1
strong,27623,1
strong,27624,1
strong,27625,1
strong,27626,1
strong,27627,1
strong,27628,1
strong,27629,1
strong,27630,1
strong,27631,1
strong,27632,1
strong,27633,1
strong,27634,1
strong,27635,1
strong,27636,1
strong,27637,1
strong,27638,1
strong,27639,1
strong,27640,1
strong,27641,1
strong,27642,1
strong,27643,1
strong,27644,1
strong,27645,1
strong,27646,1
strong,27647,1
strong,27648,1
strong,27649,1
strong,27650,1
strong,27651,1
strong,27652,1
strong,27653,1
strong,27654,1
strong,27655,1
strong,27656,1
strong,27657,1
strong,27658,1
strong,27659,1
strong,27660,1
strong,27661,1
strong,27662,1
strong,27663,1
strong,27664,1
strong,27665,1
strong,27666,1
strong,27667,1
strong,27668,1
strong,27669,1
strong,27670,1
strong,27671,1
strong,27672,1
strong,27673,1
strong,27674,1
strong,27675,1
strong,27676,1
strong,27677,1
strong,27678,1
strong,27679,1
strong,27680,1
strong,27681,1
strong,27682,1
strong,27683,1
strong,27684,1
strong,27685,1
strong,27686,1
strong,27687,1
strong,27688,1
strong,27689,1
strong,27690,1
strong,27691,1
strong,27692,1
strong,27693,1
strong,27694,1
strong,27695,1
strong,27696,1
strong,27697,1
strong,27698,1
strong,27699,1
strong,27700,1
strong,27701,1
strong,27702,1
strong,27703,1
strong,27704,1
strong,27705,1
strong,27706,1
strong,27707,1
strong,27708,1
strong,27709,1
strong,27710,1
strong,27711,1
strong,27712,1
strong,27713,1
strong,27714,1
strong,27715,1
strong,27716,1
strong,27717,1
strong,27718,1
strong,27719,1
strong,27720,1
strong,27721,1
strong,27722,1
strong,27723,1
strong,27724,1
strong,27725,1
strong,27726,1
strong,27727,1
strong,27728,1
strong,27729,1
strong,27730,1
strong,27731,1
strong,27732,1
strong,27733,1
strong,27734,1
strong,27735,1
strong,27736,1
strong,27737,1
strong,27738,1
strong,27739,1
strong,27740,1
strong,27741,1
strong,27742,1
strong,27743,1
strong,27744,1
strong,27745,1
strong,27746,1
strong,27747,1
strong,27748,1
strong,27749,1
strong,27750,1
strong,27751,1
strong,27752,1
strong,27753,1
strong,27754,1
strong,27755,1
strong,27756,1
strong,27757,1
strong,27758,1
strong,27759,1
strong,27760,1
strong,27761,1
strong,27762,1
strong,27763,1
strong,27764,1
strong,27765,1
strong,27766,1
strong,27767,1
strong,27768,1
strong,27769,1
strong,27770,1
strong,27771,1
strong,27772,1
strong,27773,1
strong,27774,1
strong,27775,1
strong,27776,1
strong,27777,1
strong,27778,1
strong,27779,1
strong,27780,1
strong,27781,1
strong,27782,1
strong,27783,1
strong,27784,1
strong,27785,1
strong,27786,1
strong,27787,1
strong,27788,1
strong,27789,1
strong,27790,1
strong,27791,1
strong,27792,1
strong,27793,1
strong,27794,1
strong,27795,1
strong,27796,1
strong,27797,1
strong,27798,1
strong,27799,1
strong,27800,1
strong,27801,1
strong,27802,1
strong,27803,1
strong,27804,1
strong,27805,1
strong,27806,1
strong,27807,1
strong,27808,1
strong,27809,1
strong,27810,1
strong,27811,1
strong,27812,1
strong,27813,1
strong,27814,1
strong,27815,1
strong,27816,1
strong,27817,1
strong,27818,1
strong,27819,1
strong,27820,1
strong,27821,1
strong,27822,1
strong,27823,1
strong,27824,1
strong,27825,1
strong,27826,1
strong,27827,1
strong,27828,1
strong,27829,1
strong,27830,1
strong,27831,1
strong,27832,1
strong,27833,1
strong,27834,1
strong,27835,1
strong,27836,1
strong,27837,1
strong,27838,1
strong,27839,1
strong,27840,1
strong,27841,1
strong,27842,1
strong,27843,1
strong,27844,1
strong,27845,1
strong,27846,1
strong,27847,1
strong,27848,1
strong,27849,1
strong,27850,1
strong,27851,1
strong,27852,1
strong,27853,1
strong,27854,1
strong,27855,1
strong,27856,1
strong,27857,1
strong,27858,1
strong,27859,1
strong,27860,1
strong,27861,1
strong,27862,1
strong,27863,1
strong,27864,1
strong,27865,1
strong,27866,1
strong,27867,1
strong,27868,1
strong,27869,1
strong,27870,1
strong,27871,1
strong,27872,1
strong,27873,1
strong,27874,1
strong,27875,1
strong,27876,1
strong,27877,1
strong,27878,1
strong,27879,1
strong,27880,1
strong,27881,1
strong,27882,1
strong,27883,1
strong,27884,1
strong,27885,1
strong,27886,1
strong,27887,1
strong,27888,1
strong,27889,1
strong,27890,1
strong,27891,1
strong,27892,1
strong,27893,1
strong,27894,1
strong,27895,1
strong,27896,1
strong,27897,1
strong,27898,1
strong,27899,1
strong,27900,1
strong,27901,1
strong,27902,1
strong,27903,1
strong,27904,1
strong,27905,1
strong,27906,1
strong,27907,1
strong,27908,1
strong,27909,1
strong,27910,1
strong,27911,1
strong,27912,1
strong,27913,1
strong,27914,1
strong,27915,1
strong,27916,1
strong,27917,1
strong,27918,1
strong,27919,1
strong,27920,1
strong,27921,1
strong,27922,1
strong,27923,1
strong,27924,1
strong,27925,1
strong,27926,1
strong,27927,1
strong,27928,1
strong,27929,1
strong,27930,1
strong,27931,1
strong,27932,1
strong,27933,1
strong,27934,1
strong,27935,1
strong,27936,1
strong,27937,1
strong,27938,1
strong,27939,1
strong,27940,1
strong,27941,1
strong,27942,1
strong,27943,1
strong,27944,1
strong,27945,1
strong,27946,1
strong,27947,1
strong,27948,1
strong,27949,1
strong,27950,1
strong,27951,1
strong,27952,1
strong,27953,1
strong,27954,1
strong,27955,1
strong,27956,1
strong,27957,1
strong,27958,1
strong,27959,1
strong,27960,1
strong,27961,1
strong,27962,1
strong,27963,1
strong,27964,1
strong,27965,1
strong,27966,1
strong,27967,1
strong,27968,1
strong,27969,1
strong,27970,1
strong,27971,1
strong,27972,1
strong,27973,1
strong,27974,1
strong,27975,1
strong,27976,1
strong,27977,1
strong,27978,1
strong,27979,1
strong,27980,1
strong,27981,1
strong,27982,1
strong,27983,1
strong,27984,1
strong,27985,1
strong,27986,1
strong,27987,1
strong,27988,1
strong,27989,1
strong,27990,1
strong,27991,1
strong,27992,1
strong,27993,1
strong,27994,1
strong,27995,1
strong,27996,1
strong,27997,1
strong,27998,1
strong,27999,1
strong,28000,1
strong,28001,1
strong,28002,1
strong,28003,1
strong,28004,1
strong,28005,1
strong,28006,1
strong,28007,1
strong,28008,1
strong,28009,1
strong,28010,1
strong,28011,1
strong,28012,1
strong,28013,1
strong,28014,1
strong,28015,1
strong,28016,1
strong,28017,1
strong,28018,1
strong,28019,1
strong,28020,1
strong,28021,1
strong,28022,1
strong,28023,1
strong,28024,1
strong,28025,1
strong,28026,1
strong,28027,1
strong,28028,1
strong,28029,1
strong,28030,1
strong,28031,1
strong,28032,1
strong,28033,1
strong,28034,1
strong,28035,1
strong,28036,1
strong,28037,1
strong,28038,1
strong,28039,1
strong,28040,1
strong,28041,1
strong,28042,1
strong,28043,1
strong,28044,1
strong,28045,1
strong,28046,1
strong,28047,1
strong,28048,1
strong,28049,1
strong,28050,1
strong,28051,1
strong,28052,1
strong,28053,1
strong,28054,1
strong,28055,1
strong,28056,1
strong,28057,1
strong,28058,1
strong,28059,1
strong,28060,1
strong,28061,1
strong,28062,1
strong,28063,1
strong,28064,1
strong,28065,1
strong,28066,1
strong,28067,1
strong,28068,1
strong,28069,1
strong,28070,1
strong,28071,1
strong,28072,1
strong,28073,1
strong,28074,1
strong,28075,1
strong,28076,1
strong,28077,1
strong,28078,1
strong,28079,1
strong,28080,1
strong,28081,1
strong,28082,1
strong,28083,1
strong,28084,1
strong,28085,1
strong,28086,1
strong,28087,1
strong,28088,1
strong,28089,1
strong,28090,1
strong,28091,1
strong,28092,1
strong,28093,1
strong,28094,1
strong,28095,1
strong,28096,1
strong,28097,1
strong,28098,1
strong,28099,1
strong,28100,1
strong,28101,1
strong,28102,1
strong,28103,1
strong,28104,1
strong,28105,1
strong,28106,1
strong,28107,1
strong,28108,1
strong,28109,1
strong,28110,1
strong,28111,1
strong,28112,1
strong,28113,1
strong,28114,1
strong,28115,1
strong,28116,1
strong,28117,1
strong,28118,1
strong,28119,1
strong,28120,1
strong,28121,1
strong,28122,1
strong,28123,1
strong,28124,1
strong,28125,1
strong,28126,1
strong,28127,1
strong,28128,1
strong,28129,1
strong,28130,1
strong,28131,1
strong,28132,1
strong,28133,1
strong,28134,1
strong,28135,1
strong,28136,1
strong,28137,1
strong,28138,1
strong,28139,1
strong,28140,1
strong,28141,1
strong,28142,1
strong,28143,1
strong,28144,1
strong,28145,1
strong,28146,1
strong,28147,1
strong,28148,1
strong,28149,1
strong,28150,1
strong,28151,1
strong,28152,1
strong,28153,1
strong,28154,1
strong,28155,1
strong,28156,1
strong,28157,1
strong,28158,1
strong,28159,1
strong,28160,1
strong,28161,1
strong,28162,1
strong,28163,1
strong,28164,1
strong,28165,1
strong,28166,1
strong,28167,1
strong,28168,1
strong,28169,1
strong,28170,1
strong,28171,1
strong,28172,1
strong,28173,1
strong,28174,1
strong,28175,1
strong,28176,1
strong,28177,1
strong,28178,1
strong,28179,1
strong,28180,1
strong,28181,1
strong,28182,1
strong,28183,1
strong,28184,1
strong,28185,1
strong,28186,1
strong,28187,1
strong,28188,1
strong,28189,1
strong,28190,1
strong,28191,1
strong,28192,1
strong,28193,1
strong,28194,1
strong,28195,1
strong,28196,1
strong,28197,1
strong,28198,1
strong,28199,1
strong,28200,1
strong,28201,1
strong,28202,1
strong,28203,1
strong,28204,1
strong,28205,1
strong,28206,1
strong,28207,1
strong,28208,1
strong,28209,1
strong,28210,1
strong,28211,1
strong,28212,1
strong,28213,1
strong,28214,1
strong,28215,1
strong,28216,1
strong,28217,1
strong,28218,1
strong,28219,1
strong,28220,1
strong,28221,1
strong,28222,1
strong,28223,1
strong,28224,1
strong,28225,1
strong,28226,1
strong,28227,1
strong,28228,1
strong,28229,1
strong,28230,1
strong,28231,1
strong,28232,1
strong,28233,1
strong,28234,1
strong,28235,1
strong,28236,1
strong,28237,1
strong,28238,1
strong,28239,1
strong,28240,1
strong,28241,1
strong,28242,1
strong,28243,1
strong,28244,1
strong,28245,1
strong,28246,1
strong,28247,1
strong,28248,1
strong,28249,1
strong,28250,1
strong,28251,1
strong,28252,1
strong,28253,1
strong,28254,1
strong,28255,1
strong,28256,1
strong,28257,1
strong,28258,1
strong,28259,1
strong,28260,1
strong,28261,1
strong,28262,1
strong,28263,1
strong,28264,1
strong,28265,1
strong,28266,1
strong,28267,1
strong,28268,1
strong,28269,1
strong,28270,1
strong,28271,1
strong,28272,1
strong,28273,1
strong,28274,1
strong,28275,1
strong,28276,1
strong,28277,1
strong,28278,1
strong,28279,1
strong,28280,1
strong,28281,1
strong,28282,1
strong,28283,1
strong,28284,1
strong,28285,1
strong,28286,1
strong,28287,1
strong,28288,1
strong,28289,1
strong,28290,1
strong,28291,1
strong,28292,1
strong,28293,1
strong,28294,1
strong,28295,1
strong,28296,1
strong,28297,1
strong,28298,1
strong,28299,1
strong,28300,1
strong,28301,1
strong,28302,1
strong,28303,1
strong,28304,1
strong,28305,1
strong,28306,1
strong,28307,1
strong,28308,1
strong,28309,1
strong,28310,1
strong,28311,1
strong,28312,1
strong,28313,1
strong,28314,1
strong,28315,1
strong,28316,1
strong,28317,1
strong,28318,1
strong,28319,1
strong,28320,1
strong,28321,1
strong,28322,1
strong,28323,1
strong,28324,1
strong,28325,1
strong,28326,1
strong,28327,1
strong,28328,1
strong,28329,1
strong,28330,1
strong,28331,1
strong,28332,1
strong,28333,1
strong,28334,1
strong,28335,1
strong,28336,1
strong,28337,1
strong,28338,1
strong,28339,1
strong,28340,1
strong,28341,1
strong,28342,1
strong,28343,1
strong,28344,1
strong,28345,1
strong,28346,1
strong,28347,1
strong,28348,1
strong,28349,1
strong,28350,1
strong,28351,1
strong,28352,1
strong,28353,1
strong,28354,1
strong,28355,1
strong,28356,1
strong,28357,1
strong,28358,1
strong,28359,1
strong,28360,1
strong,28361,1
strong,28362,1
strong,28363,1
strong,28364,1
strong,28365,1
strong,28366,1
strong,28367,1
strong,28368,1
strong,28369,1
strong,28370,1
strong,28371,1
strong,28372,1
strong,28373,1
strong,28374,1
strong,28375,1
strong,28376,1
strong,28377,1
strong,28378,1
strong,28379,1
strong,28380,1
strong,28381,1
strong,28382,1
strong,28383,1
strong,28384,1
strong,28385,1
strong,28386,1
strong,28387,1
strong,28388,1
strong,28389,1
strong,28390,1
strong,28391,1
strong,28392,1
strong,28393,1
strong,28394,1
strong,28395,1
strong,28396,1
strong,28397,1
strong,28398,1
strong,28399,1
strong,28400,1
strong,28401,1
strong,28402,1
strong,28403,1
strong,28404,1
strong,28405,1
strong,28406,1
strong,28407,1
strong,28408,1
strong,28409,1
strong,28410,1
strong,28411,1
strong,28412,1
strong,28413,1
strong,28414,1
strong,28415,1
strong,28416,1
strong,28417,1
strong,28418,1
strong,28419,1
strong,28420,1
strong,28421,1
strong,28422,1
strong,28423,1
strong,28424,1
strong,28425,1
strong,28426,1
strong,28427,1
strong,28428,1
strong,28429,1
strong,28430,1
strong,28431,1
strong,28432,1
strong,28433,1
strong,28434,1
strong,28435,1
strong,28436,1
strong,28437,1
strong,28438,1
strong,28439,1
strong,28440,1
strong,28441,1
strong,28442,1
strong,28443,1
strong,28444,1
strong,28445,1
strong,28446,1
strong,28447,1
strong,28448,1
strong,28449,1
strong,28450,1
strong,28451,1
strong,28452,1
strong,28453,1
strong,28454,1
strong,28455,1
strong,28456,1
strong,28457,1
strong,28458,1
strong,28459,1
strong,28460,1
strong,28461,1
strong,28462,1
strong,28463,1
strong,28464,1
strong,28465,1
strong,28466,1
strong,28467,1
strong,28468,1
strong,28469,1
strong,28470,1
strong,28471,1
strong,28472,1
strong,28473,1
strong,28474,1
strong,28475,1
strong,28476,1
strong,28477,1
strong,28478,1
strong,28479,1
strong,28480,1
strong,28481,1
strong,28482,1
strong,28483,1
strong,28484,1
strong,28485,1
strong,28486,1
strong,28487,1
strong,28488,1
strong,28489,1
strong,28490,1
strong,28491,1
strong,28492,1
strong,28493,1
strong,28494,1
strong,28495,1
strong,28496,1
strong,28497,1
strong,28498,1
strong,28499,1
strong,28500,1
strong,28501,1
strong,28502,1
strong,28503,1
strong,28504,1
strong,28505,1
strong,28506,1
strong,28507,1
strong,28508,1
strong,28509,1
strong,28510,1
strong,28511,1
strong,28512,1
strong,28513,1
strong,28514,1
strong,28515,1
strong,28516,1
strong,28517,1
strong,28518,1
strong,28519,1
strong,28520,1
strong,28521,1
strong,28522,1
strong,28523,1
strong,28524,1
strong,28525,1
strong,28526,1
strong,28527,1
strong,28528,1
strong,28529,1
strong,28530,1
strong,28531,1
strong,28532,1
strong,28533,1
strong,28534,1
strong,28535,1
strong,28536,1
strong,28537,1
strong,28538,1
strong,28539,1
strong,28540,1
strong,28541,1
strong,28542,1
strong,28543,1
strong,28544,1
strong,28545,1
strong,28546,1
strong,28547,1
strong,28548,1
strong,28549,1
strong,28550,1
strong,28551,1
strong,28552,1
strong,28553,1
strong,28554,1
strong,28555,1
strong,28556,1
strong,28557,1
strong,28558,1
strong,28559,1
strong,28560,1
strong,28561,1
strong,28562,1
strong,28563,1
strong,28564,1
strong,28565,1
strong,28566,1
strong,28567,1
strong,28568,1
strong,28569,1
strong,28570,1
strong,28571,1
strong,28572,1
strong,28573,1
strong,28574,1
strong,28575,1
strong,28576,1
strong,28577,1
strong,28578,1
strong,28579,1
strong,28580,1
strong,28581,1
strong,28582,1
strong,28583,1
strong,28584,1
strong,28585,1
strong,28586,1
strong,28587,1
strong,28588,1
strong,28589,1
strong,28590,1
strong,28591,1
strong,28592,1
strong,28593,1
strong,28594,1
strong,28595,1
strong,28596,1
strong,28597,1
strong,28598,1
strong,28599,1
strong,28600,1
strong,28601,1
strong,28602,1
strong,28603,1
strong,28604,1
strong,28605,1
strong,28606,1
strong,28607,1
strong,28608,1
strong,28609,1
strong,28610,1
strong,28611,1
strong,28612,1
strong,28613,1
strong,28614,1
strong,28615,1
strong,28616,1
strong,28617,1
strong,28618,1
strong,28619,1
strong,28620,1
strong,28621,1
strong,28622,1
strong,28623,1
strong,28624,1
strong,28625,1
strong,28626,1
strong,28627,1
strong,28628,1
strong,28629,1
strong,28630,1
strong,28631,1
strong,28632,1
strong,28633,1
strong,28634,1
strong,28635,1
strong,28636,1
strong,28637,1
strong,28638,1
strong,28639,1
strong,28640,1
strong,28641,1
strong,28642,1
strong,28643,1
strong,28644,1
strong,28645,1
strong,28646,1
strong,28647,1
strong,28648,1
strong,28649,1
strong,28650,1
strong,28651,1
strong,28652,1
strong,28653,1
strong,28654,1
strong,28655,1
strong,28656,1
strong,28657,1
strong,28658,1
strong,28659,1
strong,28660,1
strong,28661,1
strong,28662,1
strong,28663,1
strong,28664,1
strong,28665,1
strong,28666,1
strong,28667,1
strong,28668,1
strong,28669,1
strong,28670,1
strong,28671,1
strong,28672,1
strong,28673,1
strong,28674,1
strong,28675,1
strong,28676,1
strong,28677,1
strong,28678,1
strong,28679,1
strong,28680,1
strong,28681,1
strong,28682,1
strong,28683,1
strong,28684,1
strong,28685,1
strong,28686,1
strong,28687,1
strong,28688,1
strong,28689,1
strong,28690,1
strong,28691,1
strong,28692,1
strong,28693,1
strong,28694,1
strong,28695,1
strong,28696,1
strong,28697,1
strong,28698,1
strong,28699,1
strong,28700,1
strong,28701,1
strong,28702,1
strong,28703,1
strong,28704,1
strong,28705,1
strong,28706,1
strong,28707,1
strong,28708,1
strong,28709,1
strong,28710,1
strong,28711,1
strong,28712,1
strong,28713,1
strong,28714,1
strong,28715,1
strong,28716,1
strong,28717,1
strong,28718,1
strong,28719,1
strong,28720,1
strong,28721,1
strong,28722,1
strong,28723,1
strong,28724,1
strong,28725,1
strong,28726,1
strong,28727,1
strong,28728,1
strong,28729,1
strong,28730,1
strong,28731,1
strong,28732,1
strong,28733,1
strong,28734,1
strong,28735,1
strong,28736,1
strong,28737,1
strong,28738,1
strong,28739,1
strong,28740,1
strong,28741,1
strong,28742,1
strong,28743,1
strong,28744,1
strong,28745,1
strong,28746,1
strong,28747,1
strong,28748,1
strong,28749,1
strong,28750,1
strong,28751,1
strong,28752,1
strong,28753,1
strong,28754,1
strong,28755,1
strong,28756,1
strong,28757,1
strong,28758,1
strong,28759,1
strong,28760,1
strong,28761,1
strong,28762,1
strong,28763,1
strong,28764,1
strong,28765,1
strong,28766,1
strong,28767,1
strong,28768,1
strong,28769,1
strong,28770,1
strong,28771,1
strong,28772,1
strong,28773,1
strong,28774,1
strong,28775,1
strong,28776,1
strong,28777,1
strong,28778,1
strong,28779,1
strong,28780,1
strong,28781,1
strong,28782,1
strong,28783,1
strong,28784,1
strong,28785,1
strong,28786,1
strong,28787,1
strong,28788,1
strong,28789,1
strong,28790,1
strong,28791,1
strong,28792,1
strong,28793,1
strong,28794,1
strong,28795,1
strong,28796,1
strong,28797,1
strong,28798,1
strong,28799,1
strong,28800,1
strong,28801,1
strong,28802,1
strong,28803,1
strong,28804,1
strong,28805,1
strong,28806,1
strong,28807,1
strong,28808,1
strong,28809,1
strong,28810,1
strong,28811,1
strong,28812,1
strong,28813,1
strong,28814,1
strong,28815,1
strong,28816,1
strong,28817,1
strong,28818,1
strong,28819,1
strong,28820,1
strong,28821,1
strong,28822,1
strong,28823,1
strong,28824,1
strong,28825,1
strong,28826,1
strong,28827,1
strong,28828,1
strong,28829,1
strong,28830,1
strong,28831,1
strong,28832,1
strong,28833,1
strong,28834,1
strong,28835,1
strong,28836,1
strong,28837,1
strong,28838,1
strong,28839,1
strong,28840,1
strong,28841,1
strong,28842,1
strong,28843,1
strong,28844,1
strong,28845,1
strong,28846,1
strong,28847,1
strong,28848,1
strong,28849,1
strong,28850,1
strong,28851,1
strong,28852,1
strong,28853,1
strong,28854,1
strong,28855,1
strong,28856,1
strong,28857,1
strong,28858,1
strong,28859,1
strong,28860,1
strong,28861,1
strong,28862,1
strong,28863,1
strong,28864,1
strong,28865,1
strong,28866,1
strong,28867,1
strong,28868,1
strong,28869,1
strong,28870,1
strong,28871,1
strong,28872,1
strong,28873,1
strong,28874,1
strong,28875,1
strong,28876,1
strong,28877,1
strong,28878,1
strong,28879,1
strong,28880,1
strong,28881,1
strong,28882,1
strong,28883,1
strong,28884,1
strong,28885,1
strong,28886,1
strong,28887,1
strong,28888,1
strong,28889,1
strong,28890,1
strong,28891,1
strong,28892,1
strong,28893,1
strong,28894,1
strong,28895,1
strong,28896,1
strong,28897,1
strong,28898,1
strong,28899,1
strong,28900,1
strong,28901,1
strong,28902,1
strong,28903,1
strong,28904,1
strong,28905,1
strong,28906,1
strong,28907,1
strong,28908,1
strong,28909,1
strong,28910,1
strong,28911,1
strong,28912,1
strong,28913,1
strong,28914,1
strong,28915,1
strong,28916,1
strong,28917,1
strong,28918,1
strong,28919,1
strong,28920,1
strong,28921,1
strong,28922,1
strong,28923,1
strong,28924,1
strong,28925,1
strong,28926,1
strong,28927,1
strong,28928,1
strong,28929,1
strong,28930,1
strong,28931,1
strong,28932,1
strong,28933,1
strong,28934,1
strong,28935,1
strong,28936,1
strong,28937,1
strong,28938,1
strong,28939,1
strong,28940,1
strong,28941,1
strong,28942,1
strong,28943,1
strong,28944,1
strong,28945,1
strong,28946,1
strong,28947,1
strong,28948,1
strong,28949,1
strong,28950,1
strong,28951,1
strong,28952,1
strong,28953,1
strong,28954,1
strong,28955,1
strong,28956,1
strong,28957,1
strong,28958,1
strong,28959,1
strong,28960,1
strong,28961,1
strong,28962,1
strong,28963,1
strong,28964,1
strong,28965,1
strong,28966,1
strong,28967,1
strong,28968,1
strong,28969,1
strong,28970,1
strong,28971,1
strong,28972,1
strong,28973,1
strong,28974,1
strong,28975,1
strong,28976,1
strong,28977,1
strong,28978,1
strong,28979,1
strong,28980,1
strong,28981,1
strong,28982,1
strong,28983,1
strong,28984,1
strong,28985,1
strong,28986,1
strong,28987,1
strong,28988,1
strong,28989,1
strong,28990,1
strong,28991,1
strong,28992,1
strong,28993,1
strong,28994,1
strong,28995,1
strong,28996,1
strong,28997,1
strong,28998,1
strong,28999,1
strong,29000,1
strong,29001,1
strong,29002,1
strong,29003,1
strong,29004,1
strong,29005,1
strong,29006,1
strong,29007,1
strong,29008,1
strong,29009,1
strong,29010,1
strong,29011,1
strong,29012,1
strong,29013,1
strong,29014,1
strong,29015,1
strong,29016,1
strong,29017,1
strong,29018,1
strong,29019,1
strong,29020,1
strong,29021,1
strong,29022,1
strong,29023,1
strong,29024,1
strong,29025,1
strong,29026,1
strong,29027,1
strong,29028,1
strong,29029,1
strong,29030,1
strong,29031,1
strong,29032,1
strong,29033,1
strong,29034,1
strong,29035,1
strong,29036,1
strong,29037,1
strong,29038,1
strong,29039,1
strong,29040,1
strong,29041,1
strong,29042,1
strong,29043,1
strong,29044,1
strong,29045,1
strong,29046,1
strong,29047,1
strong,29048,1
strong,29049,1
strong,29050,1
strong,29051,1
strong,29052,1
strong,29053,1
strong,29054,1
strong,29055,1
strong,29056,1
strong,29057,1
strong,29058,1
strong,29059,1
strong,29060,1
strong,29061,1
strong,29062,1
strong,29063,1
strong,29064,1
strong,29065,1
strong,29066,1
strong,29067,1
strong,29068,1
strong,29069,1
strong,29070,1
strong,29071,1
strong,29072,1
strong,29073,1
strong,29074,1
strong,29075,1
strong,29076,1
strong,29077,1
strong,29078,1
strong,29079,1
strong,29080,1
strong,29081,1
strong,29082,1
strong,29083,1
strong,29084,1
strong,29085,1
strong,29086,1
strong,29087,1
strong,29088,1
strong,29089,1
strong,29090,1
strong,29091,1
strong,29092,1
strong,29093,1
strong,29094,1
strong,29095,1
strong,29096,1
strong,29097,1
strong,29098,1
strong,29099,1
strong,29100,1
strong,29101,1
strong,29102,1
strong,29103,1
strong,29104,1
strong,29105,1
strong,29106,1
strong,29107,1
strong,29108,1
strong,29109,1
strong,29110,1
strong,29111,1
strong,29112,1
strong,29113,1
strong,29114,1
strong,29115,1
strong,29116,1
strong,29117,1
strong,29118,1
strong,29119,1
strong,29120,1
strong,29121,1
strong,29122,1
strong,29123,1
strong,29124,1
strong,29125,1
strong,29126,1
strong,29127,1
strong,29128,1
strong,29129,1
strong,29130,1
strong,29131,1
strong,29132,1
strong,29133,1
strong,29134,1
strong,29135,1
strong,29136,1
strong,29137,1
strong,29138,1
strong,29139,1
strong,29140,1
strong,29141,1
strong,29142,1
strong,29143,1
strong,29144,1
strong,29145,1
strong,29146,1
strong,29147,1
strong,29148,1
strong,29149,1
strong,29150,1
strong,29151,1
strong,29152,1
strong,29153,1
strong,29154,1
strong,29155,1
strong,29156,1
strong,29157,1
strong,29158,1
strong,29159,1
strong,29160,1
strong,29161,1
strong,29162,1
strong,29163,1
strong,29164,1
strong,29165,1
strong,29166,1
strong,29167,1
strong,29168,1
strong,29169,1
strong,29170,1
strong,29171,1
strong,29172,1
strong,29173,1
strong,29174,1
strong,29175,1
strong,29176,1
strong,29177,1
strong,29178,1
strong,29179,1
strong,29180,1
strong,29181,1
strong,29182,1
strong,29183,1
strong,29184,1
strong,29185,1
strong,29186,1
strong,29187,1
strong,29188,1
strong,29189,1
strong,29190,1
strong,29191,1
strong,29192,1
strong,29193,1
strong,29194,1
strong,29195,1
strong,29196,1
strong,29197,1
strong,29198,1
strong,29199,1
strong,29200,1
strong,29201,1
strong,29202,1
strong,29203,1
strong,29204,1
strong,29205,1
strong,29206,1
strong,29207,1
strong,29208,1
strong,29209,1
strong,29210,1
strong,29211,1
strong,29212,1
strong,29213,1
strong,29214,1
strong,29215,1
strong,29216,1
strong,29217,1
strong,29218,1
strong,29219,1
strong,29220,1
strong,29221,1
strong,29222,1
strong,29223,1
strong,29224,1
strong,29225,1
strong,29226,1
strong,29227,1
strong,29228,1
strong,29229,1
strong,29230,1
strong,29231,1
strong,29232,1
strong,29233,1
strong,29234,1
strong,29235,1
strong,29236,1
strong,29237,1
strong,29238,1
strong,29239,1
strong,29240,1
strong,29241,1
strong,29242,1
strong,29243,1
strong,29244,1
strong,29245,1
strong,29246,1
strong,29247,1
strong,29248,1
strong,29249,1
strong,29250,1
strong,29251,1
strong,29252,1
strong,29253,1
strong,29254,1
strong,29255,1
strong,29256,1
strong,29257,1
strong,29258,1
strong,29259,1
strong,29260,1
strong,29261,1
strong,29262,1
strong,29263,1
strong,29264,1
strong,29265,1
strong,29266,1
strong,29267,1
strong,29268,1
strong,29269,1
strong,29270,1
strong,29271,1
strong,29272,1
strong,29273,1
strong,29274,1
strong,29275,1
strong,29276,1
strong,29277,1
strong,29278,1
strong,29279,1
strong,29280,1
strong,29281,1
strong,29282,1
strong,29283,1
strong,29284,1
strong,29285,1
strong,29286,1
strong,29287,1
strong,29288,1
strong,29289,1
strong,29290,1
strong,29291,1
strong,29292,1
strong,29293,1
strong,29294,1
strong,29295,1
strong,29296,1
strong,29297,1
strong,29298,1
strong,29299,1
strong,29300,1
strong,29301,1
strong,29302,1
strong,29303,1
strong,29304,1
strong,29305,1
strong,29306,1
strong,29307,1
strong,29308,1
strong,29309,1
strong,29310,1
strong,29311,1
strong,29312,1
strong,29313,1
strong,29314,1
strong,29315,1
strong,29316,1
strong,29317,1
strong,29318,1
strong,29319,1
strong,29320,1
strong,29321,1
strong,29322,1
strong,29323,1
strong,29324,1
strong,29325,1
strong,29326,1
strong,29327,1
strong,29328,1
strong,29329,1
strong,29330,1
strong,29331,1
strong,29332,1
strong,29333,1
strong,29334,1
strong,29335,1
strong,29336,1
strong,29337,1
strong,29338,1
strong,29339,1
strong,29340,1
strong,29341,1
strong,29342,1
strong,29343,1
strong,29344,1
strong,29345,1
strong,29346,1
strong,29347,1
strong,29348,1
strong,29349,1
strong,29350,1
strong,29351,1
strong,29352,1
strong,29353,1
strong,29354,1
strong,29355,1
strong,29356,1
strong,29357,1
strong,29358,1
strong,29359,1
strong,29360,1
strong,29361,1
strong,29362,1
strong,29363,1
strong,29364,1
strong,29365,1
strong,29366,1
strong,29367,1
strong,29368,1
strong,29369,1
strong,29370,1
strong,29371,1
strong,29372,1
strong,29373,1
strong,29374,1
strong,29375,1
strong,29376,1
strong,29377,1
strong,29378,1
strong,29379,1
strong,29380,1
strong,29381,1
strong,29382,1
strong,29383,1
strong,29384,1
strong,29385,1
strong,29386,1
strong,29387,1
strong,29388,1
strong,29389,1
strong,29390,1
strong,29391,1
strong,29392,1
strong,29393,1
strong,29394,1
strong,29395,1
strong,29396,1
strong,29397,1
strong,29398,1
strong,29399,1
strong,29400,1
strong,29401,1
strong,29402,1
strong,29403,1
strong,29404,1
strong,29405,1
strong,29406,1
strong,29407,1
strong,29408,1
strong,29409,1
strong,29410,1
strong,29411,1
strong,29412,1
strong,29413,1
strong,29414,1
strong,29415,1
strong,29416,1
strong,29417,1
strong,29418,1
strong,29419,1
strong,29420,1
strong,29421,1
strong,29422,1
strong,29423,1
strong,29424,1
strong,29425,1
strong,29426,1
strong,29427,1
strong,29428,1
strong,29429,1
strong,29430,1
strong,29431,1
strong,29432,1
strong,29433,1
strong,29434,1
strong,29435,1
strong,29436,1
strong,29437,1
strong,29438,1
strong,29439,1
strong,29440,1
strong,29441,1
strong,29442,1
strong,29443,1
strong,29444,1
strong,29445,1
strong,29446,1
strong,29447,1
strong,29448,1
strong,29449,1
strong,29450,1
strong,29451,1
strong,29452,1
strong,29453,1
strong,29454,1
strong,29455,1
strong,29456,1
strong,29457,1
strong,29458,1
strong,29459,1
strong,29460,1
strong,29461,1
strong,29462,1
strong,29463,1
strong,29464,1
strong,29465,1
strong,29466,1
strong,29467,1
strong,29468,1
strong,29469,1
strong,29470,1
strong,29471,1
strong,29472,1
strong,29473,1
strong,29474,1
strong,29475,1
strong,29476,1
strong,29477,1
strong,29478,1
strong,29479,1
strong,29480,1
strong,29481,1
strong,29482,1
strong,29483,1
strong,29484,1
strong,29485,1
strong,29486,1
strong,29487,1
strong,29488,1
strong,29489,1
strong,29490,1
strong,29491,1
strong,29492,1
strong,29493,1
strong,29494,1
strong,29495,1
strong,29496,1
strong,29497,1
strong,29498,1
strong,29499,1
strong,29500,1
strong,29501,1
strong,29502,1
strong,29503,1
strong,29504,1
strong,29505,1
strong,29506,1
strong,29507,1
strong,29508,1
strong,29509,1
strong,29510,1
strong,29511,1
strong,29512,1
strong,29513,1
strong,29514,1
strong,29515,1
strong,29516,1
strong,29517,1
strong,29518,1
strong,29519,1
strong,29520,1
strong,29521,1
strong,29522,1
strong,29523,1
strong,29524,1
strong,29525,1
strong,29526,1
strong,29527,1
strong,29528,1
strong,29529,1
strong,29530,1
strong,29531,1
strong,29532,1
strong,29533,1
strong,29534,1
strong,29535,1
strong,29536,1
strong,29537,1
strong,29538,1
strong,29539,1
strong,29540,1
strong,29541,1
strong,29542,1
strong,29543,1
strong,29544,1
strong,29545,1
strong,29546,1
strong,29547,1
strong,29548,1
strong,29549,1
strong,29550,1
strong,29551,1
strong,29552,1
strong,29553,1
strong,29554,1
strong,29555,1
strong,29556,1
strong,29557,1
strong,29558,1
strong,29559,1
strong,29560,1
strong,29561,1
strong,29562,1
strong,29563,1
strong,29564,1
strong,29565,1
strong,29566,1
strong,29567,1
strong,29568,1
strong,29569,1
strong,29570,1
strong,29571,1
strong,29572,1
strong,29573,1
strong,29574,1
strong,29575,1
strong,29576,1
strong,29577,1
strong,29578,1
strong,29579,1
strong,29580,1
strong,29581,1
strong,29582,1
strong,29583,1
strong,29584,1
strong,29585,1
strong,29586,1
strong,29587,1
strong,29588,1
strong,29589,1
strong,29590,1
strong,29591,1
strong,29592,1
strong,29593,1
strong,29594,1
strong,29595,1
strong,29596,1
strong,29597,1
strong,29598,1
strong,29599,1
strong,29600,1
strong,29601,1
strong,29602,1
strong,29603,1
strong,29604,1
strong,29605,1
strong,29606,1
strong,29607,1
strong,29608,1
strong,29609,1
strong,29610,1
strong,29611,1
strong,29612,1
strong,29613,1
strong,29614,1
strong,29615,1
strong,29616,1
strong,29617,1
strong,29618,1
strong,29619,1
strong,29620,1
strong,29621,1
strong,29622,1
strong,29623,1
strong,29624,1
strong,29625,1
strong,29626,1
strong,29627,1
strong,29628,1
strong,29629,1
strong,29630,1
strong,29631,1
strong,29632,1
strong,29633,1
strong,29634,1
strong,29635,1
strong,29636,1
strong,29637,1
strong,29638,1
strong,29639,1
strong,29640,1
strong,29641,1
strong,29642,1
strong,29643,1
strong,29644,1
strong,29645,1
strong,29646,1
strong,29647,1
strong,29648,1
strong,29649,1
strong,29650,1
strong,29651,1
strong,29652,1
strong,29653,1
strong,29654,1
strong,29655,1
strong,29656,1
strong,29657,1
strong,29658,1
strong,29659,1
strong,29660,1
strong,29661,1
strong,29662,1
strong,29663,1
strong,29664,1
strong,29665,1
strong,29666,1
strong,29667,1
strong,29668,1
strong,29669,1
strong,29670,1
strong,29671,1
strong,29672,1
strong,29673,1
strong,29674,1
strong,29675,1
strong,29676,1
strong,29677,1
strong,29678,1
strong,29679,1
strong,29680,1
strong,29681,1
strong,29682,1
strong,29683,1
strong,29684,1
strong,29685,1
strong,29686,1
strong,29687,1
strong,29688,1
strong,29689,1
strong,29690,1
strong,29691,1
strong,29692,1
strong,29693,1
strong,29694,1
strong,29695,1
strong,29696,1
strong,29697,1
strong,29698,1
strong,29699,1
strong,29700,1
strong,29701,1
strong,29702,1
strong,29703,1
strong,29704,1
strong,29705,1
strong,29706,1
strong,29707,1
strong,29708,1
strong,29709,1
strong,29710,1
strong,29711,1
strong,29712,1
strong,29713,1
strong,29714,1
strong,29715,1
strong,29716,1
strong,29717,1
strong,29718,1
strong,29719,1
strong,29720,1
strong,29721,1
strong,29722,1
strong,29723,1
strong,29724,1
strong,29725,1
strong,29726,1
strong,29727,1
strong,29728,1
strong,29729,1
strong,29730,1
strong,29731,1
strong,29732,1
strong,29733,1
strong,29734,1
strong,29735,1
strong,29736,1
strong,29737,1
strong,29738,1
strong,29739,1
strong,29740,1
strong,29741,1
strong,29742,1
strong,29743,1
strong,29744,1
strong,29745,1
strong,29746,1
strong,29747,1
strong,29748,1
strong,29749,1
strong,29750,1
strong,29751,1
strong,29752,1
strong,29753,1
strong,29754,1
strong,29755,1
strong,29756,1
strong,29757,1
strong,29758,1
strong,29759,1
strong,29760,1
strong,29761,1
strong,29762,1
strong,29763,1
strong,29764,1
strong,29765,1
strong,29766,1
strong,29767,1
strong,29768,1
strong,29769,1
strong,29770,1
strong,29771,1
strong,29772,1
strong,29773,1
strong,29774,1
strong,29775,1
strong,29776,1
strong,29777,1
strong,29778,1
strong,29779,1
strong,29780,1
strong,29781,1
strong,29782,1
strong,29783,1
strong,29784,1
strong,29785,1
strong,29786,1
strong,29787,1
strong,29788,1
strong,29789,1
strong,29790,1
strong,29791,1
strong,29792,1
strong,29793,1
strong,29794,1
strong,29795,1
strong,29796,1
strong,29797,1
strong,29798,1
strong,29799,1
strong,29800,1
strong,29801,1
strong,29802,1
strong,29803,1
strong,29804,1
strong,29805,1
strong,29806,1
strong,29807,1
strong,29808,1
strong,29809,1
strong,29810,1
strong,29811,1
strong,29812,1
strong,29813,1
strong,29814,1
strong,29815,1
strong,29816,1
strong,29817,1
strong,29818,1
strong,29819,1
strong,29820,1
strong,29821,1
strong,29822,1
strong,29823,1
strong,29824,1
strong,29825,1
strong,29826,1
strong,29827,1
strong,29828,1
strong,29829,1
strong,29830,1
strong,29831,1
strong,29832,1
strong,29833,1
strong,29834,1
strong,29835,1
strong,29836,1
strong,29837,1
strong,29838,1
strong,29839,1
strong,29840,1
strong,29841,1
strong,29842,1
strong,29843,1
strong,29844,1
strong,29845,1
strong,29846,1
strong,29847,1
strong,29848,1
strong,29849,1
strong,29850,1
strong,29851,1
strong,29852,1
strong,29853,1
strong,29854,1
strong,29855,1
strong,29856,1
strong,29857,1
strong,29858,1
strong,29859,1
strong,29860,1
strong,29861,1
strong,29862,1
strong,29863,1
strong,29864,1
strong,29865,1
strong,29866,1
strong,29867,1
strong,29868,1
strong,29869,1
strong,29870,1
strong,29871,1
strong,29872,1
strong,29873,1
strong,29874,1
strong,29875,1
strong,29876,1
strong,29877,1
strong,29878,1
strong,29879,1
strong,29880,1
strong,29881,1
strong,29882,1
strong,29883,1
strong,29884,1
strong,29885,1
strong,29886,1
strong,29887,1
strong,29888,1
strong,29889,1
strong,29890,1
strong,29891,1
strong,29892,1
strong,29893,1
strong,29894,1
strong,29895,1
strong,29896,1
strong,29897,1
strong,29898,1
strong,29899,1
strong,29900,1
strong,29901,1
strong,29902,1
strong,29903,1
strong,29904,1
strong,29905,1
strong,29906,1
strong,29907,1
strong,29908,1
strong,29909,1
strong,29910,1
strong,29911,1
strong,29912,1
strong,29913,1
strong,29914,1
strong,29915,1
strong,29916,1
strong,29917,1
strong,29918,1
strong,29919,1
strong,29920,1
strong,29921,1
strong,29922,1
strong,29923,1
strong,29924,1
strong,29925,1
strong,29926,1
strong,29927,1
strong,29928,1
strong,29929,1
strong,29930,1
strong,29931,1
strong,29932,1
strong,29933,1
strong,29934,1
strong,29935,1
strong,29936,1
strong,29937,1
strong,29938,1
strong,29939,1
strong,29940,1
strong,29941,1
strong,29942,1
strong,29943,1
strong,29944,1
strong,29945,1
strong,29946,1
strong,29947,1
strong,29948,1
strong,29949,1
strong,29950,1
strong,29951,1
strong,29952,1
strong,29953,1
strong,29954,1
strong,29955,1
strong,29956,1
strong,29957,1
strong,29958,1
strong,29959,1
strong,29960,1
strong,29961,1
strong,29962,1
strong,29963,1
strong,29964,1
strong,29965,1
strong,29966,1
strong,29967,1
strong,29968,1
strong,29969,1
strong,29970,1
strong,29971,1
strong,29972,1
strong,29973,1
strong,29974,1
strong,29975,1
strong,29976,1
strong,29977,1
strong,29978,1
strong,29979,1
strong,29980,1
strong,29981,1
strong,29982,1
strong,29983,1
strong,29984,1
strong,29985,1
strong,29986,1
strong,29987,1
strong,29988,1
strong,29989,1
strong,29990,1
strong,29991,1
strong,29992,1
strong,29993,1
strong,29994,1
strong,29995,1
strong,29996,1
strong,29997,1
strong,29998,1
strong,29999,1
strong,30000,1
strong,30001,1
strong,30002,1
strong,30003,1
strong,30004,1
strong,30005,1
strong,30006,1
strong,30007,1
strong,30008,1
strong,30009,1
strong,30010,1
strong,30011,1
strong,30012,1
strong,30013,1
strong,30014,1
strong,30015,1
strong,30016,1
strong,30017,1
strong,30018,1
strong,30019,1
strong,30020,1
strong,30021,1
strong,30022,1
strong,30023,1
strong,30024,1
strong,30025,1
strong,30026,1
strong,30027,1
strong,30028,1
strong,30029,1
strong,30030,1
strong,30031,1
strong,30032,1
strong,30033,1
strong,30034,1
strong,30035,1
strong,30036,1
strong,30037,1
strong,30038,1
strong,30039,1
strong,30040,1
strong,30041,1
strong,30042,1
strong,30043,1
strong,30044,1
strong,30045,1
strong,30046,1
strong,30047,1
strong,30048,1
strong,30049,1
strong,30050,1
strong,30051,1
strong,30052,1
strong,30053,1
strong,30054,1
strong,30055,1
strong,30056,1
strong,30057,1
strong,30058,1
strong,30059,1
strong,30060,1
strong,30061,1
strong,30062,1
strong,30063,1
strong,30064,1
strong,30065,1
strong,30066,1
strong,30067,1
strong,30068,1
strong,30069,1
strong,30070,1
strong,30071,1
strong,30072,1
strong,30073,1
strong,30074,1
strong,30075,1
strong,30076,1
strong,30077,1
strong,30078,1
strong,30079,1
strong,30080,1
strong,30081,1
strong,30082,1
strong,30083,1
strong,30084,1
strong,30085,1
strong,30086,1
strong,30087,1
strong,30088,1
strong,30089,1
strong,30090,1
strong,30091,1
strong,30092,1
strong,30093,1
strong,30094,1
strong,30095,1
strong,30096,1
strong,30097,1
strong,30098,1
strong,30099,1
strong,30100,1
strong,30101,1
strong,30102,1
strong,30103,1
strong,30104,1
strong,30105,1
strong,30106,1
strong,30107,1
strong,30108,1
strong,30109,1
strong,30110,1
strong,30111,1
strong,30112,1
strong,30113,1
strong,30114,1
strong,30115,1
strong,30116,1
strong,30117,1
strong,30118,1
strong,30119,1
strong,30120,1
strong,30121,1
strong,30122,1
strong,30123,1
strong,30124,1
strong,30125,1
strong,30126,1
strong,30127,1
strong,30128,1
strong,30129,1
strong,30130,1
strong,30131,1
strong,30132,1
strong,30133,1
strong,30134,1
strong,30135,1
strong,30136,1
strong,30137,1
strong,30138,1
strong,30139,1
strong,30140,1
strong,30141,1
strong,30142,1
strong,30143,1
strong,30144,1
strong,30145,1
strong,30146,1
strong,30147,1
strong,30148,1
strong,30149,1
strong,30150,1
strong,30151,1
strong,30152,1
strong,30153,1
strong,30154,1
strong,30155,1
strong,30156,1
strong,30157,1
strong,30158,1
strong,30159,1
strong,30160,1
strong,30161,1
strong,30162,1
strong,30163,1
strong,30164,1
strong,30165,1
strong,30166,1
strong,30167,1
strong,30168,1
strong,30169,1
strong,30170,1
strong,30171,1
strong,30172,1
strong,30173,1
strong,30174,1
strong,30175,1
strong,30176,1
strong,30177,1
strong,30178,1
strong,30179,1
strong,30180,1
strong,30181,1
strong,30182,1
strong,30183,1
strong,30184,1
strong,30185,1
strong,30186,1
strong,30187,1
strong,30188,1
strong,30189,1
strong,30190,1
strong,30191,1
strong,30192,1
strong,30193,1
strong,30194,1
strong,30195,1
strong,30196,1
strong,30197,1
strong,30198,1
strong,30199,1
strong,30200,1
strong,30201,1
strong,30202,1
strong,30203,1
strong,30204,1
strong,30205,1
strong,30206,1
strong,30207,1
strong,30208,1
strong,30209,1
strong,30210,1
strong,30211,1
strong,30212,1
strong,30213,1
strong,30214,1
strong,30215,1
strong,30216,1
strong,30217,1
strong,30218,1
strong,30219,1
strong,30220,1
strong,30221,1
strong,30222,1
strong,30223,1
strong,30224,1
strong,30225,1
strong,30226,1
strong,30227,1
strong,30228,1
strong,30229,1
strong,30230,1
strong,30231,1
strong,30232,1
strong,30233,1
strong,30234,1
strong,30235,1
strong,30236,1
strong,30237,1
strong,30238,1
strong,30239,1
strong,30240,1
strong,30241,1
strong,30242,1
strong,30243,1
strong,30244,1
strong,30245,1
strong,30246,1
strong,30247,1
strong,30248,1
strong,30249,1
strong,30250,1
strong,30251,1
strong,30252,1
strong,30253,1
strong,30254,1
strong,30255,1
strong,30256,1
strong,30257,1
strong,30258,1
strong,30259,1
strong,30260,1
strong,30261,1
strong,30262,1
strong,30263,1
strong,30264,1
strong,30265,1
strong,30266,1
strong,30267,1
strong,30268,1
strong,30269,1
strong,30270,1
strong,30271,1
strong,30272,1
strong,30273,1
strong,30274,1
strong,30275,1
strong,30276,1
strong,30277,1
strong,30278,1
strong,30279,1
strong,30280,1
strong,30281,1
strong,30282,1
strong,30283,1
strong,30284,1
strong,30285,1
strong,30286,1
strong,30287,1
strong,30288,1
strong,30289,1
strong,30290,1
strong,30291,1
strong,30292,1
strong,30293,1
strong,30294,1
strong,30295,1
strong,30296,1
strong,30297,1
strong,30298,1
strong,30299,1
strong,30300,1
strong,30301,1
strong,30302,1
strong,30303,1
strong,30304,1
strong,30305,1
strong,30306,1
strong,30307,1
strong,30308,1
strong,30309,1
strong,30310,1
strong,30311,1
strong,30312,1
strong,30313,1
strong,30314,1
strong,30315,1
strong,30316,1
strong,30317,1
strong,30318,1
strong,30319,1
strong,30320,1
strong,30321,1
strong,30322,1
strong,30323,1
strong,30324,1
strong,30325,1
strong,30326,1
strong,30327,1
strong,30328,1
strong,30329,1
strong,30330,1
strong,30331,1
strong,30332,1
strong,30333,1
strong,30334,1
strong,30335,1
strong,30336,1
strong,30337,1
strong,30338,1
strong,30339,1
strong,30340,1
strong,30341,1
strong,30342,1
strong,30343,1
strong,30344,1
strong,30345,1
strong,30346,1
strong,30347,1
strong,30348,1
strong,30349,1
strong,30350,1
strong,30351,1
strong,30352,1
strong,30353,1
strong,30354,1
strong,30355,1
strong,30356,1
strong,30357,1
strong,30358,1
strong,30359,1
strong,30360,1
strong,30361,1
strong,30362,1
strong,30363,1
strong,30364,1
strong,30365,1
strong,30366,1
strong,30367,1
strong,30368,1
strong,30369,1
strong,30370,1
strong,30371,1
strong,30372,1
strong,30373,1
strong,30374,1
strong,30375,1
strong,30376,1
strong,30377,1
strong,30378,1
strong,30379,1
strong,30380,1
strong,30381,1
strong,30382,1
strong,30383,1
strong,30384,1
strong,30385,1
strong,30386,1
strong,30387,1
strong,30388,1
strong,30389,1
strong,30390,1
strong,30391,1
strong,30392,1
strong,30393,1
strong,30394,1
strong,30395,1
strong,30396,1
strong,30397,1
strong,30398,1
strong,30399,1
strong,30400,1
strong,30401,1
strong,30402,1
strong,30403,1
strong,30404,1
strong,30405,1
strong,30406,1
strong,30407,1
strong,30408,1
strong,30409,1
strong,30410,1
strong,30411,1
strong,30412,1
strong,30413,1
strong,30414,1
strong,30415,1
strong,30416,1
strong,30417,1
strong,30418,1
strong,30419,1
strong,30420,1
strong,30421,1
strong,30422,1
strong,30423,1
strong,30424,1
strong,30425,1
strong,30426,1
strong,30427,1
strong,30428,1
strong,30429,1
strong,30430,1
strong,30431,1
strong,30432,1
strong,30433,1
strong,30434,1
strong,30435,1
strong,30436,1
strong,30437,1
strong,30438,1
strong,30439,1
strong,30440,1
strong,30441,1
strong,30442,1
strong,30443,1
strong,30444,1
strong,30445,1
strong,30446,1
strong,30447,1
strong,30448,1
strong,30449,1
strong,30450,1
strong,30451,1
strong,30452,1
strong,30453,1
strong,30454,1
strong,30455,1
strong,30456,1
strong,30457,1
strong,30458,1
strong,30459,1
strong,30460,1
strong,30461,1
strong,30462,1
strong,30463,1
strong,30464,1
strong,30465,1
strong,30466,1
strong,30467,1
strong,30468,1
strong,30469,1
strong,30470,1
strong,30471,1
strong,30472,1
strong,30473,1
strong,30474,1
strong,30475,1
strong,30476,1
strong,30477,1
strong,30478,1
strong,30479,1
strong,30480,1
strong,30481,1
strong,30482,1
strong,30483,1
strong,30484,1
strong,30485,1
strong,30486,1
strong,30487,1
strong,30488,1
strong,30489,1
strong,30490,1
strong,30491,1
strong,30492,1
strong,30493,1
strong,30494,1
strong,30495,1
strong,30496,1
strong,30497,1
strong,30498,1
strong,30499,1
strong,30500,1
strong,30501,1
strong,30502,1
strong,30503,1
strong,30504,1
strong,30505,1
strong,30506,1
strong,30507,1
strong,30508,1
strong,30509,1
strong,30510,1
strong,30511,1
strong,30512,1
strong,30513,1
strong,30514,1
strong,30515,1
strong,30516,1
strong,30517,1
strong,30518,1
strong,30519,1
strong,30520,1
strong,30521,1
strong,30522,1
strong,30523,1
strong,30524,1
strong,30525,1
strong,30526,1
strong,30527,1
strong,30528,1
strong,30529,1
strong,30530,1
strong,30531,1
strong,30532,1
strong,30533,1
strong,30534,1
strong,30535,1
strong,30536,1
strong,30537,1
strong,30538,1
strong,30539,1
strong,30540,1
strong,30541,1
strong,30542,1
strong,30543,1
strong,30544,1
strong,30545,1
strong,30546,1
strong,30547,1
strong,30548,1
strong,30549,1
strong,30550,1
strong,30551,1
strong,30552,1
strong,30553,1
strong,30554,1
strong,30555,1
strong,30556,1
strong,30557,1
strong,30558,1
strong,30559,1
strong,30560,1
strong,30561,1
strong,30562,1
strong,30563,1
strong,30564,1
strong,30565,1
strong,30566,1
strong,30567,1
strong,30568,1
strong,30569,1
strong,30570,1
strong,30571,1
strong,30572,1
strong,30573,1
strong,30574,1
strong,30575,1
strong,30576,1
strong,30577,1
strong,30578,1
strong,30579,1
strong,30580,1
strong,30581,1
strong,30582,1
strong,30583,1
strong,30584,1
strong,30585,1
strong,30586,1
strong,30587,1
strong,30588,1
strong,30589,1
strong,30590,1
strong,30591,1
strong,30592,1
strong,30593,1
strong,30594,1
strong,30595,1
strong,30596,1
strong,30597,1
strong,30598,1
strong,30599,1
strong,30600,1
strong,30601,1
strong,30602,1
strong,30603,1
strong,30604,1
strong,30605,1
strong,30606,1
strong,30607,1
strong,30608,1
strong,30609,1
strong,30610,1
strong,30611,1
strong,30612,1
strong,30613,1
strong,30614,1
strong,30615,1
strong,30616,1
strong,30617,1
strong,30618,1
strong,30619,1
strong,30620,1
strong,30621,1
strong,30622,1
strong,30623,1
strong,30624,1
strong,30625,1
strong,30626,1
strong,30627,1
strong,30628,1
strong,30629,1
strong,30630,1
strong,30631,1
strong,30632,1
strong,30633,1
strong,30634,1
strong,30635,1
strong,30636,1
strong,30637,1
strong,30638,1
strong,30639,1
strong,30640,1
strong,30641,1
strong,30642,1
strong,30643,1
strong,30644,1
strong,30645,1
strong,30646,1
strong,30647,1
strong,30648,1
strong,30649,1
strong,30650,1
strong,30651,1
strong,30652,1
strong,30653,1
strong,30654,1
strong,30655,1
strong,30656,1
strong,30657,1
strong,30658,1
strong,30659,1
strong,30660,1
strong,30661,1
strong,30662,1
strong,30663,1
strong,30664,1
strong,30665,1
strong,30666,1
strong,30667,1
strong,30668,1
strong,30669,1
strong,30670,1
strong,30671,1
strong,30672,1
strong,30673,1
strong,30674,1
strong,30675,1
strong,30676,1
strong,30677,1
strong,30678,1
strong,30679,1
strong,30680,1
strong,30681,1
strong,30682,1
strong,30683,1
strong,30684,1
strong,30685,1
strong,30686,1
strong,30687,1
strong,30688,1
strong,30689,1
strong,30690,1
strong,30691,1
strong,30692,1
strong,30693,1
strong,30694,1
strong,30695,1
strong,30696,1
strong,30697,1
strong,30698,1
strong,30699,1
strong,30700,1
strong,30701,1
strong,30702,1
strong,30703,1
strong,30704,1
strong,30705,1
strong,30706,1
strong,30707,1
strong,30708,1
strong,30709,1
strong,30710,1
strong,30711,1
strong,30712,1
strong,30713,1
strong,30714,1
strong,30715,1
strong,30716,1
strong,30717,1
strong,30718,1
strong,30719,1
strong,30720,1
strong,30721,1
strong,30722,1
strong,30723,1
strong,30724,1
strong,30725,1
strong,30726,1
strong,30727,1
strong,30728,1
strong,30729,1
strong,30730,1
strong,30731,1
strong,30732,1
strong,30733,1
strong,30734,1
strong,30735,1
strong,30736,1
strong,30737,1
strong,30738,1
strong,30739,1
strong,30740,1
strong,30741,1
strong,30742,1
strong,30743,1
strong,30744,1
strong,30745,1
strong,30746,1
strong,30747,1
strong,30748,1
strong,30749,1
strong,30750,1
strong,30751,1
strong,30752,1
strong,30753,1
strong,30754,1
strong,30755,1
strong,30756,1
strong,30757,1
strong,30758,1
strong,30759,1
strong,30760,1
strong,30761,1
strong,30762,1
strong,30763,1
strong,30764,1
strong,30765,1
strong,30766,1
strong,30767,1
strong,30768,1
strong,30769,1
strong,30770,1
strong,30771,1
strong,30772,1
strong,30773,1
strong,30774,1
strong,30775,1
strong,30776,1
strong,30777,1
strong,30778,1
strong,30779,1
strong,30780,1
strong,30781,1
strong,30782,1
strong,30783,1
strong,30784,1
strong,30785,1
strong,30786,1
strong,30787,1
strong,30788,1
strong,30789,1
strong,30790,1
strong,30791,1
strong,30792,1
strong,30793,1
strong,30794,1
strong,30795,1
strong,30796,1
strong,30797,1
strong,30798,1
strong,30799,1
strong,30800,1
strong,30801,1
strong,30802,1
strong,30803,1
strong,30804,1
strong,30805,1
strong,30806,1
strong,30807,1
strong,30808,1
strong,30809,1
strong,30810,1
strong,30811,1
strong,30812,1
strong,30813,1
strong,30814,1
strong,30815,1
strong,30816,1
strong,30817,1
strong,30818,1
strong,30819,1
strong,30820,1
strong,30821,1
strong,30822,1
strong,30823,1
strong,30824,1
strong,30825,1
strong,30826,1
strong,30827,1
strong,30828,1
strong,30829,1
strong,30830,1
strong,30831,1
strong,30832,1
strong,30833,1
strong,30834,1
strong,30835,1
strong,30836,1
strong,30837,1
strong,30838,1
strong,30839,1
strong,30840,1
strong,30841,1
strong,30842,1
strong,30843,1
strong,30844,1
strong,30845,1
strong,30846,1
strong,30847,1
strong,30848,1
strong,30849,1
strong,30850,1
strong,30851,1
strong,30852,1
strong,30853,1
strong,30854,1
strong,30855,1
strong,30856,1
strong,30857,1
strong,30858,1
strong,30859,1
strong,30860,1
strong,30861,1
strong,30862,1
strong,30863,1
strong,30864,1
strong,30865,1
strong,30866,1
strong,30867,1
strong,30868,1
strong,30869,1
strong,30870,1
strong,30871,1
strong,30872,1
strong,30873,1
strong,30874,1
strong,30875,1
strong,30876,1
strong,30877,1
strong,30878,1
strong,30879,1
strong,30880,1
strong,30881,1
strong,30882,1
strong,30883,1
strong,30884,1
strong,30885,1
strong,30886,1
strong,30887,1
strong,30888,1
strong,30889,1
strong,30890,1
strong,30891,1
strong,30892,1
strong,30893,1
strong,30894,1
strong,30895,1
strong,30896,1
strong,30897,1
strong,30898,1
strong,30899,1
strong,30900,1
strong,30901,1
strong,30902,1
strong,30903,1
strong,30904,1
strong,30905,1
strong,30906,1
strong,30907,1
strong,30908,1
strong,30909,1
strong,30910,1
strong,30911,1
strong,30912,1
strong,30913,1
strong,30914,1
strong,30915,1
strong,30916,1
strong,30917,1
strong,30918,1
strong,30919,1
strong,30920,1
strong,30921,1
strong,30922,1
strong,30923,1
strong,30924,1
strong,30925,1
strong,30926,1
strong,30927,1
strong,30928,1
strong,30929,1
strong,30930,1
strong,30931,1
strong,30932,1
strong,30933,1
strong,30934,1
strong,30935,1
strong,30936,1
strong,30937,1
strong,30938,1
strong,30939,1
strong,30940,1
strong,30941,1
strong,30942,1
strong,30943,1
strong,30944,1
strong,30945,1
strong,30946,1
strong,30947,1
strong,30948,1
strong,30949,1
strong,30950,1
strong,30951,1
strong,30952,1
strong,30953,1
strong,30954,1
strong,30955,1
strong,30956,1
strong,30957,1
strong,30958,1
strong,30959,1
strong,30960,1
strong,30961,1
strong,30962,1
strong,30963,1
strong,30964,1
strong,30965,1
strong,30966,1
strong,30967,1
strong,30968,1
strong,30969,1
strong,30970,1
strong,30971,1
strong,30972,1
strong,30973,1
strong,30974,1
strong,30975,1
strong,30976,1
strong,30977,1
strong,30978,1
strong,30979,1
strong,30980,1
strong,30981,1
strong,30982,1
strong,30983,1
strong,30984,1
strong,30985,1
strong,30986,1
strong,30987,1
strong,30988,1
strong,30989,1
strong,30990,1
strong,30991,1
strong,30992,1
strong,30993,1
strong,30994,1
strong,30995,1
strong,30996,1
strong,30997,1
strong,30998,1
strong,30999,1
strong,31000,1
strong,31001,1
strong,31002,1
strong,31003,1
strong,31004,1
strong,31005,1
strong,31006,1
strong,31007,1
strong,31008,1
strong,31009,1
strong,31010,1
strong,31011,1
strong,31012,1
strong,31013,1
strong,31014,1
strong,31015,1
strong,31016,1
strong,31017,1
strong,31018,1
strong,31019,1
strong,31020,1
strong,31021,1
strong,31022,1
strong,31023,1
strong,31024,1
strong,31025,1
strong,31026,1
strong,31027,1
strong,31028,1
strong,31029,1
strong,31030,1
strong,31031,1
strong,31032,1
strong,31033,1
strong,31034,1
strong,31035,1
strong,31036,1
strong,31037,1
strong,31038,1
strong,31039,1
strong,31040,1
strong,31041,1
strong,31042,1
strong,31043,1
strong,31044,1
strong,31045,1
strong,31046,1
strong,31047,1
strong,31048,1
strong,31049,1
strong,31050,1
strong,31051,1
strong,31052,1
strong,31053,1
strong,31054,1
strong,31055,1
strong,31056,1
strong,31057,1
strong,31058,1
strong,31059,1
strong,31060,1
strong,31061,1
strong,31062,1
strong,31063,1
strong,31064,1
strong,31065,1
strong,31066,1
strong,31067,1
strong,31068,1
strong,31069,1
strong,31070,1
strong,31071,1
strong,31072,1
strong,31073,1
strong,31074,1
strong,31075,1
strong,31076,1
strong,31077,1
strong,31078,1
strong,31079,1
strong,31080,1
strong,31081,1
strong,31082,1
strong,31083,1
strong,31084,1
strong,31085,1
strong,31086,1
strong,31087,1
strong,31088,1
strong,31089,1
strong,31090,1
strong,31091,1
strong,31092,1
strong,31093,1
strong,31094,1
strong,31095,1
strong,31096,1
strong,31097,1
strong,31098,1
strong,31099,1
strong,31100,1
strong,31101,1
strong,31102,1
strong,31103,1
strong,31104,1
strong,31105,1
strong,31106,1
strong,31107,1
strong,31108,1
strong,31109,1
strong,31110,1
strong,31111,1
strong,31112,1
strong,31113,1
strong,31114,1
strong,31115,1
strong,31116,1
strong,31117,1
strong,31118,1
strong,31119,1
strong,31120,1
strong,31121,1
strong,31122,1
strong,31123,1
strong,31124,1
strong,31125,1
strong,31126,1
strong,31127,1
strong,31128,1
strong,31129,1
strong,31130,1
strong,31131,1
strong,31132,1
strong,31133,1
strong,31134,1
strong,31135,1
strong,31136,1
strong,31137,1
strong,31138,1
strong,31139,1
strong,31140,1
strong,31141,1
strong,31142,1
strong,31143,1
strong,31144,1
strong,31145,1
strong,31146,1
strong,31147,1
strong,31148,1
strong,31149,1
strong,31150,1
strong,31151,1
strong,31152,1
strong,31153,1
strong,31154,1
strong,31155,1
strong,31156,1
strong,31157,1
strong,31158,1
strong,31159,1
strong,31160,1
strong,31161,1
strong,31162,1
strong,31163,1
strong,31164,1
strong,31165,1
strong,31166,1
strong,31167,1
strong,31168,1
strong,31169,1
strong,31170,1
strong,31171,1
strong,31172,1
strong,31173,1
strong,31174,1
strong,31175,1
strong,31176,1
strong,31177,1
strong,31178,1
strong,31179,1
strong,31180,1
strong,31181,1
strong,31182,1
strong,31183,1
strong,31184,1
strong,31185,1
strong,31186,1
strong,31187,1
strong,31188,1
strong,31189,1
strong,31190,1
strong,31191,1
strong,31192,1
strong,31193,1
strong,31194,1
strong,31195,1
strong,31196,1
strong,31197,1
strong,31198,1
strong,31199,1
strong,31200,1
strong,31201,1
strong,31202,1
strong,31203,1
strong,31204,1
strong,31205,1
strong,31206,1
strong,31207,1
strong,31208,1
strong,31209,1
strong,31210,1
strong,31211,1
strong,31212,1
strong,31213,1
strong,31214,1
strong,31215,1
strong,31216,1
strong,31217,1
strong,31218,1
strong,31219,1
strong,31220,1
strong,31221,1
strong,31222,1
strong,31223,1
strong,31224,1
strong,31225,1
strong,31226,1
strong,31227,1
strong,31228,1
strong,31229,1
strong,31230,1
strong,31231,1
strong,31232,1
strong,31233,1
strong,31234,1
strong,31235,1
strong,31236,1
strong,31237,1
strong,31238,1
strong,31239,1
strong,31240,1
strong,31241,1
strong,31242,1
strong,31243,1
strong,31244,1
strong,31245,1
strong,31246,1
strong,31247,1
strong,31248,1
strong,31249,1
strong,31250,1
strong,31251,1
strong,31252,1
strong,31253,1
strong,31254,1
strong,31255,1
strong,31256,1
strong,31257,1
strong,31258,1
strong,31259,1
strong,31260,1
strong,31261,1
strong,31262,1
strong,31263,1
strong,31264,1
strong,31265,1
strong,31266,1
strong,31267,1
strong,31268,1
strong,31269,1
strong,31270,1
strong,31271,1
strong,31272,1
strong,31273,1
strong,31274,1
strong,31275,1
strong,31276,1
strong,31277,1
strong,31278,1
strong,31279,1
strong,31280,1
strong,31281,1
strong,31282,1
strong,31283,1
strong,31284,1
strong,31285,1
strong,31286,1
strong,31287,1
strong,31288,1
strong,31289,1
strong,31290,1
strong,31291,1
strong,31292,1
strong,31293,1
strong,31294,1
strong,31295,1
strong,31296,1
strong,31297,1
strong,31298,1
strong,31299,1
strong,31300,1
strong,31301,1
strong,31302,1
strong,31303,1
strong,31304,1
strong,31305,1
strong,31306,1
strong,31307,1
strong,31308,1
strong,31309,1
strong,31310,1
strong,31311,1
strong,31312,1
strong,31313,1
strong,31314,1
strong,31315,1
strong,31316,1
strong,31317,1
strong,31318,1
strong,31319,1
strong,31320,1
strong,31321,1
strong,31322,1
strong,31323,1
strong,31324,1
strong,31325,1
strong,31326,1
strong,31327,1
strong,31328,1
strong,31329,1
strong,31330,1
strong,31331,1
strong,31332,1
strong,31333,1
strong,31334,1
strong,31335,1
strong,31336,1
strong,31337,1
strong,31338,1
strong,31339,1
strong,31340,1
strong,31341,1
strong,31342,1
strong,31343,1
strong,31344,1
strong,31345,1
strong,31346,1
strong,31347,1
strong,31348,1
strong,31349,1
strong,31350,1
strong,31351,1
strong,31352,1
strong,31353,1
strong,31354,1
strong,31355,1
strong,31356,1
strong,31357,1
strong,31358,1
strong,31359,1
strong,31360,1
strong,31361,1
strong,31362,1
strong,31363,1
strong,31364,1
strong,31365,1
strong,31366,1
strong,31367,1
strong,31368,1
strong,31369,1
strong,31370,1
strong,31371,1
strong,31372,1
strong,31373,1
strong,31374,1
strong,31375,1
strong,31376,1
strong,31377,1
strong,31378,1
strong,31379,1
strong,31380,1
strong,31381,1
strong,31382,1
strong,31383,1
strong,31384,1
strong,31385,1
strong,31386,1
strong,31387,1
strong,31388,1
strong,31389,1
strong,31390,1
strong,31391,1
strong,31392,1
strong,31393,1
strong,31394,1
strong,31395,1
strong,31396,1
strong,31397,1
strong,31398,1
strong,31399,1
strong,31400,1
strong,31401,1
strong,31402,1
strong,31403,1
strong,31404,1
strong,31405,1
strong,31406,1
strong,31407,1
strong,31408,1
strong,31409,1
strong,31410,1
strong,31411,1
strong,31412,1
strong,31413,1
strong,31414,1
strong,31415,1
strong,31416,1
strong,31417,1
strong,31418,1
strong,31419,1
strong,31420,1
strong,31421,1
strong,31422,1
strong,31423,1
strong,31424,1
strong,31425,1
strong,31426,1
strong,31427,1
strong,31428,1
strong,31429,1
strong,31430,1
strong,31431,1
strong,31432,1
strong,31433,1
strong,31434,1
strong,31435,1
strong,31436,1
strong,31437,1
strong,31438,1
strong,31439,1
strong,31440,1
strong,31441,1
strong,31442,1
strong,31443,1
strong,31444,1
strong,31445,1
strong,31446,1
strong,31447,1
strong,31448,1
strong,31449,1
strong,31450,1
strong,31451,1
strong,31452,1
strong,31453,1
strong,31454,1
strong,31455,1
strong,31456,1
strong,31457,1
strong,31458,1
strong,31459,1
strong,31460,1
strong,31461,1
strong,31462,1
strong,31463,1
strong,31464,1
strong,31465,1
strong,31466,1
strong,31467,1
strong,31468,1
strong,31469,1
strong,31470,1
strong,31471,1
strong,31472,1
strong,31473,1
strong,31474,1
strong,31475,1
strong,31476,1
strong,31477,1
strong,31478,1
strong,31479,1
strong,31480,1
strong,31481,1
strong,31482,1
strong,31483,1
strong,31484,1
strong,31485,1
strong,31486,1
strong,31487,1
strong,31488,1
strong,31489,1
strong,31490,1
strong,31491,1
strong,31492,1
strong,31493,1
strong,31494,1
strong,31495,1
strong,31496,1
strong,31497,1
strong,31498,1
strong,31499,1
strong,31500,1
strong,31501,1
strong,31502,1
strong,31503,1
strong,31504,1
strong,31505,1
strong,31506,1
strong,31507,1
strong,31508,1
strong,31509,1
strong,31510,1
strong,31511,1
strong,31512,1
strong,31513,1
strong,31514,1
strong,31515,1
strong,31516,1
strong,31517,1
strong,31518,1
strong,31519,1
strong,31520,1
strong,31521,1
strong,31522,1
strong,31523,1
strong,31524,1
strong,31525,1
strong,31526,1
strong,31527,1
strong,31528,1
strong,31529,1
strong,31530,1
strong,31531,1
strong,31532,1
strong,31533,1
strong,31534,1
strong,31535,1
strong,31536,1
strong,31537,1
strong,31538,1
strong,31539,1
strong,31540,1
strong,31541,1
strong,31542,1
strong,31543,1
strong,31544,1
strong,31545,1
strong,31546,1
strong,31547,1
strong,31548,1
strong,31549,1
strong,31550,1
strong,31551,1
strong,31552,1
strong,31553,1
strong,31554,1
strong,31555,1
strong,31556,1
strong,31557,1
strong,31558,1
strong,31559,1
strong,31560,1
strong,31561,1
strong,31562,1
strong,31563,1
strong,31564,1
strong,31565,1
strong,31566,1
strong,31567,1
strong,31568,1
strong,31569,1
strong,31570,1
strong,31571,1
strong,31572,1
strong,31573,1
strong,31574,1
strong,31575,1
strong,31576,1
strong,31577,1
strong,31578,1
strong,31579,1
strong,31580,1
strong,31581,1
strong,31582,1
strong,31583,1
strong,31584,1
strong,31585,1
strong,31586,1
strong,31587,1
strong,31588,1
strong,31589,1
strong,31590,1
strong,31591,1
strong,31592,1
strong,31593,1
strong,31594,1
strong,31595,1
strong,31596,1
strong,31597,1
strong,31598,1
strong,31599,1
strong,31600,1
strong,31601,1
strong,31602,1
strong,31603,1
strong,31604,1
strong,31605,1
strong,31606,1
strong,31607,1
strong,31608,1
strong,31609,1
strong,31610,1
strong,31611,1
strong,31612,1
strong,31613,1
strong,31614,1
strong,31615,1
strong,31616,1
strong,31617,1
strong,31618,1
strong,31619,1
strong,31620,1
strong,31621,1
strong,31622,1
strong,31623,1
strong,31624,1
strong,31625,1
strong,31626,1
strong,31627,1
strong,31628,1
strong,31629,1
strong,31630,1
strong,31631,1
strong,31632,1
strong,31633,1
strong,31634,1
strong,31635,1
strong,31636,1
strong,31637,1
strong,31638,1
strong,31639,1
strong,31640,1
strong,31641,1
strong,31642,1
strong,31643,1
strong,31644,1
strong,31645,1
strong,31646,1
strong,31647,1
strong,31648,1
strong,31649,1
strong,31650,1
strong,31651,1
strong,31652,1
strong,31653,1
strong,31654,1
strong,31655,1
strong,31656,1
strong,31657,1
strong,31658,1
strong,31659,1
strong,31660,1
strong,31661,1
strong,31662,1
strong,31663,1
strong,31664,1
strong,31665,1
strong,31666,1
strong,31667,1
strong,31668,1
strong,31669,1
strong,31670,1
strong,31671,1
strong,31672,1
strong,31673,1
strong,31674,1
strong,31675,1
strong,31676,1
strong,31677,1
strong,31678,1
strong,31679,1
strong,31680,1
strong,31681,1
strong,31682,1
strong,31683,1
strong,31684,1
strong,31685,1
strong,31686,1
strong,31687,1
strong,31688,1
strong,31689,1
strong,31690,1
strong,31691,1
strong,31692,1
strong,31693,1
strong,31694,1
strong,31695,1
strong,31696,1
strong,31697,1
strong,31698,1
strong,31699,1
strong,31700,1
strong,31701,1
strong,31702,1
strong,31703,1
strong,31704,1
strong,31705,1
strong,31706,1
strong,31707,1
strong,31708,1
strong,31709,1
strong,31710,1
strong,31711,1
strong,31712,1
strong,31713,1
strong,31714,1
strong,31715,1
strong,31716,1
strong,31717,1
strong,31718,1
strong,31719,1
strong,31720,1
strong,31721,1
strong,31722,1
strong,31723,1
strong,31724,1
strong,31725,1
strong,31726,1
strong,31727,1
strong,31728,1
strong,31729,1
strong,31730,1
strong,31731,1
strong,31732,1
strong,31733,1
strong,31734,1
strong,31735,1
strong,31736,1
strong,31737,1
strong,31738,1
strong,31739,1
strong,31740,1
strong,31741,1
strong,31742,1
strong,31743,1
strong,31744,1
strong,31745,1
strong,31746,1
strong,31747,1
strong,31748,1
strong,31749,1
strong,31750,1
strong,31751,1
strong,31752,1
strong,31753,1
strong,31754,1
strong,31755,1
strong,31756,1
strong,31757,1
strong,31758,1
strong,31759,1
strong,31760,1
strong,31761,1
strong,31762,1
strong,31763,1
strong,31764,1
strong,31765,1
strong,31766,1
strong,31767,1
strong,31768,1
strong,31769,1
strong,31770,1
strong,31771,1
strong,31772,1
strong,31773,1
strong,31774,1
strong,31775,1
strong,31776,1
strong,31777,1
strong,31778,1
strong,31779,1
strong,31780,1
strong,31781,1
strong,31782,1
strong,31783,1
strong,31784,1
strong,31785,1
strong,31786,1
strong,31787,1
strong,31788,1
strong,31789,1
strong,31790,1
strong,31791,1
strong,31792,1
strong,31793,1
strong,31794,1
strong,31795,1
strong,31796,1
strong,31797,1
strong,31798,1
strong,31799,1
strong,31800,1
strong,31801,1
strong,31802,1
strong,31803,1
strong,31804,1
strong,31805,1
strong,31806,1
strong,31807,1
strong,31808,1
strong,31809,1
strong,31810,1
strong,31811,1
strong,31812,1
strong,31813,1
strong,31814,1
strong,31815,1
strong,31816,1
strong,31817,1
strong,31818,1
strong,31819,1
strong,31820,1
strong,31821,1
strong,31822,1
strong,31823,1
strong,31824,1
strong,31825,1
strong,31826,1
strong,31827,1
strong,31828,1
strong,31829,1
strong,31830,1
strong,31831,1
strong,31832,1
strong,31833,1
strong,31834,1
strong,31835,1
strong,31836,1
strong,31837,1
strong,31838,1
strong,31839,1
strong,31840,1
strong,31841,1
strong,31842,1
strong,31843,1
strong,31844,1
strong,31845,1
strong,31846,1
strong,31847,1
strong,31848,1
strong,31849,1
strong,31850,1
strong,31851,1
strong,31852,1
strong,31853,1
strong,31854,1
strong,31855,1
strong,31856,1
strong,31857,1
strong,31858,1
strong,31859,1
strong,31860,1
strong,31861,1
strong,31862,1
strong,31863,1
strong,31864,1
strong,31865,1
strong,31866,1
strong,31867,1
strong,31868,1
strong,31869,1
strong,31870,1
strong,31871,1
strong,31872,1
strong,31873,1
strong,31874,1
strong,31875,1
strong,31876,1
strong,31877,1
strong,31878,1
strong,31879,1
strong,31880,1
strong,31881,1
strong,31882,1
strong,31883,1
strong,31884,1
strong,31885,1
strong,31886,1
strong,31887,1
strong,31888,1
strong,31889,1
strong,31890,1
strong,31891,1
strong,31892,1
strong,31893,1
strong,31894,1
strong,31895,1
strong,31896,1
strong,31897,1
strong,31898,1
strong,31899,1
strong,31900,1
strong,31901,1
strong,31902,1
strong,31903,1
strong,31904,1
strong,31905,1
strong,31906,1
strong,31907,1
strong,31908,1
strong,31909,1
strong,31910,1
strong,31911,1
strong,31912,1
strong,31913,1
strong,31914,1
strong,31915,1
strong,31916,1
strong,31917,1
strong,31918,1
strong,31919,1
strong,31920,1
strong,31921,1
strong,31922,1
strong,31923,1
strong,31924,1
strong,31925,1
strong,31926,1
strong,31927,1
strong,31928,1
strong,31929,1
strong,31930,1
strong,31931,1
strong,31932,1
strong,31933,1
strong,31934,1
strong,31935,1
strong,31936,1
strong,31937,1
strong,31938,1
strong,31939,1
strong,31940,1
strong,31941,1
strong,31942,1
strong,31943,1
strong,31944,1
strong,31945,1
strong,31946,1
strong,31947,1
strong,31948,1
strong,31949,1
strong,31950,1
strong,31951,1
strong,31952,1
strong,31953,1
strong,31954,1
strong,31955,1
strong,31956,1
strong,31957,1
strong,31958,1
strong,31959,1
strong,31960,1
strong,31961,1
strong,31962,1
strong,31963,1
strong,31964,1
strong,31965,1
strong,31966,1
strong,31967,1
strong,31968,1
strong,31969,1
strong,31970,1
strong,31971,1
strong,31972,1
strong,31973,1
strong,31974,1
strong,31975,1
strong,31976,1
strong,31977,1
strong,31978,1
strong,31979,1
strong,31980,1
strong,31981,1
strong,31982,1
strong,31983,1
strong,31984,1
strong,31985,1
strong,31986,1
strong,31987,1
strong,31988,1
strong,31989,1
strong,31990,1
strong,31991,1
strong,31992,1
strong,31993,1
strong,31994,1
strong,31995,1
strong,31996,1
strong,31997,1
strong,31998,1
strong,31999,1
strong,32000,1
strong,32001,1
strong,32002,1
strong,32003,1
strong,32004,1
strong,32005,1
strong,32006,1
strong,32007,1
strong,32008,1
strong,32009,1
strong,32010,1
strong,32011,1
strong,32012,1
strong,32013,1
strong,32014,1
strong,32015,1
strong,32016,1
strong,32017,1
strong,32018,1
strong,32019,1
strong,32020,1
strong,32021,1
strong,32022,1
strong,32023,1
strong,32024,1
strong,32025,1
strong,32026,1
strong,32027,1
strong,32028,1
strong,32029,1
strong,32030,1
strong,32031,1
strong,32032,1
strong,32033,1
strong,32034,1
strong,32035,1
strong,32036,1
strong,32037,1
strong,32038,1
strong,32039,1
strong,32040,1
strong,32041,1
strong,32042,1
strong,32043,1
strong,32044,1
strong,32045,1
strong,32046,1
strong,32047,1
strong,32048,1
strong,32049,1
strong,32050,1
strong,32051,1
strong,32052,1
strong,32053,1
strong,32054,1
strong,32055,1
strong,32056,1
strong,32057,1
strong,32058,1
strong,32059,1
strong,32060,1
strong,32061,1
strong,32062,1
strong,32063,1
strong,32064,1
strong,32065,1
strong,32066,1
strong,32067,1
strong,32068,1
strong,32069,1
strong,32070,1
strong,32071,1
strong,32072,1
strong,32073,1
strong,32074,1
strong,32075,1
strong,32076,1
strong,32077,1
strong,32078,1
strong,32079,1
strong,32080,1
strong,32081,1
strong,32082,1
strong,32083,1
strong,32084,1
strong,32085,1
strong,32086,1
strong,32087,1
strong,32088,1
strong,32089,1
strong,32090,1
strong,32091,1
strong,32092,1
strong,32093,1
strong,32094,1
strong,32095,1
strong,32096,1
strong,32097,1
strong,32098,1
strong,32099,1
strong,32100,1
strong,32101,1
strong,32102,1
strong,32103,1
strong,32104,1
strong,32105,1
strong,32106,1
strong,32107,1
strong,32108,1
strong,32109,1
strong,32110,1
strong,32111,1
strong,32112,1
strong,32113,1
strong,32114,1
strong,32115,1
strong,32116,1
strong,32117,1
strong,32118,1
strong,32119,1
strong,32120,1
strong,32121,1
strong,32122,1
strong,32123,1
strong,32124,1
strong,32125,1
strong,32126,1
strong,32127,1
strong,32128,1
strong,32129,1
strong,32130,1
strong,32131,1
strong,32132,1
strong,32133,1
strong,32134,1
strong,32135,1
strong,32136,1
strong,32137,1
strong,32138,1
strong,32139,1
strong,32140,1
strong,32141,1
strong,32142,1
strong,32143,1
strong,32144,1
strong,32145,1
strong,32146,1
strong,32147,1
strong,32148,1
strong,32149,1
strong,32150,1
strong,32151,1
strong,32152,1
strong,32153,1
strong,32154,1
strong,32155,1
strong,32156,1
strong,32157,1
strong,32158,1
strong,32159,1
strong,32160,1
strong,32161,1
strong,32162,1
strong,32163,1
strong,32164,1
strong,32165,1
strong,32166,1
strong,32167,1
strong,32168,1
strong,32169,1
strong,32170,1
strong,32171,1
strong,32172,1
strong,32173,1
strong,32174,1
strong,32175,1
strong,32176,1
strong,32177,1
strong,32178,1
strong,32179,1
strong,32180,1
strong,32181,1
strong,32182,1
strong,32183,1
strong,32184,1
strong,32185,1
strong,32186,1
strong,32187,1
strong,32188,1
strong,32189,1
strong,32190,1
strong,32191,1
strong,32192,1
strong,32193,1
strong,32194,1
strong,32195,1
strong,32196,1
strong,32197,1
strong,32198,1
strong,32199,1
strong,32200,1
strong,32201,1
strong,32202,1
strong,32203,1
strong,32204,1
strong,32205,1
strong,32206,1
strong,32207,1
strong,32208,1
strong,32209,1
strong,32210,1
strong,32211,1
strong,32212,1
strong,32213,1
strong,32214,1
strong,32215,1
strong,32216,1
strong,32217,1
strong,32218,1
strong,32219,1
strong,32220,1
strong,32221,1
strong,32222,1
strong,32223,1
strong,32224,1
strong,32225,1
strong,32226,1
strong,32227,1
strong,32228,1
strong,32229,1
strong,32230,1
strong,32231,1
strong,32232,1
strong,32233,1
strong,32234,1
strong,32235,1
strong,32236,1
strong,32237,1
strong,32238,1
strong,32239,1
strong,32240,1
strong,32241,1
strong,32242,1
strong,32243,1
strong,32244,1
strong,32245,1
strong,32246,1
strong,32247,1
strong,32248,1
strong,32249,1
strong,32250,1
strong,32251,1
strong,32252,1
strong,32253,1
strong,32254,1
strong,32255,1
strong,32256,1
strong,32257,1
strong,32258,1
strong,32259,1
strong,32260,1
strong,32261,1
strong,32262,1
strong,32263,1
strong,32264,1
strong,32265,1
strong,32266,1
strong,32267,1
strong,32268,1
strong,32269,1
strong,32270,1
strong,32271,1
strong,32272,1
strong,32273,1
strong,32274,1
strong,32275,1
strong,32276,1
strong,32277,1
strong,32278,1
strong,32279,1
strong,32280,1
strong,32281,1
strong,32282,1
strong,32283,1
strong,32284,1
strong,32285,1
strong,32286,1
strong,32287,1
strong,32288,1
strong,32289,1
strong,32290,1
strong,32291,1
strong,32292,1
strong,32293,1
strong,32294,1
strong,32295,1
strong,32296,1
strong,32297,1
strong,32298,1
strong,32299,1
strong,32300,1
strong,32301,1
strong,32302,1
strong,32303,1
strong,32304,1
strong,32305,1
strong,32306,1
strong,32307,1
strong,32308,1
strong,32309,1
strong,32310,1
strong,32311,1
strong,32312,1
strong,32313,1
strong,32314,1
strong,32315,1
strong,32316,1
strong,32317,1
strong,32318,1
strong,32319,1
strong,32320,1
strong,32321,1
strong,32322,1
strong,32323,1
strong,32324,1
strong,32325,1
strong,32326,1
strong,32327,1
strong,32328,1
strong,32329,1
strong,32330,1
strong,32331,1
strong,32332,1
strong,32333,1
strong,32334,1
strong,32335,1
strong,32336,1
strong,32337,1
strong,32338,1
strong,32339,1
strong,32340,1
strong,32341,1
strong,32342,1
strong,32343,1
strong,32344,1
strong,32345,1
strong,32346,1
strong,32347,1
strong,32348,1
strong,32349,1
strong,32350,1
strong,32351,1
strong,32352,1
strong,32353,1
strong,32354,1
strong,32355,1
strong,32356,1
strong,32357,1
strong,32358,1
strong,32359,1
strong,32360,1
strong,32361,1
strong,32362,1
strong,32363,1
strong,32364,1
strong,32365,1
strong,32366,1
strong,32367,1
strong,32368,1
strong,32369,1
strong,32370,1
strong,32371,1
strong,32372,1
strong,32373,1
strong,32374,1
strong,32375,1
strong,32376,1
strong,32377,1
strong,32378,1
strong,32379,1
strong,32380,1
strong,32381,1
strong,32382,1
strong,32383,1
strong,32384,1
strong,32385,1
strong,32386,1
strong,32387,1
strong,32388,1
strong,32389,1
strong,32390,1
strong,32391,1
strong,32392,1
strong,32393,1
strong,32394,1
strong,32395,1
strong,32396,1
strong,32397,1
strong,32398,1
strong,32399,1
strong,32400,1
strong,32401,1
strong,32402,1
strong,32403,1
strong,32404,1
strong,32405,1
strong,32406,1
strong,32407,1
strong,32408,1
strong,32409,1
strong,32410,1
strong,32411,1
strong,32412,1
strong,32413,1
strong,32414,1
strong,32415,1
strong,32416,1
strong,32417,1
strong,32418,1
strong,32419,1
strong,32420,1
strong,32421,1
strong,32422,1
strong,32423,1
strong,32424,1
strong,32425,1
strong,32426,1
strong,32427,1
strong,32428,1
strong,32429,1
strong,32430,1
strong,32431,1
strong,32432,1
strong,32433,1
strong,32434,1
strong,32435,1
strong,32436,1
strong,32437,1
strong,32438,1
strong,32439,1
strong,32440,1
strong,32441,1
strong,32442,1
strong,32443,1
strong,32444,1
strong,32445,1
strong,32446,1
strong,32447,1
strong,32448,1
strong,32449,1
strong,32450,1
strong,32451,1
strong,32452,1
strong,32453,1
strong,32454,1
strong,32455,1
strong,32456,1
strong,32457,1
strong,32458,1
strong,32459,1
strong,32460,1
strong,32461,1
strong,32462,1
strong,32463,1
strong,32464,1
strong,32465,1
strong,32466,1
strong,32467,1
strong,32468,1
strong,32469,1
strong,32470,1
strong,32471,1
strong,32472,1
strong,32473,1
strong,32474,1
strong,32475,1
strong,32476,1
strong,32477,1
strong,32478,1
strong,32479,1
strong,32480,1
strong,32481,1
strong,32482,1
strong,32483,1
strong,32484,1
strong,32485,1
strong,32486,1
strong,32487,1
strong,32488,1
strong,32489,1
strong,32490,1
strong,32491,1
strong,32492,1
strong,32493,1
strong,32494,1
strong,32495,1
strong,32496,1
strong,32497,1
strong,32498,1
strong,32499,1
strong,32500,1
strong,32501,1
strong,32502,1
strong,32503,1
strong,32504,1
strong,32505,1
strong,32506,1
strong,32507,1
strong,32508,1
strong,32509,1
strong,32510,1
strong,32511,1
strong,32512,1
strong,32513,1
strong,32514,1
strong,32515,1
strong,32516,1
strong,32517,1
strong,32518,1
strong,32519,1
strong,32520,1
strong,32521,1
strong,32522,1
strong,32523,1
strong,32524,1
strong,32525,1
strong,32526,1
strong,32527,1
strong,32528,1
strong,32529,1
strong,32530,1
strong,32531,1
strong,32532,1
strong,32533,1
strong,32534,1
strong,32535,1
strong,32536,1
strong,32537,1
strong,32538,1
strong,32539,1
strong,32540,1
strong,32541,1
strong,32542,1
strong,32543,1
strong,32544,1
strong,32545,1
strong,32546,1
strong,32547,1
strong,32548,1
strong,32549,1
strong,32550,1
strong,32551,1
strong,32552,1
strong,32553,1
strong,32554,1
strong,32555,1
strong,32556,1
strong,32557,1
strong,32558,1
strong,32559,1
strong,32560,1
strong,32561,1
strong,32562,1
strong,32563,1
strong,32564,1
strong,32565,1
strong,32566,1
strong,32567,1
strong,32568,1
strong,32569,1
strong,32570,1
strong,32571,1
strong,32572,1
strong,32573,1
strong,32574,1
strong,32575,1
strong,32576,1
strong,32577,1
strong,32578,1
strong,32579,1
strong,32580,1
strong,32581,1
strong,32582,1
strong,32583,1
strong,32584,1
strong,32585,1
strong,32586,1
strong,32587,1
strong,32588,1
strong,32589,1
strong,32590,1
strong,32591,1
strong,32592,1
strong,32593,1
strong,32594,1
strong,32595,1
strong,32596,1
strong,32597,1
strong,32598,1
strong,32599,1
strong,32600,1
strong,32601,1
strong,32602,1
strong,32603,1
strong,32604,1
strong,32605,1
strong,32606,1
strong,32607,1
strong,32608,1
strong,32609,1
strong,32610,1
strong,32611,1
strong,32612,1
strong,32613,1
strong,32614,1
strong,32615,1
strong,32616,1
strong,32617,1
strong,32618,1
strong,32619,1
strong,32620,1
strong,32621,1
strong,32622,1
strong,32623,1
strong,32624,1
strong,32625,1
strong,32626,1
strong,32627,1
strong,32628,1
strong,32629,1
strong,32630,1
strong,32631,1
strong,32632,1
strong,32633,1
strong,32634,1
strong,32635,1
strong,32636,1
strong,32637,1
strong,32638,1
strong,32639,1
strong,32640,1
strong,32641,1
strong,32642,1
strong,32643,1
strong,32644,1
strong,32645,1
strong,32646,1
strong,32647,1
strong,32648,1
strong,32649,1
strong,32650,1
strong,32651,1
strong,32652,1
strong,32653,1
strong,32654,1
strong,32655,1
strong,32656,1
strong,32657,1
strong,32658,1
strong,32659,1
strong,32660,1
strong,32661,1
strong,32662,1
strong,32663,1
strong,32664,1
strong,32665,1
strong,32666,1
strong,32667,1
strong,32668,1
strong,32669,1
strong,32670,1
strong,32671,1
strong,32672,1
strong,32673,1
strong,32674,1
strong,32675,1
strong,32676,1
strong,32677,1
strong,32678,1
strong,32679,1
strong,32680,1
strong,32681,1
strong,32682,1
strong,32683,1
strong,32684,1
strong,32685,1
strong,32686,1
strong,32687,1
strong,32688,1
strong,32689,1
strong,32690,1
strong,32691,1
strong,32692,1
strong,32693,1
strong,32694,1
strong,32695,1
strong,32696,1
strong,32697,1
strong,32698,1
strong,32699,1
strong,32700,1
strong,32701,1
strong,32702,1
strong,32703,1
strong,32704,1
strong,32705,1
strong,32706,1
strong,32707,1
strong,32708,1
strong,32709,1
strong,32710,1
strong,32711,1
strong,32712,1
strong,32713,1
strong,32714,1
strong,32715,1
strong,32716,1
strong,32717,1
strong,32718,1
strong,32719,1
strong,32720,1
strong,32721,1
strong,32722,1
strong,32723,1
strong,32724,1
strong,32725,1
strong,32726,1
strong,32727,1
strong,32728,1
strong,32729,1
strong,32730,1
strong,32731,1
strong,32732,1
strong,32733,1
strong,32734,1
strong,32735,1
strong,32736,1
strong,32737,1
strong,32738,1
strong,32739,1
strong,32740,1
strong,32741,1
strong,32742,1
strong,32743,1
strong,32744,1
strong,32745,1
strong,32746,1
strong,32747,1
strong,32748,1
strong,32749,1
strong,32750,1
strong,32751,1
strong,32752,1
strong,32753,1
strong,32754,1
strong,32755,1
strong,32756,1
strong,32757,1
strong,32758,1
strong,32759,1
strong,32760,1
strong,32761,1
strong,32762,1
strong,32763,1
strong,32764,1
strong,32765,1
strong,32766,1
strong,32767,1
strong,32768,1
strong,32769,1
strong,32770,1
strong,32771,1
strong,32772,1
strong,32773,1
strong,32774,1
strong,32775,1
strong,32776,1
strong,32777,1
strong,32778,1
strong,32779,1
strong,32780,1
strong,32781,1
strong,32782,1
strong,32783,1
strong,32784,1
strong,32785,1
strong,32786,1
strong,32787,1
strong,32788,1
strong,32789,1
strong,32790,1
strong,32791,1
strong,32792,1
strong,32793,1
strong,32794,1
strong,32795,1
strong,32796,1
strong,32797,1
strong,32798,1
strong,32799,1
strong,32800,1
strong,32801,1
strong,32802,1
strong,32803,1
strong,32804,1
strong,32805,1
strong,32806,1
strong,32807,1
strong,32808,1
strong,32809,1
strong,32810,1
strong,32811,1
strong,32812,1
strong,32813,1
strong,32814,1
strong,32815,1
strong,32816,1
strong,32817,1
strong,32818,1
strong,32819,1
strong,32820,1
strong,32821,1
strong,32822,1
strong,32823,1
strong,32824,1
strong,32825,1
strong,32826,1
strong,32827,1
strong,32828,1
strong,32829,1
strong,32830,1
strong,32831,1
strong,32832,1
strong,32833,1
strong,32834,1
strong,32835,1
strong,32836,1
strong,32837,1
strong,32838,1
strong,32839,1
strong,32840,1
strong,32841,1
strong,32842,1
strong,32843,1
strong,32844,1
strong,32845,1
strong,32846,1
strong,32847,1
strong,32848,1
strong,32849,1
strong,32850,1
strong,32851,1
strong,32852,1
strong,32853,1
strong,32854,1
strong,32855,1
strong,32856,1
strong,32857,1
strong,32858,1
strong,32859,1
strong,32860,1
strong,32861,1
strong,32862,1
strong,32863,1
strong,32864,1
strong,32865,1
strong,32866,1
strong,32867,1
strong,32868,1
strong,32869,1
strong,32870,1
strong,32871,1
strong,32872,1
strong,32873,1
strong,32874,1
strong,32875,1
strong,32876,1
strong,32877,1
strong,32878,1
strong,32879,1
strong,32880,1
strong,32881,1
strong,32882,1
strong,32883,1
strong,32884,1
strong,32885,1
strong,32886,1
strong,32887,1
strong,32888,1
strong,32889,1
strong,32890,1
strong,32891,1
strong,32892,1
strong,32893,1
strong,32894,1
strong,32895,1
strong,32896,1
strong,32897,1
strong,32898,1
strong,32899,1
strong,32900,1
strong,32901,1
strong,32902,1
strong,32903,1
strong,32904,1
strong,32905,1
strong,32906,1
strong,32907,1
strong,32908,1
strong,32909,1
strong,32910,1
strong,32911,1
strong,32912,1
strong,32913,1
strong,32914,1
strong,32915,1
strong,32916,1
strong,32917,1
strong,32918,1
strong,32919,1
strong,32920,1
strong,32921,1
strong,32922,1
strong,32923,1
strong,32924,1
strong,32925,1
strong,32926,1
strong,32927,1
strong,32928,1
strong,32929,1
strong,32930,1
strong,32931,1
strong,32932,1
strong,32933,1
strong,32934,1
strong,32935,1
strong,32936,1
strong,32937,1
strong,32938,1
strong,32939,1
strong,32940,1
strong,32941,1
strong,32942,1
strong,32943,1
strong,32944,1
strong,32945,1
strong,32946,1
strong,32947,1
strong,32948,1
strong,32949,1
strong,32950,1
strong,32951,1
strong,32952,1
strong,32953,1
strong,32954,1
strong,32955,1
strong,32956,1
strong,32957,1
strong,32958,1
strong,32959,1
strong,32960,1
strong,32961,1
strong,32962,1
strong,32963,1
strong,32964,1
strong,32965,1
strong,32966,1
strong,32967,1
strong,32968,1
strong,32969,1
strong,32970,1
strong,32971,1
strong,32972,1
strong,32973,1
strong,32974,1
strong,32975,1
strong,32976,1
strong,32977,1
strong,32978,1
strong,32979,1
strong,32980,1
strong,32981,1
strong,32982,1
strong,32983,1
strong,32984,1
strong,32985,1
strong,32986,1
strong,32987,1
strong,32988,1
strong,32989,1
strong,32990,1
strong,32991,1
strong,32992,1
strong,32993,1
strong,32994,1
strong,32995,1
strong,32996,1
strong,32997,1
strong,32998,1
strong,32999,1
strong,33000,1
strong,33001,1
strong,33002,1
strong,33003,1
strong,33004,1
strong,33005,1
strong,33006,1
strong,33007,1
strong,33008,1
strong,33009,1
strong,33010,1
strong,33011,1
strong,33012,1
strong,33013,1
strong,33014,1
strong,33015,1
strong,33016,1
strong,33017,1
strong,33018,1
strong,33019,1
strong,33020,1
strong,33021,1
strong,33022,1
strong,33023,1
strong,33024,1
strong,33025,1
strong,33026,1
strong,33027,1
strong,33028,1
strong,33029,1
strong,33030,1
strong,33031,1
strong,33032,1
strong,33033,1
strong,33034,1
strong,33035,1
strong,33036,1
strong,33037,1
strong,33038,1
strong,33039,1
strong,33040,1
strong,33041,1
strong,33042,1
strong,33043,1
strong,33044,1
strong,33045,1
strong,33046,1
strong,33047,1
strong,33048,1
strong,33049,1
strong,33050,1
strong,33051,1
strong,33052,1
strong,33053,1
strong,33054,1
strong,33055,1
strong,33056,1
strong,33057,1
strong,33058,1
strong,33059,1
strong,33060,1
strong,33061,1
strong,33062,1
strong,33063,1
strong,33064,1
strong,33065,1
strong,33066,1
strong,33067,1
strong,33068,1
strong,33069,1
strong,33070,1
strong,33071,1
strong,33072,1
strong,33073,1
strong,33074,1
strong,33075,1
strong,33076,1
strong,33077,1
strong,33078,1
strong,33079,1
strong,33080,1
strong,33081,1
strong,33082,1
strong,33083,1
strong,33084,1
strong,33085,1
strong,33086,1
strong,33087,1
strong,33088,1
strong,33089,1
strong,33090,1
strong,33091,1
strong,33092,1
strong,33093,1
strong,33094,1
strong,33095,1
strong,33096,1
strong,33097,1
strong,33098,1
strong,33099,1
strong,33100,1
strong,33101,1
strong,33102,1
strong,33103,1
strong,33104,1
strong,33105,1
strong,33106,1
strong,33107,1
strong,33108,1
strong,33109,1
strong,33110,1
strong,33111,1
strong,33112,1
strong,33113,1
strong,33114,1
strong,33115,1
strong,33116,1
strong,33117,1
strong,33118,1
strong,33119,1
strong,33120,1
strong,33121,1
strong,33122,1
strong,33123,1
strong,33124,1
strong,33125,1
strong,33126,1
strong,33127,1
strong,33128,1
strong,33129,1
strong,33130,1
strong,33131,1
strong,33132,1
strong,33133,1
strong,33134,1
strong,33135,1
strong,33136,1
strong,33137,1
strong,33138,1
strong,33139,1
strong,33140,1
strong,33141,1
strong,33142,1
strong,33143,1
strong,33144,1
strong,33145,1
strong,33146,1
strong,33147,1
strong,33148,1
strong,33149,1
strong,33150,1
strong,33151,1
strong,33152,1
strong,33153,1
strong,33154,1
strong,33155,1
strong,33156,1
strong,33157,1
strong,33158,1
strong,33159,1
strong,33160,1
strong,33161,1
strong,33162,1
strong,33163,1
strong,33164,1
strong,33165,1
strong,33166,1
strong,33167,1
strong,33168,1
strong,33169,1
strong,33170,1
strong,33171,1
strong,33172,1
strong,33173,1
strong,33174,1
strong,33175,1
strong,33176,1
strong,33177,1
strong,33178,1
strong,33179,1
strong,33180,1
strong,33181,1
strong,33182,1
strong,33183,1
strong,33184,1
strong,33185,1
strong,33186,1
strong,33187,1
strong,33188,1
strong,33189,1
strong,33190,1
strong,33191,1
strong,33192,1
strong,33193,1
strong,33194,1
strong,33195,1
strong,33196,1
strong,33197,1
strong,33198,1
strong,33199,1
strong,33200,1
strong,33201,1
strong,33202,1
strong,33203,1
strong,33204,1
strong,33205,1
strong,33206,1
strong,33207,1
strong,33208,1
strong,33209,1
strong,33210,1
strong,33211,1
strong,33212,1
strong,33213,1
strong,33214,1
strong,33215,1
strong,33216,1
strong,33217,1
strong,33218,1
strong,33219,1
strong,33220,1
strong,33221,1
strong,33222,1
strong,33223,1
strong,33224,1
strong,33225,1
strong,33226,1
strong,33227,1
strong,33228,1
strong,33229,1
strong,33230,1
strong,33231,1
strong,33232,1
strong,33233,1
strong,33234,1
strong,33235,1
strong,33236,1
strong,33237,1
strong,33238,1
strong,33239,1
strong,33240,1
strong,33241,1
strong,33242,1
strong,33243,1
strong,33244,1
strong,33245,1
strong,33246,1
strong,33247,1
strong,33248,1
strong,33249,1
strong,33250,1
strong,33251,1
strong,33252,1
strong,33253,1
strong,33254,1
strong,33255,1
strong,33256,1
strong,33257,1
strong,33258,1
strong,33259,1
strong,33260,1
strong,33261,1
strong,33262,1
strong,33263,1
strong,33264,1
strong,33265,1
strong,33266,1
strong,33267,1
strong,33268,1
strong,33269,1
strong,33270,1
strong,33271,1
strong,33272,1
strong,33273,1
strong,33274,1
strong,33275,1
strong,33276,1
strong,33277,1
strong,33278,1
strong,33279,1
strong,33280,1
strong,33281,1
strong,33282,1
strong,33283,1
strong,33284,1
strong,33285,1
strong,33286,1
strong,33287,1
strong,33288,1
strong,33289,1
strong,33290,1
strong,33291,1
strong,33292,1
strong,33293,1
strong,33294,1
strong,33295,1
strong,33296,1
strong,33297,1
strong,33298,1
strong,33299,1
strong,33300,1
strong,33301,1
strong,33302,1
strong,33303,1
strong,33304,1
strong,33305,1
strong,33306,1
strong,33307,1
strong,33308,1
strong,33309,1
strong,33310,1
strong,33311,1
strong,33312,1
strong,33313,1
strong,33314,1
strong,33315,1
strong,33316,1
strong,33317,1
strong,33318,1
strong,33319,1
strong,33320,1
strong,33321,1
strong,33322,1
strong,33323,1
strong,33324,1
strong,33325,1
strong,33326,1
strong,33327,1
strong,33328,1
strong,33329,1
strong,33330,1
strong,33331,1
strong,33332,1
strong,33333,1
strong,33334,1
strong,33335,1
strong,33336,1
strong,33337,1
strong,33338,1
strong,33339,1
strong,33340,1
strong,33341,1
strong,33342,1
strong,33343,1
strong,33344,1
strong,33345,1
strong,33346,1
strong,33347,1
strong,33348,1
strong,33349,1
strong,33350,1
strong,33351,1
strong,33352,1
strong,33353,1
strong,33354,1
strong,33355,1
strong,33356,1
strong,33357,1
strong,33358,1
strong,33359,1
strong,33360,1
strong,33361,1
strong,33362,1
strong,33363,1
strong,33364,1
strong,33365,1
strong,33366,1
strong,33367,1
strong,33368,1
strong,33369,1
strong,33370,1
strong,33371,1
strong,33372,1
strong,33373,1
strong,33374,1
strong,33375,1
strong,33376,1
strong,33377,1
strong,33378,1
strong,33379,1
strong,33380,1
strong,33381,1
strong,33382,1
strong,33383,1
strong,33384,1
strong,33385,1
strong,33386,1
strong,33387,1
strong,33388,1
strong,33389,1
strong,33390,1
strong,33391,1
strong,33392,1
strong,33393,1
strong,33394,1
strong,33395,1
strong,33396,1
strong,33397,1
strong,33398,1
strong,33399,1
strong,33400,1
strong,33401,1
strong,33402,1
strong,33403,1
strong,33404,1
strong,33405,1
strong,33406,1
strong,33407,1
strong,33408,1
strong,33409,1
strong,33410,1
strong,33411,1
strong,33412,1
strong,33413,1
strong,33414,1
strong,33415,1
strong,33416,1
strong,33417,1
strong,33418,1
strong,33419,1
strong,33420,1
strong,33421,1
strong,33422,1
strong,33423,1
strong,33424,1
strong,33425,1
strong,33426,1
strong,33427,1
strong,33428,1
strong,33429,1
strong,33430,1
strong,33431,1
strong,33432,1
strong,33433,1
strong,33434,1
strong,33435,1
strong,33436,1
strong,33437,1
strong,33438,1
strong,33439,1
strong,33440,1
strong,33441,1
strong,33442,1
strong,33443,1
strong,33444,1
strong,33445,1
strong,33446,1
strong,33447,1
strong,33448,1
strong,33449,1
strong,33450,1
strong,33451,1
strong,33452,1
strong,33453,1
strong,33454,1
strong,33455,1
strong,33456,1
strong,33457,1
strong,33458,1
strong,33459,1
strong,33460,1
strong,33461,1
strong,33462,1
strong,33463,1
strong,33464,1
strong,33465,1
strong,33466,1
strong,33467,1
strong,33468,1
strong,33469,1
strong,33470,1
strong,33471,1
strong,33472,1
strong,33473,1
strong,33474,1
strong,33475,1
strong,33476,1
strong,33477,1
strong,33478,1
strong,33479,1
strong,33480,1
strong,33481,1
strong,33482,1
strong,33483,1
strong,33484,1
strong,33485,1
strong,33486,1
strong,33487,1
strong,33488,1
strong,33489,1
strong,33490,1
strong,33491,1
strong,33492,1
strong,33493,1
strong,33494,1
strong,33495,1
strong,33496,1
strong,33497,1
strong,33498,1
strong,33499,1
strong,33500,1
strong,33501,1
strong,33502,1
strong,33503,1
strong,33504,1
strong,33505,1
strong,33506,1
strong,33507,1
strong,33508,1
strong,33509,1
strong,33510,1
strong,33511,1
strong,33512,1
strong,33513,1
strong,33514,1
strong,33515,1
strong,33516,1
strong,33517,1
strong,33518,1
strong,33519,1
strong,33520,1
strong,33521,1
strong,33522,1
strong,33523,1
strong,33524,1
strong,33525,1
strong,33526,1
strong,33527,1
strong,33528,1
strong,33529,1
strong,33530,1
strong,33531,1
strong,33532,1
strong,33533,1
strong,33534,1
strong,33535,1
strong,33536,1
strong,33537,1
strong,33538,1
strong,33539,1
strong,33540,1
strong,33541,1
strong,33542,1
strong,33543,1
strong,33544,1
strong,33545,1
strong,33546,1
strong,33547,1
strong,33548,1
strong,33549,1
strong,33550,1
strong,33551,1
strong,33552,1
strong,33553,1
strong,33554,1
strong,33555,1
strong,33556,1
strong,33557,1
strong,33558,1
strong,33559,1
strong,33560,1
strong,33561,1
strong,33562,1
strong,33563,1
strong,33564,1
strong,33565,1
strong,33566,1
strong,33567,1
strong,33568,1
strong,33569,1
strong,33570,1
strong,33571,1
strong,33572,1
strong,33573,1
strong,33574,1
strong,33575,1
strong,33576,1
strong,33577,1
strong,33578,1
strong,33579,1
strong,33580,1
strong,33581,1
strong,33582,1
strong,33583,1
strong,33584,1
strong,33585,1
strong,33586,1
strong,33587,1
strong,33588,1
strong,33589,1
strong,33590,1
strong,33591,1
strong,33592,1
strong,33593,1
strong,33594,1
strong,33595,1
strong,33596,1
strong,33597,1
strong,33598,1
strong,33599,1
strong,33600,1
strong,33601,1
strong,33602,1
strong,33603,1
strong,33604,1
strong,33605,1
strong,33606,1
strong,33607,1
strong,33608,1
strong,33609,1
strong,33610,1
strong,33611,1
strong,33612,1
strong,33613,1
strong,33614,1
strong,33615,1
strong,33616,1
strong,33617,1
strong,33618,1
strong,33619,1
strong,33620,1
strong,33621,1
strong,33622,1
strong,33623,1
strong,33624,1
strong,33625,1
strong,33626,1
strong,33627,1
strong,33628,1
strong,33629,1
strong,33630,1
strong,33631,1
strong,33632,1
strong,33633,1
strong,33634,1
strong,33635,1
strong,33636,1
strong,33637,1
strong,33638,1
strong,33639,1
strong,33640,1
strong,33641,1
strong,33642,1
strong,33643,1
strong,33644,1
strong,33645,1
strong,33646,1
strong,33647,1
strong,33648,1
strong,33649,1
strong,33650,1
strong,33651,1
strong,33652,1
strong,33653,1
strong,33654,1
strong,33655,1
strong,33656,1
strong,33657,1
strong,33658,1
strong,33659,1
strong,33660,1
strong,33661,1
strong,33662,1
strong,33663,1
strong,33664,1
strong,33665,1
strong,33666,1
strong,33667,1
strong,33668,1
strong,33669,1
strong,33670,1
strong,33671,1
strong,33672,1
strong,33673,1
strong,33674,1
strong,33675,1
strong,33676,1
strong,33677,1
strong,33678,1
strong,33679,1
strong,33680,1
strong,33681,1
strong,33682,1
strong,33683,1
strong,33684,1
strong,33685,1
strong,33686,1
strong,33687,1
strong,33688,1
strong,33689,1
strong,33690,1
strong,33691,1
strong,33692,1
strong,33693,1
strong,33694,1
strong,33695,1
strong,33696,1
strong,33697,1
strong,33698,1
strong,33699,1
strong,33700,1
strong,33701,1
strong,33702,1
strong,33703,1
strong,33704,1
strong,33705,1
strong,33706,1
strong,33707,1
strong,33708,1
strong,33709,1
strong,33710,1
strong,33711,1
strong,33712,1
strong,33713,1
strong,33714,1
strong,33715,1
strong,33716,1
strong,33717,1
strong,33718,1
strong,33719,1
strong,33720,1
strong,33721,1
strong,33722,1
strong,33723,1
strong,33724,1
strong,33725,1
strong,33726,1
strong,33727,1
strong,33728,1
strong,33729,1
strong,33730,1
strong,33731,1
strong,33732,1
strong,33733,1
strong,33734,1
strong,33735,1
strong,33736,1
strong,33737,1
strong,33738,1
strong,33739,1
strong,33740,1
strong,33741,1
strong,33742,1
strong,33743,1
strong,33744,1
strong,33745,1
strong,33746,1
strong,33747,1
strong,33748,1
strong,33749,1
strong,33750,1
strong,33751,1
strong,33752,1
strong,33753,1
strong,33754,1
strong,33755,1
strong,33756,1
strong,33757,1
strong,33758,1
strong,33759,1
strong,33760,1
strong,33761,1
strong,33762,1
strong,33763,1
strong,33764,1
strong,33765,1
strong,33766,1
strong,33767,1
strong,33768,1
strong,33769,1
strong,33770,1
strong,33771,1
strong,33772,1
strong,33773,1
strong,33774,1
strong,33775,1
strong,33776,1
strong,33777,1
strong,33778,1
strong,33779,1
strong,33780,1
strong,33781,1
strong,33782,1
strong,33783,1
strong,33784,1
strong,33785,1
strong,33786,1
strong,33787,1
strong,33788,1
strong,33789,1
strong,33790,1
strong,33791,1
strong,33792,1
strong,33793,1
strong,33794,1
strong,33795,1
strong,33796,1
strong,33797,1
strong,33798,1
strong,33799,1
strong,33800,1
strong,33801,1
strong,33802,1
strong,33803,1
strong,33804,1
strong,33805,1
strong,33806,1
strong,33807,1
strong,33808,1
strong,33809,1
strong,33810,1
strong,33811,1
strong,33812,1
strong,33813,1
strong,33814,1
strong,33815,1
strong,33816,1
strong,33817,1
strong,33818,1
strong,33819,1
strong,33820,1
strong,33821,1
strong,33822,1
strong,33823,1
strong,33824,1
strong,33825,1
strong,33826,1
strong,33827,1
strong,33828,1
strong,33829,1
strong,33830,1
strong,33831,1
strong,33832,1
strong,33833,1
strong,33834,1
strong,33835,1
strong,33836,1
strong,33837,1
strong,33838,1
strong,33839,1
strong,33840,1
strong,33841,1
strong,33842,1
strong,33843,1
strong,33844,1
strong,33845,1
strong,33846,1
strong,33847,1
strong,33848,1
strong,33849,1
strong,33850,1
strong,33851,1
strong,33852,1
strong,33853,1
strong,33854,1
strong,33855,1
strong,33856,1
strong,33857,1
strong,33858,1
strong,33859,1
strong,33860,1
strong,33861,1
strong,33862,1
strong,33863,1
strong,33864,1
strong,33865,1
strong,33866,1
strong,33867,1
strong,33868,1
strong,33869,1
strong,33870,1
strong,33871,1
strong,33872,1
strong,33873,1
strong,33874,1
strong,33875,1
strong,33876,1
strong,33877,1
strong,33878,1
strong,33879,1
strong,33880,1
strong,33881,1
strong,33882,1
strong,33883,1
strong,33884,1
strong,33885,1
strong,33886,1
strong,33887,1
strong,33888,1
strong,33889,1
strong,33890,1
strong,33891,1
strong,33892,1
strong,33893,1
strong,33894,1
strong,33895,1
strong,33896,1
strong,33897,1
strong,33898,1
strong,33899,1
strong,33900,1
strong,33901,1
strong,33902,1
strong,33903,1
strong,33904,1
strong,33905,1
strong,33906,1
strong,33907,1
strong,33908,1
strong,33909,1
strong,33910,1
strong,33911,1
strong,33912,1
strong,33913,1
strong,33914,1
strong,33915,1
strong,33916,1
strong,33917,1
strong,33918,1
strong,33919,1
strong,33920,1
strong,33921,1
strong,33922,1
strong,33923,1
strong,33924,1
strong,33925,1
strong,33926,1
strong,33927,1
strong,33928,1
strong,33929,1
strong,33930,1
strong,33931,1
strong,33932,1
strong,33933,1
strong,33934,1
strong,33935,1
strong,33936,1
strong,33937,1
strong,33938,1
strong,33939,1
strong,33940,1
strong,33941,1
strong,33942,1
strong,33943,1
strong,33944,1
strong,33945,1
strong,33946,1
strong,33947,1
strong,33948,1
strong,33949,1
strong,33950,1
strong,33951,1
strong,33952,1
strong,33953,1
strong,33954,1
strong,33955,1
strong,33956,1
strong,33957,1
strong,33958,1
strong,33959,1
strong,33960,1
strong,33961,1
strong,33962,1
strong,33963,1
strong,33964,1
strong,33965,1
strong,33966,1
strong,33967,1
strong,33968,1
strong,33969,1
strong,33970,1
strong,33971,1
strong,33972,1
strong,33973,1
strong,33974,1
strong,33975,1
strong,33976,1
strong,33977,1
strong,33978,1
strong,33979,1
strong,33980,1
strong,33981,1
strong,33982,1
strong,33983,1
strong,33984,1
strong,33985,1
strong,33986,1
strong,33987,1
strong,33988,1
strong,33989,1
strong,33990,1
strong,33991,1
strong,33992,1
strong,33993,1
strong,33994,1
strong,33995,1
strong,33996,1
strong,33997,1
strong,33998,1
strong,33999,1
strong,34000,1
strong,34001,1
strong,34002,1
strong,34003,1
strong,34004,1
strong,34005,1
strong,34006,1
strong,34007,1
strong,34008,1
strong,34009,1
strong,34010,1
strong,34011,1
strong,34012,1
strong,34013,1
strong,34014,1
strong,34015,1
strong,34016,1
strong,34017,1
strong,34018,1
strong,34019,1
strong,34020,1
strong,34021,1
strong,34022,1
strong,34023,1
strong,34024,1
strong,34025,1
strong,34026,1
strong,34027,1
strong,34028,1
strong,34029,1
strong,34030,1
strong,34031,1
strong,34032,1
strong,34033,1
strong,34034,1
strong,34035,1
strong,34036,1
strong,34037,1
strong,34038,1
strong,34039,1
strong,34040,1
strong,34041,1
strong,34042,1
strong,34043,1
strong,34044,1
strong,34045,1
strong,34046,1
strong,34047,1
strong,34048,1
strong,34049,1
strong,34050,1
strong,34051,1
strong,34052,1
strong,34053,1
strong,34054,1
strong,34055,1
strong,34056,1
strong,34057,1
strong,34058,1
strong,34059,1
strong,34060,1
strong,34061,1
strong,34062,1
strong,34063,1
strong,34064,1
strong,34065,1
strong,34066,1
strong,34067,1
strong,34068,1
strong,34069,1
strong,34070,1
strong,34071,1
strong,34072,1
strong,34073,1
strong,34074,1
strong,34075,1
strong,34076,1
strong,34077,1
strong,34078,1
strong,34079,1
strong,34080,1
strong,34081,1
strong,34082,1
strong,34083,1
strong,34084,1
strong,34085,1
strong,34086,1
strong,34087,1
strong,34088,1
strong,34089,1
strong,34090,1
strong,34091,1
strong,34092,1
strong,34093,1
strong,34094,1
strong,34095,1
strong,34096,1
strong,34097,1
strong,34098,1
strong,34099,1
strong,34100,1
strong,34101,1
strong,34102,1
strong,34103,1
strong,34104,1
strong,34105,1
strong,34106,1
strong,34107,1
strong,34108,1
strong,34109,1
strong,34110,1
strong,34111,1
strong,34112,1
strong,34113,1
strong,34114,1
strong,34115,1
strong,34116,1
strong,34117,1
strong,34118,1
strong,34119,1
strong,34120,1
strong,34121,1
strong,34122,1
strong,34123,1
strong,34124,1
strong,34125,1
strong,34126,1
strong,34127,1
strong,34128,1
strong,34129,1
strong,34130,1
strong,34131,1
strong,34132,1
strong,34133,1
strong,34134,1
strong,34135,1
strong,34136,1
strong,34137,1
strong,34138,1
strong,34139,1
strong,34140,1
strong,34141,1
strong,34142,1
strong,34143,1
strong,34144,1
strong,34145,1
strong,34146,1
strong,34147,1
strong,34148,1
strong,34149,1
strong,34150,1
strong,34151,1
strong,34152,1
strong,34153,1
strong,34154,1
strong,34155,1
strong,34156,1
strong,34157,1
strong,34158,1
strong,34159,1
strong,34160,1
strong,34161,1
strong,34162,1
strong,34163,1
strong,34164,1
strong,34165,1
strong,34166,1
strong,34167,1
strong,34168,1
strong,34169,1
strong,34170,1
strong,34171,1
strong,34172,1
strong,34173,1
strong,34174,1
strong,34175,1
strong,34176,1
strong,34177,1
strong,34178,1
strong,34179,1
strong,34180,1
strong,34181,1
strong,34182,1
strong,34183,1
strong,34184,1
strong,34185,1
strong,34186,1
strong,34187,1
strong,34188,1
strong,34189,1
strong,34190,1
strong,34191,1
strong,34192,1
strong,34193,1
strong,34194,1
strong,34195,1
strong,34196,1
strong,34197,1
strong,34198,1
strong,34199,1
strong,34200,1
strong,34201,1
strong,34202,1
strong,34203,1
strong,34204,1
strong,34205,1
strong,34206,1
strong,34207,1
strong,34208,1
strong,34209,1
strong,34210,1
strong,34211,1
strong,34212,1
strong,34213,1
strong,34214,1
strong,34215,1
strong,34216,1
strong,34217,1
strong,34218,1
strong,34219,1
strong,34220,1
strong,34221,1
strong,34222,1
strong,34223,1
strong,34224,1
strong,34225,1
strong,34226,1
strong,34227,1
strong,34228,1
strong,34229,1
strong,34230,1
strong,34231,1
strong,34232,1
strong,34233,1
strong,34234,1
strong,34235,1
strong,34236,1
strong,34237,1
strong,34238,1
strong,34239,1
strong,34240,1
strong,34241,1
strong,34242,1
strong,34243,1
strong,34244,1
strong,34245,1
strong,34246,1
strong,34247,1
strong,34248,1
strong,34249,1
strong,34250,1
strong,34251,1
strong,34252,1
strong,34253,1
strong,34254,1
strong,34255,1
strong,34256,1
strong,34257,1
strong,34258,1
strong,34259,1
strong,34260,1
strong,34261,1
strong,34262,1
strong,34263,1
strong,34264,1
strong,34265,1
strong,34266,1
strong,34267,1
strong,34268,1
strong,34269,1
strong,34270,1
strong,34271,1
strong,34272,1
strong,34273,1
strong,34274,1
strong,34275,1
strong,34276,1
strong,34277,1
strong,34278,1
strong,34279,1
strong,34280,1
strong,34281,1
strong,34282,1
strong,34283,1
strong,34284,1
strong,34285,1
strong,34286,1
strong,34287,1
strong,34288,1
strong,34289,1
strong,34290,1
strong,34291,1
strong,34292,1
strong,34293,1
strong,34294,1
strong,34295,1
strong,34296,1
strong,34297,1
strong,34298,1
strong,34299,1
strong,34300,1
strong,34301,1
strong,34302,1
strong,34303,1
strong,34304,1
strong,34305,1
strong,34306,1
strong,34307,1
strong,34308,1
strong,34309,1
strong,34310,1
strong,34311,1
strong,34312,1
strong,34313,1
strong,34314,1
strong,34315,1
strong,34316,1
strong,34317,1
strong,34318,1
strong,34319,1
strong,34320,1
strong,34321,1
strong,34322,1
strong,34323,1
strong,34324,1
strong,34325,1
strong,34326,1
strong,34327,1
strong,34328,1
strong,34329,1
strong,34330,1
strong,34331,1
strong,34332,1
strong,34333,1
strong,34334,1
strong,34335,1
strong,34336,1
strong,34337,1
strong,34338,1
strong,34339,1
strong,34340,1
strong,34341,1
strong,34342,1
strong,34343,1
strong,34344,1
strong,34345,1
strong,34346,1
strong,34347,1
strong,34348,1
strong,34349,1
strong,34350,1
strong,34351,1
strong,34352,1
strong,34353,1
strong,34354,1
strong,34355,1
strong,34356,1
strong,34357,1
strong,34358,1
strong,34359,1
strong,34360,1
strong,34361,1
strong,34362,1
strong,34363,1
strong,34364,1
strong,34365,1
strong,34366,1
strong,34367,1
strong,34368,1
strong,34369,1
strong,34370,1
strong,34371,1
strong,34372,1
strong,34373,1
strong,34374,1
strong,34375,1
strong,34376,1
strong,34377,1
strong,34378,1
strong,34379,1
strong,34380,1
strong,34381,1
strong,34382,1
strong,34383,1
strong,34384,1
strong,34385,1
strong,34386,1
strong,34387,1
strong,34388,1
strong,34389,1
strong,34390,1
strong,34391,1
strong,34392,1
strong,34393,1
strong,34394,1
strong,34395,1
strong,34396,1
strong,34397,1
strong,34398,1
strong,34399,1
strong,34400,1
strong,34401,1
strong,34402,1
strong,34403,1
strong,34404,1
strong,34405,1
strong,34406,1
strong,34407,1
strong,34408,1
strong,34409,1
strong,34410,1
strong,34411,1
strong,34412,1
strong,34413,1
strong,34414,1
strong,34415,1
strong,34416,1
strong,34417,1
strong,34418,1
strong,34419,1
strong,34420,1
strong,34421,1
strong,34422,1
strong,34423,1
strong,34424,1
strong,34425,1
strong,34426,1
strong,34427,1
strong,34428,1
strong,34429,1
strong,34430,1
strong,34431,1
strong,34432,1
strong,34433,1
strong,34434,1
strong,34435,1
strong,34436,1
strong,34437,1
strong,34438,1
strong,34439,1
strong,34440,1
strong,34441,1
strong,34442,1
strong,34443,1
strong,34444,1
strong,34445,1
strong,34446,1
strong,34447,1
strong,34448,1
strong,34449,1
strong,34450,1
strong,34451,1
strong,34452,1
strong,34453,1
strong,34454,1
strong,34455,1
strong,34456,1
strong,34457,1
strong,34458,1
strong,34459,1
strong,34460,1
strong,34461,1
strong,34462,1
strong,34463,1
strong,34464,1
strong,34465,1
strong,34466,1
strong,34467,1
strong,34468,1
strong,34469,1
strong,34470,1
strong,34471,1
strong,34472,1
strong,34473,1
strong,34474,1
strong,34475,1
strong,34476,1
strong,34477,1
strong,34478,1
strong,34479,1
strong,34480,1
strong,34481,1
strong,34482,1
strong,34483,1
strong,34484,1
strong,34485,1
strong,34486,1
strong,34487,1
strong,34488,1
strong,34489,1
strong,34490,1
strong,34491,1
strong,34492,1
strong,34493,1
strong,34494,1
strong,34495,1
strong,34496,1
strong,34497,1
strong,34498,1
strong,34499,1
strong,34500,1
strong,34501,1
strong,34502,1
strong,34503,1
strong,34504,1
strong,34505,1
strong,34506,1
strong,34507,1
strong,34508,1
strong,34509,1
strong,34510,1
strong,34511,1
strong,34512,1
strong,34513,1
strong,34514,1
strong,34515,1
strong,34516,1
strong,34517,1
strong,34518,1
strong,34519,1
strong,34520,1
strong,34521,1
strong,34522,1
strong,34523,1
strong,34524,1
strong,34525,1
strong,34526,1
strong,34527,1
strong,34528,1
strong,34529,1
strong,34530,1
strong,34531,1
strong,34532,1
strong,34533,1
strong,34534,1
strong,34535,1
strong,34536,1
strong,34537,1
strong,34538,1
strong,34539,1
strong,34540,1
strong,34541,1
strong,34542,1
strong,34543,1
strong,34544,1
strong,34545,1
strong,34546,1
strong,34547,1
strong,34548,1
strong,34549,1
strong,34550,1
strong,34551,1
strong,34552,1
strong,34553,1
strong,34554,1
strong,34555,1
strong,34556,1
strong,34557,1
strong,34558,1
strong,34559,1
strong,34560,1
strong,34561,1
strong,34562,1
strong,34563,1
strong,34564,1
strong,34565,1
strong,34566,1
strong,34567,1
strong,34568,1
strong,34569,1
strong,34570,1
strong,34571,1
strong,34572,1
strong,34573,1
strong,34574,1
strong,34575,1
strong,34576,1
strong,34577,1
strong,34578,1
strong,34579,1
strong,34580,1
strong,34581,1
strong,34582,1
strong,34583,1
strong,34584,1
strong,34585,1
strong,34586,1
strong,34587,1
strong,34588,1
strong,34589,1
strong,34590,1
strong,34591,1
strong,34592,1
strong,34593,1
strong,34594,1
strong,34595,1
strong,34596,1
strong,34597,1
strong,34598,1
strong,34599,1
strong,34600,1
strong,34601,1
strong,34602,1
strong,34603,1
strong,34604,1
strong,34605,1
strong,34606,1
strong,34607,1
strong,34608,1
strong,34609,1
strong,34610,1
strong,34611,1
strong,34612,1
strong,34613,1
strong,34614,1
strong,34615,1
strong,34616,1
strong,34617,1
strong,34618,1
strong,34619,1
strong,34620,1
strong,34621,1
strong,34622,1
strong,34623,1
strong,34624,1
strong,34625,1
strong,34626,1
strong,34627,1
strong,34628,1
strong,34629,1
strong,34630,1
strong,34631,1
strong,34632,1
strong,34633,1
strong,34634,1
strong,34635,1
strong,34636,1
strong,34637,1
strong,34638,1
strong,34639,1
strong,34640,1
strong,34641,1
strong,34642,1
strong,34643,1
strong,34644,1
strong,34645,1
strong,34646,1
strong,34647,1
strong,34648,1
strong,34649,1
strong,34650,1
strong,34651,1
strong,34652,1
strong,34653,1
strong,34654,1
strong,34655,1
strong,34656,1
strong,34657,1
strong,34658,1
strong,34659,1
strong,34660,1
strong,34661,1
strong,34662,1
strong,34663,1
strong,34664,1
strong,34665,1
strong,34666,1
strong,34667,1
strong,34668,1
strong,34669,1
strong,34670,1
strong,34671,1
strong,34672,1
strong,34673,1
strong,34674,1
strong,34675,1
strong,34676,1
strong,34677,1
strong,34678,1
strong,34679,1
strong,34680,1
strong,34681,1
strong,34682,1
strong,34683,1
strong,34684,1
strong,34685,1
strong,34686,1
strong,34687,1
strong,34688,1
strong,34689,1
strong,34690,1
strong,34691,1
strong,34692,1
strong,34693,1
strong,34694,1
strong,34695,1
strong,34696,1
strong,34697,1
strong,34698,1
strong,34699,1
strong,34700,1
strong,34701,1
strong,34702,1
strong,34703,1
strong,34704,1
strong,34705,1
strong,34706,1
strong,34707,1
strong,34708,1
strong,34709,1
strong,34710,1
strong,34711,1
strong,34712,1
strong,34713,1
strong,34714,1
strong,34715,1
strong,34716,1
strong,34717,1
strong,34718,1
strong,34719,1
strong,34720,1
strong,34721,1
strong,34722,1
strong,34723,1
strong,34724,1
strong,34725,1
strong,34726,1
strong,34727,1
strong,34728,1
strong,34729,1
strong,34730,1
strong,34731,1
strong,34732,1
strong,34733,1
strong,34734,1
strong,34735,1
strong,34736,1
strong,34737,1
strong,34738,1
strong,34739,1
strong,34740,1
strong,34741,1
strong,34742,1
strong,34743,1
strong,34744,1
strong,34745,1
strong,34746,1
strong,34747,1
strong,34748,1
strong,34749,1
strong,34750,1
strong,34751,1
strong,34752,1
strong,34753,1
strong,34754,1
strong,34755,1
strong,34756,1
strong,34757,1
strong,34758,1
strong,34759,1
strong,34760,1
strong,34761,1
strong,34762,1
strong,34763,1
strong,34764,1
strong,34765,1
strong,34766,1
strong,34767,1
strong,34768,1
strong,34769,1
strong,34770,1
strong,34771,1
strong,34772,1
strong,34773,1
strong,34774,1
strong,34775,1
strong,34776,1
strong,34777,1
strong,34778,1
strong,34779,1
strong,34780,1
strong,34781,1
strong,34782,1
strong,34783,1
strong,34784,1
strong,34785,1
strong,34786,1
strong,34787,1
strong,34788,1
strong,34789,1
strong,34790,1
strong,34791,1
strong,34792,1
strong,34793,1
strong,34794,1
strong,34795,1
strong,34796,1
strong,34797,1
strong,34798,1
strong,34799,1
strong,34800,1
strong,34801,1
strong,34802,1
strong,34803,1
strong,34804,1
strong,34805,1
strong,34806,1
strong,34807,1
strong,34808,1
strong,34809,1
strong,34810,1
strong,34811,1
strong,34812,1
strong,34813,1
strong,34814,1
strong,34815,1
strong,34816,1
strong,34817,1
strong,34818,1
strong,34819,1
strong,34820,1
strong,34821,1
strong,34822,1
strong,34823,1
strong,34824,1
strong,34825,1
strong,34826,1
strong,34827,1
strong,34828,1
strong,34829,1
strong,34830,1
strong,34831,1
strong,34832,1
strong,34833,1
strong,34834,1
strong,34835,1
strong,34836,1
strong,34837,1
strong,34838,1
strong,34839,1
strong,34840,1
strong,34841,1
strong,34842,1
strong,34843,1
strong,34844,1
strong,34845,1
strong,34846,1
strong,34847,1
strong,34848,1
strong,34849,1
strong,34850,1
strong,34851,1
strong,34852,1
strong,34853,1
strong,34854,1
strong,34855,1
strong,34856,1
strong,34857,1
strong,34858,1
strong,34859,1
strong,34860,1
strong,34861,1
strong,34862,1
strong,34863,1
strong,34864,1
strong,34865,1
strong,34866,1
strong,34867,1
strong,34868,1
strong,34869,1
strong,34870,1
strong,34871,1
strong,34872,1
strong,34873,1
strong,34874,1
strong,34875,1
strong,34876,1
strong,34877,1
strong,34878,1
strong,34879,1
strong,34880,1
strong,34881,1
strong,34882,1
strong,34883,1
strong,34884,1
strong,34885,1
strong,34886,1
strong,34887,1
strong,34888,1
strong,34889,1
strong,34890,1
strong,34891,1
strong,34892,1
strong,34893,1
strong,34894,1
strong,34895,1
strong,34896,1
strong,34897,1
strong,34898,1
strong,34899,1
strong,34900,1
strong,34901,1
strong,34902,1
strong,34903,1
strong,34904,1
strong,34905,1
strong,34906,1
strong,34907,1
strong,34908,1
strong,34909,1
strong,34910,1
strong,34911,1
strong,34912,1
strong,34913,1
strong,34914,1
strong,34915,1
strong,34916,1
strong,34917,1
strong,34918,1
strong,34919,1
strong,34920,1
strong,34921,1
strong,34922,1
strong,34923,1
strong,34924,1
strong,34925,1
strong,34926,1
strong,34927,1
strong,34928,1
strong,34929,1
strong,34930,1
strong,34931,1
strong,34932,1
strong,34933,1
strong,34934,1
strong,34935,1
strong,34936,1
strong,34937,1
strong,34938,1
strong,34939,1
strong,34940,1
strong,34941,1
strong,34942,1
strong,34943,1
strong,34944,1
strong,34945,1
strong,34946,1
strong,34947,1
strong,34948,1
strong,34949,1
strong,34950,1
strong,34951,1
strong,34952,1
strong,34953,1
strong,34954,1
strong,34955,1
strong,34956,1
strong,34957,1
strong,34958,1
strong,34959,1
strong,34960,1
strong,34961,1
strong,34962,1
strong,34963,1
strong,34964,1
strong,34965,1
strong,34966,1
strong,34967,1
strong,34968,1
strong,34969,1
strong,34970,1
strong,34971,1
strong,34972,1
strong,34973,1
strong,34974,1
strong,34975,1
strong,34976,1
strong,34977,1
strong,34978,1
strong,34979,1
strong,34980,1
strong,34981,1
strong,34982,1
strong,34983,1
strong,34984,1
strong,34985,1
strong,34986,1
strong,34987,1
strong,34988,1
strong,34989,1
strong,34990,1
strong,34991,1
strong,34992,1
strong,34993,1
strong,34994,1
strong,34995,1
strong,34996,1
strong,34997,1
strong,34998,1
strong,34999,1
strong,35000,1
strong,35001,1
strong,35002,1
strong,35003,1
strong,35004,1
strong,35005,1
strong,35006,1
strong,35007,1
strong,35008,1
strong,35009,1
strong,35010,1
strong,35011,1
strong,35012,1
strong,35013,1
strong,35014,1
strong,35015,1
strong,35016,1
strong,35017,1
strong,35018,1
strong,35019,1
strong,35020,1
strong,35021,1
strong,35022,1
strong,35023,1
strong,35024,1
strong,35025,1
strong,35026,1
strong,35027,1
strong,35028,1
strong,35029,1
strong,35030,1
strong,35031,1
strong,35032,1
strong,35033,1
strong,35034,1
strong,35035,1
strong,35036,1
strong,35037,1
strong,35038,1
strong,35039,1
strong,35040,1
strong,35041,1
strong,35042,1
strong,35043,1
strong,35044,1
strong,35045,1
strong,35046,1
strong,35047,1
strong,35048,1
strong,35049,1
strong,35050,1
strong,35051,1
strong,35052,1
strong,35053,1
strong,35054,1
strong,35055,1
strong,35056,1
strong,35057,1
strong,35058,1
strong,35059,1
strong,35060,1
strong,35061,1
strong,35062,1
strong,35063,1
strong,35064,1
strong,35065,1
strong,35066,1
strong,35067,1
strong,35068,1
strong,35069,1
strong,35070,1
strong,35071,1
strong,35072,1
strong,35073,1
strong,35074,1
strong,35075,1
strong,35076,1
strong,35077,1
strong,35078,1
strong,35079,1
strong,35080,1
strong,35081,1
strong,35082,1
strong,35083,1
strong,35084,1
strong,35085,1
strong,35086,1
strong,35087,1
strong,35088,1
strong,35089,1
strong,35090,1
strong,35091,1
strong,35092,1
strong,35093,1
strong,35094,1
strong,35095,1
strong,35096,1
strong,35097,1
strong,35098,1
strong,35099,1
strong,35100,1
strong,35101,1
strong,35102,1
strong,35103,1
strong,35104,1
strong,35105,1
strong,35106,1
strong,35107,1
strong,35108,1
strong,35109,1
strong,35110,1
strong,35111,1
strong,35112,1
strong,35113,1
strong,35114,1
strong,35115,1
strong,35116,1
strong,35117,1
strong,35118,1
strong,35119,1
strong,35120,1
strong,35121,1
strong,35122,1
strong,35123,1
strong,35124,1
strong,35125,1
strong,35126,1
strong,35127,1
strong,35128,1
strong,35129,1
strong,35130,1
strong,35131,1
strong,35132,1
strong,35133,1
strong,35134,1
strong,35135,1
strong,35136,1
strong,35137,1
strong,35138,1
strong,35139,1
strong,35140,1
strong,35141,1
strong,35142,1
strong,35143,1
strong,35144,1
strong,35145,1
strong,35146,1
strong,35147,1
strong,35148,1
strong,35149,1
strong,35150,1
strong,35151,1
strong,35152,1
strong,35153,1
strong,35154,1
strong,35155,1
strong,35156,1
strong,35157,1
strong,35158,1
strong,35159,1
strong,35160,1
strong,35161,1
strong,35162,1
strong,35163,1
strong,35164,1
strong,35165,1
strong,35166,1
strong,35167,1
strong,35168,1
strong,35169,1
strong,35170,1
strong,35171,1
strong,35172,1
strong,35173,1
strong,35174,1
strong,35175,1
strong,35176,1
strong,35177,1
strong,35178,1
strong,35179,1
strong,35180,1
strong,35181,1
strong,35182,1
strong,35183,1
strong,35184,1
strong,35185,1
strong,35186,1
strong,35187,1
strong,35188,1
strong,35189,1
strong,35190,1
strong,35191,1
strong,35192,1
strong,35193,1
strong,35194,1
strong,35195,1
strong,35196,1
strong,35197,1
strong,35198,1
strong,35199,1
strong,35200,1
strong,35201,1
strong,35202,1
strong,35203,1
strong,35204,1
strong,35205,1
strong,35206,1
strong,35207,1
strong,35208,1
strong,35209,1
strong,35210,1
strong,35211,1
strong,35212,1
strong,35213,1
strong,35214,1
strong,35215,1
strong,35216,1
strong,35217,1
strong,35218,1
strong,35219,1
strong,35220,1
strong,35221,1
strong,35222,1
strong,35223,1
strong,35224,1
strong,35225,1
strong,35226,1
strong,35227,1
strong,35228,1
strong,35229,1
strong,35230,1
strong,35231,1
strong,35232,1
strong,35233,1
strong,35234,1
strong,35235,1
strong,35236,1
strong,35237,1
strong,35238,1
strong,35239,1
strong,35240,1
strong,35241,1
strong,35242,1
strong,35243,1
strong,35244,1
strong,35245,1
strong,35246,1
strong,35247,1
strong,35248,1
strong,35249,1
strong,35250,1
strong,35251,1
strong,35252,1
strong,35253,1
strong,35254,1
strong,35255,1
strong,35256,1
strong,35257,1
strong,35258,1
strong,35259,1
strong,35260,1
strong,35261,1
strong,35262,1
strong,35263,1
strong,35264,1
strong,35265,1
strong,35266,1
strong,35267,1
strong,35268,1
strong,35269,1
strong,35270,1
strong,35271,1
strong,35272,1
strong,35273,1
strong,35274,1
strong,35275,1
strong,35276,1
strong,35277,1
strong,35278,1
strong,35279,1
strong,35280,1
strong,35281,1
strong,35282,1
strong,35283,1
strong,35284,1
strong,35285,1
strong,35286,1
strong,35287,1
strong,35288,1
strong,35289,1
strong,35290,1
strong,35291,1
strong,35292,1
strong,35293,1
strong,35294,1
strong,35295,1
strong,35296,1
strong,35297,1
strong,35298,1
strong,35299,1
strong,35300,1
strong,35301,1
strong,35302,1
strong,35303,1
strong,35304,1
strong,35305,1
strong,35306,1
strong,35307,1
strong,35308,1
strong,35309,1
strong,35310,1
strong,35311,1
strong,35312,1
strong,35313,1
strong,35314,1
strong,35315,1
strong,35316,1
strong,35317,1
strong,35318,1
strong,35319,1
strong,35320,1
strong,35321,1
strong,35322,1
strong,35323,1
strong,35324,1
strong,35325,1
strong,35326,1
strong,35327,1
strong,35328,1
strong,35329,1
strong,35330,1
strong,35331,1
strong,35332,1
strong,35333,1
strong,35334,1
strong,35335,1
strong,35336,1
strong,35337,1
strong,35338,1
strong,35339,1
strong,35340,1
strong,35341,1
strong,35342,1
strong,35343,1
strong,35344,1
strong,35345,1
strong,35346,1
strong,35347,1
strong,35348,1
strong,35349,1
strong,35350,1
strong,35351,1
strong,35352,1
strong,35353,1
strong,35354,1
strong,35355,1
strong,35356,1
strong,35357,1
strong,35358,1
strong,35359,1
strong,35360,1
strong,35361,1
strong,35362,1
strong,35363,1
strong,35364,1
strong,35365,1
strong,35366,1
strong,35367,1
strong,35368,1
strong,35369,1
strong,35370,1
strong,35371,1
strong,35372,1
strong,35373,1
strong,35374,1
strong,35375,1
strong,35376,1
strong,35377,1
strong,35378,1
strong,35379,1
strong,35380,1
strong,35381,1
strong,35382,1
strong,35383,1
strong,35384,1
strong,35385,1
strong,35386,1
strong,35387,1
strong,35388,1
strong,35389,1
strong,35390,1
strong,35391,1
strong,35392,1
strong,35393,1
strong,35394,1
strong,35395,1
strong,35396,1
strong,35397,1
strong,35398,1
strong,35399,1
strong,35400,1
strong,35401,1
strong,35402,1
strong,35403,1
strong,35404,1
strong,35405,1
strong,35406,1
strong,35407,1
strong,35408,1
strong,35409,1
strong,35410,1
strong,35411,1
strong,35412,1
strong,35413,1
strong,35414,1
strong,35415,1
strong,35416,1
strong,35417,1
strong,35418,1
strong,35419,1
strong,35420,1
strong,35421,1
strong,35422,1
strong,35423,1
strong,35424,1
strong,35425,1
strong,35426,1
strong,35427,1
strong,35428,1
strong,35429,1
strong,35430,1
strong,35431,1
strong,35432,1
strong,35433,1
strong,35434,1
strong,35435,1
strong,35436,1
strong,35437,1
strong,35438,1
strong,35439,1
strong,35440,1
strong,35441,1
strong,35442,1
strong,35443,1
strong,35444,1
strong,35445,1
strong,35446,1
strong,35447,1
strong,35448,1
strong,35449,1
strong,35450,1
strong,35451,1
strong,35452,1
strong,35453,1
strong,35454,1
strong,35455,1
strong,35456,1
strong,35457,1
strong,35458,1
strong,35459,1
strong,35460,1
strong,35461,1
strong,35462,1
strong,35463,1
strong,35464,1
strong,35465,1
strong,35466,1
strong,35467,1
strong,35468,1
strong,35469,1
strong,35470,1
strong,35471,1
strong,35472,1
strong,35473,1
strong,35474,1
strong,35475,1
strong,35476,1
strong,35477,1
strong,35478,1
strong,35479,1
strong,35480,1
strong,35481,1
strong,35482,1
strong,35483,1
strong,35484,1
strong,35485,1
strong,35486,1
strong,35487,1
strong,35488,1
strong,35489,1
strong,35490,1
strong,35491,1
strong,35492,1
strong,35493,1
strong,35494,1
strong,35495,1
strong,35496,1
strong,35497,1
strong,35498,1
strong,35499,1
strong,35500,1
strong,35501,1
strong,35502,1
strong,35503,1
strong,35504,1
strong,35505,1
strong,35506,1
strong,35507,1
strong,35508,1
strong,35509,1
strong,35510,1
strong,35511,1
strong,35512,1
strong,35513,1
strong,35514,1
strong,35515,1
strong,35516,1
strong,35517,1
strong,35518,1
strong,35519,1
strong,35520,1
strong,35521,1
strong,35522,1
strong,35523,1
strong,35524,1
strong,35525,1
strong,35526,1
strong,35527,1
strong,35528,1
strong,35529,1
strong,35530,1
strong,35531,1
strong,35532,1
strong,35533,1
strong,35534,1
strong,35535,1
strong,35536,1
strong,35537,1
strong,35538,1
strong,35539,1
strong,35540,1
strong,35541,1
strong,35542,1
strong,35543,1
strong,35544,1
strong,35545,1
strong,35546,1
strong,35547,1
strong,35548,1
strong,35549,1
strong,35550,1
strong,35551,1
strong,35552,1
strong,35553,1
strong,35554,1
strong,35555,1
strong,35556,1
strong,35557,1
strong,35558,1
strong,35559,1
strong,35560,1
strong,35561,1
strong,35562,1
strong,35563,1
strong,35564,1
strong,35565,1
strong,35566,1
strong,35567,1
strong,35568,1
strong,35569,1
strong,35570,1
strong,35571,1
strong,35572,1
strong,35573,1
strong,35574,1
strong,35575,1
strong,35576,1
strong,35577,1
strong,35578,1
strong,35579,1
strong,35580,1
strong,35581,1
strong,35582,1
strong,35583,1
strong,35584,1
strong,35585,1
strong,35586,1
strong,35587,1
strong,35588,1
strong,35589,1
strong,35590,1
strong,35591,1
strong,35592,1
strong,35593,1
strong,35594,1
strong,35595,1
strong,35596,1
strong,35597,1
strong,35598,1
strong,35599,1
strong,35600,1
strong,35601,1
strong,35602,1
strong,35603,1
strong,35604,1
strong,35605,1
strong,35606,1
strong,35607,1
strong,35608,1
strong,35609,1
strong,35610,1
strong,35611,1
strong,35612,1
strong,35613,1
strong,35614,1
strong,35615,1
strong,35616,1
strong,35617,1
strong,35618,1
strong,35619,1
strong,35620,1
strong,35621,1
strong,35622,1
strong,35623,1
strong,35624,1
strong,35625,1
strong,35626,1
strong,35627,1
strong,35628,1
strong,35629,1
strong,35630,1
strong,35631,1
strong,35632,1
strong,35633,1
strong,35634,1
strong,35635,1
strong,35636,1
strong,35637,1
strong,35638,1
strong,35639,1
strong,35640,1
strong,35641,1
strong,35642,1
strong,35643,1
strong,35644,1
strong,35645,1
strong,35646,1
strong,35647,1
strong,35648,1
strong,35649,1
strong,35650,1
strong,35651,1
strong,35652,1
strong,35653,1
strong,35654,1
strong,35655,1
strong,35656,1
strong,35657,1
strong,35658,1
strong,35659,1
strong,35660,1
strong,35661,1
strong,35662,1
strong,35663,1
strong,35664,1
strong,35665,1
strong,35666,1
strong,35667,1
strong,35668,1
strong,35669,1
strong,35670,1
strong,35671,1
strong,35672,1
strong,35673,1
strong,35674,1
strong,35675,1
strong,35676,1
strong,35677,1
strong,35678,1
strong,35679,1
strong,35680,1
strong,35681,1
strong,35682,1
strong,35683,1
strong,35684,1
strong,35685,1
strong,35686,1
strong,35687,1
strong,35688,1
strong,35689,1
strong,35690,1
strong,35691,1
strong,35692,1
strong,35693,1
strong,35694,1
strong,35695,1
strong,35696,1
strong,35697,1
strong,35698,1
strong,35699,1
strong,35700,1
strong,35701,1
strong,35702,1
strong,35703,1
strong,35704,1
strong,35705,1
strong,35706,1
strong,35707,1
strong,35708,1
strong,35709,1
strong,35710,1
strong,35711,1
strong,35712,1
strong,35713,1
strong,35714,1
strong,35715,1
strong,35716,1
strong,35717,1
strong,35718,1
strong,35719,1
strong,35720,1
strong,35721,1
strong,35722,1
strong,35723,1
strong,35724,1
strong,35725,1
strong,35726,1
strong,35727,1
strong,35728,1
strong,35729,1
strong,35730,1
strong,35731,1
strong,35732,1
strong,35733,1
strong,35734,1
strong,35735,1
strong,35736,1
strong,35737,1
strong,35738,1
strong,35739,1
strong,35740,1
strong,35741,1
strong,35742,1
strong,35743,1
strong,35744,1
strong,35745,1
strong,35746,1
strong,35747,1
strong,35748,1
strong,35749,1
strong,35750,1
strong,35751,1
strong,35752,1
strong,35753,1
strong,35754,1
strong,35755,1
strong,35756,1
strong,35757,1
strong,35758,1
strong,35759,1
strong,35760,1
strong,35761,1
strong,35762,1
strong,35763,1
strong,35764,1
strong,35765,1
strong,35766,1
strong,35767,1
strong,35768,1
strong,35769,1
strong,35770,1
strong,35771,1
strong,35772,1
strong,35773,1
strong,35774,1
strong,35775,1
strong,35776,1
strong,35777,1
strong,35778,1
strong,35779,1
strong,35780,1
strong,35781,1
strong,35782,1
strong,35783,1
strong,35784,1
strong,35785,1
strong,35786,1
strong,35787,1
strong,35788,1
strong,35789,1
strong,35790,1
strong,35791,1
strong,35792,1
strong,35793,1
strong,35794,1
strong,35795,1
strong,35796,1
strong,35797,1
strong,35798,1
strong,35799,1
strong,35800,1
strong,35801,1
strong,35802,1
strong,35803,1
strong,35804,1
strong,35805,1
strong,35806,1
strong,35807,1
strong,35808,1
strong,35809,1
strong,35810,1
strong,35811,1
strong,35812,1
strong,35813,1
strong,35814,1
strong,35815,1
strong,35816,1
strong,35817,1
strong,35818,1
strong,35819,1
strong,35820,1
strong,35821,1
strong,35822,1
strong,35823,1
strong,35824,1
strong,35825,1
strong,35826,1
strong,35827,1
strong,35828,1
strong,35829,1
strong,35830,1
strong,35831,1
strong,35832,1
strong,35833,1
strong,35834,1
strong,35835,1
strong,35836,1
strong,35837,1
strong,35838,1
strong,35839,1
strong,35840,1
strong,35841,1
strong,35842,1
strong,35843,1
strong,35844,1
strong,35845,1
strong,35846,1
strong,35847,1
strong,35848,1
strong,35849,1
strong,35850,1
strong,35851,1
strong,35852,1
strong,35853,1
strong,35854,1
strong,35855,1
strong,35856,1
strong,35857,1
strong,35858,1
strong,35859,1
strong,35860,1
strong,35861,1
strong,35862,1
strong,35863,1
strong,35864,1
strong,35865,1
strong,35866,1
strong,35867,1
strong,35868,1
strong,35869,1
strong,35870,1
strong,35871,1
strong,35872,1
strong,35873,1
strong,35874,1
strong,35875,1
strong,35876,1
strong,35877,1
strong,35878,1
strong,35879,1
strong,35880,1
strong,35881,1
strong,35882,1
strong,35883,1
strong,35884,1
strong,35885,1
strong,35886,1
strong,35887,1
strong,35888,1
strong,35889,1
strong,35890,1
strong,35891,1
strong,35892,1
strong,35893,1
strong,35894,1
strong,35895,1
strong,35896,1
strong,35897,1
strong,35898,1
strong,35899,1
strong,35900,1
strong,35901,1
strong,35902,1
strong,35903,1
strong,35904,1
strong,35905,1
strong,35906,1
strong,35907,1
strong,35908,1
strong,35909,1
strong,35910,1
strong,35911,1
strong,35912,1
strong,35913,1
strong,35914,1
strong,35915,1
strong,35916,1
strong,35917,1
strong,35918,1
strong,35919,1
strong,35920,1
strong,35921,1
strong,35922,1
strong,35923,1
strong,35924,1
strong,35925,1
strong,35926,1
strong,35927,1
strong,35928,1
strong,35929,1
strong,35930,1
strong,35931,1
strong,35932,1
strong,35933,1
strong,35934,1
strong,35935,1
strong,35936,1
strong,35937,1
strong,35938,1
strong,35939,1
strong,35940,1
strong,35941,1
strong,35942,1
strong,35943,1
strong,35944,1
strong,35945,1
strong,35946,1
strong,35947,1
strong,35948,1
strong,35949,1
strong,35950,1
strong,35951,1
strong,35952,1
strong,35953,1
strong,35954,1
strong,35955,1
strong,35956,1
strong,35957,1
strong,35958,1
strong,35959,1
strong,35960,1
strong,35961,1
strong,35962,1
strong,35963,1
strong,35964,1
strong,35965,1
strong,35966,1
strong,35967,1
strong,35968,1
strong,35969,1
strong,35970,1
strong,35971,1
strong,35972,1
strong,35973,1
strong,35974,1
strong,35975,1
strong,35976,1
strong,35977,1
strong,35978,1
strong,35979,1
strong,35980,1
strong,35981,1
strong,35982,1
strong,35983,1
strong,35984,1
strong,35985,1
strong,35986,1
strong,35987,1
strong,35988,1
strong,35989,1
strong,35990,1
strong,35991,1
strong,35992,1
strong,35993,1
strong,35994,1
strong,35995,1
strong,35996,1
strong,35997,1
strong,35998,1
strong,35999,1
strong,36000,1
strong,36001,1
strong,36002,1
strong,36003,1
strong,36004,1
strong,36005,1
strong,36006,1
strong,36007,1
strong,36008,1
strong,36009,1
strong,36010,1
strong,36011,1
strong,36012,1
strong,36013,1
strong,36014,1
strong,36015,1
strong,36016,1
strong,36017,1
strong,36018,1
strong,36019,1
strong,36020,1
strong,36021,1
strong,36022,1
strong,36023,1
strong,36024,1
strong,36025,1
strong,36026,1
strong,36027,1
strong,36028,1
strong,36029,1
strong,36030,1
strong,36031,1
strong,36032,1
strong,36033,1
strong,36034,1
strong,36035,1
strong,36036,1
strong,36037,1
strong,36038,1
strong,36039,1
strong,36040,1
strong,36041,1
strong,36042,1
strong,36043,1
strong,36044,1
strong,36045,1
strong,36046,1
strong,36047,1
strong,36048,1
strong,36049,1
strong,36050,1
strong,36051,1
strong,36052,1
strong,36053,1
strong,36054,1
strong,36055,1
strong,36056,1
strong,36057,1
strong,36058,1
strong,36059,1
strong,36060,1
strong,36061,1
strong,36062,1
strong,36063,1
strong,36064,1
strong,36065,1
strong,36066,1
strong,36067,1
strong,36068,1
strong,36069,1
strong,36070,1
strong,36071,1
strong,36072,1
strong,36073,1
strong,36074,1
strong,36075,1
strong,36076,1
strong,36077,1
strong,36078,1
strong,36079,1
strong,36080,1
strong,36081,1
strong,36082,1
strong,36083,1
strong,36084,1
strong,36085,1
strong,36086,1
strong,36087,1
strong,36088,1
strong,36089,1
strong,36090,1
strong,36091,1
strong,36092,1
strong,36093,1
strong,36094,1
strong,36095,1
strong,36096,1
strong,36097,1
strong,36098,1
strong,36099,1
strong,36100,1
strong,36101,1
strong,36102,1
strong,36103,1
strong,36104,1
strong,36105,1
strong,36106,1
strong,36107,1
strong,36108,1
strong,36109,1
strong,36110,1
strong,36111,1
strong,36112,1
strong,36113,1
strong,36114,1
strong,36115,1
strong,36116,1
strong,36117,1
strong,36118,1
strong,36119,1
strong,36120,1
strong,36121,1
strong,36122,1
strong,36123,1
strong,36124,1
strong,36125,1
strong,36126,1
strong,36127,1
strong,36128,1
strong,36129,1
strong,36130,1
strong,36131,1
strong,36132,1
strong,36133,1
strong,36134,1
strong,36135,1
strong,36136,1
strong,36137,1
strong,36138,1
strong,36139,1
strong,36140,1
strong,36141,1
strong,36142,1
strong,36143,1
strong,36144,1
strong,36145,1
strong,36146,1
strong,36147,1
strong,36148,1
strong,36149,1
strong,36150,1
strong,36151,1
strong,36152,1
strong,36153,1
strong,36154,1
strong,36155,1
strong,36156,1
strong,36157,1
strong,36158,1
strong,36159,1
strong,36160,1
strong,36161,1
strong,36162,1
strong,36163,1
strong,36164,1
strong,36165,1
strong,36166,1
strong,36167,1
strong,36168,1
strong,36169,1
strong,36170,1
strong,36171,1
strong,36172,1
strong,36173,1
strong,36174,1
strong,36175,1
strong,36176,1
strong,36177,1
strong,36178,1
strong,36179,1
strong,36180,1
strong,36181,1
strong,36182,1
strong,36183,1
strong,36184,1
strong,36185,1
strong,36186,1
strong,36187,1
strong,36188,1
strong,36189,1
strong,36190,1
strong,36191,1
strong,36192,1
strong,36193,1
strong,36194,1
strong,36195,1
strong,36196,1
strong,36197,1
strong,36198,1
strong,36199,1
strong,36200,1
strong,36201,1
strong,36202,1
strong,36203,1
strong,36204,1
strong,36205,1
strong,36206,1
strong,36207,1
strong,36208,1
strong,36209,1
strong,36210,1
strong,36211,1
strong,36212,1
strong,36213,1
strong,36214,1
strong,36215,1
strong,36216,1
strong,36217,1
strong,36218,1
strong,36219,1
strong,36220,1
strong,36221,1
strong,36222,1
strong,36223,1
strong,36224,1
strong,36225,1
strong,36226,1
strong,36227,1
strong,36228,1
strong,36229,1
strong,36230,1
strong,36231,1
strong,36232,1
strong,36233,1
strong,36234,1
strong,36235,1
strong,36236,1
strong,36237,1
strong,36238,1
strong,36239,1
strong,36240,1
strong,36241,1
strong,36242,1
strong,36243,1
strong,36244,1
strong,36245,1
strong,36246,1
strong,36247,1
strong,36248,1
strong,36249,1
strong,36250,1
strong,36251,1
strong,36252,1
strong,36253,1
strong,36254,1
strong,36255,1
strong,36256,1
strong,36257,1
strong,36258,1
strong,36259,1
strong,36260,1
strong,36261,1
strong,36262,1
strong,36263,1
strong,36264,1
strong,36265,1
strong,36266,1
strong,36267,1
strong,36268,1
strong,36269,1
strong,36270,1
strong,36271,1
strong,36272,1
strong,36273,1
strong,36274,1
strong,36275,1
strong,36276,1
strong,36277,1
strong,36278,1
strong,36279,1
strong,36280,1
strong,36281,1
strong,36282,1
strong,36283,1
strong,36284,1
strong,36285,1
strong,36286,1
strong,36287,1
strong,36288,1
strong,36289,1
strong,36290,1
strong,36291,1
strong,36292,1
strong,36293,1
strong,36294,1
strong,36295,1
strong,36296,1
strong,36297,1
strong,36298,1
strong,36299,1
strong,36300,1
strong,36301,1
strong,36302,1
strong,36303,1
strong,36304,1
strong,36305,1
strong,36306,1
strong,36307,1
strong,36308,1
strong,36309,1
strong,36310,1
strong,36311,1
strong,36312,1
strong,36313,1
strong,36314,1
strong,36315,1
strong,36316,1
strong,36317,1
strong,36318,1
strong,36319,1
strong,36320,1
strong,36321,1
strong,36322,1
strong,36323,1
strong,36324,1
strong,36325,1
strong,36326,1
strong,36327,1
strong,36328,1
strong,36329,1
strong,36330,1
strong,36331,1
strong,36332,1
strong,36333,1
strong,36334,1
strong,36335,1
strong,36336,1
strong,36337,1
strong,36338,1
strong,36339,1
strong,36340,1
strong,36341,1
strong,36342,1
strong,36343,1
strong,36344,1
strong,36345,1
strong,36346,1
strong,36347,1
strong,36348,1
strong,36349,1
strong,36350,1
strong,36351,1
strong,36352,1
strong,36353,1
strong,36354,1
strong,36355,1
strong,36356,1
strong,36357,1
strong,36358,1
strong,36359,1
strong,36360,1
strong,36361,1
strong,36362,1
strong,36363,1
strong,36364,1
strong,36365,1
strong,36366,1
strong,36367,1
strong,36368,1
strong,36369,1
strong,36370,1
strong,36371,1
strong,36372,1
strong,36373,1
strong,36374,1
strong,36375,1
strong,36376,1
strong,36377,1
strong,36378,1
strong,36379,1
strong,36380,1
strong,36381,1
strong,36382,1
strong,36383,1
strong,36384,1
strong,36385,1
strong,36386,1
strong,36387,1
strong,36388,1
strong,36389,1
strong,36390,1
strong,36391,1
strong,36392,1
strong,36393,1
strong,36394,1
strong,36395,1
strong,36396,1
strong,36397,1
strong,36398,1
strong,36399,1
strong,36400,1
strong,36401,1
strong,36402,1
strong,36403,1
strong,36404,1
strong,36405,1
strong,36406,1
strong,36407,1
strong,36408,1
strong,36409,1
strong,36410,1
strong,36411,1
strong,36412,1
strong,36413,1
strong,36414,1
strong,36415,1
strong,36416,1
strong,36417,1
strong,36418,1
strong,36419,1
strong,36420,1
strong,36421,1
strong,36422,1
strong,36423,1
strong,36424,1
strong,36425,1
strong,36426,1
strong,36427,1
strong,36428,1
strong,36429,1
strong,36430,1
strong,36431,1
strong,36432,1
strong,36433,1
strong,36434,1
strong,36435,1
strong,36436,1
strong,36437,1
strong,36438,1
strong,36439,1
strong,36440,1
strong,36441,1
strong,36442,1
strong,36443,1
strong,36444,1
strong,36445,1
strong,36446,1
strong,36447,1
strong,36448,1
strong,36449,1
strong,36450,1
strong,36451,1
strong,36452,1
strong,36453,1
strong,36454,1
strong,36455,1
strong,36456,1
strong,36457,1
strong,36458,1
strong,36459,1
strong,36460,1
strong,36461,1
strong,36462,1
strong,36463,1
strong,36464,1
strong,36465,1
strong,36466,1
strong,36467,1
strong,36468,1
strong,36469,1
strong,36470,1
strong,36471,1
strong,36472,1
strong,36473,1
strong,36474,1
strong,36475,1
strong,36476,1
strong,36477,1
strong,36478,1
strong,36479,1
strong,36480,1
strong,36481,1
strong,36482,1
strong,36483,1
strong,36484,1
strong,36485,1
strong,36486,1
strong,36487,1
strong,36488,1
strong,36489,1
strong,36490,1
strong,36491,1
strong,36492,1
strong,36493,1
strong,36494,1
strong,36495,1
strong,36496,1
strong,36497,1
strong,36498,1
strong,36499,1
strong,36500,1
strong,36501,1
strong,36502,1
strong,36503,1
strong,36504,1
strong,36505,1
strong,36506,1
strong,36507,1
strong,36508,1
strong,36509,1
strong,36510,1
strong,36511,1
strong,36512,1
strong,36513,1
strong,36514,1
strong,36515,1
strong,36516,1
strong,36517,1
strong,36518,1
strong,36519,1
strong,36520,1
strong,36521,1
strong,36522,1
strong,36523,1
strong,36524,1
strong,36525,1
strong,36526,1
strong,36527,1
strong,36528,1
strong,36529,1
strong,36530,1
strong,36531,1
strong,36532,1
strong,36533,1
strong,36534,1
strong,36535,1
strong,36536,1
strong,36537,1
strong,36538,1
strong,36539,1
strong,36540,1
strong,36541,1
strong,36542,1
strong,36543,1
strong,36544,1
strong,36545,1
strong,36546,1
strong,36547,1
strong,36548,1
strong,36549,1
strong,36550,1
strong,36551,1
strong,36552,1
strong,36553,1
strong,36554,1
strong,36555,1
strong,36556,1
strong,36557,1
strong,36558,1
strong,36559,1
strong,36560,1
strong,36561,1
strong,36562,1
strong,36563,1
strong,36564,1
strong,36565,1
strong,36566,1
strong,36567,1
strong,36568,1
strong,36569,1
strong,36570,1
strong,36571,1
strong,36572,1
strong,36573,1
strong,36574,1
strong,36575,1
strong,36576,1
strong,36577,1
strong,36578,1
strong,36579,1
strong,36580,1
strong,36581,1
strong,36582,1
strong,36583,1
strong,36584,1
strong,36585,1
strong,36586,1
strong,36587,1
strong,36588,1
strong,36589,1
strong,36590,1
strong,36591,1
strong,36592,1
strong,36593,1
strong,36594,1
strong,36595,1
strong,36596,1
strong,36597,1
strong,36598,1
strong,36599,1
strong,36600,1
strong,36601,1
strong,36602,1
strong,36603,1
strong,36604,1
strong,36605,1
strong,36606,1
strong,36607,1
strong,36608,1
strong,36609,1
strong,36610,1
strong,36611,1
strong,36612,1
strong,36613,1
strong,36614,1
strong,36615,1
strong,36616,1
strong,36617,1
strong,36618,1
strong,36619,1
strong,36620,1
strong,36621,1
strong,36622,1
strong,36623,1
strong,36624,1
strong,36625,1
strong,36626,1
strong,36627,1
strong,36628,1
strong,36629,1
strong,36630,1
strong,36631,1
strong,36632,1
strong,36633,1
strong,36634,1
strong,36635,1
strong,36636,1
strong,36637,1
strong,36638,1
strong,36639,1
strong,36640,1
strong,36641,1
strong,36642,1
strong,36643,1
strong,36644,1
strong,36645,1
strong,36646,1
strong,36647,1
strong,36648,1
strong,36649,1
strong,36650,1
strong,36651,1
strong,36652,1
strong,36653,1
strong,36654,1
strong,36655,1
strong,36656,1
strong,36657,1
strong,36658,1
strong,36659,1
strong,36660,1
strong,36661,1
strong,36662,1
strong,36663,1
strong,36664,1
strong,36665,1
strong,36666,1
strong,36667,1
strong,36668,1
strong,36669,1
strong,36670,1
strong,36671,1
strong,36672,1
strong,36673,1
strong,36674,1
strong,36675,1
strong,36676,1
strong,36677,1
strong,36678,1
strong,36679,1
strong,36680,1
strong,36681,1
strong,36682,1
strong,36683,1
strong,36684,1
strong,36685,1
strong,36686,1
strong,36687,1
strong,36688,1
strong,36689,1
strong,36690,1
strong,36691,1
strong,36692,1
strong,36693,1
strong,36694,1
strong,36695,1
strong,36696,1
strong,36697,1
strong,36698,1
strong,36699,1
strong,36700,1
strong,36701,1
strong,36702,1
strong,36703,1
strong,36704,1
strong,36705,1
strong,36706,1
strong,36707,1
strong,36708,1
strong,36709,1
strong,36710,1
strong,36711,1
strong,36712,1
strong,36713,1
strong,36714,1
strong,36715,1
strong,36716,1
strong,36717,1
strong,36718,1
strong,36719,1
strong,36720,1
strong,36721,1
strong,36722,1
strong,36723,1
strong,36724,1
strong,36725,1
strong,36726,1
strong,36727,1
strong,36728,1
strong,36729,1
strong,36730,1
strong,36731,1
strong,36732,1
strong,36733,1
strong,36734,1
strong,36735,1
strong,36736,1
strong,36737,1
strong,36738,1
strong,36739,1
strong,36740,1
strong,36741,1
strong,36742,1
strong,36743,1
strong,36744,1
strong,36745,1
strong,36746,1
strong,36747,1
strong,36748,1
strong,36749,1
strong,36750,1
strong,36751,1
strong,36752,1
strong,36753,1
strong,36754,1
strong,36755,1
strong,36756,1
strong,36757,1
strong,36758,1
strong,36759,1
strong,36760,1
strong,36761,1
strong,36762,1
strong,36763,1
strong,36764,1
strong,36765,1
strong,36766,1
strong,36767,1
strong,36768,1
strong,36769,1
strong,36770,1
strong,36771,1
strong,36772,1
strong,36773,1
strong,36774,1
strong,36775,1
strong,36776,1
strong,36777,1
strong,36778,1
strong,36779,1
strong,36780,1
strong,36781,1
strong,36782,1
strong,36783,1
strong,36784,1
strong,36785,1
strong,36786,1
strong,36787,1
strong,36788,1
strong,36789,1
strong,36790,1
strong,36791,1
strong,36792,1
strong,36793,1
strong,36794,1
strong,36795,1
strong,36796,1
strong,36797,1
strong,36798,1
strong,36799,1
strong,36800,1
strong,36801,1
strong,36802,1
strong,36803,1
strong,36804,1
strong,36805,1
strong,36806,1
strong,36807,1
strong,36808,1
strong,36809,1
strong,36810,1
strong,36811,1
strong,36812,1
strong,36813,1
strong,36814,1
strong,36815,1
strong,36816,1
strong,36817,1
strong,36818,1
strong,36819,1
strong,36820,1
strong,36821,1
strong,36822,1
strong,36823,1
strong,36824,1
strong,36825,1
strong,36826,1
strong,36827,1
strong,36828,1
strong,36829,1
strong,36830,1
strong,36831,1
strong,36832,1
strong,36833,1
strong,36834,1
strong,36835,1
strong,36836,1
strong,36837,1
strong,36838,1
strong,36839,1
strong,36840,1
strong,36841,1
strong,36842,1
strong,36843,1
strong,36844,1
strong,36845,1
strong,36846,1
strong,36847,1
strong,36848,1
strong,36849,1
strong,36850,1
strong,36851,1
strong,36852,1
strong,36853,1
strong,36854,1
strong,36855,1
strong,36856,1
strong,36857,1
strong,36858,1
strong,36859,1
strong,36860,1
strong,36861,1
strong,36862,1
strong,36863,1
strong,36864,1
strong,36865,1
strong,36866,1
strong,36867,1
strong,36868,1
strong,36869,1
strong,36870,1
strong,36871,1
strong,36872,1
strong,36873,1
strong,36874,1
strong,36875,1
strong,36876,1
strong,36877,1
strong,36878,1
strong,36879,1
strong,36880,1
strong,36881,1
strong,36882,1
strong,36883,1
strong,36884,1
strong,36885,1
strong,36886,1
strong,36887,1
strong,36888,1
strong,36889,1
strong,36890,1
strong,36891,1
strong,36892,1
strong,36893,1
strong,36894,1
strong,36895,1
strong,36896,1
strong,36897,1
strong,36898,1
strong,36899,1
strong,36900,1
strong,36901,1
strong,36902,1
strong,36903,1
strong,36904,1
strong,36905,1
strong,36906,1
strong,36907,1
strong,36908,1
strong,36909,1
strong,36910,1
strong,36911,1
strong,36912,1
strong,36913,1
strong,36914,1
strong,36915,1
strong,36916,1
strong,36917,1
strong,36918,1
strong,36919,1
strong,36920,1
strong,36921,1
strong,36922,1
strong,36923,1
strong,36924,1
strong,36925,1
strong,36926,1
strong,36927,1
strong,36928,1
strong,36929,1
strong,36930,1
strong,36931,1
strong,36932,1
strong,36933,1
strong,36934,1
strong,36935,1
strong,36936,1
strong,36937,1
strong,36938,1
strong,36939,1
strong,36940,1
strong,36941,1
strong,36942,1
strong,36943,1
strong,36944,1
strong,36945,1
strong,36946,1
strong,36947,1
strong,36948,1
strong,36949,1
strong,36950,1
strong,36951,1
strong,36952,1
strong,36953,1
strong,36954,1
strong,36955,1
strong,36956,1
strong,36957,1
strong,36958,1
strong,36959,1
strong,36960,1
strong,36961,1
strong,36962,1
strong,36963,1
strong,36964,1
strong,36965,1
strong,36966,1
strong,36967,1
strong,36968,1
strong,36969,1
strong,36970,1
strong,36971,1
strong,36972,1
strong,36973,1
strong,36974,1
strong,36975,1
strong,36976,1
strong,36977,1
strong,36978,1
strong,36979,1
strong,36980,1
strong,36981,1
strong,36982,1
strong,36983,1
strong,36984,1
strong,36985,1
strong,36986,1
strong,36987,1
strong,36988,1
strong,36989,1
strong,36990,1
strong,36991,1
strong,36992,1
strong,36993,1
strong,36994,1
strong,36995,1
strong,36996,1
strong,36997,1
strong,36998,1
strong,36999,1
strong,37000,1
strong,37001,1
strong,37002,1
strong,37003,1
strong,37004,1
strong,37005,1
strong,37006,1
strong,37007,1
strong,37008,1
strong,37009,1
strong,37010,1
strong,37011,1
strong,37012,1
strong,37013,1
strong,37014,1
strong,37015,1
strong,37016,1
strong,37017,1
strong,37018,1
strong,37019,1
strong,37020,1
strong,37021,1
strong,37022,1
strong,37023,1
strong,37024,1
strong,37025,1
strong,37026,1
strong,37027,1
strong,37028,1
strong,37029,1
strong,37030,1
strong,37031,1
strong,37032,1
strong,37033,1
strong,37034,1
strong,37035,1
strong,37036,1
strong,37037,1
strong,37038,1
strong,37039,1
strong,37040,1
strong,37041,1
strong,37042,1
strong,37043,1
strong,37044,1
strong,37045,1
strong,37046,1
strong,37047,1
strong,37048,1
strong,37049,1
strong,37050,1
strong,37051,1
strong,37052,1
strong,37053,1
strong,37054,1
strong,37055,1
strong,37056,1
strong,37057,1
strong,37058,1
strong,37059,1
strong,37060,1
strong,37061,1
strong,37062,1
strong,37063,1
strong,37064,1
strong,37065,1
strong,37066,1
strong,37067,1
strong,37068,1
strong,37069,1
strong,37070,1
strong,37071,1
strong,37072,1
strong,37073,1
strong,37074,1
strong,37075,1
strong,37076,1
strong,37077,1
strong,37078,1
strong,37079,1
strong,37080,1
strong,37081,1
strong,37082,1
strong,37083,1
strong,37084,1
strong,37085,1
strong,37086,1
strong,37087,1
strong,37088,1
strong,37089,1
strong,37090,1
strong,37091,1
strong,37092,1
strong,37093,1
strong,37094,1
strong,37095,1
strong,37096,1
strong,37097,1
strong,37098,1
strong,37099,1
strong,37100,1
strong,37101,1
strong,37102,1
strong,37103,1
strong,37104,1
strong,37105,1
strong,37106,1
strong,37107,1
strong,37108,1
strong,37109,1
strong,37110,1
strong,37111,1
strong,37112,1
strong,37113,1
strong,37114,1
strong,37115,1
strong,37116,1
strong,37117,1
strong,37118,1
strong,37119,1
strong,37120,1
strong,37121,1
strong,37122,1
strong,37123,1
strong,37124,1
strong,37125,1
strong,37126,1
strong,37127,1
strong,37128,1
strong,37129,1
strong,37130,1
strong,37131,1
strong,37132,1
strong,37133,1
strong,37134,1
strong,37135,1
strong,37136,1
strong,37137,1
strong,37138,1
strong,37139,1
strong,37140,1
strong,37141,1
strong,37142,1
strong,37143,1
strong,37144,1
strong,37145,1
strong,37146,1
strong,37147,1
strong,37148,1
strong,37149,1
strong,37150,1
strong,37151,1
strong,37152,1
strong,37153,1
strong,37154,1
strong,37155,1
strong,37156,1
strong,37157,1
strong,37158,1
strong,37159,1
strong,37160,1
strong,37161,1
strong,37162,1
strong,37163,1
strong,37164,1
strong,37165,1
strong,37166,1
strong,37167,1
strong,37168,1
strong,37169,1
strong,37170,1
strong,37171,1
strong,37172,1
strong,37173,1
strong,37174,1
strong,37175,1
strong,37176,1
strong,37177,1
strong,37178,1
strong,37179,1
strong,37180,1
strong,37181,1
strong,37182,1
strong,37183,1
strong,37184,1
strong,37185,1
strong,37186,1
strong,37187,1
strong,37188,1
strong,37189,1
strong,37190,1
strong,37191,1
strong,37192,1
strong,37193,1
strong,37194,1
strong,37195,1
strong,37196,1
strong,37197,1
strong,37198,1
strong,37199,1
strong,37200,1
strong,37201,1
strong,37202,1
strong,37203,1
strong,37204,1
strong,37205,1
strong,37206,1
strong,37207,1
strong,37208,1
strong,37209,1
strong,37210,1
strong,37211,1
strong,37212,1
strong,37213,1
strong,37214,1
strong,37215,1
strong,37216,1
strong,37217,1
strong,37218,1
strong,37219,1
strong,37220,1
strong,37221,1
strong,37222,1
strong,37223,1
strong,37224,1
strong,37225,1
strong,37226,1
strong,37227,1
strong,37228,1
strong,37229,1
strong,37230,1
strong,37231,1
strong,37232,1
strong,37233,1
strong,37234,1
strong,37235,1
strong,37236,1
strong,37237,1
strong,37238,1
strong,37239,1
strong,37240,1
strong,37241,1
strong,37242,1
strong,37243,1
strong,37244,1
strong,37245,1
strong,37246,1
strong,37247,1
strong,37248,1
strong,37249,1
strong,37250,1
strong,37251,1
strong,37252,1
strong,37253,1
strong,37254,1
strong,37255,1
strong,37256,1
strong,37257,1
strong,37258,1
strong,37259,1
strong,37260,1
strong,37261,1
strong,37262,1
strong,37263,1
strong,37264,1
strong,37265,1
strong,37266,1
strong,37267,1
strong,37268,1
strong,37269,1
strong,37270,1
strong,37271,1
strong,37272,1
strong,37273,1
strong,37274,1
strong,37275,1
strong,37276,1
strong,37277,1
strong,37278,1
strong,37279,1
strong,37280,1
strong,37281,1
strong,37282,1
strong,37283,1
strong,37284,1
strong,37285,1
strong,37286,1
strong,37287,1
strong,37288,1
strong,37289,1
strong,37290,1
strong,37291,1
strong,37292,1
strong,37293,1
strong,37294,1
strong,37295,1
strong,37296,1
strong,37297,1
strong,37298,1
strong,37299,1
strong,37300,1
strong,37301,1
strong,37302,1
strong,37303,1
strong,37304,1
strong,37305,1
strong,37306,1
strong,37307,1
strong,37308,1
strong,37309,1
strong,37310,1
strong,37311,1
strong,37312,1
strong,37313,1
strong,37314,1
strong,37315,1
strong,37316,1
strong,37317,1
strong,37318,1
strong,37319,1
strong,37320,1
strong,37321,1
strong,37322,1
strong,37323,1
strong,37324,1
strong,37325,1
strong,37326,1
strong,37327,1
strong,37328,1
strong,37329,1
strong,37330,1
strong,37331,1
strong,37332,1
strong,37333,1
strong,37334,1
strong,37335,1
strong,37336,1
strong,37337,1
strong,37338,1
strong,37339,1
strong,37340,1
strong,37341,1
strong,37342,1
strong,37343,1
strong,37344,1
strong,37345,1
strong,37346,1
strong,37347,1
strong,37348,1
strong,37349,1
strong,37350,1
strong,37351,1
strong,37352,1
strong,37353,1
strong,37354,1
strong,37355,1
strong,37356,1
strong,37357,1
strong,37358,1
strong,37359,1
strong,37360,1
strong,37361,1
strong,37362,1
strong,37363,1
strong,37364,1
strong,37365,1
strong,37366,1
strong,37367,1
strong,37368,1
strong,37369,1
strong,37370,1
strong,37371,1
strong,37372,1
strong,37373,1
strong,37374,1
strong,37375,1
strong,37376,1
strong,37377,1
strong,37378,1
strong,37379,1
strong,37380,1
strong,37381,1
strong,37382,1
strong,37383,1
strong,37384,1
strong,37385,1
strong,37386,1
strong,37387,1
strong,37388,1
strong,37389,1
strong,37390,1
strong,37391,1
strong,37392,1
strong,37393,1
strong,37394,1
strong,37395,1
strong,37396,1
strong,37397,1
strong,37398,1
strong,37399,1
strong,37400,1
strong,37401,1
strong,37402,1
strong,37403,1
strong,37404,1
strong,37405,1
strong,37406,1
strong,37407,1
strong,37408,1
strong,37409,1
strong,37410,1
strong,37411,1
strong,37412,1
strong,37413,1
strong,37414,1
strong,37415,1
strong,37416,1
strong,37417,1
strong,37418,1
strong,37419,1
strong,37420,1
strong,37421,1
strong,37422,1
strong,37423,1
strong,37424,1
strong,37425,1
strong,37426,1
strong,37427,1
strong,37428,1
strong,37429,1
strong,37430,1
strong,37431,1
strong,37432,1
strong,37433,1
strong,37434,1
strong,37435,1
strong,37436,1
strong,37437,1
strong,37438,1
strong,37439,1
strong,37440,1
strong,37441,1
strong,37442,1
strong,37443,1
strong,37444,1
strong,37445,1
strong,37446,1
strong,37447,1
strong,37448,1
strong,37449,1
strong,37450,1
strong,37451,1
strong,37452,1
strong,37453,1
strong,37454,1
strong,37455,1
strong,37456,1
strong,37457,1
strong,37458,1
strong,37459,1
strong,37460,1
strong,37461,1
strong,37462,1
strong,37463,1
strong,37464,1
strong,37465,1
strong,37466,1
strong,37467,1
strong,37468,1
strong,37469,1
strong,37470,1
strong,37471,1
strong,37472,1
strong,37473,1
strong,37474,1
strong,37475,1
strong,37476,1
strong,37477,1
strong,37478,1
strong,37479,1
strong,37480,1
strong,37481,1
strong,37482,1
strong,37483,1
strong,37484,1
strong,37485,1
strong,37486,1
strong,37487,1
strong,37488,1
strong,37489,1
strong,37490,1
strong,37491,1
strong,37492,1
strong,37493,1
strong,37494,1
strong,37495,1
strong,37496,1
strong,37497,1
strong,37498,1
strong,37499,1
strong,37500,1
strong,37501,1
strong,37502,1
strong,37503,1
strong,37504,1
strong,37505,1
strong,37506,1
strong,37507,1
strong,37508,1
strong,37509,1
strong,37510,1
strong,37511,1
strong,37512,1
strong,37513,1
strong,37514,1
strong,37515,1
strong,37516,1
strong,37517,1
strong,37518,1
strong,37519,1
strong,37520,1
strong,37521,1
strong,37522,1
strong,37523,1
strong,37524,1
strong,37525,1
strong,37526,1
strong,37527,1
strong,37528,1
strong,37529,1
strong,37530,1
strong,37531,1
strong,37532,1
strong,37533,1
strong,37534,1
strong,37535,1
strong,37536,1
strong,37537,1
strong,37538,1
strong,37539,1
strong,37540,1
strong,37541,1
strong,37542,1
strong,37543,1
strong,37544,1
strong,37545,1
strong,37546,1
strong,37547,1
strong,37548,1
strong,37549,1
strong,37550,1
strong,37551,1
strong,37552,1
strong,37553,1
strong,37554,1
strong,37555,1
strong,37556,1
strong,37557,1
strong,37558,1
strong,37559,1
strong,37560,1
strong,37561,1
strong,37562,1
strong,37563,1
strong,37564,1
strong,37565,1
strong,37566,1
strong,37567,1
strong,37568,1
strong,37569,1
strong,37570,1
strong,37571,1
strong,37572,1
strong,37573,1
strong,37574,1
strong,37575,1
strong,37576,1
strong,37577,1
strong,37578,1
strong,37579,1
strong,37580,1
strong,37581,1
strong,37582,1
strong,37583,1
strong,37584,1
strong,37585,1
strong,37586,1
strong,37587,1
strong,37588,1
strong,37589,1
strong,37590,1
strong,37591,1
strong,37592,1
strong,37593,1
strong,37594,1
strong,37595,1
strong,37596,1
strong,37597,1
strong,37598,1
strong,37599,1
strong,37600,1
strong,37601,1
strong,37602,1
strong,37603,1
strong,37604,1
strong,37605,1
strong,37606,1
strong,37607,1
strong,37608,1
strong,37609,1
strong,37610,1
strong,37611,1
strong,37612,1
strong,37613,1
strong,37614,1
strong,37615,1
strong,37616,1
strong,37617,1
strong,37618,1
strong,37619,1
strong,37620,1
strong,37621,1
strong,37622,1
strong,37623,1
strong,37624,1
strong,37625,1
strong,37626,1
strong,37627,1
strong,37628,1
strong,37629,1
strong,37630,1
strong,37631,1
strong,37632,1
strong,37633,1
strong,37634,1
strong,37635,1
strong,37636,1
strong,37637,1
strong,37638,1
strong,37639,1
strong,37640,1
strong,37641,1
strong,37642,1
strong,37643,1
strong,37644,1
strong,37645,1
strong,37646,1
strong,37647,1
strong,37648,1
strong,37649,1
strong,37650,1
strong,37651,1
strong,37652,1
strong,37653,1
strong,37654,1
strong,37655,1
strong,37656,1
strong,37657,1
strong,37658,1
strong,37659,1
strong,37660,1
strong,37661,1
strong,37662,1
strong,37663,1
strong,37664,1
strong,37665,1
strong,37666,1
strong,37667,1
strong,37668,1
strong,37669,1
strong,37670,1
strong,37671,1
strong,37672,1
strong,37673,1
strong,37674,1
strong,37675,1
strong,37676,1
strong,37677,1
strong,37678,1
strong,37679,1
strong,37680,1
strong,37681,1
strong,37682,1
strong,37683,1
strong,37684,1
strong,37685,1
strong,37686,1
strong,37687,1
strong,37688,1
strong,37689,1
strong,37690,1
strong,37691,1
strong,37692,1
strong,37693,1
strong,37694,1
strong,37695,1
strong,37696,1
strong,37697,1
strong,37698,1
strong,37699,1
strong,37700,1
strong,37701,1
strong,37702,1
strong,37703,1
strong,37704,1
strong,37705,1
strong,37706,1
strong,37707,1
strong,37708,1
strong,37709,1
strong,37710,1
strong,37711,1
strong,37712,1
strong,37713,1
strong,37714,1
strong,37715,1
strong,37716,1
strong,37717,1
strong,37718,1
strong,37719,1
strong,37720,1
strong,37721,1
strong,37722,1
strong,37723,1
strong,37724,1
strong,37725,1
strong,37726,1
strong,37727,1
strong,37728,1
strong,37729,1
strong,37730,1
strong,37731,1
strong,37732,1
strong,37733,1
strong,37734,1
strong,37735,1
strong,37736,1
strong,37737,1
strong,37738,1
strong,37739,1
strong,37740,1
strong,37741,1
strong,37742,1
strong,37743,1
strong,37744,1
strong,37745,1
strong,37746,1
strong,37747,1
strong,37748,1
strong,37749,1
strong,37750,1
strong,37751,1
strong,37752,1
strong,37753,1
strong,37754,1
strong,37755,1
strong,37756,1
strong,37757,1
strong,37758,1
strong,37759,1
strong,37760,1
strong,37761,1
strong,37762,1
strong,37763,1
strong,37764,1
strong,37765,1
strong,37766,1
strong,37767,1
strong,37768,1
strong,37769,1
strong,37770,1
strong,37771,1
strong,37772,1
strong,37773,1
strong,37774,1
strong,37775,1
strong,37776,1
strong,37777,1
strong,37778,1
strong,37779,1
strong,37780,1
strong,37781,1
strong,37782,1
strong,37783,1
strong,37784,1
strong,37785,1
strong,37786,1
strong,37787,1
strong,37788,1
strong,37789,1
strong,37790,1
strong,37791,1
strong,37792,1
strong,37793,1
strong,37794,1
strong,37795,1
strong,37796,1
strong,37797,1
strong,37798,1
strong,37799,1
strong,37800,1
strong,37801,1
strong,37802,1
strong,37803,1
strong,37804,1
strong,37805,1
strong,37806,1
strong,37807,1
strong,37808,1
strong,37809,1
strong,37810,1
strong,37811,1
strong,37812,1
strong,37813,1
strong,37814,1
strong,37815,1
strong,37816,1
strong,37817,1
strong,37818,1
strong,37819,1
strong,37820,1
strong,37821,1
strong,37822,1
strong,37823,1
strong,37824,1
strong,37825,1
strong,37826,1
strong,37827,1
strong,37828,1
strong,37829,1
strong,37830,1
strong,37831,1
strong,37832,1
strong,37833,1
strong,37834,1
strong,37835,1
strong,37836,1
strong,37837,1
strong,37838,1
strong,37839,1
strong,37840,1
strong,37841,1
strong,37842,1
strong,37843,1
strong,37844,1
strong,37845,1
strong,37846,1
strong,37847,1
strong,37848,1
strong,37849,1
strong,37850,1
strong,37851,1
strong,37852,1
strong,37853,1
strong,37854,1
strong,37855,1
strong,37856,1
strong,37857,1
strong,37858,1
strong,37859,1
strong,37860,1
strong,37861,1
strong,37862,1
strong,37863,1
strong,37864,1
strong,37865,1
strong,37866,1
strong,37867,1
strong,37868,1
strong,37869,1
strong,37870,1
strong,37871,1
strong,37872,1
strong,37873,1
strong,37874,1
strong,37875,1
strong,37876,1
strong,37877,1
strong,37878,1
strong,37879,1
strong,37880,1
strong,37881,1
strong,37882,1
strong,37883,1
strong,37884,1
strong,37885,1
strong,37886,1
strong,37887,1
strong,37888,1
strong,37889,1
strong,37890,1
strong,37891,1
strong,37892,1
strong,37893,1
strong,37894,1
strong,37895,1
strong,37896,1
strong,37897,1
strong,37898,1
strong,37899,1
strong,37900,1
strong,37901,1
strong,37902,1
strong,37903,1
strong,37904,1
strong,37905,1
strong,37906,1
strong,37907,1
strong,37908,1
strong,37909,1
strong,37910,1
strong,37911,1
strong,37912,1
strong,37913,1
strong,37914,1
strong,37915,1
strong,37916,1
strong,37917,1
strong,37918,1
strong,37919,1
strong,37920,1
strong,37921,1
strong,37922,1
strong,37923,1
strong,37924,1
strong,37925,1
strong,37926,1
strong,37927,1
strong,37928,1
strong,37929,1
strong,37930,1
strong,37931,1
strong,37932,1
strong,37933,1
strong,37934,1
strong,37935,1
strong,37936,1
strong,37937,1
strong,37938,1
strong,37939,1
strong,37940,1
strong,37941,1
strong,37942,1
strong,37943,1
strong,37944,1
strong,37945,1
strong,37946,1
strong,37947,1
strong,37948,1
strong,37949,1
strong,37950,1
strong,37951,1
strong,37952,1
strong,37953,1
strong,37954,1
strong,37955,1
strong,37956,1
strong,37957,1
strong,37958,1
strong,37959,1
strong,37960,1
strong,37961,1
strong,37962,1
strong,37963,1
strong,37964,1
strong,37965,1
strong,37966,1
strong,37967,1
strong,37968,1
strong,37969,1
strong,37970,1
strong,37971,1
strong,37972,1
strong,37973,1
strong,37974,1
strong,37975,1
strong,37976,1
strong,37977,1
strong,37978,1
strong,37979,1
strong,37980,1
strong,37981,1
strong,37982,1
strong,37983,1
strong,37984,1
strong,37985,1
strong,37986,1
strong,37987,1
strong,37988,1
strong,37989,1
strong,37990,1
strong,37991,1
strong,37992,1
strong,37993,1
strong,37994,1
strong,37995,1
strong,37996,1
strong,37997,1
strong,37998,1
strong,37999,1
strong,38000,1
strong,38001,1
strong,38002,1
strong,38003,1
strong,38004,1
strong,38005,1
strong,38006,1
strong,38007,1
strong,38008,1
strong,38009,1
strong,38010,1
strong,38011,1
strong,38012,1
strong,38013,1
strong,38014,1
strong,38015,1
strong,38016,1
strong,38017,1
strong,38018,1
strong,38019,1
strong,38020,1
strong,38021,1
strong,38022,1
strong,38023,1
strong,38024,1
strong,38025,1
strong,38026,1
strong,38027,1
strong,38028,1
strong,38029,1
strong,38030,1
strong,38031,1
strong,38032,1
strong,38033,1
strong,38034,1
strong,38035,1
strong,38036,1
strong,38037,1
strong,38038,1
strong,38039,1
strong,38040,1
strong,38041,1
strong,38042,1
strong,38043,1
strong,38044,1
strong,38045,1
strong,38046,1
strong,38047,1
strong,38048,1
strong,38049,1
strong,38050,1
strong,38051,1
strong,38052,1
strong,38053,1
strong,38054,1
strong,38055,1
strong,38056,1
strong,38057,1
strong,38058,1
strong,38059,1
strong,38060,1
strong,38061,1
strong,38062,1
strong,38063,1
strong,38064,1
strong,38065,1
strong,38066,1
strong,38067,1
strong,38068,1
strong,38069,1
strong,38070,1
strong,38071,1
strong,38072,1
strong,38073,1
strong,38074,1
strong,38075,1
strong,38076,1
strong,38077,1
strong,38078,1
strong,38079,1
strong,38080,1
strong,38081,1
strong,38082,1
strong,38083,1
strong,38084,1
strong,38085,1
strong,38086,1
strong,38087,1
strong,38088,1
strong,38089,1
strong,38090,1
strong,38091,1
strong,38092,1
strong,38093,1
strong,38094,1
strong,38095,1
strong,38096,1
strong,38097,1
strong,38098,1
strong,38099,1
strong,38100,1
strong,38101,1
strong,38102,1
strong,38103,1
strong,38104,1
strong,38105,1
strong,38106,1
strong,38107,1
strong,38108,1
strong,38109,1
strong,38110,1
strong,38111,1
strong,38112,1
strong,38113,1
strong,38114,1
strong,38115,1
strong,38116,1
strong,38117,1
strong,38118,1
strong,38119,1
strong,38120,1
strong,38121,1
strong,38122,1
strong,38123,1
strong,38124,1
strong,38125,1
strong,38126,1
strong,38127,1
strong,38128,1
strong,38129,1
strong,38130,1
strong,38131,1
strong,38132,1
strong,38133,1
strong,38134,1
strong,38135,1
strong,38136,1
strong,38137,1
strong,38138,1
strong,38139,1
strong,38140,1
strong,38141,1
strong,38142,1
strong,38143,1
strong,38144,1
strong,38145,1
strong,38146,1
strong,38147,1
strong,38148,1
strong,38149,1
strong,38150,1
strong,38151,1
strong,38152,1
strong,38153,1
strong,38154,1
strong,38155,1
strong,38156,1
strong,38157,1
strong,38158,1
strong,38159,1
strong,38160,1
strong,38161,1
strong,38162,1
strong,38163,1
strong,38164,1
strong,38165,1
strong,38166,1
strong,38167,1
strong,38168,1
strong,38169,1
strong,38170,1
strong,38171,1
strong,38172,1
strong,38173,1
strong,38174,1
strong,38175,1
strong,38176,1
strong,38177,1
strong,38178,1
strong,38179,1
strong,38180,1
strong,38181,1
strong,38182,1
strong,38183,1
strong,38184,1
strong,38185,1
strong,38186,1
strong,38187,1
strong,38188,1
strong,38189,1
strong,38190,1
strong,38191,1
strong,38192,1
strong,38193,1
strong,38194,1
strong,38195,1
strong,38196,1
strong,38197,1
strong,38198,1
strong,38199,1
strong,38200,1
strong,38201,1
strong,38202,1
strong,38203,1
strong,38204,1
strong,38205,1
strong,38206,1
strong,38207,1
strong,38208,1
strong,38209,1
strong,38210,1
strong,38211,1
strong,38212,1
strong,38213,1
strong,38214,1
strong,38215,1
strong,38216,1
strong,38217,1
strong,38218,1
strong,38219,1
strong,38220,1
strong,38221,1
strong,38222,1
strong,38223,1
strong,38224,1
strong,38225,1
strong,38226,1
strong,38227,1
strong,38228,1
strong,38229,1
strong,38230,1
strong,38231,1
strong,38232,1
strong,38233,1
strong,38234,1
strong,38235,1
strong,38236,1
strong,38237,1
strong,38238,1
strong,38239,1
strong,38240,1
strong,38241,1
strong,38242,1
strong,38243,1
strong,38244,1
strong,38245,1
strong,38246,1
strong,38247,1
strong,38248,1
strong,38249,1
strong,38250,1
strong,38251,1
strong,38252,1
strong,38253,1
strong,38254,1
strong,38255,1
strong,38256,1
strong,38257,1
strong,38258,1
strong,38259,1
strong,38260,1
strong,38261,1
strong,38262,1
strong,38263,1
strong,38264,1
strong,38265,1
strong,38266,1
strong,38267,1
strong,38268,1
strong,38269,1
strong,38270,1
strong,38271,1
strong,38272,1
strong,38273,1
strong,38274,1
strong,38275,1
strong,38276,1
strong,38277,1
strong,38278,1
strong,38279,1
strong,38280,1
strong,38281,1
strong,38282,1
strong,38283,1
strong,38284,1
strong,38285,1
strong,38286,1
strong,38287,1
strong,38288,1
strong,38289,1
strong,38290,1
strong,38291,1
strong,38292,1
strong,38293,1
strong,38294,1
strong,38295,1
strong,38296,1
strong,38297,1
strong,38298,1
strong,38299,1
strong,38300,1
strong,38301,1
strong,38302,1
strong,38303,1
strong,38304,1
strong,38305,1
strong,38306,1
strong,38307,1
strong,38308,1
strong,38309,1
strong,38310,1
strong,38311,1
strong,38312,1
strong,38313,1
strong,38314,1
strong,38315,1
strong,38316,1
strong,38317,1
strong,38318,1
strong,38319,1
strong,38320,1
strong,38321,1
strong,38322,1
strong,38323,1
strong,38324,1
strong,38325,1
strong,38326,1
strong,38327,1
strong,38328,1
strong,38329,1
strong,38330,1
strong,38331,1
strong,38332,1
strong,38333,1
strong,38334,1
strong,38335,1
strong,38336,1
strong,38337,1
strong,38338,1
strong,38339,1
strong,38340,1
strong,38341,1
strong,38342,1
strong,38343,1
strong,38344,1
strong,38345,1
strong,38346,1
strong,38347,1
strong,38348,1
strong,38349,1
strong,38350,1
strong,38351,1
strong,38352,1
strong,38353,1
strong,38354,1
strong,38355,1
strong,38356,1
strong,38357,1
strong,38358,1
strong,38359,1
strong,38360,1
strong,38361,1
strong,38362,1
strong,38363,1
strong,38364,1
strong,38365,1
strong,38366,1
strong,38367,1
strong,38368,1
strong,38369,1
strong,38370,1
strong,38371,1
strong,38372,1
strong,38373,1
strong,38374,1
strong,38375,1
strong,38376,1
strong,38377,1
strong,38378,1
strong,38379,1
strong,38380,1
strong,38381,1
strong,38382,1
strong,38383,1
strong,38384,1
strong,38385,1
strong,38386,1
strong,38387,1
strong,38388,1
strong,38389,1
strong,38390,1
strong,38391,1
strong,38392,1
strong,38393,1
strong,38394,1
strong,38395,1
strong,38396,1
strong,38397,1
strong,38398,1
strong,38399,1
strong,38400,1
strong,38401,1
strong,38402,1
strong,38403,1
strong,38404,1
strong,38405,1
strong,38406,1
strong,38407,1
strong,38408,1
strong,38409,1
strong,38410,1
strong,38411,1
strong,38412,1
strong,38413,1
strong,38414,1
strong,38415,1
strong,38416,1
strong,38417,1
strong,38418,1
strong,38419,1
strong,38420,1
strong,38421,1
strong,38422,1
strong,38423,1
strong,38424,1
strong,38425,1
strong,38426,1
strong,38427,1
strong,38428,1
strong,38429,1
strong,38430,1
strong,38431,1
strong,38432,1
strong,38433,1
strong,38434,1
strong,38435,1
strong,38436,1
strong,38437,1
strong,38438,1
strong,38439,1
strong,38440,1
strong,38441,1
strong,38442,1
strong,38443,1
strong,38444,1
strong,38445,1
strong,38446,1
strong,38447,1
strong,38448,1
strong,38449,1
strong,38450,1
strong,38451,1
strong,38452,1
strong,38453,1
strong,38454,1
strong,38455,1
strong,38456,1
strong,38457,1
strong,38458,1
strong,38459,1
strong,38460,1
strong,38461,1
strong,38462,1
strong,38463,1
strong,38464,1
strong,38465,1
strong,38466,1
strong,38467,1
strong,38468,1
strong,38469,1
strong,38470,1
strong,38471,1
strong,38472,1
strong,38473,1
strong,38474,1
strong,38475,1
strong,38476,1
strong,38477,1
strong,38478,1
strong,38479,1
strong,38480,1
strong,38481,1
strong,38482,1
strong,38483,1
strong,38484,1
strong,38485,1
strong,38486,1
strong,38487,1
strong,38488,1
strong,38489,1
strong,38490,1
strong,38491,1
strong,38492,1
strong,38493,1
strong,38494,1
strong,38495,1
strong,38496,1
strong,38497,1
strong,38498,1
strong,38499,1
strong,38500,1
strong,38501,1
strong,38502,1
strong,38503,1
strong,38504,1
strong,38505,1
strong,38506,1
strong,38507,1
strong,38508,1
strong,38509,1
strong,38510,1
strong,38511,1
strong,38512,1
strong,38513,1
strong,38514,1
strong,38515,1
strong,38516,1
strong,38517,1
strong,38518,1
strong,38519,1
strong,38520,1
strong,38521,1
strong,38522,1
strong,38523,1
strong,38524,1
strong,38525,1
strong,38526,1
strong,38527,1
strong,38528,1
strong,38529,1
strong,38530,1
strong,38531,1
strong,38532,1
strong,38533,1
strong,38534,1
strong,38535,1
strong,38536,1
strong,38537,1
strong,38538,1
strong,38539,1
strong,38540,1
strong,38541,1
strong,38542,1
strong,38543,1
strong,38544,1
strong,38545,1
strong,38546,1
strong,38547,1
strong,38548,1
strong,38549,1
strong,38550,1
strong,38551,1
strong,38552,1
strong,38553,1
strong,38554,1
strong,38555,1
strong,38556,1
strong,38557,1
strong,38558,1
strong,38559,1
strong,38560,1
strong,38561,1
strong,38562,1
strong,38563,1
strong,38564,1
strong,38565,1
strong,38566,1
strong,38567,1
strong,38568,1
strong,38569,1
strong,38570,1
strong,38571,1
strong,38572,1
strong,38573,1
strong,38574,1
strong,38575,1
strong,38576,1
strong,38577,1
strong,38578,1
strong,38579,1
strong,38580,1
strong,38581,1
strong,38582,1
strong,38583,1
strong,38584,1
strong,38585,1
strong,38586,1
strong,38587,1
strong,38588,1
strong,38589,1
strong,38590,1
strong,38591,1
strong,38592,1
strong,38593,1
strong,38594,1
strong,38595,1
strong,38596,1
strong,38597,1
strong,38598,1
strong,38599,1
strong,38600,1
strong,38601,1
strong,38602,1
strong,38603,1
strong,38604,1
strong,38605,1
strong,38606,1
strong,38607,1
strong,38608,1
strong,38609,1
strong,38610,1
strong,38611,1
strong,38612,1
strong,38613,1
strong,38614,1
strong,38615,1
strong,38616,1
strong,38617,1
strong,38618,1
strong,38619,1
strong,38620,1
strong,38621,1
strong,38622,1
strong,38623,1
strong,38624,1
strong,38625,1
strong,38626,1
strong,38627,1
strong,38628,1
strong,38629,1
strong,38630,1
strong,38631,1
strong,38632,1
strong,38633,1
strong,38634,1
strong,38635,1
strong,38636,1
strong,38637,1
strong,38638,1
strong,38639,1
strong,38640,1
strong,38641,1
strong,38642,1
strong,38643,1
strong,38644,1
strong,38645,1
strong,38646,1
strong,38647,1
strong,38648,1
strong,38649,1
strong,38650,1
strong,38651,1
strong,38652,1
strong,38653,1
strong,38654,1
strong,38655,1
strong,38656,1
strong,38657,1
strong,38658,1
strong,38659,1
strong,38660,1
strong,38661,1
strong,38662,1
strong,38663,1
strong,38664,1
strong,38665,1
strong,38666,1
strong,38667,1
strong,38668,1
strong,38669,1
strong,38670,1
strong,38671,1
strong,38672,1
strong,38673,1
strong,38674,1
strong,38675,1
strong,38676,1
strong,38677,1
strong,38678,1
strong,38679,1
strong,38680,1
strong,38681,1
strong,38682,1
strong,38683,1
strong,38684,1
strong,38685,1
strong,38686,1
strong,38687,1
strong,38688,1
strong,38689,1
strong,38690,1
strong,38691,1
strong,38692,1
strong,38693,1
strong,38694,1
strong,38695,1
strong,38696,1
strong,38697,1
strong,38698,1
strong,38699,1
strong,38700,1
strong,38701,1
strong,38702,1
strong,38703,1
strong,38704,1
strong,38705,1
strong,38706,1
strong,38707,1
strong,38708,1
strong,38709,1
strong,38710,1
strong,38711,1
strong,38712,1
strong,38713,1
strong,38714,1
strong,38715,1
strong,38716,1
strong,38717,1
strong,38718,1
strong,38719,1
strong,38720,1
strong,38721,1
strong,38722,1
strong,38723,1
strong,38724,1
strong,38725,1
strong,38726,1
strong,38727,1
strong,38728,1
strong,38729,1
strong,38730,1
strong,38731,1
strong,38732,1
strong,38733,1
strong,38734,1
strong,38735,1
strong,38736,1
strong,38737,1
strong,38738,1
strong,38739,1
strong,38740,1
strong,38741,1
strong,38742,1
strong,38743,1
strong,38744,1
strong,38745,1
strong,38746,1
strong,38747,1
strong,38748,1
strong,38749,1
strong,38750,1
strong,38751,1
strong,38752,1
strong,38753,1
strong,38754,1
strong,38755,1
strong,38756,1
strong,38757,1
strong,38758,1
strong,38759,1
strong,38760,1
strong,38761,1
strong,38762,1
strong,38763,1
strong,38764,1
strong,38765,1
strong,38766,1
strong,38767,1
strong,38768,1
strong,38769,1
strong,38770,1
strong,38771,1
strong,38772,1
strong,38773,1
strong,38774,1
strong,38775,1
strong,38776,1
strong,38777,1
strong,38778,1
strong,38779,1
strong,38780,1
strong,38781,1
strong,38782,1
strong,38783,1
strong,38784,1
strong,38785,1
strong,38786,1
strong,38787,1
strong,38788,1
strong,38789,1
strong,38790,1
strong,38791,1
strong,38792,1
strong,38793,1
strong,38794,1
strong,38795,1
strong,38796,1
strong,38797,1
strong,38798,1
strong,38799,1
strong,38800,1
strong,38801,1
strong,38802,1
strong,38803,1
strong,38804,1
strong,38805,1
strong,38806,1
strong,38807,1
strong,38808,1
strong,38809,1
strong,38810,1
strong,38811,1
strong,38812,1
strong,38813,1
strong,38814,1
strong,38815,1
strong,38816,1
strong,38817,1
strong,38818,1
strong,38819,1
strong,38820,1
strong,38821,1
strong,38822,1
strong,38823,1
strong,38824,1
strong,38825,1
strong,38826,1
strong,38827,1
strong,38828,1
strong,38829,1
strong,38830,1
strong,38831,1
strong,38832,1
strong,38833,1
strong,38834,1
strong,38835,1
strong,38836,1
strong,38837,1
strong,38838,1
strong,38839,1
strong,38840,1
strong,38841,1
strong,38842,1
strong,38843,1
strong,38844,1
strong,38845,1
strong,38846,1
strong,38847,1
strong,38848,1
strong,38849,1
strong,38850,1
strong,38851,1
strong,38852,1
strong,38853,1
strong,38854,1
strong,38855,1
strong,38856,1
strong,38857,1
strong,38858,1
strong,38859,1
strong,38860,1
strong,38861,1
strong,38862,1
strong,38863,1
strong,38864,1
strong,38865,1
strong,38866,1
strong,38867,1
strong,38868,1
strong,38869,1
strong,38870,1
strong,38871,1
strong,38872,1
strong,38873,1
strong,38874,1
strong,38875,1
strong,38876,1
strong,38877,1
strong,38878,1
strong,38879,1
strong,38880,1
strong,38881,1
strong,38882,1
strong,38883,1
strong,38884,1
strong,38885,1
strong,38886,1
strong,38887,1
strong,38888,1
strong,38889,1
strong,38890,1
strong,38891,1
strong,38892,1
strong,38893,1
strong,38894,1
strong,38895,1
strong,38896,1
strong,38897,1
strong,38898,1
strong,38899,1
strong,38900,1
strong,38901,1
strong,38902,1
strong,38903,1
strong,38904,1
strong,38905,1
strong,38906,1
strong,38907,1
strong,38908,1
strong,38909,1
strong,38910,1
strong,38911,1
strong,38912,1
strong,38913,1
strong,38914,1
strong,38915,1
strong,38916,1
strong,38917,1
strong,38918,1
strong,38919,1
strong,38920,1
strong,38921,1
strong,38922,1
strong,38923,1
strong,38924,1
strong,38925,1
strong,38926,1
strong,38927,1
strong,38928,1
strong,38929,1
strong,38930,1
strong,38931,1
strong,38932,1
strong,38933,1
strong,38934,1
strong,38935,1
strong,38936,1
strong,38937,1
strong,38938,1
strong,38939,1
strong,38940,1
strong,38941,1
strong,38942,1
strong,38943,1
strong,38944,1
strong,38945,1
strong,38946,1
strong,38947,1
strong,38948,1
strong,38949,1
strong,38950,1
strong,38951,1
strong,38952,1
strong,38953,1
strong,38954,1
strong,38955,1
strong,38956,1
strong,38957,1
strong,38958,1
strong,38959,1
strong,38960,1
strong,38961,1
strong,38962,1
strong,38963,1
strong,38964,1
strong,38965,1
strong,38966,1
strong,38967,1
strong,38968,1
strong,38969,1
strong,38970,1
strong,38971,1
strong,38972,1
strong,38973,1
strong,38974,1
strong,38975,1
strong,38976,1
strong,38977,1
strong,38978,1
strong,38979,1
strong,38980,1
strong,38981,1
strong,38982,1
strong,38983,1
strong,38984,1
strong,38985,1
strong,38986,1
strong,38987,1
strong,38988,1
strong,38989,1
strong,38990,1
strong,38991,1
strong,38992,1
strong,38993,1
strong,38994,1
strong,38995,1
strong,38996,1
strong,38997,1
strong,38998,1
strong,38999,1
strong,39000,1
strong,39001,1
strong,39002,1
strong,39003,1
strong,39004,1
strong,39005,1
strong,39006,1
strong,39007,1
strong,39008,1
strong,39009,1
strong,39010,1
strong,39011,1
strong,39012,1
strong,39013,1
strong,39014,1
strong,39015,1
strong,39016,1
strong,39017,1
strong,39018,1
strong,39019,1
strong,39020,1
strong,39021,1
strong,39022,1
strong,39023,1
strong,39024,1
strong,39025,1
strong,39026,1
strong,39027,1
strong,39028,1
strong,39029,1
strong,39030,1
strong,39031,1
strong,39032,1
strong,39033,1
strong,39034,1
strong,39035,1
strong,39036,1
strong,39037,1
strong,39038,1
strong,39039,1
strong,39040,1
strong,39041,1
strong,39042,1
strong,39043,1
strong,39044,1
strong,39045,1
strong,39046,1
strong,39047,1
strong,39048,1
strong,39049,1
strong,39050,1
strong,39051,1
strong,39052,1
strong,39053,1
strong,39054,1
strong,39055,1
strong,39056,1
strong,39057,1
strong,39058,1
strong,39059,1
strong,39060,1
strong,39061,1
strong,39062,1
strong,39063,1
strong,39064,1
strong,39065,1
strong,39066,1
strong,39067,1
strong,39068,1
strong,39069,1
strong,39070,1
strong,39071,1
strong,39072,1
strong,39073,1
strong,39074,1
strong,39075,1
strong,39076,1
strong,39077,1
strong,39078,1
strong,39079,1
strong,39080,1
strong,39081,1
strong,39082,1
strong,39083,1
strong,39084,1
strong,39085,1
strong,39086,1
strong,39087,1
strong,39088,1
strong,39089,1
strong,39090,1
strong,39091,1
strong,39092,1
strong,39093,1
strong,39094,1
strong,39095,1
strong,39096,1
strong,39097,1
strong,39098,1
strong,39099,1
strong,39100,1
strong,39101,1
strong,39102,1
strong,39103,1
strong,39104,1
strong,39105,1
strong,39106,1
strong,39107,1
strong,39108,1
strong,39109,1
strong,39110,1
strong,39111,1
strong,39112,1
strong,39113,1
strong,39114,1
strong,39115,1
strong,39116,1
strong,39117,1
strong,39118,1
strong,39119,1
strong,39120,1
strong,39121,1
strong,39122,1
strong,39123,1
strong,39124,1
strong,39125,1
strong,39126,1
strong,39127,1
strong,39128,1
strong,39129,1
strong,39130,1
strong,39131,1
strong,39132,1
strong,39133,1
strong,39134,1
strong,39135,1
strong,39136,1
strong,39137,1
strong,39138,1
strong,39139,1
strong,39140,1
strong,39141,1
strong,39142,1
strong,39143,1
strong,39144,1
strong,39145,1
strong,39146,1
strong,39147,1
strong,39148,1
strong,39149,1
strong,39150,1
strong,39151,1
strong,39152,1
strong,39153,1
strong,39154,1
strong,39155,1
strong,39156,1
strong,39157,1
strong,39158,1
strong,39159,1
strong,39160,1
strong,39161,1
strong,39162,1
strong,39163,1
strong,39164,1
strong,39165,1
strong,39166,1
strong,39167,1
strong,39168,1
strong,39169,1
strong,39170,1
strong,39171,1
strong,39172,1
strong,39173,1
strong,39174,1
strong,39175,1
strong,39176,1
strong,39177,1
strong,39178,1
strong,39179,1
strong,39180,1
strong,39181,1
strong,39182,1
strong,39183,1
strong,39184,1
strong,39185,1
strong,39186,1
strong,39187,1
strong,39188,1
strong,39189,1
strong,39190,1
strong,39191,1
strong,39192,1
strong,39193,1
strong,39194,1
strong,39195,1
strong,39196,1
strong,39197,1
strong,39198,1
strong,39199,1
strong,39200,1
strong,39201,1
strong,39202,1
strong,39203,1
strong,39204,1
strong,39205,1
strong,39206,1
strong,39207,1
strong,39208,1
strong,39209,1
strong,39210,1
strong,39211,1
strong,39212,1
strong,39213,1
strong,39214,1
strong,39215,1
strong,39216,1
strong,39217,1
strong,39218,1
strong,39219,1
strong,39220,1
strong,39221,1
strong,39222,1
strong,39223,1
strong,39224,1
strong,39225,1
strong,39226,1
strong,39227,1
strong,39228,1
strong,39229,1
strong,39230,1
strong,39231,1
strong,39232,1
strong,39233,1
strong,39234,1
strong,39235,1
strong,39236,1
strong,39237,1
strong,39238,1
strong,39239,1
strong,39240,1
strong,39241,1
strong,39242,1
strong,39243,1
strong,39244,1
strong,39245,1
strong,39246,1
strong,39247,1
strong,39248,1
strong,39249,1
strong,39250,1
strong,39251,1
strong,39252,1
strong,39253,1
strong,39254,1
strong,39255,1
strong,39256,1
strong,39257,1
strong,39258,1
strong,39259,1
strong,39260,1
strong,39261,1
strong,39262,1
strong,39263,1
strong,39264,1
strong,39265,1
strong,39266,1
strong,39267,1
strong,39268,1
strong,39269,1
strong,39270,1
strong,39271,1
strong,39272,1
strong,39273,1
strong,39274,1
strong,39275,1
strong,39276,1
strong,39277,1
strong,39278,1
strong,39279,1
strong,39280,1
strong,39281,1
strong,39282,1
strong,39283,1
strong,39284,1
strong,39285,1
strong,39286,1
strong,39287,1
strong,39288,1
strong,39289,1
strong,39290,1
strong,39291,1
strong,39292,1
strong,39293,1
strong,39294,1
strong,39295,1
strong,39296,1
strong,39297,1
strong,39298,1
strong,39299,1
strong,39300,1
strong,39301,1
strong,39302,1
strong,39303,1
strong,39304,1
strong,39305,1
strong,39306,1
strong,39307,1
strong,39308,1
strong,39309,1
strong,39310,1
strong,39311,1
strong,39312,1
strong,39313,1
strong,39314,1
strong,39315,1
strong,39316,1
strong,39317,1
strong,39318,1
strong,39319,1
strong,39320,1
strong,39321,1
strong,39322,1
strong,39323,1
strong,39324,1
strong,39325,1
strong,39326,1
strong,39327,1
strong,39328,1
strong,39329,1
strong,39330,1
strong,39331,1
strong,39332,1
strong,39333,1
strong,39334,1
strong,39335,1
strong,39336,1
strong,39337,1
strong,39338,1
strong,39339,1
strong,39340,1
strong,39341,1
strong,39342,1
strong,39343,1
strong,39344,1
strong,39345,1
strong,39346,1
strong,39347,1
strong,39348,1
strong,39349,1
strong,39350,1
strong,39351,1
strong,39352,1
strong,39353,1
strong,39354,1
strong,39355,1
strong,39356,1
strong,39357,1
strong,39358,1
strong,39359,1
strong,39360,1
strong,39361,1
strong,39362,1
strong,39363,1
strong,39364,1
strong,39365,1
strong,39366,1
strong,39367,1
strong,39368,1
strong,39369,1
strong,39370,1
strong,39371,1
strong,39372,1
strong,39373,1
strong,39374,1
strong,39375,1
strong,39376,1
strong,39377,1
strong,39378,1
strong,39379,1
strong,39380,1
strong,39381,1
strong,39382,1
strong,39383,1
strong,39384,1
strong,39385,1
strong,39386,1
strong,39387,1
strong,39388,1
strong,39389,1
strong,39390,1
strong,39391,1
strong,39392,1
strong,39393,1
strong,39394,1
strong,39395,1
strong,39396,1
strong,39397,1
strong,39398,1
strong,39399,1
strong,39400,1
strong,39401,1
strong,39402,1
strong,39403,1
strong,39404,1
strong,39405,1
strong,39406,1
strong,39407,1
strong,39408,1
strong,39409,1
strong,39410,1
strong,39411,1
strong,39412,1
strong,39413,1
strong,39414,1
strong,39415,1
strong,39416,1
strong,39417,1
strong,39418,1
strong,39419,1
strong,39420,1
strong,39421,1
strong,39422,1
strong,39423,1
strong,39424,1
strong,39425,1
strong,39426,1
strong,39427,1
strong,39428,1
strong,39429,1
strong,39430,1
strong,39431,1
strong,39432,1
strong,39433,1
strong,39434,1
strong,39435,1
strong,39436,1
strong,39437,1
strong,39438,1
strong,39439,1
strong,39440,1
strong,39441,1
strong,39442,1
strong,39443,1
strong,39444,1
strong,39445,1
strong,39446,1
strong,39447,1
strong,39448,1
strong,39449,1
strong,39450,1
strong,39451,1
strong,39452,1
strong,39453,1
strong,39454,1
strong,39455,1
strong,39456,1
strong,39457,1
strong,39458,1
strong,39459,1
strong,39460,1
strong,39461,1
strong,39462,1
strong,39463,1
strong,39464,1
strong,39465,1
strong,39466,1
strong,39467,1
strong,39468,1
strong,39469,1
strong,39470,1
strong,39471,1
strong,39472,1
strong,39473,1
strong,39474,1
strong,39475,1
strong,39476,1
strong,39477,1
strong,39478,1
strong,39479,1
strong,39480,1
strong,39481,1
strong,39482,1
strong,39483,1
strong,39484,1
strong,39485,1
strong,39486,1
strong,39487,1
strong,39488,1
strong,39489,1
strong,39490,1
strong,39491,1
strong,39492,1
strong,39493,1
strong,39494,1
strong,39495,1
strong,39496,1
strong,39497,1
strong,39498,1
strong,39499,1
strong,39500,1
strong,39501,1
strong,39502,1
strong,39503,1
strong,39504,1
strong,39505,1
strong,39506,1
strong,39507,1
strong,39508,1
strong,39509,1
strong,39510,1
strong,39511,1
strong,39512,1
strong,39513,1
strong,39514,1
strong,39515,1
strong,39516,1
strong,39517,1
strong,39518,1
strong,39519,1
strong,39520,1
strong,39521,1
strong,39522,1
strong,39523,1
strong,39524,1
strong,39525,1
strong,39526,1
strong,39527,1
strong,39528,1
strong,39529,1
strong,39530,1
strong,39531,1
strong,39532,1
strong,39533,1
strong,39534,1
strong,39535,1
strong,39536,1
strong,39537,1
strong,39538,1
strong,39539,1
strong,39540,1
strong,39541,1
strong,39542,1
strong,39543,1
strong,39544,1
strong,39545,1
strong,39546,1
strong,39547,1
strong,39548,1
strong,39549,1
strong,39550,1
strong,39551,1
strong,39552,1
strong,39553,1
strong,39554,1
strong,39555,1
strong,39556,1
strong,39557,1
strong,39558,1
strong,39559,1
strong,39560,1
strong,39561,1
strong,39562,1
strong,39563,1
strong,39564,1
strong,39565,1
strong,39566,1
strong,39567,1
strong,39568,1
strong,39569,1
strong,39570,1
strong,39571,1
strong,39572,1
strong,39573,1
strong,39574,1
strong,39575,1
strong,39576,1
strong,39577,1
strong,39578,1
strong,39579,1
strong,39580,1
strong,39581,1
strong,39582,1
strong,39583,1
strong,39584,1
strong,39585,1
strong,39586,1
strong,39587,1
strong,39588,1
strong,39589,1
strong,39590,1
strong,39591,1
strong,39592,1
strong,39593,1
strong,39594,1
strong,39595,1
strong,39596,1
strong,39597,1
strong,39598,1
strong,39599,1
strong,39600,1
strong,39601,1
strong,39602,1
strong,39603,1
strong,39604,1
strong,39605,1
strong,39606,1
strong,39607,1
strong,39608,1
strong,39609,1
strong,39610,1
strong,39611,1
strong,39612,1
strong,39613,1
strong,39614,1
strong,39615,1
strong,39616,1
strong,39617,1
strong,39618,1
strong,39619,1
strong,39620,1
strong,39621,1
strong,39622,1
strong,39623,1
strong,39624,1
strong,39625,1
strong,39626,1
strong,39627,1
strong,39628,1
strong,39629,1
strong,39630,1
strong,39631,1
strong,39632,1
strong,39633,1
strong,39634,1
strong,39635,1
strong,39636,1
strong,39637,1
strong,39638,1
strong,39639,1
strong,39640,1
strong,39641,1
strong,39642,1
strong,39643,1
strong,39644,1
strong,39645,1
strong,39646,1
strong,39647,1
strong,39648,1
strong,39649,1
strong,39650,1
strong,39651,1
strong,39652,1
strong,39653,1
strong,39654,1
strong,39655,1
strong,39656,1
strong,39657,1
strong,39658,1
strong,39659,1
strong,39660,1
strong,39661,1
strong,39662,1
strong,39663,1
strong,39664,1
strong,39665,1
strong,39666,1
strong,39667,1
strong,39668,1
strong,39669,1
strong,39670,1
strong,39671,1
strong,39672,1
strong,39673,1
strong,39674,1
strong,39675,1
strong,39676,1
strong,39677,1
strong,39678,1
strong,39679,1
strong,39680,1
strong,39681,1
strong,39682,1
strong,39683,1
strong,39684,1
strong,39685,1
strong,39686,1
strong,39687,1
strong,39688,1
strong,39689,1
strong,39690,1
strong,39691,1
strong,39692,1
strong,39693,1
strong,39694,1
strong,39695,1
strong,39696,1
strong,39697,1
strong,39698,1
strong,39699,1
strong,39700,1
strong,39701,1
strong,39702,1
strong,39703,1
strong,39704,1
strong,39705,1
strong,39706,1
strong,39707,1
strong,39708,1
strong,39709,1
strong,39710,1
strong,39711,1
strong,39712,1
strong,39713,1
strong,39714,1
strong,39715,1
strong,39716,1
strong,39717,1
strong,39718,1
strong,39719,1
strong,39720,1
strong,39721,1
strong,39722,1
strong,39723,1
strong,39724,1
strong,39725,1
strong,39726,1
strong,39727,1
strong,39728,1
strong,39729,1
strong,39730,1
strong,39731,1
strong,39732,1
strong,39733,1
strong,39734,1
strong,39735,1
strong,39736,1
strong,39737,1
strong,39738,1
strong,39739,1
strong,39740,1
strong,39741,1
strong,39742,1
strong,39743,1
strong,39744,1
strong,39745,1
strong,39746,1
strong,39747,1
strong,39748,1
strong,39749,1
strong,39750,1
strong,39751,1
strong,39752,1
strong,39753,1
strong,39754,1
strong,39755,1
strong,39756,1
strong,39757,1
strong,39758,1
strong,39759,1
strong,39760,1
strong,39761,1
strong,39762,1
strong,39763,1
strong,39764,1
strong,39765,1
strong,39766,1
strong,39767,1
strong,39768,1
strong,39769,1
strong,39770,1
strong,39771,1
strong,39772,1
strong,39773,1
strong,39774,1
strong,39775,1
strong,39776,1
strong,39777,1
strong,39778,1
strong,39779,1
strong,39780,1
strong,39781,1
strong,39782,1
strong,39783,1
strong,39784,1
strong,39785,1
strong,39786,1
strong,39787,1
strong,39788,1
strong,39789,1
strong,39790,1
strong,39791,1
strong,39792,1
strong,39793,1
strong,39794,1
strong,39795,1
strong,39796,1
strong,39797,1
strong,39798,1
strong,39799,1
strong,39800,1
strong,39801,1
strong,39802,1
strong,39803,1
strong,39804,1
strong,39805,1
strong,39806,1
strong,39807,1
strong,39808,1
strong,39809,1
strong,39810,1
strong,39811,1
strong,39812,1
strong,39813,1
strong,39814,1
strong,39815,1
strong,39816,1
strong,39817,1
strong,39818,1
strong,39819,1
strong,39820,1
strong,39821,1
strong,39822,1
strong,39823,1
strong,39824,1
strong,39825,1
strong,39826,1
strong,39827,1
strong,39828,1
strong,39829,1
strong,39830,1
strong,39831,1
strong,39832,1
strong,39833,1
strong,39834,1
strong,39835,1
strong,39836,1
strong,39837,1
strong,39838,1
strong,39839,1
strong,39840,1
strong,39841,1
strong,39842,1
strong,39843,1
strong,39844,1
strong,39845,1
strong,39846,1
strong,39847,1
strong,39848,1
strong,39849,1
strong,39850,1
strong,39851,1
strong,39852,1
strong,39853,1
strong,39854,1
strong,39855,1
strong,39856,1
strong,39857,1
strong,39858,1
strong,39859,1
strong,39860,1
strong,39861,1
strong,39862,1
strong,39863,1
strong,39864,1
strong,39865,1
strong,39866,1
strong,39867,1
strong,39868,1
strong,39869,1
strong,39870,1
strong,39871,1
strong,39872,1
strong,39873,1
strong,39874,1
strong,39875,1
strong,39876,1
strong,39877,1
strong,39878,1
strong,39879,1
strong,39880,1
strong,39881,1
strong,39882,1
strong,39883,1
strong,39884,1
strong,39885,1
strong,39886,1
strong,39887,1
strong,39888,1
strong,39889,1
strong,39890,1
strong,39891,1
strong,39892,1
strong,39893,1
strong,39894,1
strong,39895,1
strong,39896,1
strong,39897,1
strong,39898,1
strong,39899,1
strong,39900,1
strong,39901,1
strong,39902,1
strong,39903,1
strong,39904,1
strong,39905,1
strong,39906,1
strong,39907,1
strong,39908,1
strong,39909,1
strong,39910,1
strong,39911,1
strong,39912,1
strong,39913,1
strong,39914,1
strong,39915,1
strong,39916,1
strong,39917,1
strong,39918,1
strong,39919,1
strong,39920,1
strong,39921,1
strong,39922,1
strong,39923,1
strong,39924,1
strong,39925,1
strong,39926,1
strong,39927,1
strong,39928,1
strong,39929,1
strong,39930,1
strong,39931,1
strong,39932,1
strong,39933,1
strong,39934,1
strong,39935,1
strong,39936,1
strong,39937,1
strong,39938,1
strong,39939,1
strong,39940,1
strong,39941,1
strong,39942,1
strong,39943,1
strong,39944,1
strong,39945,1
strong,39946,1
strong,39947,1
strong,39948,1
strong,39949,1
strong,39950,1
strong,39951,1
strong,39952,1
strong,39953,1
strong,39954,1
strong,39955,1
strong,39956,1
strong,39957,1
strong,39958,1
strong,39959,1
strong,39960,1
strong,39961,1
strong,39962,1
strong,39963,1
strong,39964,1
strong,39965,1
strong,39966,1
strong,39967,1
strong,39968,1
strong,39969,1
strong,39970,1
strong,39971,1
strong,39972,1
strong,39973,1
strong,39974,1
strong,39975,1
strong,39976,1
strong,39977,1
strong,39978,1
strong,39979,1
strong,39980,1
strong,39981,1
strong,39982,1
strong,39983,1
strong,39984,1
strong,39985,1
strong,39986,1
strong,39987,1
strong,39988,1
strong,39989,1
strong,39990,1
strong,39991,1
strong,39992,1
strong,39993,1
strong,39994,1
strong,39995,1
strong,39996,1
strong,39997,1
strong,39998,1
strong,39999,1
strong,40000,1
strong,40001,1
strong,40002,1
strong,40003,1
strong,40004,1
strong,40005,1
strong,40006,1
strong,40007,1
strong,40008,1
strong,40009,1
strong,40010,1
strong,40011,1
strong,40012,1
strong,40013,1
strong,40014,1
strong,40015,1
strong,40016,1
strong,40017,1
strong,40018,1
strong,40019,1
strong,40020,1
strong,40021,1
strong,40022,1
strong,40023,1
strong,40024,1
strong,40025,1
strong,40026,1
strong,40027,1
strong,40028,1
strong,40029,1
strong,40030,1
strong,40031,1
strong,40032,1
strong,40033,1
strong,40034,1
strong,40035,1
strong,40036,1
strong,40037,1
strong,40038,1
strong,40039,1
strong,40040,1
strong,40041,1
strong,40042,1
strong,40043,1
strong,40044,1
strong,40045,1
strong,40046,1
strong,40047,1
strong,40048,1
strong,40049,1
strong,40050,1
strong,40051,1
strong,40052,1
strong,40053,1
strong,40054,1
strong,40055,1
strong,40056,1
strong,40057,1
strong,40058,1
strong,40059,1
strong,40060,1
strong,40061,1
strong,40062,1
strong,40063,1
strong,40064,1
strong,40065,1
strong,40066,1
strong,40067,1
strong,40068,1
strong,40069,1
strong,40070,1
strong,40071,1
strong,40072,1
strong,40073,1
strong,40074,1
strong,40075,1
strong,40076,1
strong,40077,1
strong,40078,1
strong,40079,1
strong,40080,1
strong,40081,1
strong,40082,1
strong,40083,1
strong,40084,1
strong,40085,1
strong,40086,1
strong,40087,1
strong,40088,1
strong,40089,1
strong,40090,1
strong,40091,1
strong,40092,1
strong,40093,1
strong,40094,1
strong,40095,1
strong,40096,1
strong,40097,1
strong,40098,1
strong,40099,1
strong,40100,1
strong,40101,1
strong,40102,1
strong,40103,1
strong,40104,1
strong,40105,1
strong,40106,1
strong,40107,1
strong,40108,1
strong,40109,1
strong,40110,1
strong,40111,1
strong,40112,1
strong,40113,1
strong,40114,1
strong,40115,1
strong,40116,1
strong,40117,1
strong,40118,1
strong,40119,1
strong,40120,1
strong,40121,1
strong,40122,1
strong,40123,1
strong,40124,1
strong,40125,1
strong,40126,1
strong,40127,1
strong,40128,1
strong,40129,1
strong,40130,1
strong,40131,1
strong,40132,1
strong,40133,1
strong,40134,1
strong,40135,1
strong,40136,1
strong,40137,1
strong,40138,1
strong,40139,1
strong,40140,1
strong,40141,1
strong,40142,1
strong,40143,1
strong,40144,1
strong,40145,1
strong,40146,1
strong,40147,1
strong,40148,1
strong,40149,1
strong,40150,1
strong,40151,1
strong,40152,1
strong,40153,1
strong,40154,1
strong,40155,1
strong,40156,1
strong,40157,1
strong,40158,1
strong,40159,1
strong,40160,1
strong,40161,1
strong,40162,1
strong,40163,1
strong,40164,1
strong,40165,1
strong,40166,1
strong,40167,1
strong,40168,1
strong,40169,1
strong,40170,1
strong,40171,1
strong,40172,1
strong,40173,1
strong,40174,1
strong,40175,1
strong,40176,1
strong,40177,1
strong,40178,1
strong,40179,1
strong,40180,1
strong,40181,1
strong,40182,1
strong,40183,1
strong,40184,1
strong,40185,1
strong,40186,1
strong,40187,1
strong,40188,1
strong,40189,1
strong,40190,1
strong,40191,1
strong,40192,1
strong,40193,1
strong,40194,1
strong,40195,1
strong,40196,1
strong,40197,1
strong,40198,1
strong,40199,1
strong,40200,1
strong,40201,1
strong,40202,1
strong,40203,1
strong,40204,1
strong,40205,1
strong,40206,1
strong,40207,1
strong,40208,1
strong,40209,1
strong,40210,1
strong,40211,1
strong,40212,1
strong,40213,1
strong,40214,1
strong,40215,1
strong,40216,1
strong,40217,1
strong,40218,1
strong,40219,1
strong,40220,1
strong,40221,1
strong,40222,1
strong,40223,1
strong,40224,1
strong,40225,1
strong,40226,1
strong,40227,1
strong,40228,1
strong,40229,1
strong,40230,1
strong,40231,1
strong,40232,1
strong,40233,1
strong,40234,1
strong,40235,1
strong,40236,1
strong,40237,1
strong,40238,1
strong,40239,1
strong,40240,1
strong,40241,1
strong,40242,1
strong,40243,1
strong,40244,1
strong,40245,1
strong,40246,1
strong,40247,1
strong,40248,1
strong,40249,1
strong,40250,1
strong,40251,1
strong,40252,1
strong,40253,1
strong,40254,1
strong,40255,1
strong,40256,1
strong,40257,1
strong,40258,1
strong,40259,1
strong,40260,1
strong,40261,1
strong,40262,1
strong,40263,1
strong,40264,1
strong,40265,1
strong,40266,1
strong,40267,1
strong,40268,1
strong,40269,1
strong,40270,1
strong,40271,1
strong,40272,1
strong,40273,1
strong,40274,1
strong,40275,1
strong,40276,1
strong,40277,1
strong,40278,1
strong,40279,1
strong,40280,1
strong,40281,1
strong,40282,1
strong,40283,1
strong,40284,1
strong,40285,1
strong,40286,1
strong,40287,1
strong,40288,1
strong,40289,1
strong,40290,1
strong,40291,1
strong,40292,1
strong,40293,1
strong,40294,1
strong,40295,1
strong,40296,1
strong,40297,1
strong,40298,1
strong,40299,1
strong,40300,1
strong,40301,1
strong,40302,1
strong,40303,1
strong,40304,1
strong,40305,1
strong,40306,1
strong,40307,1
strong,40308,1
strong,40309,1
strong,40310,1
strong,40311,1
strong,40312,1
strong,40313,1
strong,40314,1
strong,40315,1
strong,40316,1
strong,40317,1
strong,40318,1
strong,40319,1
strong,40320,1
strong,40321,1
strong,40322,1
strong,40323,1
strong,40324,1
strong,40325,1
strong,40326,1
strong,40327,1
strong,40328,1
strong,40329,1
strong,40330,1
strong,40331,1
strong,40332,1
strong,40333,1
strong,40334,1
strong,40335,1
strong,40336,1
strong,40337,1
strong,40338,1
strong,40339,1
strong,40340,1
strong,40341,1
strong,40342,1
strong,40343,1
strong,40344,1
strong,40345,1
strong,40346,1
strong,40347,1
strong,40348,1
strong,40349,1
strong,40350,1
strong,40351,1
strong,40352,1
strong,40353,1
strong,40354,1
strong,40355,1
strong,40356,1
strong,40357,1
strong,40358,1
strong,40359,1
strong,40360,1
strong,40361,1
strong,40362,1
strong,40363,1
