word,frequency
cruzeiro,5826
futebol,4258
hulk,3923
jogo,3539
galo,3165
time,2400
atlético,2250
briga,2086
jorge,2066
kaio,1935
lyanco,1933
melhor,1688
jogador,1668
gol,1550
bom,1456
brasil,1416
goleiro,1405
era,1365
jogadores,1324
maior,1198
quando,1184
sempre,1165
mineiro,1155
bola,1150
dois,1128
assim,1125
são,1122
nao,1105
deu,1099
juiz,1074
demais,1071
anos,1068
torcida,1056
flamengo,1051
brasileiro,1015
bem,1006
todos,1001
faz,989
final,989
fez,987
parabéns,985
agora,961
vergonha,946
raiz,942
clássico,935
everson,891
coisa,889
bruno,889
está,887
narrador,874
tinha,873
minas,860
tava,843
copa,836
campo,826
mundo,804
cássio,799
maria,796
ano,793
nunca,779
desse,777
pode,763
porrada,758
ganhar,757
fazer,757
sim,753
mão,744
ruim,730
tempo,715
vcs,715
times,714
fabrício,700
sabe,698
apanhou,676
jogar,672
cenas,669
joga,663
tomou,650
contra,649
dudu,643
gente,638
mano,634
esses,630
marias,630
lance,619
ficou,617
frangas,608
vez,605
outro,592
arbitragem,589
falar,581
jogos,578
vou,573
igual,568
fala,567
pai,559
falta,558
ganhou,558
quer,554
ninguém,552
viu,552
hora,551
boa,551
falando,549
teve,539
perder,536
gabigol,535
perdeu,534
fica,529
pior,520
hoje,518
estão,511
lamentável,502
título,498
pênalti,497
cima,496
dar,493
porra,491
estava,489
expulso,489
campeonato,487
ficar,483
pau,479
caras,476
deus,476
tão,469
fosse,468
cabuloso,460
toda,458
merda,457
deveria,456
jogou,455
dia,454
narração,451
grande,449
ganha,449
palmeiras,448
soco,448
primeiro,443
melhores,441
sendo,440
lamentáveis,440
chora,438
menos,438
pegar,436
romero,434
árbitro,432
começou,432
cruzeirense,431
campeão,430
corinthians,416
verdade,415
acho,414
disso,414
fora,410
seleção,408
mal,405
sei,403
gerson,402
casa,397
jogando,395
dessa,395
essas,394
vem,394
nesse,394
obrigado,389
normal,381
arena,379
vamos,376
cabeça,372
tanto,372
olha,371
respira,370
onde,368
parece,367
vão,366
segundo,364
muita,364
estádio,363
culpa,362
nenhum,361
fraco,359
pouco,357
uns,356
villalba,354
libertadores,352
série,352
pqp,351
gols,351
var,348
saiu,347
mineirão,347
quase,345
exemplo,345
amarelo,344
expulsão,343
duas,343
acha,343
cartão,341
tbm,340
então,340
pegou,339
foda,338
fred,337
lianco,335
zagueiro,334
tomar,333
vida,332
atleticano,332
vezes,331
antes,327
clube,325
patético,323
dentro,320
cada,317
levou,315
deixa,312
bosta,312
franga,312
cassio,312
alguém,309
torcedor,308
covarde,305
jeito,304
horrível,303
gosta,302
show,301
virou,300
história,300
atletico,299
bateu,299
brigar,298
rival,297
assistir,297
deve,296
outra,295
precisa,294
fazendo,293
outros,293
ufc,292
vermelho,291
perde,290
novo,290
volta,289
confusão,289
certo,286
momentos,284
boca,283
pancadaria,283
voadora,283
imagina,282
falou,281
queria,281
caio,280
seria,275
foram,273
top,272
cadê,270
parte,268
chorão,267
amigo,266
títulos,264
torcedores,264
venceu,264
vitória,263
nosso,261
desde,261
galinha,261
pequeno,259
momento,259
entre,258
meio,257
bando,257
vendo,253
será,252
envolvidos,248
homem,247
partida,246
nenhuma,244
errado,243
gabi,243
realmente,242
nossa,242
chato,242
msm,241
nessa,241
mijo,240
dando,238
caralho,238
quero,237
cuca,236
freguês,235
toma,235
feio,232
fagner,231
punição,231
ontem,230
querendo,229
aquele,229
ridículo,229
pedrinho,226
pega,226
lucas,225
respeito,225
caráter,224
caiu,223
sair,223
apanhar,223
acabou,220
chão,220
tivesse,219
passar,218
rapaz,217
mim,216
irmão,215
qualquer,214
dizer,212
doido,212
tipo,211
papai,211
pois,210
sai,210
cbf,209
feito,209
passado,209
chorando,209
ali,208
trave,207
gabriel,207
golaço,206
sido,205
esporte,205
clubismo,205
chorar,203
brasileirão,203
engraçado,202
trabalho,202
bater,202
brigas,202
segurança,202
pereira,201
lugar,201
filho,199
fim,198
paulo,197
poderia,196
lado,195
vive,195
manda,194
chegou,194
frente,194
vasco,193
mil,193
mesma,191
galão,188
amo,188
galinhas,188
causa,188
seus,185
dinheiro,185
tempos,185
clássicos,184
entretenimento,184
valeu,181
mulher,181
povo,180
camisa,179
chega,179
levar,179
achando,179
tamanho,178
grenal,178
disse,178
maluco,178
ate,175
braço,175
minutos,174
matheus,174
achei,174
lindo,173
clubes,173
existe,173
algo,173
piada,172
flamenguista,172
chute,172
adversário,172
perderam,172
gosto,171
atitude,171
quanto,171
scarpa,171
milhões,170
forte,169
lixo,169
merece,168
roubado,168
mundial,168
eliminado,167
tal,167
brigando,167
carreira,166
porradaria,166
qual,165
nome,165
deixar,165
nele,164
desses,164
brasileira,164
passou,164
estou,163
massa,163
estar,163
mau,163
coisas,161
azul,161
umas,161
enquanto,160
sobre,160
além,160
faltou,160
hein,158
burro,158
linda,157
sorte,157
tite,157
escanteio,157
maldade,156
favor,156
treme,155
conta,155
costas,155
fabricio,155
podia,155
colocar,154
problema,153
arroyo,153
fácil,152
bate,152
tenho,152
jardim,152
torcidas,151
lances,151
logo,151
passa,150
raposa,150
pena,150
certeza,150
torço,150
assistindo,149
primeira,149
cair,148
bbb,148
mrv,148
bebeu,148
triste,147
alguma,147
deixou,147
nível,147
incrível,147
legal,147
saber,147
claro,146
apanhando,146
entrou,145
violência,145
los,145
teria,144
próximo,144
concordo,143
fazem,143
dançar,143
enterotoxina,143
continua,142
pessoas,142
apanharam,142
país,141
seja,141
tirar,141
acabar,140
dessas,140
estadual,140
apenas,139
voz,139
fase,138
ruan,138
cinema,137
aquela,137
puta,137
treta,137
técnico,136
luta,136
gigante,135
elas,135
querer,134
globo,134
comentário,134
consegue,133
quê,133
graça,133
todas,133
bunda,133
real,132
aconteceu,132
geral,132
gostei,131
sabem,131
super,130
menor,130
louco,130
perna,130
covardia,130
dublagem,130
feliz,129
empate,129
juíz,129
meus,128
bernard,128
acontece,128
vejo,128
neymar,128
chama,127
amor,127
embora,127
silva,127
feia,127
punido,127
veio,126
cruzeirenses,126
cena,126
voltou,126
roubo,126
cai,125
único,125
respeita,125
conseguiu,125
chupa,124
mariada,124
perto,124
difícil,124
dito,124
craque,124
querem,124
parar,123
medo,123
mma,123
ganham,122
péssimo,122
mostra,122
espetáculo,122
iria,121
elenco,121
deveriam,121
paz,121
calma,120
infelizmente,120
atrás,120
huck,120
simplesmente,119
perdendo,119
absurdo,118
cheio,118
gerais,118
galinheiro,118
arana,118
ganhando,117
vitórias,117
ganharam,117
vice,117
entender,117
temos,117
grêmio,116
viva,116
tri,116
tentando,116
botafogo,116
resultado,115
oque,115
acertou,115
diz,115
forma,115
moral,115
acontecer,115
chegar,114
puro,114
única,114
devia,114
várzea,114
merecia,113
europa,113
profissional,113
jesus,113
emoção,113
câmera,113
suspensão,113
polícia,113
força,112
dms,112
comemorando,112
sao,111
próprio,110
sacanagem,110
rivalidade,110
sério,110
muitos,110
três,110
nisso,110
alguns,110
vale,110
totalmente,110
pagar,110
atacante,110
punir,110
batendo,109
narrando,109
timinho,109
importante,109
classico,108
marra,108
vários,108
novamente,108
fdp,108
alto,107
diferente,107
saudações,107
amassou,107
passando,107
crianças,107
ídolo,106
fizeram,106
falam,106
vergonhoso,106
chamar,106
daqui,105
últimos,105
maiores,105
bonito,105
sabia,105
culpado,105
galera,104
raça,104
brasileiros,104
direito,104
pedro,104
amanhã,104
raíz,104
vdd,104
festa,104
fraturada,104
football,104
mínimo,103
sensacional,103
voltar,103
algum,102
expulsar,102
errou,102
teu,102
criança,102
idiota,102
nanico,102
penalti,101
mlk,101
colocou,101
sul,101
reclamar,101
tomando,101
resto,101
voltando,101
cama,101
bora,100
quebrar,100
inteiro,100
último,100
mata,100
moleque,100
tira,100
pelas,100
leva,100
guerra,100
dança,100
enfim,99
choro,99
comentários,99
engravida,99
mole,98
quis,98
palhaçada,98
pedindo,98
apitar,98
mídia,97
reserva,97
união,97
área,97
entrar,97
chutou,97
correndo,97
qui,97
santos,96
estavam,96
gustavo,96
árbitros,96
bicuda,96
suas,96
entrada,96
surra,96
bagre,95
vim,95
graças,95
vagabundo,95
terminar,95
rural,95
segue,94
finais,94
dps,94
sangue,94
frango,94
byanca,94
mateus,93
ajuda,93
brincadeira,93
durante,93
copas,93
família,93
ficam,93
meses,93
atleticanos,93
apertou,93
mostrou,92
fato,92
baixo,92
erro,90
banco,90
companheiro,90
pessoal,90
quebrou,90
juvenil,90
imediatamente,90
indo,90
monte,90
meteu,90
babaca,90
reclama,90
amigos,89
mereceu,89
equipes,89
longe,89
junto,89
sozinho,89
isto,89
mostrar,89
agressão,89
pancada,89
vamo,88
tanta,88
vira,88
mengão,88
impressionante,88
aonde,88
arbitro,88
virar,87
rosto,87
bolso,87
principalmente,87
timeco,87
fla,87
chance,87
liga,87
aceita,87
orgulho,87
gato,87
espero,86
otário,86
qualidade,86
coitado,86
ladrão,86
visto,86
trás,86
estamos,86
caramba,86
saco,86
imagem,86
rodrigues,86
rio,85
temporada,85
vontade,85
raiva,85
caso,85
transmissão,84
entra,84
salário,84
fazia,84
coloca,84
ingresso,84
uai,84
tentar,84
tirou,83
inter,83
acaba,83
slk,83
cristian,83
cego,83
diferença,82
mãe,82
pros,82
mandou,82
menino,82
pisou,82
murro,82
pisão,82
saudades,82
opinião,81
jogada,81
ajudar,81
ganhamos,81
desculpa,81
pequenos,81
banido,81
maioria,81
direto,80
verde,80
vivo,80
safado,80
continuar,80
horroroso,80
início,80
daí,80
gancho,80
ninguem,79
pensei,79
homens,79
apanha,79
áudio,78
torcer,78
mao,78
treinador,78
tenha,78
papo,78
toca,78
perdido,78
somos,78
achar,78
imagens,78
alonso,78
titular,77
derrota,77
filhos,77
semana,77
pedir,77
quebra,77
pede,77
exatamente,77
galvão,76
total,76
brabo,76
época,76
torcendo,75
parabens,75
mds,75
falei,75
tentou,75
podem,75
argentino,75
pessoa,75
voce,75
inclusive,75
aquilo,74
porém,74
dado,74
valendo,74
regra,74
loucura,74
titulo,74
mto,74
hipocrisia,74
virada,73
narrar,73
chamou,73
tomaram,73
nojento,73
narra,73
galinhada,73
grandes,73
taça,73
rápido,72
dias,72
claramente,72
pensa,72
acham,72
reclamando,72
desleal,72
socos,72
comemorar,71
segunda,71
lodi,71
olhando,71
rei,71
man,71
cacete,71
vídeos,71
esperando,71
paga,71
pura,71
excelente,71
maravilhoso,71
tiver,70
vencer,70
tiro,70
etc,70
parecendo,70
verdadeiro,70
estado,70
poder,70
separar,70
respeitar,70
correu,70
quente,70
expulsões,70
belo,69
saudade,69
contato,69
livre,69
roubando,69
zero,68
américa,68
entendi,68
achou,68
placar,68
jogam,68
ataque,68
pelos,68
acredito,68
faça,68
pescoço,68
finalmente,68
animais,68
seguranças,68
fútbol,68
situação,67
negócio,67
encostou,67
dono,67
ótimo,67
defesa,67
dava,67
ambos,67
começar,67
perdi,67
nota,67
quiser,67
ficaram,67
via,67
quebrado,67
possível,66
velho,66
tendo,66
simples,66
cuello,66
serie,66
ngm,66
olho,66
resenha,66
começo,66
calado,66
mimimi,66
junior,66
mineira,66
arrogante,65
talvez,65
absolute,65
minúsculo,65
assisti,65
alegria,65
minuto,65
lenta,65
morrer,65
doente,65
hexa,65
insuportável,65
ivan,65
generalizada,65
del,65
pisar,65
fmf,65
terceiro,65
gesto,65
arrascaeta,64
cartões,64
queda,64
gigantes,64
ridícula,64
parecia,64
fico,64
campeões,64
chamando,64
sujo,64
começa,64
salão,64
pênaltis,64
nojo,63
pipoqueiro,63
deram,63
jogaram,63
entende,63
marcado,63
histórico,63
apertar,63
desculpas,63
invés,63
corpo,63
comédia,63
usar,63
noite,62
ponto,62
comeu,62
jogado,62
baita,62
tapa,62
humano,62
copo,62
vei,62
cala,62
rua,62
fight,62
pontos,61
pagou,61
eterno,61
classificação,61
realidade,61
zaga,61
imprensa,61
lembro,61
freguesia,61
falo,61
descontroladas,61
roman,61
visualizações,61
entendo,60
fluminense,60
delas,60
cdb,60
adianta,60
torce,60
internet,60
atenção,60
aprender,60
questão,60
con,60
bastidores,60
comentarista,59
jogão,59
tinham,59
rir,59
pediu,59
estádios,59
meia,59
muda,59
cam,59
razão,59
domingo,59
chutar,59
quantos,59
têm,59
base,59
acerta,59
argentina,59
ovo,59
digo,59
agr,59
costela,59
maldoso,59
bicho,59
loko,59
separando,59
paternidade,58
capitão,58
rebaixado,58
jogaço,58
nesses,58
dizendo,58
bons,58
muitas,58
imbecil,58
fiquei,58
carai,58
eita,58
nois,58
everton,58
folgado,58
punidos,58
felipe,58
água,58
desgraça,57
palmeirense,57
cuguloso,57
caro,57
fui,57
galinho,57
goleada,57
rumo,57
taca,57
equipe,57
internacional,57
consigo,57
ruins,57
federação,57
futuro,56
contrário,56
amém,56
piores,56
frouxo,56
mete,56
precisava,56
fifa,56
tmj,56
atleta,56
xingando,56
henrique,56
suco,56
rony,56
rômulo,56
views,55
ouvir,55
nacional,55
metade,55
faltas,55
bruzeiro,55
artilheiro,55
aguenta,55
leonardo,55
disputa,55
cru,55
tomara,55
comer,55
pais,55
lembrar,55
várias,54
pernas,54
lembra,54
cotovelada,54
bahia,54
medíocre,54
mês,54
grita,54
próxima,54
comemora,54
decisivo,54
otario,54
precisando,54
machucada,54
estaduais,54
marca,53
marcar,53
soberba,53
paulista,53
sonho,53
santo,53
convocado,53
acertar,53
cade,53
expulsou,53
porcaria,53
esqueceu,53
una,53
juízes,53
joelho,53
profissão,53
fogo,53
ronaldo,52
serve,52
pressão,52
tirando,52
lembrou,52
renan,52
botou,52
lados,52
olhar,52
morreu,52
clubista,52
vestiário,52
usa,52
careca,52
machucado,52
quebrada,52
barbosa,52
futbol,52
sobrinha,52
mala,51
chamado,51
corinthiano,51
batia,51
morto,51
importa,51
falha,51
última,51
dão,51
conseguem,51
dizem,51
leitura,51
geração,51
matar,51
pensando,51
lyanca,51
socão,51
abraço,50
após,50
diretoria,50
somente,50
nutella,50
encontro,50
sentido,50
mente,50
mostrando,50
pal,50
mineiros,50
tenta,50
vindo,50
expulsos,50
gritando,50
lamentavel,50
lamentaveis,50
contratar,49
segurando,49
levando,49
baixaria,49
tomado,49
apanhava,49
atletas,49
pergunta,49
hahaha,49
joelhos,49
horrivel,49
flu,49
noção,49
estadio,49
serem,49
muleque,49
palavras,49
multa,49
coragem,49
meta,49
arquibancada,49
cruzeirão,49
pow,48
haver,48
decisão,48
fraca,48
acompanhar,48
ficando,48
bica,48
mentira,48
costa,48
juntos,48
canta,48
acredita,48
vantagem,48
queremos,48
bianca,48
esperar,47
velocidade,47
outras,47
sabendo,47
defender,47
disputar,47
dormir,47
pipoca,47
agente,47
fracos,47
chuteira,47
profissionais,47
pras,47
gaylo,47
peito,47
maravilha,47
pouca,47
renata,47
propósito,47
stjd,47
mudar,47
hepta,47
arquero,47
galoooo,46
confronto,46
ouvi,46
conseguir,46
adversários,46
assisto,46
sinistra,46
eliminar,46
tambem,46
liberta,46
tao,46
aliás,46
narradores,46
motivo,46
meninas,46
trem,46
própria,46
risco,46
chacota,46
aposentar,46
gostam,46
máximo,46
romário,46
literalmente,46
mulheres,46
preso,46
weverson,46
lauro,46
dura,45
segundos,45
oportunidade,45
bença,45
coração,45
deste,45
falaram,45
jogava,45
campeonatos,45
jbl,45
arrumar,45
krl,45
argumento,45
frangueiro,45
sinto,45
senhor,45
machucar,45
edmundo,45
nervoso,45
meter,44
hugo,44
daria,44
chuta,44
aparecer,44
tabela,44
reservas,44
arrogância,44
necessidade,44
subiu,44
lógica,44
olhos,44
átomo,44
palhaço,44
lateral,44
comentando,44
prefiro,44
empurra,44
rindo,44
bandido,44
educação,44
coro,44
mandar,43
ego,43
animal,43
onda,43
caindo,43
terror,43
naquele,43
bota,43
senhores,43
aparece,43
segurar,43
fudeu,43
daquele,43
detalhe,43
christian,43
infantil,43
marcou,43
atoa,43
justo,43
americana,43
baiano,43
correr,43
crise,43
completamente,43
tremedeira,43
famoso,43
prime,43
seguidos,43
corre,43
presta,43
agrediu,43
direita,43
circo,43
amei,43
thanos,43
bela,42
comemoração,42
colega,42
roubaram,42
atualmente,42
vir,42
escola,42
horas,42
filme,42
intenção,42
caído,42
ederson,42
esquerda,42
apanhado,42
franco,41
semi,41
linha,41
poha,41
comum,41
hahahaha,41
retardado,41
marcação,41
grito,41
passe,41
bagunça,41
choradeira,41
conseguiram,41
postura,41
saindo,41
titulos,41
emocionante,41
abençoe,41
conhece,41
melo,41
éverson,41
pulou,41
viver,41
policia,41
roubou,40
luiz,40
ajudou,40
colocado,40
mudou,40
galooo,40
barba,40
nanicos,40
óbvio,40
contar,40
aqueles,40
receber,40
obrigada,40
plata,40
tremem,40
qdo,40
chutes,40
cambada,40
salvou,40
devem,40
som,40
comentar,40
caixa,40
idiotas,40
jamais,40
tranquilo,40
sinal,40
gostou,40
grave,40
antigamente,40
carioca,40
come,40
ramos,40
wallace,40
mendonça,40
técnica,39
simulação,39
pensar,39
estranho,39
tua,39
rolando,39
independente,39
escrito,39
corte,39
historia,39
arrombado,39
jovem,39
pão,39
dói,39
sampaoli,39
pano,39
alface,39
festas,39
pegando,39
frangaiada,39
labial,39
romulo,39
algumas,38
teatro,38
vitoria,38
neste,38
errada,38
entregou,38
rsrs,38
provocar,38
vence,38
faria,38
boas,38
madrid,38
eliminados,38
presente,38
humildade,38
porquê,38
carater,38
número,38
esquece,38
praticamente,38
viram,38
percebi,38
dublagens,38
cantar,38
gaúcho,38
dor,38
cera,38
ganho,37
levantar,37
haha,37
rede,37
assistência,37
segura,37
barato,37
mãos,37
estaria,37
assistiu,37
provocou,37
vivendo,37
música,37
lembrando,37
bebedor,37
min,37
zoar,37
divisão,37
zagueiros,37
atual,37
levado,37
gritar,37
sociedade,37
nasceu,37
machado,37
companheiros,37
nova,37
perdem,37
fundo,37
menina,37
lesão,37
presidente,37
brazil,37
dancinha,37
querido,36
contratação,36
apesar,36
afinal,36
houve,36
patetico,36
idade,36
aura,36
cadeia,36
bomba,36
crlh,36
provavelmente,36
eram,36
sinceramente,36
ronaldinho,36
controle,36
grupo,36
cuidado,36
pronto,36
más,36
palavra,36
machão,36
valor,36
suspenso,36
mental,36
fuder,36
arte,36
pero,36
vingador,35
prejudicado,35
partidas,35
adorei,35
rebaixamento,35
comprar,35
rolar,35
ganhado,35
burrice,35
atléticano,35
comparar,35
srn,35
encima,35
amizade,35
adoro,35
sula,35
tive,35
nuca,35
terminou,35
péssima,35
vôlei,35
vagabundos,35
alguem,35
reclamam,35
wwe,35
goleirinho,35
peso,34
assiste,34
eliminação,34
jogasse,34
cobrar,34
superior,34
matou,34
lhe,34
põe,34
torcidinha,34
loco,34
monstro,34
sabemos,34
entrega,34
quartas,34
morte,34
horrorosa,34
ideia,34
trocação,34
eixo,34
troca,34
acorda,34
parceiro,34
reclamação,34
urina,34
puto,34
acontecido,34
boneca,34
público,34
melhorar,34
terço,34
jogadorzinho,34
pisa,34
desequilibrado,34
hulck,34
pelea,34
buá,34
bastante,33
português,33
gramado,33
choque,33
america,33
enzo,33
cagada,33
caraca,33
morre,33
ridiculo,33
slc,33
tamo,33
inacreditável,33
aprende,33
vexame,33
voces,33
neles,33
frase,33
estes,33
conversa,33
pampulha,33
filha,33
oxi,33
correto,33
chegando,33
sport,33
mandante,33
dedo,33
alma,33
queixo,33
maravilhosa,33
crb,33
son,33
faixa,33
impossível,32
galooooo,32
espetacular,32
continue,32
bizarro,32
serio,32
tremeu,32
nessas,32
ein,32
blá,32
favorito,32
faltando,32
poucos,32
ama,32
voando,32
léo,32
contratou,32
pés,32
eliminou,32
galoucura,32
levaram,32
tiveram,32
mineirao,32
precisamos,32
tomo,32
tentativa,32
tmb,32
subir,32
joelhada,32
cheirinho,32
macho,32
bandeirinha,32
dublador,32
profissionalismo,32
beleza,32
arrumou,32
merecem,32
charles,32
arruma,32
pisada,32
fabiano,32
covardes,32
game,32
cachorro,32
clima,32
prof,32
bandidos,32
exemplos,32
conteúdo,32
goalkeeper,32
começando,32
huk,32
esperto,31
ódio,31
lascou,31
vao,31
odeio,31
bets,31
falhou,31
representou,31
dai,31
justiça,31
nossos,31
cor,31
precisam,31
heim,31
iam,31
mediano,31
cheia,31
crl,31
corrida,31
equilibrado,31
veja,31
evitar,31
facil,31
cantando,31
preciso,31
silêncio,31
atleticana,31
escrever,31
trabalhar,31
diante,31
obra,31
parada,31
treinar,31
apito,31
papelão,31
chamam,31
crime,31
ultimamente,31
marginal,31
frescura,31
fingindo,31
resumo,31
desceu,31
ruk,31
selvageria,31
lindas,31
gostamos,31
acreditar,30
tnc,30
júnior,30
alan,30
absurda,30
impressão,30
chances,30
tocou,30
estivesse,30
zona,30
estao,30
termina,30
pago,30
apostas,30
bet,30
joão,30
league,30
nivel,30
abaixo,30
competições,30
reais,30
horríveis,30
reação,30
cria,30
livrou,30
colocando,30
getv,30
aposentado,30
porr,30
bobo,30
levanta,30
desgraçado,30
extremamente,30
modinha,30
garoto,30
anda,30
comendo,30
job,30
terem,30
brigam,30
esperava,30
pesada,30
cérebro,30
senão,30
chorona,30
trazer,30
ação,30
mudas,30
acabado,30
vítima,30
lembrei,30
derrubou,30
malandro,30
audiência,30
portero,30
fanfarrão,30
rabo,29
corintiano,29
vilalba,29
gremio,29
caminho,29
procura,29
arthur,29
principal,29
comentaristas,29
ganhei,29
condições,29
certa,29
tome,29
posso,29
competição,29
entendeu,29
banir,29
erros,29
chao,29
serão,29
matando,29
quantas,29
mesmos,29
absolutamente,29
tarde,29
gostar,29
anti,29
saído,29
kayo,29
bravo,29
franguinha,29
pimenta,29
roubar,29
credo,29
argentinos,29
face,29
professor,29
justifica,29
década,29
sérgio,29
dançou,29
solta,29
banidos,29
voadoras,29
vingadores,29
nojentas,29
líder,28
ruela,28
vitor,28
estilo,28
klaus,28
botar,28
arrogantes,28
leve,28
entregar,28
pagando,28
protagonista,28
pereba,28
procurando,28
bebe,28
pequena,28
problemas,28
justamente,28
perdedor,28
dúvidas,28
representa,28
resposta,28
tremendo,28
vivem,28
ângulo,28
branco,28
xingar,28
façam,28
visitante,28
cedo,28
glória,28
machucou,28
violento,28
partir,28
criar,28
criminoso,28
camera,28
duro,28
emocionado,28
cerveja,28
podre,28
mando,28
evitado,28
significa,28
lombo,28
próprios,28
salários,28
hipócrita,28
sangrando,28
kaiki,28
lutar,28
seguida,28
porradeiro,28
resolve,28
orelha,28
eso,28
dignidade,28
tradição,28
diria,27
tirado,27
manter,27
encostar,27
seguinte,27
amasso,27
blz,27
dizia,27
prova,27
verdadeira,27
cartao,27
aceitar,27
espírito,27
expulsa,27
queijo,27
sacode,27
metido,27
ouro,27
agradecer,27
sofrer,27
bueno,27
terra,27
soube,27
apareceu,27
preto,27
der,27
pnc,27
bairro,27
mocinha,27
aprendeu,27
atitudes,27
campeao,27
espera,27
parecem,27
erra,27
apelou,27
poxa,27
calada,27
sujeito,27
pesado,27
red,27
severa,27
defende,27
parem,27
bateram,27
doença,27
marginais,27
brigou,27
wanderson,27
vista,26
consegui,26
baixa,26
obrigação,26
varmengo,26
véi,26
comissão,26
critério,26
cavalo,26
gonzalo,26
passaram,26
acima,26
expressão,26
cristo,26
velhos,26
tristeza,26
pelada,26
século,26
pegado,26
deixaram,26
fantástico,26
varmeiras,26
interessante,26
responsável,26
provocação,26
dividida,26
falado,26
ficado,26
basta,26
cantou,26
passam,26
seguidas,26
pariu,26
vencedor,26
defendendo,26
avisa,26
zuar,26
comportamento,26
virando,26
câmeras,26
maycon,26
mudinhas,26
troco,26
atrapalha,26
rebaixar,26
ringue,26
profe,26
bavi,26
gostando,26
lamenta,26
one,26
cuspir,26
amazon,26
errar,25
otávio,25
completo,25
fossem,25
cheiro,25
chorou,25
fregueses,25
saia,25
calou,25
william,25
mengao,25
honra,25
machuca,25
podemos,25
colocam,25
resolver,25
provocando,25
felicidade,25
auge,25
feira,25
bonita,25
moça,25
pesquisa,25
inferno,25
fera,25
deixando,25
rogério,25
lixos,25
galooooooo,25
milionários,25
posição,25
vimos,25
tantos,25
pessimo,25
trouxa,25
fresco,25
apoio,25
amigão,25
fregues,25
perfeito,25
ajudando,25
entao,25
milho,25
responder,25
marrento,25
seis,25
champions,25
horror,25
sente,25
mandando,25
bacana,25
argumentos,25
disparado,25
fingir,25
aperta,25
decadência,25
sabor,25
ese,25
psicólogo,25
suspensos,25
rulk,25
jugadores,25
cagon,25
zebra,24
preço,24
visão,24
importantes,24
besta,24
decidiu,24
batido,24
pensou,24
sobra,24
justa,24
injusta,24
trocar,24
rever,24
misericórdia,24
esqueceram,24
europeu,24
lascar,24
mané,24
terceira,24
aposta,24
merdas,24
denovo,24
céu,24
lotado,24
foto,24
narrou,24
cuidar,24
deixe,24
japão,24
carrega,24
funciona,24
krlh,24
mirassol,24
fut,24
personagem,24
vespasiano,24
empurrão,24
cidade,24
esto,24
estive,24
criminosa,24
firme,24
desnecessário,24
incompetente,24
vermelhos,24
editor,24
namoral,24
pleno,24
emocional,24
edilson,24
hipócritas,24
falso,24
punições,24
alem,24
diferentes,23
alta,23
torci,23
altura,23
perco,23
duvido,23
obs,23
sentiu,23
assunto,23
talento,23
percebe,23
decide,23
média,23
troféu,23
nacionais,23
sequer,23
empatar,23
devido,23
herói,23
maracanã,23
qnd,23
casio,23
inútil,23
dúvida,23
galoooooo,23
contratações,23
quarto,23
barulho,23
golpe,23
inteligente,23
odeia,23
parou,23
canalha,23
lógico,23
mijorge,23
muleke,23
chutando,23
mimado,23
guerreiro,23
dnv,23
nítido,23
luis,23
fratura,23
marcando,23
urgente,23
apitando,23
cabine,23
fraturou,23
apertando,23
livramento,23
rodada,23
milhão,23
quebrando,23
quanta,23
peguei,23
pedem,23
metendo,23
soltar,23
bebendo,23
agredir,23
dupla,22
sincero,22
injusto,22
amassar,22
victor,22
raposinha,22
beber,22
alô,22
entrando,22
gremista,22
messi,22
empatou,22
prejudica,22
atacantes,22
agradeço,22
rola,22
obg,22
braços,22
bolas,22
soberbo,22
encosta,22
leão,22
amassado,22
cruzado,22
feita,22
faço,22
fraquíssimo,22
treino,22
venha,22
xixi,22
mexeu,22
histórica,22
aposto,22
baile,22
contas,22
enfrentar,22
existiu,22
admitir,22
paulino,22
proximo,22
paia,22
complicado,22
seremos,22
besteira,22
conheço,22
adora,22
apoiar,22
parado,22
choram,22
mamãe,22
homicídio,22
microfone,22
timecos,22
ridículos,22
devendo,22
maneira,22
titi,22
descontrolado,22
lei,22
comigo,22
marcelo,22
cuspiu,22
dez,22
igreja,22
fake,22
gostaria,22
perceber,22
usando,22
físico,22
sejam,22
certinho,22
ironia,22
inocente,22
ain,22
emerson,22
acabando,22
saíram,22
nação,22
absoluto,22
diabo,22
envergonhado,22
participar,22
walace,22
love,22
uber,22
minda,21
perdemos,21
pós,21
prejudicou,21
ouvido,21
cansado,21
compara,21
inveja,21
ancelotti,21
craques,21
avante,21
grana,21
ida,21
garra,21
cultura,21
grandeza,21
centroavante,21
esquecem,21
fiz,21
prejudicar,21
espaço,21
apita,21
óculos,21
aula,21
meme,21
peste,21
bagulho,21
humilhado,21
cuzao,21
bicudo,21
quantidade,21
solo,21
abel,21
parei,21
ganhava,21
cotovelo,21
villaba,21
esquecer,21
máfia,21
regras,21
palestra,21
calar,21
ent,21
matador,21
fique,21
concorda,21
recebeu,21
pobre,21
batem,21
lembranças,21
exemplar,21
tras,21
amador,21
videos,21
derby,21
franca,21
paciência,21
valentão,21
irão,21
cocotas,21
sentir,21
ótima,21
convocados,21
envergonhados,21
causador,21
briguem,21
popó,21
energia,21
marvel,21
causou,21
imagine,21
las,21
amamos,21
gritaria,21
recebe,21
aberto,20
decisões,20
sera,20
tmnc,20
tremeram,20
expulsao,20
ordem,20
convocação,20
maís,20
valer,20
vemos,20
contrato,20
leite,20
comprado,20
achava,20
janeiro,20
passada,20
gostoso,20
poderoso,20
azar,20
fale,20
sentimento,20
tavam,20
unica,20
buscar,20
tecnico,20
audio,20
supercopa,20
tido,20
colocaram,20
esqueça,20
ferro,20
suficiente,20
detalhes,20
quarta,20
quinta,20
gás,20
fudido,20
acharam,20
americano,20
ultimo,20
busca,20
caraio,20
gay,20
fama,20
bão,20
descontrolada,20
enchendo,20
entraram,20
completa,20
olhou,20
daquela,20
inventar,20
conhecido,20
moço,20
seguir,20
suspender,20
lesionada,20
seriam,20
franguinhas,20
entram,20
metros,20
fode,20
psicológico,20
existir,20
leo,20
ribeiro,20
marlon,20
otários,20
esposa,20
visualização,20
boxe,20
apaziguar,20
ler,20
receba,20
modo,20
fortaleza,20
vergüenza,20
keeper,20
falhando,20
grossa,19
carlos,19
santa,19
preciado,19
decidir,19
perigo,19
sinistro,19
carente,19
decepção,19
rubro,19
toa,19
corta,19
discussão,19
levantou,19
esquema,19
servir,19
narrações,19
rivais,19
aguentar,19
semifinal,19
forçado,19
análise,19
samuel,19
sobrou,19
porco,19
pancadas,19
rico,19
carrinho,19
pilha,19
mostram,19
iriam,19
sucesso,19
puxa,19
timão,19
cantam,19
doi,19
técnicos,19
cabelo,19
cuzão,19
forçada,19
criticar,19
ouve,19
socou,19
agradece,19
jogadas,19
organizada,19
arroio,19
play,19
demorou,19
volte,19
atividade,19
moleques,19
palavrão,19
entrevista,19
agregado,19
humilde,19
minimo,19
bobão,19
tocar,19
aberta,19
corno,19
coroa,19
pouquinho,19
deslealdade,19
pilantra,19
violencia,19
iniciou,19
aceitam,19
abrir,19
embaixo,19
péssimos,19
procurar,19
marquei,19
emissora,19
havia,19
irônico,19
ido,19
pego,19
postar,19
patéticos,19
derrotas,19
ambas,19
lutador,19
campanha,19
idolo,19
lenda,19
andré,19
kakakakaka,19
acontecendo,19
venho,19
chata,19
comedor,19
barriga,19
porradas,19
spray,19
fazerem,19
maravilhosas,19
delícia,19
roubalheira,19
deviam,19
interior,19
abraçados,19
les,19
players,19
see,19
esmaga,19
cerebral,19
mexeram,19
nevoso,19
enche,18
aki,18
ferrou,18
zoando,18
classificar,18
salvador,18
puxar,18
comparação,18
vender,18
castigo,18
gremistas,18
resultados,18
lourenço,18
faltava,18
corrupção,18
naquela,18
apanham,18
galao,18
humilhar,18
gera,18
iguais,18
movimento,18
números,18
fechado,18
pareceu,18
ídolos,18
digno,18
estratégia,18
responsabilidade,18
aperto,18
intensidade,18
turno,18
continuam,18
trocando,18
comemoram,18
cês,18
afundar,18
cuzeiro,18
titulares,18
ksksks,18
dificuldades,18
tio,18
agiu,18
mae,18
voltei,18
aguentou,18
agressões,18
ceará,18
luciano,18
satisfação,18
fizer,18
desta,18
vey,18
aquelas,18
felizes,18
mentiroso,18
dívida,18
bumbum,18
chico,18
traz,18
flash,18
incrivel,18
vacilão,18
expulsado,18
combate,18
médico,18
nutela,18
lapada,18
irresponsável,18
quieto,18
paixão,18
salve,18
cuejo,18
irá,18
pare,18
inicio,18
retrato,18
rachei,18
foco,18
turma,18
religioso,18
gratidão,18
tropa,18
gerou,18
puxou,18
inteira,18
así,18
match,18
queima,18
cueca,18
vermelha,18
jack,18
orange,18
frowning,18
tabu,18
claus,17
crescer,17
massacre,17
vacilou,17
saf,17
surreal,17
luz,17
tentaram,17
trio,17
decepciona,17
rato,17
sequência,17
bostas,17
defesas,17
dentes,17
atras,17
prr,17
sofreu,17
deyverson,17
inglaterra,17
motivos,17
soccer,17
acidente,17
nordeste,17
disputando,17
canto,17
cobra,17
brasileirao,17
fechar,17
thiago,17
carência,17
bbbruzeiro,17
prefere,17
arroz,17
sono,17
apelido,17
dna,17
chatos,17
rebaixados,17
chelsea,17
golpes,17
rapidinho,17
atl,17
fortuna,17
entregando,17
chorao,17
começaram,17
afastado,17
meninos,17
eterna,17
aff,17
discutir,17
programa,17
lesionado,17
vtnc,17
centro,17
deixam,17
lento,17
finge,17
aluguel,17
prá,17
derrubar,17
agredindo,17
perigoso,17
famosa,17
varzea,17
lata,17
severamente,17
repetir,17
grandão,17
gomes,17
política,17
macedo,17
fraquinho,17
efeito,17
esperança,17
vento,17
ficava,17
patética,17
entrado,17
envolvido,17
compensa,17
gostosas,17
banana,17
descer,17
coca,17
matem,17
racismo,17
briguinha,17
cuando,17
indonesia,17
royal,17
prêmio,17
pará,17
escorno,17
traumatismo,17
craniano,17
traumas,17
roni,17
passamos,17
gabigordo,17
vivi,16
posta,16
aproveitou,16
estraga,16
melhorou,16
ganharem,16
meteram,16
remo,16
emocionados,16
maio,16
arrepiar,16
buraco,16
mundiais,16
decisivos,16
relevante,16
cabeçada,16
vaga,16
casas,16
compra,16
sincera,16
cassierra,16
vendido,16
satisfatório,16
tivessem,16
tchau,16
merecido,16
humilhou,16
resumindo,16
acabaram,16
ponta,16
verdão,16
disseram,16
precisar,16
apitou,16
nesta,16
oportunidades,16
mediocre,16
torna,16
clara,16
urubu,16
quais,16
timinhos,16
saúde,16
cuida,16
comando,16
engano,16
ban,16
men,16
experiência,16
foder,16
vitorias,16
longa,16
organizadas,16
costelas,16
google,16
vlw,16
andando,16
lavar,16
paçoca,16
dobro,16
lamento,16
bundão,16
xingou,16
osso,16
reclamou,16
papel,16
discutindo,16
empurrou,16
trabalha,16
disposição,16
entendem,16
coluna,16
violenta,16
good,16
babacas,16
dada,16
pegaram,16
brincar,16
aguentam,16
estados,16
beijar,16
capacidade,16
sobe,16
cola,16
aparelhos,16
ansioso,16
pix,16
bla,16
simulando,16
edit,16
esportiva,16
tadinho,16
anão,16
séria,16
atos,16
cool,16
penalty,16
area,16
altos,16
serviço,16
iludido,16
limpa,16
horizonte,16
arquibancadas,16
vozes,16
junta,16
ajudinha,16
nego,16
brigaram,16
pprt,16
kakakaka,16
box,16
forem,16
resolveu,16
aposenta,16
diniz,16
gabisemgol,16
nunes,16
superou,16
selvagens,16
carnaval,16
milhoes,16
mejor,16
muy,16
partido,16
rumble,16
sentindo,16
rebote,16
seguraram,16
informação,16
nba,16
ruck,16
rui,16
verdades,16
resplandece,16
poderiam,15
varias,15
natanael,15
mercado,15
milionário,15
atuação,15
malandragem,15
insano,15
juventude,15
destaque,15
preferiu,15
galoo,15
cabaço,15
setor,15
cinco,15
cabe,15
galooooooooo,15
posse,15
peia,15
saída,15
colorado,15
dificil,15
doq,15
existem,15
salto,15
quão,15
eliminadas,15
catimba,15
merecida,15
terrível,15
aumento,15
épico,15
sentar,15
ultima,15
personalidade,15
penaltis,15
mermão,15
fome,15
imbecis,15
torneio,15
abre,15
erram,15
típico,15
locutor,15
combina,15
regional,15
penta,15
cagando,15
segurou,15
carro,15
pintadinha,15
ksksksk,15
tornou,15
aproveitar,15
fds,15
pedra,15
parcial,15
china,15
condomínio,15
desce,15
revidou,15
mister,15
confia,15
pagaram,15
comentario,15
cabulosa,15
museu,15
redes,15
trata,15
condição,15
pncf,15
donizete,15
mostraram,15
cruzeirao,15
deixado,15
bandeira,15
pele,15
rapaziada,15
torar,15
senta,15
fomos,15
opa,15
curto,15
rolou,15
física,15
continuem,15
proteger,15
interpretação,15
vinha,15
pula,15
proibido,15
kakaka,15
batalha,15
qndo,15
aconteça,15
putas,15
larga,15
gostava,15
centenário,15
bixo,15
pepe,15
balada,15
mora,15
atrapalhar,15
arrumando,15
burros,15
reto,15
apavoro,15
desrespeito,15
sub,15
queriam,15
estariam,15
machucando,15
reflexo,15
políticos,15
adoráveis,15
hockey,15
saem,15
partiu,15
deplorável,15
apanho,15
pelé,15
hehehe,15
empolgado,15
estarão,15
equipos,15
cobertura,15
esportes,15
cards,15
teriam,15
chorões,15
lurdinhas,15
perfeita,14
enorme,14
admiro,14
juizão,14
sofre,14
mandrake,14
dale,14
sumiu,14
vinicius,14
supermercado,14
confiança,14
vaidade,14
viveu,14
beira,14
coça,14
zidane,14
juizinho,14
atrapalhou,14
joguinho,14
caraí,14
empresário,14
confrontos,14
possivel,14
vascaíno,14
relaxa,14
limpo,14
apostar,14
trocou,14
deitou,14
diga,14
tonto,14
inimigo,14
vazio,14
provar,14
igor,14
finalizações,14
world,14
minúsculos,14
preta,14
criou,14
criticando,14
equilíbrio,14
cagão,14
instituição,14
calvo,14
carinho,14
bar,14
likes,14
ato,14
mudo,14
duelo,14
boyceta,14
vingou,14
fenômeno,14
ligado,14
baba,14
imitando,14
precisou,14
deixem,14
gnt,14
beijando,14
vsf,14
premier,14
médio,14
errados,14
chamada,14
causar,14
jovens,14
dubla,14
antigo,14
olhe,14
calmo,14
analisar,14
debaixo,14
direção,14
pesquisar,14
maquiagem,14
neh,14
risada,14
pedido,14
palhaços,14
vermes,14
levam,14
bala,14
descontar,14
estiver,14
montou,14
acostumado,14
unico,14
ruas,14
tantas,14
correia,14
fatal,14
bragantino,14
tragédia,14
doida,14
acordou,14
cadeira,14
violentos,14
novela,14
fod,14
provoca,14
subindo,14
gazela,14
descendo,14
cunha,14
medíocres,14
projeto,14
rosa,14
mimi,14
hahahahaha,14
inteligência,14
terapia,14
freitas,14
brabão,14
alberto,14
essência,14
contrata,14
maus,14
borracha,14
revidar,14
medroso,14
senti,14
estas,14
abraçando,14
supera,14
policiais,14
daora,14
invadir,14
animals,14
brigarem,14
sin,14
portugal,14
varios,14
aplaudindo,14
started,14
fighting,14
cristão,14
chave,14
gestos,14
discurso,14
dançando,14
lurdinha,14
galoooooooooooooo,14
gabibosta,14
diogo,14
classificado,13
cidadão,13
gastou,13
exagerado,13
reconheço,13
negro,13
planeta,13
croácia,13
pipocou,13
toque,13
patamar,13
simular,13
duvidoso,13
fortes,13
bilhões,13
nato,13
jornalistas,13
dominou,13
difíceis,13
galoooooooo,13
adeus,13
parecido,13
barcelona,13
igualzinho,13
rouba,13
chegada,13
grama,13
live,13
escutar,13
empates,13
primeiros,13
benção,13
novidade,13
ignorante,13
menores,13
apoiando,13
falava,13
cruzerense,13
tricolor,13
assistem,13
começam,13
memória,13
piora,13
currículo,13
vices,13
esqueci,13
adiantou,13
trabalhando,13
segurado,13
especial,13
provou,13
goleiros,13
bostil,13
piorar,13
midia,13
inauguração,13
humilhação,13
limitado,13
vijalba,13
lambança,13
peida,13
neném,13
direitinho,13
educado,13
explicação,13
testa,13
durar,13
zoado,13
pisado,13
senso,13
moro,13
sociais,13
tressoldi,13
vulgo,13
morrido,13
pulso,13
reparar,13
curte,13
tipos,13
escuta,13
desnecessária,13
velha,13
gelo,13
cocota,13
anulado,13
placa,13
nariz,13
putinha,13
curintia,13
cheguei,13
fraturado,13
psicopata,13
culpar,13
verme,13
comprou,13
proposital,13
esteja,13
danada,13
esteve,13
fábio,13
pulando,13
juazeiro,13
preguiça,13
plmds,13
edição,13
raro,13
encerrar,13
camarada,13
manhã,13
porto,13
adrenalina,13
tenso,13
loucos,13
familia,13
passo,13
feminino,13
gringo,13
injustiça,13
mula,13
guarda,13
sala,13
polêmica,13
park,13
evento,13
cachorrada,13
louca,13
doeu,13
pisando,13
got,13
hay,13
conversar,13
guy,13
jajaja,13
teams,13
jajajaja,13
abraços,13
now,13
churrasco,13
exato,13
selecao,13
relevância,13
ahhh,13
pisao,13
tiroteio,13
non,13
fundado,13
lil,13
aragão,13
gabriela,13
bagregol,13
encontrou,12
retranca,12
explica,12
age,12
mania,12
cobrado,12
escalar,12
amistoso,12
diferenciado,12
barra,12
tranco,12
vidialba,12
principais,12
solução,12
esquisito,12
desonesto,12
bênção,12
disputado,12
encontrar,12
volante,12
lider,12
ridicula,12
amado,12
vascão,12
escolheu,12
tirava,12
atualidade,12
ratinho,12
hino,12
domina,12
lição,12
relembrar,12
perninha,12
verem,12
enzos,12
pesadelo,12
salvar,12
fechou,12
rsrsrs,12
maldito,12
apaga,12
fila,12
proxima,12
camarote,12
nossas,12
estudar,12
fiel,12
reclamações,12
escroto,12
haja,12
depende,12
peidou,12
doidão,12
coringão,12
homenagem,12
viadagem,12
chutado,12
contando,12
matado,12
maneiro,12
bolo,12
cortinas,12
correria,12
puxando,12
retranqueiro,12
arbitros,12
acreditando,12
ham,12
spfc,12
beijou,12
beijo,12
postou,12
safados,12
pianinho,12
ops,12
bico,12
lutando,12
porem,12
cagado,12
curtir,12
calados,12
falido,12
explicar,12
chegaram,12
entradas,12
contexto,12
enganar,12
esa,12
seres,12
vacilo,12
maldosa,12
vejam,12
índole,12
aplicar,12
copinha,12
aprendem,12
mamar,12
intencional,12
mafia,12
alegre,12
ambiente,12
alheia,12
voltaram,12
norte,12
paraná,12
cortar,12
pulgar,12
mito,12
atores,12
hospital,12
terminado,12
boy,12
infeliz,12
prazer,12
natural,12
dahora,12
ignorância,12
frame,12
weverton,12
mascarado,12
aplaudiram,12
próximos,12
tamanha,12
nascer,12
ajudam,12
treinadores,12
roubados,12
preocupa,12
crítica,12
mentir,12
dou,12
antiga,12
terá,12
ficamos,12
montar,12
devolver,12
falhas,12
amarelos,12
panela,12
engraçada,12
xinga,12
bah,12
jogarem,12
preferem,12
livrar,12
estrelas,12
assumir,12
maradona,12
multado,12
trazendo,12
paranaense,12
kct,12
infância,12
caça,12
karalho,12
agindo,12
franguinho,12
citar,12
espetaculo,12
massagem,12
décima,12
senas,12
ingressos,12
capetinha,12
mista,12
view,12
indignado,12
don,12
chegam,12
famílias,12
deitado,12
homi,12
dente,12
digna,12
ellos,12
siempre,12
soltou,12
people,12
brazilian,12
deporte,12
tan,12
dano,12
perderem,12
lágrimas,12
doer,12
caíram,12
tanajura,12
anota,12
doendo,12
yan,12
rubens,12
caloteiro,12
jamal,12
beneficiado,12
desfalques,12
narradora,12
santista,11
nomes,11
ajudado,11
torcem,11
semanas,11
arma,11
chapa,11
transmitir,11
carentes,11
assalto,11
reforço,11
ombro,11
forçar,11
senhora,11
flamerda,11
estragou,11
salva,11
admito,11
veloz,11
tiraram,11
restante,11
putz,11
golaços,11
semis,11
vergonhosa,11
oração,11
confesso,11
perdão,11
guilherme,11
vagabunda,11
master,11
conquistar,11
comedia,11
gracinha,11
caido,11
proprio,11
tremer,11
krai,11
superar,11
mérito,11
simulou,11
gênio,11
pressionar,11
pos,11
perda,11
nmrl,11
dificuldade,11
impacto,11
justos,11
eduardo,11
poucas,11
vitão,11
episódio,11
valia,11
pica,11
classificou,11
fraquissimo,11
brinca,11
elite,11
investimento,11
bobagem,11
tornar,11
reparem,11
retorno,11
mengo,11
tratamento,11
marmita,11
toba,11
repito,11
mentalidade,11
atleticanas,11
espanhol,11
demitido,11
coloque,11
cascudo,11
unidos,11
participou,11
mancha,11
repórter,11
eversom,11
arrebentar,11
nojenta,11
militar,11
ficará,11
provocações,11
genial,11
vini,11
bolinha,11
eliminada,11
mascote,11
feminina,11
gastar,11
bravinho,11
férias,11
dublar,11
fodas,11
prós,11
sensato,11
bernardo,11
suja,11
lamentando,11
unha,11
saiba,11
acertado,11
palavrões,11
únicos,11
alex,11
quietinho,11
mariazinha,11
viaja,11
cortes,11
incompetência,11
itatiaia,11
rádio,11
marmanjos,11
otarios,11
verdadeiros,11
aplaudir,11
poste,11
frangos,11
volto,11
últimas,11
calando,11
fizesse,11
carniça,11
urgentemente,11
preocupado,11
lesionar,11
puni,11
escutei,11
vixe,11
ksksk,11
guerreiros,11
perguntando,11
tapas,11
tratar,11
acontecem,11
proteção,11
peter,11
des,11
interferir,11
mesmas,11
velloso,11
matam,11
perfil,11
kakakakak,11
ângulos,11
apostou,11
dimais,11
marmanjo,11
liderança,11
raimundão,11
fernando,11
caibuloso,11
coloquei,11
voltamos,11
menin,11
afastar,11
confusões,11
garante,11
passagem,11
basquete,11
soltando,11
vamoooo,11
recorde,11
fatos,11
karai,11
kaike,11
cruzar,11
ney,11
putaria,11
sergio,11
hóquei,11
certos,11
acréscimo,11
revoltado,11
transformar,11
coliseu,11
ruin,11
trágico,11
merecemos,11
cuspindo,11
março,11
multas,11
brigões,11
team,11
acontecia,11
pancadarias,11
animado,11
deprimente,11
tds,11
minutinhos,11
even,11
let,11
monos,11
estos,11
ejemplo,11
empezó,11
peitar,11
dan,11
number,11
blue,11
che,11
hahahahah,11
trava,11
bronx,11
caga,11
will,11
aproveita,11
aceitou,11
medidas,11
população,11
renato,11
comenta,11
ameaçando,11
farmou,11
imagino,11
ruzeiro,11
fracasso,11
bolasie,11
ladron,11
paraense,11
silveira,11
estatística,11
trouxas,10
galooooooooooo,10
vestir,10
honrar,10
timaço,10
lista,10
cruz,10
cortaram,10
bebê,10
falidos,10
cavar,10
garfado,10
fundamental,10
comemorou,10
desejar,10
batida,10
verá,10
penal,10
colegas,10
intervir,10
folha,10
anulou,10
viagem,10
rpz,10
precede,10
deitar,10
assistencia,10
luva,10
coxa,10
atingir,10
veste,10
vencido,10
cruzeirinho,10
virado,10
teto,10
vingar,10
rafael,10
hahahah,10
prates,10
encher,10
shopee,10
assaltado,10
odiado,10
lino,10
apoia,10
crucru,10
realista,10
portas,10
trouxe,10
mercadinho,10
cresce,10
angulo,10
veia,10
colossal,10
ficarem,10
epoca,10
segundona,10
tar,10
viraram,10
sonha,10
usou,10
plenamente,10
aguardar,10
dividir,10
droga,10
bernar,10
narrado,10
curtindo,10
sportv,10
bernad,10
orgulhoso,10
sofrido,10
delicia,10
aumenta,10
mãozinha,10
existia,10
prejuízo,10
eliminei,10
gérson,10
pika,10
ouviu,10
ladrao,10
danado,10
geralmente,10
pular,10
pintura,10
seloko,10
eua,10
desgraçados,10
derruba,10
vivemos,10
acompanha,10
língua,10
minhas,10
sova,10
bundao,10
malvadão,10
educados,10
incríveis,10
eliminamos,10
inadmissível,10
xingamentos,10
givanildo,10
tiram,10
focado,10
masculino,10
universo,10
tiene,10
filmando,10
hahahahahaha,10
ligar,10
nutellas,10
irmãos,10
dica,10
comia,10
escolher,10
manto,10
acompanhando,10
carinha,10
baixar,10
semifinais,10
lembrado,10
guloso,10
tradicional,10
errando,10
recente,10
lkkkk,10
perdedores,10
lembram,10
papinho,10
narraçao,10
destruir,10
policial,10
ultimos,10
gravidade,10
disputou,10
fingiu,10
finalização,10
atrapalhado,10
romam,10
assistências,10
influência,10
demora,10
princesa,10
cagao,10
quatro,10
deixava,10
dei,10
pré,10
cancelar,10
agonia,10
hipocrita,10
social,10
seguido,10
puniçao,10
desejo,10
merecendo,10
consciência,10
mermo,10
processo,10
cagar,10
esquerdo,10
drama,10
arrancar,10
aumentar,10
pensam,10
cabulosoooo,10
inexistente,10
azuis,10
traíra,10
defunto,10
recebem,10
maurinho,10
rapa,10
resta,10
curta,10
pediram,10
auto,10
deixei,10
sus,10
lucro,10
comentarios,10
eternamente,10
lagoa,10
aparência,10
coringao,10
amanha,10
csa,10
longo,10
perguntou,10
tornando,10
mimados,10
teríamos,10
ahh,10
tomava,10
avisar,10
eis,10
lenha,10
porta,10
serviu,10
brava,10
jogares,10
escarpa,10
amarelou,10
xingam,10
lyly,10
gostosa,10
garotos,10
omar,10
adolescentes,10
sdds,10
sports,10
nojeira,10
caçando,10
colo,10
acaso,10
romario,10
vanderlei,10
policiamento,10
ewerson,10
mimizento,10
convocar,10
durou,10
televisão,10
comecou,10
exemplarmente,10
full,10
feis,10
acréscimos,10
macacos,10
flaxflu,10
respeitam,10
oficial,10
inaceitável,10
gerar,10
peleas,10
qué,10
punch,10
mama,10
uno,10
hey,10
asi,10
brasileros,10
guys,10
pandeiro,10
seru,10
partidos,10
back,10
arrebentou,10
mierda,10
brasileño,10
completar,10
desportiva,10
tumulto,10
oliveira,10
bostileiro,10
mágico,10
arregou,10
covardemente,10
árbitra,10
chegamos,10
começado,10
dormindo,10
salvo,10
amando,10
rebolar,10
calcio,10
flazeiro,10
preferido,10
daviedison,10
materazzi,10
chamaram,10
conquista,10
jogamos,10
objetivo,10
zei,10
inaugurou,10
juninho,10
marcos,9
bizarra,9
reinier,9
twitter,9
responde,9
palmeirenses,9
aplicado,9
avô,9
cresceu,9
amarelado,9
expulsava,9
fino,9
pense,9
canhoto,9
uniao,9
zorra,9
casos,9
destruiu,9
sufoco,9
agir,9
hrs,9
juizes,9
exagero,9
garfaram,9
chola,9
boba,9
quesito,9
artur,9
decidido,9
aceitando,9
raçudo,9
provado,9
mostro,9
esconde,9
karma,9
jumento,9
forças,9
cansou,9
taí,9
arrancou,9
ressuscitou,9
adversária,9
alugado,9
lembre,9
rodadas,9
maldini,9
tentam,9
compensar,9
claros,9
recua,9
ass,9
brincando,9
coletivo,9
perebas,9
eliminando,9
empatado,9
negra,9
pipocar,9
neves,9
avisou,9
sulamericana,9
minusculo,9
pegue,9
mendigo,9
favoritos,9
insignificante,9
atropelo,9
porq,9
farsa,9
classicos,9
gigantesco,9
moleza,9
tres,9
tecnicamente,9
acreditou,9
parecer,9
iniciar,9
debate,9
rivalidades,9
jaja,9
ajoelhou,9
voou,9
fudendo,9
ala,9
curica,9
caia,9
superestimado,9
ferreira,9
estragar,9
han,9
engole,9
irmao,9
criado,9
reinaldo,9
cruzero,9
experiente,9
concordar,9
empurrando,9
estrangeiros,9
inventou,9
ovos,9
paraguaio,9
carniceiro,9
mega,9
grosso,9
diretos,9
suporta,9
justificar,9
golzinho,9
flamenguistas,9
sorteio,9
escapou,9
dançarina,9
eta,9
berço,9
fugiu,9
put,9
carregado,9
irrelevante,9
oxe,9
normalmente,9
internacionais,9
caminhando,9
caratismo,9
smp,9
relação,9
donos,9
ricos,9
candidato,9
esportivo,9
humanos,9
repara,9
acertaram,9
pasa,9
acompanho,9
pauleira,9
distância,9
fecha,9
ortiz,9
temerária,9
omisso,9
gayloucura,9
prepara,9
samuca,9
lkkkkkk,9
banimento,9
pistola,9
ladrões,9
décadas,9
prq,9
período,9
armado,9
peça,9
mentiu,9
ótimos,9
contrario,9
deslike,9
opção,9
controlar,9
ocorrido,9
fingem,9
reagir,9
tou,9
abaixa,9
flávio,9
limite,9
aplaude,9
rodrigo,9
acabei,9
juntar,9
agressivo,9
cristiano,9
bad,9
temporadas,9
idiotice,9
quebrava,9
ileso,9
conduta,9
ruindade,9
jogue,9
matarem,9
poh,9
sarro,9
barata,9
desesperada,9
gostaram,9
cirurgia,9
kiko,9
round,9
diversão,9
acordar,9
seguindo,9
estagiário,9
davi,9
money,9
participação,9
condenado,9
afundando,9
casado,9
alegrias,9
falastrão,9
escalação,9
iludir,9
branca,9
kakakak,9
pegam,9
tik,9
refugo,9
estávamos,9
encarar,9
adoram,9
desespero,9
jacaré,9
controlado,9
conhecem,9
ideias,9
canela,9
revendo,9
pagam,9
lianko,9
arranca,9
pegasse,9
mancando,9
falas,9
confunde,9
acabava,9
nervosa,9
prejudicando,9
irritado,9
confusao,9
bro,9
ligo,9
roxo,9
brigado,9
quisesse,9
excesso,9
petista,9
dominar,9
escolha,9
cassete,9
reclamão,9
babigol,9
yuri,9
preparando,9
encontram,9
futebolzinho,9
zeroooo,9
canso,9
confuso,9
emissoras,9
caos,9
pensava,9
representando,9
apartar,9
mortal,9
end,9
linkin,9
cruzeiroooo,9
crocodilagem,9
agressao,9
mudando,9
melhora,9
evangélico,9
agredido,9
divertido,9
favela,9
aguento,9
procurou,9
aproximar,9
prática,9
palmas,9
couro,9
ganhe,9
invadiu,9
venceram,9
absolut,9
oscar,9
cinturão,9
crente,9
desafio,9
patinha,9
embaixadinha,9
rapido,9
acertando,9
madeira,9
saludos,9
hace,9
south,9
jugar,9
ufa,9
tirem,9
otimo,9
travas,9
life,9
apreciar,9
proporcionar,9
gentalha,9
athletico,9
perguntar,9
yes,9
países,9
inchada,9
fio,9
deben,9
darem,9
inflado,9
tretas,9
solto,9
beiço,9
pelear,9
abraçado,9
coitada,9
socao,9
representam,9
club,9
falem,9
pontapé,9
know,9
espancou,9
botando,9
pitbull,9
preparado,9
bundudo,9
globe,9
conseguindo,9
punho,9
vera,9
chorei,9
bombado,9
bambi,9
arreia,9
sofrendo,9
fans,9
funcionários,9
contratado,9
passinho,9
viado,9
amar,9
daltônico,9
trikas,9
retrancado,9
refugos,9
rooooooooo,9
bagriel,9
vila,8
piorou,8
cega,8
procede,8
liberar,8
substituído,8
tosca,8
puxado,8
taças,8
aconteceria,8
semelhante,8
galoooooooooo,8
hem,8
cumprir,8
capaz,8
destes,8
acordo,8
gritou,8
injustamente,8
poupou,8
insistir,8
desempenho,8
cobrança,8
competitivo,8
salvação,8
aceito,8
mocinhas,8
sobrar,8
faca,8
chorem,8
morando,8
marcador,8
estranha,8
vaza,8
esquecido,8
aparentemente,8
transmitindo,8
kara,8
estreia,8
roubada,8
tardelli,8
imaginei,8
engoliu,8
jogaco,8
saudoso,8
salvando,8
recife,8
superioridade,8
tendenciosa,8
imparcial,8
tivemos,8
quiseram,8
alexandre,8
forca,8
estátua,8
marcados,8
notícia,8
uniforme,8
facilmente,8
paraguai,8
bonzinho,8
elimina,8
pedi,8
ditado,8
parabenizar,8
amam,8
imaginando,8
vascaino,8
arrasca,8
publico,8
melho,8
caminhão,8
freguesão,8
cap,8
decidiram,8
aguentaram,8
aniversário,8
transformou,8
tbem,8
dúzia,8
salario,8
ganharia,8
bost,8
humilhante,8
adulto,8
valente,8
interessa,8
fabio,8
paysandu,8
discorda,8
infinitamente,8
analisando,8
imunda,8
fugir,8
choraram,8
isolado,8
certas,8
mexe,8
versão,8
zuando,8
comentou,8
estrutura,8
lavagem,8
ferrar,8
atléticanos,8
cameraman,8
baixinho,8
odiar,8
bravinha,8
fumo,8
chupaaa,8
irresponsabilidade,8
filmado,8
castigada,8
enganador,8
creio,8
saí,8
fanático,8
best,8
prestar,8
impedido,8
conclusão,8
fracassado,8
lacrar,8
cadela,8
viajando,8
frouxa,8
mimizentos,8
engajamento,8
dmais,8
corruptos,8
chefe,8
envolve,8
tríplice,8
reverter,8
escondendo,8
juan,8
apela,8
sola,8
delegacia,8
encostado,8
acreditamos,8
acerto,8
impune,8
ensinar,8
liberado,8
empata,8
lua,8
ces,8
cenário,8
quebraram,8
chamados,8
satisfeito,8
daqueles,8
interpretar,8
capital,8
corrupto,8
mostrado,8
ocorreu,8
boi,8
separa,8
braba,8
canais,8
souza,8
fzr,8
disto,8
alerta,8
causado,8
beija,8
merd,8
musica,8
pune,8
costume,8
homen,8
primeiramente,8
comete,8
bronca,8
sensação,8
surpreso,8
irrita,8
arbítrio,8
ora,8
recursos,8
render,8
amassada,8
limites,8
nitidamente,8
imaginava,8
psiquiatra,8
dublando,8
levo,8
depay,8
empurrar,8
camisas,8
ministério,8
ataca,8
seloco,8
preconceito,8
vsfd,8
caixão,8
lavou,8
cabulosoooooo,8
caçar,8
imaginar,8
elencos,8
olhem,8
coitados,8
vencem,8
autoridade,8
incompetentes,8
encenação,8
capa,8
zoa,8
hulque,8
loucas,8
edita,8
pateticanos,8
escrevi,8
josé,8
roberto,8
humilhados,8
conquistas,8
vencendo,8
inventa,8
medalha,8
provando,8
acalmar,8
adversario,8
replay,8
mulherzinha,8
pessoalmente,8
malas,8
combinado,8
robinho,8
faze,8
paguei,8
estrelinha,8
chutão,8
river,8
fas,8
elogiando,8
disciplina,8
lugares,8
emocionada,8
apoiam,8
contudo,8
necessário,8
golear,8
honesta,8
lascado,8
idolatria,8
cobrando,8
moda,8
extra,8
prejudicados,8
neim,8
bastava,8
praga,8
alí,8
piedade,8
apaixonado,8
patéticas,8
lamentavelmente,8
brinde,8
mandado,8
rússia,8
possuído,8
lutas,8
sinceros,8
brigão,8
pobres,8
bobeira,8
responsáveis,8
betim,8
entendendo,8
kakakakakak,8
doutrina,8
dribles,8
apaziguando,8
armas,8
agua,8
nostalgia,8
emocionar,8
mortes,8
reflete,8
assista,8
amadores,8
chocolate,8
policía,8
vibrando,8
campal,8
soltaram,8
afinou,8
hit,8
field,8
cabeza,8
pensamento,8
bmf,8
sudamerica,8
going,8
much,8
think,8
banned,8
profesionales,8
conseguia,8
brawl,8
barbaridade,8
van,8
two,8
sanción,8
chile,8
country,8
espectáculo,8
stupid,8
cagou,8
bir,8
brother,8
cancela,8
fininho,8
golerinho,8
bien,8
levantando,8
consequências,8
socar,8
watching,8
morri,8
ewerton,8
bagaceira,8
kaleci,8
porradão,8
perdidinho,8
sonhar,8
lol,8
brasilero,8
machos,8
monumental,8
moderno,8
barraco,8
anular,8
nfl,8
quien,8
estuprador,8
mudaram,8
largou,8
player,8
well,8
boquinha,8
kássio,8
veremos,8
atuar,8
café,8
piram,8
torando,8
depressão,8
bundinha,8
piadas,8
safadeza,8
pudesse,8
cortado,8
morta,8
demonstra,8
seca,8
depender,8
cachaça,8
zeiro,8
nasci,8
silvio,8
willian,8
recopa,8
cospe,8
ética,8
grupos,8
contratando,8
mariadas,8
produção,8
xingamento,8
competência,8
leu,8
ultrapassado,8
nelas,8
iludida,8
dezembro,8
chororô,8
apertada,8
saga,8
pesos,8
montado,8
dívidas,8
celeste,8
altitude,8
cruzeirooo,8
lautaro,8
lets,8
travessão,8
puleiro,8
ôôôôôôôô,8
coletiva,8
evangelho,8
frossard,8
aplaudido,8
zica,7
colhe,7
enxergar,7
categoria,7
united,7
empolgação,7
expulsando,7
futsal,7
abaixar,7
emocionantes,7
mereceram,7
vilão,7
terça,7
ranço,7
queixada,7
madri,7
furada,7
critérios,7
representado,7
reza,7
mta,7
revisar,7
salarial,7
sinisterra,7
wesley,7
provocador,7
jantou,7
portanto,7
escreve,7
gre,7
expulsaram,7
queimar,7
perdesse,7
exagerada,7
rodinha,7
caneco,7
macumba,7
consequentemente,7
acabam,7
enganado,7
zueira,7
passaria,7
cotoveladas,7
abriu,7
vingança,7
respeitado,7
rende,7
praia,7
unido,7
tetra,7
hat,7
decidindo,7
estrela,7
narrativa,7
imensa,7
lendário,7
entregue,7
agradecendo,7
empresa,7
inexplicável,7
interferiu,7
cabeca,7
perdidos,7
torto,7
finalizar,7
lambe,7
entrosado,7
invencibilidade,7
zoação,7
legado,7
paquetá,7
conhecida,7
maricota,7
lotando,7
lotou,7
juizao,7
ouvindo,7
roque,7
flamidia,7
intuição,7
lendo,7
analfabeto,7
amassando,7
doentes,7
continuou,7
atrasado,7
entregada,7
cruzeirence,7
matheusinho,7
emociona,7
feijão,7
liberdade,7
arrebenta,7
incomoda,7
patrocínio,7
partes,7
queira,7
escondido,7
conquistou,7
goat,7
porraaa,7
espetáculos,7
apagar,7
tentado,7
debater,7
fraquinha,7
nasceram,7
fodase,7
valem,7
perdia,7
dirá,7
discordar,7
convenhamos,7
podiam,7
desculpe,7
ocorrer,7
incluindo,7
doidera,7
fumou,7
honesto,7
escreveu,7
aparecem,7
inves,7
santana,7
inscritos,7
hum,7
alexsander,7
criando,7
putinho,7
chingando,7
tesoura,7
furou,7
inuteis,7
aver,7
carrasco,7
amou,7
podendo,7
forçou,7
mico,7
mestre,7
inventaram,7
engana,7
mudam,7
belas,7
filmar,7
galin,7
tradução,7
furado,7
respondeu,7
vtmnc,7
gambá,7
obviamente,7
aprenda,7
criativo,7
filhão,7
regulamento,7
testosterona,7
ibrahimovic,7
guardado,7
esperou,7
votar,7
par,7
licença,7
sofá,7
odeiam,7
negativo,7
perdida,7
pacaembu,7
venham,7
relembrando,7
empataram,7
fisicamente,7
anteriores,7
defensável,7
sumido,7
eiro,7
explicado,7
mira,7
acidental,7
roda,7
reconhecimento,7
racista,7
mostrava,7
perigosa,7
pose,7
riu,7
escudo,7
amarra,7
recorte,7
breve,7
encaixar,7
evoluir,7
tática,7
golo,7
texto,7
largar,7
menosprezar,7
comparado,7
mandam,7
tiverem,7
maturidade,7
habilidade,7
premiere,7
marketing,7
aguardando,7
xavier,7
banho,7
responda,7
hipocritas,7
chororó,7
leandro,7
tumultua,7
seriamente,7
teremos,7
possibilidade,7
ficaria,7
sistema,7
desproporcional,7
román,7
julgado,7
proibir,7
vês,7
dividido,7
planta,7
penso,7
considerado,7
abusado,7
sairia,7
luxo,7
muro,7
aleatório,7
calor,7
causando,7
pse,7
conto,7
espn,7
marcam,7
ferrando,7
cavou,7
formas,7
pagos,7
mínima,7
mauro,7
valores,7
eventos,7
ensinou,7
fofa,7
filmes,7
estatísticas,7
demitir,7
site,7
estarei,7
égua,7
entrei,7
encontra,7
bilionário,7
gambás,7
ladeira,7
terão,7
filhinha,7
filhas,7
empatando,7
jornal,7
mundinho,7
patrimônio,7
tok,7
marinha,7
ganhasse,7
caladinho,7
eternos,7
espancar,7
nervosinho,7
descontrole,7
distribuindo,7
síndrome,7
toco,7
lanço,7
vibe,7
imprudente,7
chaves,7
antigas,7
frouxos,7
serginho,7
almoço,7
envergonham,7
encrenca,7
trampo,7
julgar,7
vigor,7
contigo,7
estúpido,7
imundo,7
zagueirinho,7
milan,7
brabao,7
abandona,7
padrão,7
virei,7
repete,7
intimidar,7
conversando,7
assistido,7
gatinho,7
sena,7
folgados,7
hehe,7
aínda,7
negão,7
doído,7
compare,7
crer,7
citou,7
pae,7
moreno,7
campos,7
byanco,7
caldo,7
socando,7
kaka,7
lamentar,7
rasgou,7
cloaca,7
funcionário,7
kombat,7
atrapalhando,7
culpados,7
letra,7
rock,7
rinha,7
entrava,7
wue,7
participaram,7
soubesse,7
aposentados,7
presos,7
atravessou,7
ativado,7
falarem,7
éramos,7
houver,7
diabos,7
grátis,7
líderes,7
situações,7
tocando,7
gerações,7
varela,7
juntaram,7
deixo,7
decadente,7
conteudo,7
alemanha,7
pandemia,7
vide,7
passei,7
mães,7
impunidade,7
aguardo,7
cacetete,7
apena,7
velório,7
vergonhas,7
repente,7
cruel,7
dieron,7
sudamérica,7
brasileños,7
revivió,7
señores,7
juego,7
disgrace,7
brazilians,7
nervos,7
coringa,7
músculo,7
old,7
pohha,7
estaba,7
türkiye,7
debería,7
pública,7
delantero,7
curti,7
happen,7
pagode,7
jugador,7
deberían,7
iran,7
funny,7
están,7
treinando,7
referee,7
shame,7
كرة,7
estuvo,7
representaram,7
agarra,7
espancado,7
card,7
patrocinador,7
nadie,7
fuça,7
getting,7
fude,7
senhoras,7
estaremos,7
tapinha,7
fights,7
für,7
sábado,7
flor,7
police,7
penas,7
arbitra,7
everyone,7
trabalhador,7
crazy,7
poeira,7
baderna,7
viro,7
brutal,7
classe,7
recentemente,7
inesquecível,7
troféus,7
linhas,7
presença,7
provas,7
buena,7
plena,7
futuramente,7
hilário,7
paraíba,7
ilusão,7
zerooooooooooo,7
sétima,7
anta,7
babaquice,7
zeroooooooo,7
narracao,7
reparei,7
dês,7
mtu,7
eim,7
sentado,7
paulada,7
cores,7
iludidos,7
sousa,7
surpreende,7
pastel,7
zeroooooo,7
músicas,7
pegador,7
freguesas,7
cuspe,7
renovar,7
jornais,7
chororo,7
cagón,7
preparar,7
vaidosa,7
ruralzinho,7
jonathan,7
mijar,7
marquinhos,7
referência,7
amarela,7
pensão,7
originou,7
fanta,7
iludidas,7
homofóbico,7
impedimento,7
malissimo,7
protestar,7
beneficiados,7
brilhar,7
escanteios,7
credibilidade,7
favorecido,7
irregular,7
confirmado,7
zebrada,7
afogados,7
cabral,7
oitavas,7
kabuloso,7
frutos,7
racing,7
gaby,7
vírgula,7
galvao,7
tremedeiras,7
lota,7
medeiros,7
crizeiro,6
gool,6
casca,6
castigado,6
posicionamento,6
ajoelhando,6
voltam,6
digam,6
chilique,6
banca,6
andrade,6
treinado,6
superclássico,6
burra,6
aposentou,6
injustiçado,6
vamooo,6
amiga,6
nei,6
atingido,6
função,6
pegada,6
vieram,6
piore,6
betano,6
repita,6
arrependido,6
livro,6
manchado,6
torçam,6
nal,6
césar,6
apronta,6
jogavam,6
instante,6
caem,6
satisfatória,6
passeio,6
maldita,6
lascaram,6
desaprendeu,6
mariaaa,6
recuou,6
sofrimento,6
diego,6
crack,6
manchester,6
memphis,6
kai,6
dominguez,6
esperamos,6
porquinho,6
correm,6
raul,6
cia,6
morais,6
demorar,6
funcionou,6
dita,6
januário,6
iremos,6
falavam,6
critiquei,6
morde,6
potencial,6
tomam,6
compromisso,6
drogado,6
programas,6
lasca,6
defendem,6
driblar,6
sobretudo,6
usam,6
pipocas,6
goooool,6
olhava,6
feitos,6
poe,6
afundado,6
questao,6
dinovo,6
nordestino,6
convém,6
jegue,6
brasília,6
misto,6
treinamento,6
façanha,6
pronta,6
dorme,6
psg,6
trabalhou,6
cansa,6
recurso,6
vendeu,6
galoooooooooooo,6
torceu,6
ksks,6
madrugada,6
pesa,6
assume,6
concerteza,6
custar,6
mudei,6
igualar,6
rápida,6
envelheceu,6
gostinho,6
raphinha,6
disco,6
gritaram,6
aliado,6
amassa,6
uruguai,6
matéria,6
embaçado,6
idêntico,6
ofender,6
atingiu,6
eleitor,6
trombar,6
servindo,6
sorrir,6
peças,6
morno,6
flaflu,6
mudanças,6
visou,6
milhares,6
classifica,6
surdo,6
chore,6
pressao,6
fechada,6
denunciar,6
parando,6
dopping,6
deputado,6
promessa,6
bglh,6
vidalba,6
calças,6
beijinho,6
mulambos,6
xupa,6
domínio,6
festival,6
reconhecer,6
mantém,6
vrdd,6
jogados,6
euros,6
sacana,6
hahahahahah,6
bagres,6
horrores,6
chupaaaaa,6
assinado,6
bonequinha,6
coisinha,6
competir,6
carne,6
inferior,6
irei,6
matheuzinho,6
inúteis,6
decepcionado,6
nárnia,6
obvio,6
capeta,6
considerar,6
bruto,6
barro,6
evitou,6
alvo,6
estarem,6
kit,6
coelho,6
belos,6
fan,6
gordo,6
miserável,6
per,6
caba,6
wow,6
assassinato,6
games,6
academia,6
paraplégico,6
voa,6
lindos,6
mexer,6
protocolo,6
itália,6
preocupação,6
casal,6
dona,6
formar,6
andar,6
vovó,6
argumentar,6
prender,6
desleais,6
suave,6
nen,6
dever,6
caladinha,6
pertinho,6
cantaram,6
atacar,6
haveria,6
vândalos,6
ouvidos,6
transmissao,6
conhecer,6
bot,6
baseado,6
conferir,6
enganou,6
vizinho,6
pedia,6
local,6
propositalmente,6
ânimos,6
laterais,6
fes,6
despreparado,6
nâo,6
zuado,6
percebeu,6
crânio,6
molecagem,6
anterior,6
uso,6
alt,6
nda,6
repercussão,6
mineiras,6
sabiam,6
paí,6
partindo,6
defendo,6
juventus,6
preocupar,6
detectado,6
doque,6
carros,6
pulo,6
louça,6
honestidade,6
debe,6
depenada,6
descarado,6
lunático,6
identificar,6
desnorteado,6
conseguimos,6
elogiar,6
saldo,6
aviso,6
city,6
sexta,6
bbbzeiro,6
asa,6
garantiu,6
enfrenta,6
plano,6
ressuscitar,6
sirva,6
supostamente,6
religião,6
param,6
cabulosas,6
marcão,6
diretor,6
cristhian,6
tosco,6
combinar,6
pateticano,6
caladas,6
instagram,6
automaticamente,6
pude,6
massacrado,6
triplo,6
mande,6
atura,6
bandeirinhas,6
uhu,6
mentem,6
diversos,6
maicon,6
contrataram,6
gastaram,6
goleadas,6
crédito,6
independência,6
percam,6
roubos,6
conmebol,6
car,6
zika,6
atropelou,6
dados,6
sofredor,6
peita,6
respirar,6
perturbado,6
curioso,6
fria,6
angulos,6
focar,6
destemperado,6
revelou,6
resolvido,6
criminosos,6
muitooo,6
esporro,6
intimida,6
dirigente,6
fingimento,6
ixi,6
rocha,6
tumultuar,6
excluir,6
observar,6
derrotado,6
bigode,6
queimando,6
forçando,6
power,6
pizza,6
contém,6
tumultuando,6
une,6
xingado,6
bobos,6
falsa,6
lianca,6
baitola,6
discordo,6
demente,6
investigado,6
cão,6
adultos,6
memoráveis,6
fundos,6
assistia,6
ferrado,6
nove,6
colete,6
recebendo,6
repensar,6
bonitas,6
irracionais,6
mvp,6
war,6
gritos,6
prateleira,6
peixe,6
luvas,6
nocaute,6
orar,6
humana,6
pao,6
fox,6
adoramos,6
massagista,6
tínhamos,6
entreterimento,6
desclassificados,6
apartando,6
servem,6
irresponsáveis,6
democrata,6
post,6
pesadas,6
penarol,6
consecutivos,6
pregar,6
inimigos,6
formação,6
acalmando,6
link,6
novos,6
rolava,6
postam,6
surpresa,6
mensagem,6
morrendo,6
guerras,6
manada,6
marcial,6
coloquem,6
saberia,6
simplismente,6
participando,6
bandos,6
fãs,6
raízes,6
politicamente,6
épica,6
sassá,6
cruzeirooooo,6
encarou,6
premiação,6
moças,6
arrepender,6
natureza,6
sairam,6
táva,6
aranha,6
voadeira,6
acá,6
tidak,6
ini,6
hulka,6
israel,6
verdad,6
esfregando,6
ikut,6
turun,6
después,6
dicen,6
assitir,6
bolha,6
pohaa,6
cameras,6
nice,6
pendejo,6
goalie,6
orrivel,6
boxeo,6
haber,6
también,6
ale,6
clasico,6
hacer,6
years,6
kassio,6
novas,6
muie,6
saya,6
amadorismo,6
financeira,6
laranja,6
kick,6
aço,6
aulas,6
came,6
clásico,6
aquí,6
tênis,6
rigorosa,6
méxico,6
batalla,6
gauchão,6
cortou,6
postaram,6
defendeu,6
english,6
comment,6
folga,6
decepcionou,6
every,6
look,6
manos,6
mismo,6
embaixadinhas,6
governo,6
palhacada,6
fue,6
break,6
record,6
acontecimento,6
paulistão,6
ternyata,6
pitch,6
penalizar,6
formado,6
contagem,6
lança,6
tarkam,6
assistam,6
aprenderem,6
investigar,6
alienado,6
ritmo,6
seleçao,6
mataram,6
thing,6
fighter,6
agem,6
juízo,6
parava,6
vorcaro,6
falsos,6
luís,6
companhia,6
idosos,6
diretamente,6
main,6
socorro,6
adriano,6
frio,6
excelentes,6
tora,6
passion,6
destacando,6
big,6
yang,6
ótimas,6
soy,6
enfiar,6
bunduda,6
motorista,6
tnt,6
gravar,6
cmg,6
representar,6
direta,6
zenit,6
promover,6
gasolina,6
qto,6
organizado,6
impagável,6
tropeiro,6
mane,6
figura,6
kakakakakaka,6
avisando,6
inventando,6
tenham,6
mesa,6
crentes,6
pombo,6
grau,6
cruzeirooooooo,6
atretico,6
esperado,6
molestado,6
escrevendo,6
guenta,6
cruzeiroooooo,6
moendo,6
corredor,6
afastou,6
trouxeram,6
ameba,6
choramingando,6
namorado,6
engolir,6
zerooooooo,6
vozinha,6
dodói,6
chileno,6
nya,6
azerbaijão,6
sete,6
drible,6
great,6
elogio,6
indisciplina,6
depenou,6
cansados,6
engracado,6
claríssimo,6
sede,6
joguei,6
cruzamento,6
ingrato,6
descaradamente,6
hãn,6
meias,6
abertos,6
lula,6
perdoa,6
borra,6
chapéu,6
vencemos,6
ilegal,6
debochando,6
ladrone,6
biel,6
juizada,6
imitar,6
reconhece,6
primo,6
engravidar,6
itaquera,6
fabrícia,6
desmerecer,6
gamarra,6
sonhando,6
matos,6
arrepiei,6
silenciador,6
sisca,6
triplex,6
frangando,6
gabizete,6
edu,5
abraçar,5
resultou,5
horário,5
saudável,5
lanterna,5
recebido,5
memorável,5
notou,5
cassiera,5
ajoelham,5
tremeee,5
levava,5
caipira,5
davam,5
cúzeiro,5
finalista,5
passem,5
grava,5
sal,5
traidor,5
vier,5
tapão,5
ajudaram,5
belíssimo,5
enfrentou,5
desanima,5
encosto,5
poupar,5
grato,5
raio,5
permitido,5
peidar,5
frágil,5
avança,5
adiantar,5
zico,5
pecados,5
declaro,5
sintonia,5
oloko,5
daronco,5
veterano,5
tranquilamente,5
destruindo,5
acompanhei,5
vascaínas,5
cúguloso,5
estragando,5
vareio,5
turquia,5
barril,5
partidaça,5
arrasou,5
fiquem,5
devo,5
esconder,5
pagamento,5
penalte,5
jugando,5
pohaaa,5
administrar,5
cabia,5
deita,5
permitiu,5
negras,5
construindo,5
allan,5
recuar,5
serao,5
maximo,5
gladiador,5
trick,5
criticado,5
surpreendeu,5
ofensivo,5
milagre,5
lastimável,5
competitividade,5
aliados,5
tog,5
notar,5
decidirem,5
dominado,5
massacrou,5
disputam,5
citei,5
coritiba,5
chinelo,5
negativa,5
eliminações,5
conexão,5
leila,5
saírem,5
passes,5
sombra,5
fezes,5
bay,5
milito,5
parque,5
freguesao,5
mariaaaa,5
assumiu,5
puder,5
perderia,5
soh,5
padrasto,5
náutico,5
ponte,5
esportivos,5
prazeroso,5
calamos,5
tendencioso,5
usado,5
wright,5
menguinho,5
galocura,5
honestos,5
correta,5
deboche,5
protege,5
relevantes,5
correram,5
culhão,5
vascainas,5
acéfalo,5
zoeira,5
santinho,5
inevitável,5
andreas,5
informações,5
medalhão,5
vencia,5
bolado,5
investiu,5
ohh,5
froxo,5
farofa,5
nojentos,5
enchente,5
soca,5
passarem,5
infiltrado,5
pecou,5
protagonistas,5
regionais,5
máxima,5
revanche,5
move,5
surgiu,5
cheira,5
emprego,5
excelência,5
perceberam,5
diziam,5
destacar,5
virgem,5
anime,5
gamba,5
treina,5
estudiantes,5
fair,5
indivíduos,5
mequetrefe,5
cento,5
travado,5
fenerbahçe,5
observação,5
oloco,5
região,5
jogassem,5
ideal,5
expectativa,5
criatividade,5
tia,5
admite,5
indiscutível,5
passava,5
considero,5
neutro,5
escondeu,5
transmitido,5
propaganda,5
tai,5
doce,5
fodeu,5
federal,5
sentou,5
máscara,5
arroto,5
perereca,5
romeiro,5
ensinando,5
jkkkkk,5
alexander,5
referindo,5
isolar,5
costuma,5
escalado,5
rodando,5
esqueçam,5
rapariga,5
possivelmente,5
pilhado,5
crê,5
lama,5
buceta,5
deixamos,5
bct,5
ksksksks,5
marcava,5
provocava,5
prorrogação,5
granja,5
mija,5
lerdão,5
ata,5
rlx,5
abaixou,5
bebida,5
passos,5
moeda,5
minoria,5
alugou,5
tom,5
troxa,5
exame,5
vestiario,5
cugulosa,5
desorientado,5
nobre,5
pinto,5
cicinho,5
palpites,5
positivo,5
evidente,5
loira,5
agrega,5
frustrado,5
nascido,5
tribunal,5
flaco,5
nóis,5
suspeito,5
codornas,5
dobrado,5
conforme,5
impulso,5
divulgar,5
intervalo,5
goleirão,5
historico,5
vamooooo,5
frangou,5
impossivel,5
rendimento,5
cabra,5
alo,5
vish,5
palco,5
conivente,5
pareciam,5
comediante,5
lanche,5
honestamente,5
plantou,5
pôr,5
discute,5
apoiou,5
colada,5
vazou,5
maninho,5
povão,5
acompanhou,5
lkkk,5
miguel,5
muinto,5
moc,5
telespectador,5
óbito,5
melhoras,5
melhore,5
simpatia,5
ator,5
aaah,5
coitadinho,5
desviar,5
rigor,5
trauma,5
mulambo,5
graves,5
veem,5
ativa,5
quebro,5
tetraplégico,5
oponente,5
polêmico,5
algemado,5
sapecada,5
fodido,5
apelar,5
elemento,5
anormal,5
vazia,5
integridade,5
pegava,5
gas,5
dublou,5
ocasião,5
agride,5
chorado,5
gerando,5
criaram,5
plantando,5
prisão,5
adolescente,5
sadia,5
devemos,5
preste,5
bundada,5
processar,5
suspensao,5
contava,5
consequência,5
recuperando,5
burrão,5
recuperar,5
perguntam,5
trocaram,5
observado,5
escada,5
favorece,5
brincadeiras,5
devagar,5
north,5
quenguinha,5
calo,5
chegaria,5
pera,5
joao,5
concentrado,5
juniors,5
impecável,5
pararem,5
enganando,5
lkkkkk,5
gestão,5
falsas,5
glórias,5
criador,5
mor,5
catar,5
tenebroso,5
hahah,5
teste,5
foca,5
mudança,5
luto,5
criticou,5
bichas,5
briguento,5
surta,5
curitiba,5
quiserem,5
falência,5
cansam,5
pesquise,5
lotaram,5
dvd,5
tapete,5
galos,5
alegrar,5
duvida,5
chiqueiro,5
choronas,5
disparidade,5
exagera,5
indisciplinado,5
temperamento,5
cobrou,5
portuguesa,5
começarem,5
palhaçadas,5
sla,5
admitiu,5
idolos,5
speed,5
caneta,5
conversinha,5
comporta,5
kra,5
afunda,5
teatrinho,5
encheu,5
lançou,5
liberou,5
psicólogos,5
faltinha,5
diferenciada,5
remédio,5
qie,5
phoda,5
falador,5
mari,5
lyando,5
desprezível,5
testemunho,5
grade,5
raspão,5
mediocridade,5
triscou,5
mello,5
puniu,5
anões,5
câmara,5
senado,5
maría,5
kid,5
tóxico,5
inspirar,5
comportar,5
enfrentam,5
confundiu,5
absoluta,5
florzinha,5
logica,5
tempero,5
calvície,5
tornozelo,5
migué,5
cobranças,5
buzeiro,5
emoções,5
busão,5
kakakakakakaka,5
polícias,5
postado,5
bostileiros,5
diansjsnjsjn,5
irem,5
federações,5
porradarias,5
orgulhosos,5
poradaria,5
raposão,5
god,5
envergonhar,5
sobrevive,5
trairagem,5
modalidade,5
baixou,5
purinho,5
masculinidade,5
multados,5
dana,5
mostrada,5
evangélicos,5
conter,5
ridículas,5
mirar,5
encenações,5
protagonizaram,5
itabirito,5
merecer,5
entregaram,5
derrubando,5
morra,5
celular,5
secando,5
conseguido,5
manobra,5
lutadores,5
poderem,5
porrete,5
torou,5
paro,5
afastando,5
estará,5
banda,5
faltaram,5
desclassificar,5
amiguinhos,5
medonha,5
bonecas,5
comportam,5
repetindo,5
definitivamente,5
fedendo,5
estadios,5
granada,5
apagou,5
separaram,5
ferido,5
procure,5
centavo,5
tristes,5
gaucho,5
telespectadores,5
ring,5
fiasco,5
arrasta,5
áreas,5
cassetete,5
sonhos,5
pora,5
incentiva,5
deveras,5
baum,5
agradeça,5
corrido,5
dirigentes,5
elementos,5
iyi,5
desesperado,5
bitelo,5
arranjar,5
cachorros,5
daha,5
verguenza,5
mucha,5
seperti,5
irã,5
opiniao,5
necessária,5
cómo,5
roja,5
asqueroso,5
shit,5
animar,5
chaos,5
proporcionaram,5
simios,5
fugindo,5
anyone,5
hunk,5
peñarol,5
beautiful,5
year,5
suspensión,5
sudamericano,5
peor,5
miséria,5
rebaixou,5
esos,5
estopim,5
paso,5
absolutely,5
nothing,5
vandalismo,5
frescos,5
proveito,5
câncer,5
kulk,5
resume,5
dominada,5
olsa,5
patada,5
hell,5
everything,5
gota,5
gone,5
espectador,5
hizo,5
hasta,5
tapinhas,5
capazes,5
prima,5
salvaram,5
revida,5
exclusivo,5
selvagem,5
luego,5
kskskks,5
dari,5
valentões,5
germany,5
humanidade,5
gazelas,5
recado,5
jornalista,5
menininha,5
fortão,5
throw,5
penalizado,5
basura,5
incentivar,5
القدم,5
atua,5
investir,5
sofrida,5
cansei,5
rodar,5
hermoso,5
empresários,5
entertainment,5
always,5
cine,5
punidas,5
amassamos,5
barbado,5
comportando,5
tomem,5
curtidas,5
aaa,5
fita,5
recomeçar,5
wrestling,5
desportivo,5
bombas,5
humor,5
desconto,5
inscrito,5
puede,5
harmonia,5
interesse,5
levarem,5
kids,5
copiar,5
say,5
doideira,5
juntou,5
bolinho,5
encarando,5
chupar,5
roça,5
ajoelha,5
selva,5
conflito,5
faixas,5
estam,5
est,5
rogerio,5
doze,5
ficasse,5
tela,5
idéia,5
agarrando,5
babão,5
lapadas,5
faziam,5
max,5
incentivando,5
natação,5
things,5
quebrados,5
excitado,5
campeã,5
desesperados,5
adorando,5
original,5
depenado,5
bilionários,5
mai,5
veo,5
certamente,5
mistura,5
hulkinho,5
envolvimento,5
lançar,5
alfa,5
ball,5
ums,5
draga,5
descrever,5
ciclo,5
chuva,5
pernambuco,5
esmagado,5
musiquinha,5
entusiasmo,5
ofendido,5
achamos,5
espancando,5
zinho,5
viadinhos,5
arrastando,5
tanque,5
zerooooo,5
melhorem,5
saci,5
clássica,5
oreia,5
leao,5
zerooo,5
pivô,5
surrou,5
arrepio,5
rezar,5
porraaaa,5
ameaça,5
devolveu,5
próximas,5
mansinho,5
arrebentando,5
memo,5
dubladores,5
negar,5
departamento,5
tolo,5
aplaudem,5
comemoraram,5
falidas,5
esperei,5
porcada,5
cruzeiros,5
peitou,5
torcedora,5
antigos,5
pergunto,5
chutinho,5
interclasse,5
corajoso,5
eeeeeee,5
viralizar,5
nutelas,5
macetou,5
prestam,5
cabaré,5
calcinha,5
espulso,5
julgando,5
vio,5
desmaiou,5
aham,5
perro,5
idoso,5
leitinho,5
pay,5
tadinha,5
cuspida,5
silencio,5
dublado,5
pablo,5
curva,5
critica,5
boxing,5
tremenda,5
shaolin,5
sinceridade,5
ladroagem,5
برازيل,5
buaaaa,5
scenes,5
legenda,5
american,5
mandaram,5
lacrado,5
sofrem,5
afeminado,5
apostando,5
trapalhões,5
guardiola,5
chuteiras,5
sen,5
valu,5
chacotas,5
favoritismo,5
reforços,5
mijada,5
bolão,5
rebola,5
galudo,5
rebolou,5
arrombadas,5
galim,5
lanus,5
alagamento,5
chupaaaa,5
cabelinho,5
caloteiras,5
kaia,5
construir,5
ade,5
pateta,5
cruzeira,5
fogão,5
respondo,5
anderson,5
medir,5
chorinho,5
traduzir,5
parâmetro,5
inverter,5
lançamento,5
acreditava,5
chilena,5
grife,5
operar,5
cumprimentou,5
ignorar,5
enrolado,5
europeus,5
confundindo,5
bêbado,5
sacrifício,5
concentração,5
bruna,5
jejum,5
vanderson,5
tarzan,5
declarado,5
cabulosooo,5
fominha,5
fragas,5
depenar,5
gui,5
achismos,5
puskás,5
coloradas,5
bicampeão,5
escandaloso,5
atropelado,5
juazeirense,5
repetição,5
laurão,5
taxista,5
reflorestamento,5
cantos,5
gabizinha,5
sincronia,4
cumpre,4
palpite,4
aérea,4
horroso,4
tressold,4
famosos,4
concordei,4
rapidamente,4
botafoguense,4
sobraram,4
exceto,4
cheios,4
privilégio,4
pavorosa,4
vascao,4
vibra,4
carregou,4
valorizando,4
dominando,4
asno,4
imparcialidade,4
avisei,4
lord,4
despercebido,4
distante,4
central,4
sacar,4
paizão,4
gaaalooo,4
gelado,4
ave,4
pragas,4
evoluiu,4
aberração,4
carga,4
atmosfera,4
vença,4
jantar,4
visao,4
buloso,4
chover,4
provocaram,4
esconderam,4
amassaram,4
diminuiu,4
distribuiu,4
motivação,4
banguela,4
jus,4
finalizando,4
cachorra,4
basco,4
chatice,4
resumiu,4
mosaico,4
divina,4
pelota,4
neto,4
sejamos,4
felizmente,4
magrinho,4
tipico,4
infantilidade,4
daquelas,4
crescendo,4
matas,4
massacrando,4
graca,4
penha,4
vos,4
ninho,4
serei,4
gaaaaaloooooo,4
cpf,4
televisionado,4
encontramos,4
fotebol,4
autor,4
trabalhado,4
ligou,4
cravou,4
chinga,4
cabbbuloso,4
nitido,4
brincou,4
renova,4
villauba,4
krueger,4
dalhe,4
vasquinho,4
toninho,4
artificial,4
caixas,4
vibrante,4
apaixonada,4
subida,4
garantida,4
marrentos,4
soberbos,4
fracote,4
portão,4
inegável,4
frustração,4
vagner,4
bruxo,4
repugnante,4
rendeu,4
jhon,4
croacia,4
tirei,4
jorgina,4
dinossauros,4
fenomenal,4
lutou,4
tempão,4
fabrico,4
altíssimo,4
peço,4
tivéssemos,4
parente,4
acéfalos,4
reta,4
brigava,4
inventado,4
tenhamos,4
malditos,4
azedar,4
animo,4
investe,4
setembro,4
janela,4
tecnologia,4
oficiais,4
brilho,4
intercontinental,4
fax,4
admirei,4
cano,4
consecutivo,4
fizerem,4
chuvas,4
tals,4
extremo,4
renda,4
felipão,4
iluminado,4
comentei,4
magia,4
perfeitamente,4
diversas,4
erraram,4
casemiro,4
inicia,4
cisse,4
aplica,4
apontar,4
evita,4
desnecessárias,4
terceirizado,4
morar,4
dependente,4
crefisa,4
engolido,4
explodir,4
abate,4
reportagem,4
visibilidade,4
substituições,4
feios,4
enterra,4
facial,4
teus,4
saltou,4
insta,4
viciado,4
medalhões,4
enganam,4
imaginaria,4
fumaça,4
assinar,4
bayern,4
reveja,4
moss,4
armou,4
marcaram,4
adm,4
cópia,4
palmerense,4
juro,4
gaveta,4
apostei,4
prato,4
américas,4
hummmm,4
esforçar,4
desclassificado,4
admirava,4
nervosas,4
mijou,4
crlho,4
tatuado,4
prende,4
cocô,4
polêmicas,4
chatão,4
cinegrafista,4
pífia,4
moer,4
desrespeita,4
disgraça,4
baiana,4
confiante,4
recebaaa,4
horta,4
precisão,4
conversas,4
leituras,4
insuportavel,4
borrou,4
fumar,4
joger,4
oooo,4
bostafogo,4
tiktok,4
filhinho,4
rapá,4
diminuir,4
carteira,4
decente,4
estourado,4
david,4
saísse,4
desejando,4
piru,4
chupaaaaaa,4
zuou,4
viadinho,4
valorizar,4
kakkaka,4
largos,4
idioma,4
enjoado,4
desonestos,4
gomez,4
tiago,4
oferecer,4
levaria,4
sumir,4
reconheceu,4
malucos,4
loucuras,4
antidoping,4
filmou,4
magrelo,4
falasse,4
lho,4
tomador,4
marques,4
acreditam,4
civilizados,4
retrospecto,4
milésima,4
miss,4
muié,4
copiou,4
analise,4
ulisses,4
chá,4
vamoo,4
roger,4
adilson,4
saido,4
escapar,4
equatoriano,4
jorse,4
omissa,4
vacilao,4
cometeu,4
exposta,4
dormiu,4
vacila,4
ferra,4
chiqueirão,4
monotitulo,4
categorias,4
rossi,4
entraria,4
tiros,4
shopping,4
ramon,4
gama,4
aguarde,4
wfuweiqondymvq,4
kenga,4
prendeu,4
vzs,4
airton,4
contei,4
historicamente,4
liminado,4
peru,4
lesionou,4
esfriar,4
metal,4
estourar,4
paralela,4
desconta,4
acharem,4
leões,4
volume,4
data,4
roteiro,4
petercam,4
estando,4
xique,4
antijogo,4
enxerga,4
visitantes,4
mineirinho,4
murcha,4
bolt,4
tchola,4
forçação,4
numero,4
pilantragem,4
cabo,4
aquecimento,4
sfd,4
entenderam,4
avisado,4
caraleo,4
revoltante,4
levei,4
registrar,4
providência,4
fofo,4
advertência,4
conjunto,4
agilidade,4
firmes,4
arbritagem,4
julgamento,4
susto,4
concussão,4
aii,4
patifaria,4
tah,4
cazé,4
confundi,4
imita,4
ordinário,4
pôde,4
tronco,4
playboy,4
msma,4
desculpou,4
corrigindo,4
cabecear,4
lacradores,4
vácuo,4
agressividade,4
exibir,4
colher,4
ahahahah,4
observem,4
extrema,4
desonestidade,4
agridem,4
punida,4
sorrindo,4
pec,4
parede,4
possa,4
esbarra,4
poisé,4
fração,4
escancarado,4
evitando,4
arrependeu,4
involuntário,4
esbarrou,4
instinto,4
impediu,4
pata,4
encerrou,4
desonesta,4
taria,4
babar,4
imbecilidade,4
sentiria,4
entenda,4
intencionado,4
fotos,4
miguelsampaio,4
chocou,4
acontecesse,4
aaaa,4
encaixou,4
choraaa,4
humilhando,4
sol,4
gelada,4
lascando,4
titanic,4
corintianos,4
bidu,4
gira,4
torno,4
inss,4
conquistado,4
protegendo,4
impõe,4
extraordinário,4
desvio,4
verba,4
associação,4
merenda,4
descobrimento,4
desvios,4
empréstimo,4
hotel,4
torre,4
apresentando,4
ganância,4
maricele,4
irmã,4
vazar,4
porcarias,4
mercenário,4
bastou,4
combinou,4
desarme,4
luan,4
travando,4
primeiras,4
acesso,4
late,4
amassados,4
editar,4
mercenários,4
aplicou,4
lotam,4
chicote,4
bebeto,4
chorarem,4
status,4
desculpinha,4
kakakakakka,4
aha,4
muchos,4
baby,4
houvesse,4
pertence,4
cruzerio,4
caldense,4
impressiona,4
disponibilizar,4
segurada,4
desgosto,4
espelho,4
descobrir,4
criada,4
fiada,4
abismo,4
termos,4
endividado,4
vêm,4
fruta,4
flnd,4
mes,4
coitadas,4
bancar,4
xxi,4
fralda,4
geladeira,4
impôs,4
japonês,4
tratando,4
tire,4
ksksksksk,4
pesou,4
manja,4
mina,4
índios,4
lembrança,4
cris,4
bebezão,4
cavando,4
ksksksksksk,4
hostil,4
caju,4
aleijado,4
concentrar,4
juizo,4
bahiano,4
luanco,4
mentais,4
rapadura,4
custo,4
simm,4
pinta,4
chulapa,4
sinônimo,4
tomadas,4
tese,4
bato,4
visível,4
político,4
ira,4
simeone,4
estupidez,4
lgbt,4
gopi,4
certíssimo,4
andamento,4
indignação,4
barca,4
naturalmente,4
farmar,4
boga,4
msmo,4
drogas,4
provocam,4
simulações,4
custa,4
ctz,4
esquecendo,4
rangers,4
fei,4
tropeça,4
pseudo,4
rendem,4
puxão,4
aplaudi,4
transtornado,4
imitação,4
pressionado,4
falamos,4
checar,4
maluca,4
garro,4
xarope,4
cita,4
pareça,4
corrigir,4
cercado,4
produto,4
defeito,4
cliente,4
emocionadas,4
queto,4
fuga,4
peidado,4
estás,4
loca,4
olk,4
enlouqueceu,4
preparados,4
sdd,4
matemática,4
set,4
esmagar,4
caipiras,4
quebrem,4
entrarem,4
gorge,4
mandíbula,4
compraram,4
deselegante,4
imediato,4
alunos,4
churrascaria,4
milionario,4
molecada,4
antidesportiva,4
admira,4
bancos,4
palmeira,4
espectadores,4
audiencia,4
cereja,4
reprise,4
oba,4
kkkkkj,4
rolo,4
quinto,4
protetor,4
bra,4
assistiram,4
ferimentos,4
rais,4
fulano,4
peladeiros,4
ignorantes,4
hospício,4
gramados,4
sensacionais,4
artista,4
white,4
netos,4
aprontar,4
aeeeeeeeeeee,4
botão,4
taka,4
aiii,4
reparou,4
desrespeitoso,4
talentos,4
penalizados,4
pouso,4
minero,4
fantástica,4
bravão,4
tudinho,4
gana,4
culto,4
divirto,4
separado,4
despreparo,4
ruki,4
futebosta,4
perca,4
paralelo,4
fonte,4
permitir,4
odio,4
coloco,4
multar,4
torá,4
frangotes,4
fanáticos,4
amante,4
dao,4
torneios,4
cassetetes,4
seg,4
quadro,4
strike,4
correa,4
deveríamos,4
termo,4
casaca,4
normalidade,4
terminava,4
matava,4
wiliam,4
poço,4
meno,4
هذه,4
البرازيل,4
barbárie,4
fará,4
extravasar,4
afora,4
dboa,4
inocentes,4
gladiadores,4
confirmar,4
íntegra,4
futibol,4
respirou,4
bonitinho,4
pilantras,4
lazer,4
praticado,4
fruto,4
rezando,4
dane,4
sustenta,4
mereciam,4
tribos,4
inflamam,4
aprendi,4
clt,4
dourado,4
carimbou,4
nuu,4
chegarem,4
monta,4
dunga,4
cavalos,4
highlights,4
moles,4
dores,4
preparador,4
nuuuu,4
brigavam,4
ficavam,4
fuerte,4
sangre,4
poco,4
avai,4
sepakbola,4
francamente,4
intelectual,4
respirando,4
sabes,4
desmaia,4
manchando,4
jugada,4
quedo,4
fin,4
cancha,4
yet,4
jiu,4
jitsu,4
lapangan,4
penonton,4
ganó,4
presidentes,4
bananas,4
stj,4
idiot,4
manchar,4
interdição,4
gravando,4
focos,4
start,4
incluso,4
respect,4
firula,4
caríssimo,4
perai,4
dónde,4
assustado,4
sahaya,4
hermanos,4
hexacampeão,4
pasar,4
suspendido,4
liberada,4
ahora,4
quilombo,4
professional,4
tenía,4
frescurinha,4
balé,4
watch,4
grown,4
apitado,4
valentia,4
funk,4
estivessem,4
joelhadas,4
rigorosamente,4
piso,4
greetings,4
hermano,4
black,4
name,4
classificados,4
afobado,4
recuando,4
envolveu,4
artes,4
fuera,4
viendo,4
otros,4
tiempo,4
funcionando,4
tienen,4
cup,4
envergonha,4
need,4
madre,4
niños,4
unir,4
called,4
preparou,4
desequilíbrio,4
heróis,4
muchachos,4
mímimi,4
repúdio,4
anunciar,4
rugby,4
colocados,4
هذا,4
estender,4
pensé,4
exemplares,4
eres,4
afundou,4
excluído,4
botaram,4
puros,4
ten,4
pequenas,4
año,4
encheram,4
insana,4
topa,4
inglês,4
observando,4
postando,4
equivocado,4
den,4
destas,4
mandava,4
ready,4
punching,4
poatan,4
armando,4
assusta,4
pagarem,4
portugues,4
ahí,4
morram,4
comprovado,4
chi,4
want,4
punicao,4
mortos,4
amantes,4
atraso,4
trying,4
permanece,4
goulart,4
acertei,4
wanderley,4
péssimas,4
vistas,4
moment,4
esquentar,4
respondi,4
lidar,4
memes,4
instituições,4
previu,4
quintessência,4
reside,4
acalorado,4
transcender,4
inseguro,4
dios,4
negocio,4
descente,4
esmagou,4
altas,4
халк,4
dama,4
enfiou,4
dedos,4
protegido,4
invez,4
andam,4
máquina,4
irritante,4
done,4
vixi,4
fizemos,4
enquando,4
deixaria,4
súmula,4
needs,4
sofra,4
individuais,4
fodam,4
fariam,4
deserves,4
bichona,4
sanciones,4
sobreviver,4
puts,4
metro,4
friend,4
pausando,4
samba,4
variar,4
malandros,4
fuleira,4
canalhas,4
assinatura,4
safada,4
something,4
act,4
lasque,4
happened,4
catarro,4
aspectos,4
defendido,4
rivalry,4
autoridades,4
revolta,4
igualmente,4
años,4
jurava,4
otro,4
lango,4
fernandes,4
nocauteou,4
cinza,4
corrigi,4
rostinho,4
ferida,4
expulsasse,4
entrevistas,4
proibidos,4
contente,4
compro,4
karatê,4
empurraram,4
mágica,4
conhecendo,4
rebanho,4
ana,4
petição,4
sozinhos,4
documento,4
processado,4
parça,4
prestigiar,4
falante,4
guimarães,4
conceito,4
gostosinho,4
turminha,4
souberam,4
gola,4
conheci,4
observe,4
caí,4
embates,4
empolgou,4
filmagem,4
rasteira,4
previsto,4
paradas,4
porada,4
musicas,4
percebido,4
resistiu,4
fodendo,4
thor,4
generalizadas,4
racha,4
ferve,4
inseto,4
jardin,4
cairam,4
mongo,4
discussões,4
informar,4
sad,4
ardendo,4
timao,4
conviver,4
profeta,4
pelomenos,4
celtic,4
dissimulado,4
ameaçou,4
alias,4
mar,4
acostumados,4
apelam,4
desmaiar,4
frescuras,4
energético,4
essencial,4
ses,4
textao,4
gostosin,4
bull,4
iba,4
ganhará,4
pontas,4
empoderada,4
saudaçoes,4
posto,4
reagiu,4
engraçadas,4
tensão,4
tacaram,4
metia,4
hahahahahahahahaha,4
gratuito,4
atestado,4
rapaiz,4
pisaram,4
administração,4
suspensivo,4
homero,4
abraçou,4
blablabla,4
indústria,4
procurei,4
boto,4
fechados,4
acertam,4
vidialbe,4
coleguinhas,4
perguntei,4
botox,4
sortudo,4
chutaram,4
girar,4
autógrafo,4
alagou,4
aproveitaram,4
escrota,4
patch,4
repare,4
menine,4
fela,4
frangada,4
amostradinho,4
mermao,4
sorriso,4
confirmou,4
andou,4
confederações,4
caçou,4
cabulosooooo,4
merecidamente,4
velhinho,4
galáxia,4
desastre,4
machões,4
sócio,4
judas,4
hombridade,4
favelado,4
maluquice,4
bíblia,4
renovado,4
chegava,4
desempregado,4
cartoes,4
cemitério,4
partita,4
action,4
lendas,4
whole,4
orang,4
الحارس,4
parah,4
lebih,4
convocou,4
nelinho,4
erradas,4
servi,4
escândalo,4
شجار,4
juíza,4
paulistas,4
desligar,4
cuiabá,4
moveu,4
aparecendo,4
vaya,4
pemain,4
fodasse,4
vaidosas,4
fuck,4
mexicana,4
nobel,4
cheias,4
material,4
athletic,4
quadra,4
mirando,4
calção,4
grotesco,4
ânimo,4
página,4
aproveitam,4
hullk,4
facam,4
existiria,4
hater,4
exaltar,4
questionar,4
gabigay,4
dispensar,4
monstruoso,4
perderá,4
cravar,4
fracassou,4
acostumando,4
velocista,4
fluzão,4
abrimos,4
destruidor,4
gaaaaalllooooo,4
mariposa,4
dancar,4
jorje,4
sentimentos,4
auxiliar,4
boiola,4
porcos,4
boiolas,4
choraaaaa,4
define,4
golzinhos,4
construiu,4
anh,4
realizar,4
mijando,4
tabom,4
dançava,4
comemorações,4
pecado,4
sarcasmo,4
alvinegra,4
muleta,4
flw,4
julho,4
sampaolli,4
antis,4
pipocam,4
chorax,4
capim,4
décimo,4
garota,4
chuchuzinha,4
sujos,4
hummm,4
cumprimentar,4
poderosa,4
vergonhosos,4
viviam,4
beneficia,4
apertado,4
pitburro,4
ceis,4
nasce,4
mísero,4
viajou,4
divulgou,4
contusão,4
raramente,4
torturador,4
opções,4
rosca,4
sotaque,4
estuda,4
ajudados,4
mato,4
assaltaram,4
jogaria,4
capixaba,4
confusa,4
bambis,4
tirulipa,4
profissionalizar,4
bagunçado,4
discutem,4
eliminaram,4
manipulação,4
pfv,4
foguete,4
tomaria,4
chupando,4
trika,4
márcia,4
resulta,4
apite,4
rebaixada,4
arrumam,4
marião,4
invicto,4
seguimos,4
demaaaais,4
armada,4
mude,4
jaime,4
seboso,4
suporto,4
dinossauro,4
copeiro,4
terreiro,4
posicionar,4
bordões,4
gritam,4
expressivo,4
traveco,4
pederastas,4
divida,4
ifood,4
alça,4
sofremos,4
escolhas,4
cerca,4
beckenbauer,4
sérvia,4
arrascacheira,4
dividas,4
humilha,4
vamoooooo,4
vamoooooooo,4
cabeloso,4
zeirooooo,4
trajetória,4
escolhe,4
cabulosooooooo,4
polpou,4
fina,4
frangão,4
dedicação,4
flórida,4
cóóóó,4
pelaipe,4
respeitou,4
reborn,4
gregore,4
invenção,4
provada,4
simpatizantes,4
bbbb,4
gabizetes,4
frangaço,4
bagrigol,4
gabilixo,4
francassio,4
mudos,4
molambo,4
vaiaram,4
pedrin,4
vuc,4
bcncbcbcb,4
abração,4
gleidson,4
fanatico,3
cruzerence,3
dracena,3
ooh,3
chegue,3
sonolento,3
caída,3
transmite,3
atacando,3
batizou,3
fanática,3
continuo,3
critico,3
substituir,3
erguer,3
supermercados,3
gibi,3
éder,3
dérbi,3
valorizou,3
ocorrendo,3
estranhando,3
ligeiro,3
contundente,3
dindin,3
infelicidade,3
furico,3
caldeirão,3
marota,3
marica,3
mandraque,3
air,3
trofeu,3
mamou,3
atuava,3
keny,3
aroyo,3
poderíamos,3
resgatar,3
exercer,3
pararam,3
maravilhas,3
vestiu,3
duras,3
complicada,3
sampaio,3
duvidosa,3
doidooooo,3
decisiva,3
reforçar,3
estáva,3
manooo,3
abençoada,3
zoou,3
nervosos,3
responsa,3
choraaaaaaa,3
oxo,3
gersoneca,3
conhecimento,3
finalizou,3
trabalhos,3
fraude,3
displicente,3
príncipe,3
grebbbio,3
athetico,3
bônus,3
pouparam,3
invictos,3
prepotente,3
intenso,3
hje,3
espulsao,3
alvi,3
negros,3
insignificantes,3
parceiros,3
sintética,3
rage,3
gali,3
entendedores,3
desculpar,3
determinação,3
paulinho,3
secar,3
galooooooooooooooooooooo,3
reina,3
ensina,3
muuuito,3
comemore,3
otavio,3
notório,3
físicas,3
rebaixamentos,3
flacheiro,3
danilo,3
preenchido,3
levarão,3
brio,3
paguem,3
gaaaallloooo,3
desinformado,3
avançar,3
atualizado,3
raposinhas,3
afirmar,3
sujou,3
alemão,3
broxante,3
crubbbeiro,3
arregar,3
cavadinha,3
reparado,3
free,3
crava,3
igualdade,3
passear,3
brigador,3
apontando,3
alvinegras,3
criava,3
recomendo,3
penalt,3
garantir,3
investimentos,3
kenji,3
atacam,3
vinda,3
ajoelhado,3
finaliza,3
exigem,3
maduro,3
incomodar,3
exaltando,3
lotar,3
media,3
recentes,3
maldosos,3
vaiii,3
facinho,3
ações,3
print,3
babá,3
brasileirões,3
aql,3
traves,3
domínguez,3
bobalhão,3
generalizando,3
incêndio,3
dooo,3
terceirizada,3
invejosos,3
coadjuvante,3
simmmm,3
viramos,3
perseguido,3
perseguição,3
tamos,3
azedo,3
fire,3
compensação,3
disparada,3
poupa,3
arrogancia,3
impressionado,3
preferi,3
pessima,3
zoada,3
acústica,3
põem,3
caseiro,3
camp,3
gersom,3
duvidar,3
arrego,3
falho,3
percepção,3
gastando,3
alagaram,3
desocupado,3
rancor,3
caminhões,3
agradecemos,3
admiramos,3
esporada,3
falir,3
corrêa,3
perfeição,3
espirito,3
possuem,3
séculos,3
compete,3
campista,3
olhei,3
criadores,3
arrebentado,3
queimado,3
críticas,3
redenção,3
sujeitos,3
crucial,3
dpa,3
elo,3
simpatizo,3
bjs,3
uberlândia,3
juntando,3
subestimar,3
caldas,3
embaçada,3
cava,3
encontrão,3
abandonou,3
bbbruzeirenses,3
participa,3
rios,3
permanência,3
custou,3
encantado,3
nela,3
todinho,3
galooooooooooooooo,3
satanás,3
manipulado,3
papar,3
encontros,3
torres,3
coerente,3
tradicionais,3
erguida,3
amigao,3
orlando,3
pague,3
desistir,3
vái,3
lava,3
desavisados,3
alessander,3
burrao,3
kkakakak,3
impedidos,3
enrolação,3
guando,3
goleador,3
recusou,3
legais,3
imundície,3
previsível,3
marea,3
chifre,3
tiramos,3
preguiçoso,3
xoooooopa,3
esculacho,3
recortes,3
regalias,3
alecsander,3
rachado,3
alho,3
soldado,3
escala,3
raridade,3
cocão,3
criterio,3
xiiiii,3
kakakakkaka,3
cigarro,3
professores,3
pereça,3
enterrou,3
story,3
galhardo,3
iludiu,3
boxeador,3
nervosinha,3
anotar,3
labiais,3
colombiano,3
capitao,3
kaikai,3
rescisória,3
remar,3
chamamos,3
falhar,3
garapa,3
mencionar,3
sustentar,3
aceite,3
refutar,3
pardal,3
escondia,3
debochado,3
krlho,3
clbc,3
hahahahahahah,3
jogasso,3
trânsito,3
impede,3
veloso,3
ativo,3
ciência,3
exata,3
nutelinha,3
handebol,3
tiriça,3
garotada,3
sentem,3
cry,3
existisse,3
demérito,3
méritos,3
apos,3
macaco,3
discussao,3
reis,3
janta,3
reações,3
eleições,3
iniciada,3
copia,3
nítida,3
fracassada,3
ilha,3
seculo,3
oito,3
triplice,3
precisaram,3
dóis,3
monteiro,3
peppa,3
amadora,3
sofreram,3
voçes,3
refresco,3
lingua,3
opiniões,3
desfazer,3
freio,3
visado,3
polêmicos,3
aiai,3
aéreo,3
sabado,3
recuado,3
manteve,3
jersom,3
lody,3
presisa,3
sobrando,3
imaginou,3
bobear,3
perigosos,3
semelhantes,3
peteca,3
guardou,3
posiciona,3
amarelando,3
imbatível,3
finalzinho,3
radinho,3
minerao,3
refrescar,3
numeros,3
tento,3
assaltou,3
aguardem,3
jerson,3
mudinha,3
papagaio,3
tribuna,3
escutado,3
aprenderam,3
aparecido,3
entrosamento,3
horto,3
brs,3
pesquisei,3
individual,3
convencer,3
tendeu,3
cantor,3
ignorancia,3
legítimo,3
rapazes,3
comprando,3
identidade,3
maxilar,3
maldades,3
jogao,3
news,3
mizera,3
cancelando,3
inscrição,3
infernos,3
tvs,3
sigo,3
gasto,3
otima,3
mimimimimimi,3
caminhar,3
terro,3
tranquila,3
preservar,3
vidas,3
estatura,3
leis,3
dificultando,3
consiga,3
deslocar,3
ironicamente,3
aplaudiu,3
rodas,3
inutil,3
médicos,3
caiem,3
sintético,3
afirmo,3
frangona,3
bostão,3
dançarino,3
kķkkk,3
codorna,3
net,3
desmaiado,3
entrasse,3
garanto,3
temente,3
absurdos,3
trombou,3
passados,3
arrependimento,3
cinismo,3
culposo,3
vitimismo,3
caguei,3
paspalho,3
arriscando,3
incidente,3
bixiga,3
continuasse,3
fatalidade,3
perdoar,3
voo,3
tampa,3
detesto,3
guarde,3
criminalmente,3
confundir,3
kalvo,3
sobrevivência,3
visse,3
defensor,3
prestes,3
atléticas,3
machismo,3
imprudência,3
niguem,3
encubada,3
risadinha,3
entendia,3
tombar,3
mimimimi,3
bicha,3
veneno,3
agido,3
evérson,3
estica,3
cabulosoo,3
bombando,3
serra,3
prego,3
montes,3
boraaaaa,3
ferrada,3
demitiu,3
lurdes,3
apequenou,3
bengala,3
mandantes,3
significado,3
tinhamos,3
arrascapenalti,3
quite,3
efetividade,3
cavado,3
caridade,3
frança,3
permitem,3
saiam,3
controlam,3
alvinegro,3
barco,3
chibata,3
gonsalo,3
tais,3
lideranças,3
atrapalham,3
trancos,3
barrancos,3
aplicada,3
escolar,3
crimes,3
juaforró,3
denunciados,3
mpf,3
bnb,3
desviados,3
comercial,3
prevista,3
anexado,3
financiamento,3
federais,3
somando,3
cabeças,3
tirarem,3
aumentou,3
amg,3
maconheiro,3
expulsoes,3
wtf,3
persiste,3
aconchegam,3
elásticas,3
viuvas,3
bizarros,3
retornar,3
retirar,3
estrada,3
coadjuvantes,3
destacou,3
iniciante,3
galooooooooooooo,3
tablet,3
prioridade,3
comédias,3
dorival,3
bangu,3
ldu,3
descontou,3
vivos,3
márcio,3
maconha,3
fundou,3
restou,3
combinação,3
desorganizado,3
prefeitura,3
hmm,3
confiável,3
delírio,3
urbana,3
registrado,3
fantasia,3
humilhações,3
apartamento,3
limpou,3
nostálgico,3
ranking,3
aceitem,3
esmola,3
mentiras,3
lanús,3
cansar,3
fazemos,3
horriveis,3
disputaram,3
ônibus,3
imortal,3
nanica,3
olé,3
existência,3
quentinho,3
linco,3
barbudo,3
bocado,3
identificação,3
combo,3
afim,3
mimada,3
esforços,3
viria,3
ksksksksks,3
kem,3
pique,3
ajoelhar,3
rebaixando,3
povinho,3
reclamao,3
comprometido,3
virá,3
cuzinho,3
siga,3
jeca,3
relógio,3
jura,3
olhado,3
reclamado,3
lorde,3
esquisitas,3
mkkkkk,3
boçal,3
ofendendo,3
proporção,3
assustou,3
afeminados,3
lesado,3
comp,3
cintura,3
tona,3
punheta,3
favoreceu,3
criticam,3
achavam,3
clubistas,3
apresenta,3
falcatrua,3
malícia,3
tomados,3
julgam,3
comem,3
gatuso,3
mantendo,3
xerifao,3
maozinha,3
tratado,3
casinha,3
atenções,3
corretamente,3
bich,3
mentalmente,3
shakira,3
unhas,3
produtividade,3
estragam,3
lincon,3
dali,3
terei,3
essse,3
ess,3
carvalho,3
pilhados,3
recuperação,3
instrução,3
mbappe,3
pendurado,3
berrando,3
soquinho,3
imperdoável,3
desenfreada,3
chutao,3
alisando,3
expor,3
escolinha,3
exposto,3
hierarquia,3
lyanko,3
disfarçar,3
distribuir,3
lilly,3
betinha,3
irritou,3
cruzeirooooooooo,3
bagui,3
escolhem,3
dificilmente,3
raçudos,3
mrm,3
almofadinha,3
insuportáveis,3
daquilo,3
bap,3
scout,3
explosivo,3
degladiarem,3
responsabilizados,3
revisados,3
revisão,3
devida,3
inscreva,3
churras,3
atrético,3
particularmente,3
bgl,3
demorando,3
benzema,3
cômico,3
sentando,3
popo,3
bambam,3
romano,3
tigres,3
vistos,3
madruga,3
porraaaaaa,3
escrotos,3
makita,3
putinhas,3
agradar,3
receberam,3
hahahahhaha,3
bruce,3
belíssimas,3
acabem,3
series,3
preparem,3
brigaa,3
rebaixa,3
busquei,3
admiração,3
venceria,3
acabaria,3
risadas,3
eternidade,3
rasgado,3
destino,3
proporciona,3
pfvr,3
estrupador,3
vanderley,3
vindos,3
tmbm,3
numb,3
combinam,3
através,3
confundido,3
briguinhas,3
depôs,3
épicas,3
chamei,3
ultimato,3
revi,3
penalidade,3
bucal,3
rapidez,3
vizualizações,3
monstros,3
amarelinha,3
corda,3
urso,3
roma,3
plateia,3
vivas,3
maiúscula,3
werverson,3
roud,3
vagabundagem,3
mordendo,3
moto,3
divertida,3
carequinha,3
rsrsrsrs,3
galeria,3
gta,3
san,3
comê,3
interessantes,3
revelando,3
catástrofe,3
separou,3
urt,3
ralo,3
esperanças,3
criminal,3
torta,3
gravado,3
víamos,3
envolveram,3
desporto,3
trilha,3
desentendimento,3
pagava,3
taporra,3
poderão,3
marinho,3
familias,3
ahi,3
assistente,3
hei,3
rra,3
esportista,3
abriga,3
peidão,3
reduzindo,3
inflama,3
laço,3
internamente,3
neandertal,3
extinto,3
racistas,3
terreno,3
agradeceria,3
caírem,3
origem,3
rara,3
envolvendo,3
realizando,3
tempinho,3
fanatismo,3
bagaça,3
partiram,3
fuleiro,3
fuleiros,3
penaliza,3
raja,3
casablanca,3
haverá,3
chiliquento,3
remuneração,3
bambu,3
aplausos,3
covid,3
sinais,3
estudado,3
pacificador,3
pedirem,3
testada,3
premium,3
conforto,3
trogloditas,3
afastados,3
agarrar,3
pensamentos,3
marquito,3
enterrar,3
quebradeira,3
coe,3
tragam,3
carregando,3
modelo,3
parcela,3
válido,3
jente,3
multidão,3
evoluindo,3
edson,3
desgracado,3
lianquinha,3
arruaceiros,3
ruralzão,3
transforma,3
hooo,3
edison,3
bullying,3
nutelinhas,3
presepeiro,3
monetizando,3
adoidado,3
bringando,3
batalhão,3
civil,3
voador,3
institucional,3
amarrar,3
dependesse,3
chapolin,3
daniel,3
try,3
possíveis,3
doesn,3
matter,3
jaca,3
pérola,3
eric,3
clubs,3
esquina,3
amoo,3
kkkkkl,3
dormi,3
acalma,3
nerfado,3
entrassem,3
decepcionante,3
ensino,3
mejores,3
reiniciado,3
duda,3
fofoca,3
worse,3
damn,3
honraram,3
serj,3
tankian,3
budaya,3
conhecidos,3
sam,3
aumentando,3
brasileña,3
recordar,3
resolveria,3
pregunta,3
netflix,3
finalistas,3
dedada,3
doar,3
fuchibol,3
murros,3
arrastou,3
caused,3
none,3
abra,3
music,3
gravação,3
gusta,3
juegan,3
hombres,3
esas,3
flores,3
queimou,3
grey,3
pensado,3
interesante,3
finally,3
lived,3
ridiculous,3
little,3
boys,3
chiclete,3
campão,3
wild,3
grobo,3
coçando,3
equipas,3
hubiese,3
cuantos,3
diminuindo,3
mucho,3
prevalece,3
decadencia,3
diminui,3
racionais,3
mexico,3
futbolistas,3
saben,3
galatasaray,3
sea,3
oculos,3
seen,3
verdadera,3
afastamento,3
karate,3
volvió,3
facas,3
taraftar,3
juega,3
garganta,3
hombre,3
ping,3
seleções,3
popô,3
cosas,3
corriendo,3
estressado,3
caracas,3
shameful,3
involved,3
around,3
garantido,3
lindooo,3
security,3
mimadinho,3
donde,3
balde,3
lambeu,3
abutres,3
medrosos,3
cumpridas,3
tanos,3
bocó,3
delfim,3
cerebro,3
charlinho,3
banget,3
terlalu,3
milionarios,3
ópio,3
cusao,3
decimos,3
bunch,3
divisao,3
tropeçou,3
böyle,3
poderes,3
vazado,3
ciscando,3
yeah,3
espere,3
atrevido,3
kungfu,3
continuidade,3
despues,3
nega,3
defenderam,3
omg,3
ustedes,3
donzela,3
plástico,3
origens,3
aiiin,3
carinhos,3
viralizou,3
shown,3
sofascore,3
muay,3
oco,3
soo,3
shows,3
amenizar,3
barbados,3
desculpem,3
jomboy,3
aceitaram,3
sirve,3
fuerza,3
alle,3
pegarem,3
veria,3
sérias,3
caladinhos,3
poeta,3
comenzó,3
mecheu,3
carajo,3
قدم,3
recreio,3
kiper,3
naipe,3
absurdas,3
boletim,3
esfera,3
brow,3
continente,3
better,3
conteve,3
aspira,3
campionato,3
prever,3
omi,3
viúvas,3
jajajajaja,3
arco,3
otra,3
chamem,3
outside,3
infinita,3
fraquíssima,3
comeram,3
negara,3
polis,3
pontapés,3
crianca,3
aguante,3
praq,3
event,3
delicada,3
overreacted,3
católico,3
carcaça,3
welcome,3
görmek,3
hareketler,3
hijos,3
ganas,3
exaltado,3
buen,3
piña,3
pibe,3
desgraçada,3
bilbao,3
sonhou,3
olinda,3
lote,3
deberian,3
ameaçar,3
dice,3
cuerpo,3
pagaria,3
ministros,3
supremo,3
casquinha,3
volantes,3
equipo,3
goles,3
ocupado,3
fabuloso,3
crugayro,3
degladiando,3
llama,3
dlç,3
bolsos,3
nexo,3
morna,3
staff,3
manga,3
ofensas,3
repa,3
rosas,3
índio,3
diálogo,3
kralho,3
decepcionar,3
ajudo,3
patadas,3
reason,3
sepak,3
fanfarrões,3
severas,3
comportarem,3
pepas,3
jab,3
voto,3
culpo,3
lacrador,3
understand,3
single,3
franguetes,3
vergonheira,3
shoow,3
perfecto,3
camiseta,3
pasti,3
irao,3
harika,3
maç,3
maçı,3
responsavel,3
extinção,3
mimizenta,3
bicudas,3
escuto,3
manipulados,3
hook,3
começaria,3
shirt,3
constar,3
piñas,3
jornalismo,3
espalhar,3
diferencial,3
trabalhadores,3
assalariados,3
conflitos,3
confio,3
peladas,3
razón,3
levantado,3
bit,3
medida,3
trocacao,3
gargalhada,3
kavga,3
infelismente,3
eeeee,3
binóculo,3
caralhoo,3
libera,3
moralistas,3
still,3
invade,3
hoy,3
pagodeiro,3
peleando,3
sqn,3
apresentado,3
tratados,3
deverão,3
ahaha,3
portugueses,3
looks,3
bananão,3
grandões,3
kauã,3
envolver,3
ahhhh,3
worst,3
sprey,3
molenga,3
adorou,3
sarrafo,3
pulava,3
caboclo,3
borrachudo,3
comemoravam,3
necessárias,3
proporcionado,3
dividindo,3
pastor,3
comandada,3
marido,3
call,3
exactly,3
simmm,3
influenciadores,3
fussball,3
decada,3
pico,3
alterada,3
hahahahahahaha,3
dio,3
tam,3
amk,3
goste,3
rebocado,3
rulck,3
terminando,3
alternativa,3
exclusiva,3
street,3
enjoyed,3
way,3
pintada,3
example,3
kind,3
behavior,3
comissões,3
preparo,3
deicha,3
kira,3
aja,3
exclusão,3
already,3
madness,3
estarao,3
wanderlei,3
entenderão,3
baixíssimo,3
enjoy,3
intocável,3
postagem,3
childish,3
cobarde,3
peteleco,3
cobram,3
rústico,3
kskskksks,3
gospe,3
lucrar,3
ninja,3
topp,3
focou,3
invasão,3
kkkkj,3
formigas,3
sinalizando,3
avanti,3
sofrerem,3
lar,3
zeeerooo,3
carreta,3
klein,3
disposto,3
devolvido,3
beat,3
quiz,3
deitando,3
chego,3
porradariaaaaa,3
técnicas,3
hurk,3
amostra,3
calmos,3
peitos,3
funcionar,3
mantra,3
bichão,3
quel,3
aeee,3
maca,3
babu,3
obgd,3
sebosa,3
curtiu,3
esquentado,3
ansiedade,3
ápice,3
habilidades,3
irritar,3
fausto,3
shoppe,3
trump,3
porte,3
rey,3
micróbio,3
severo,3
sexto,3
varella,3
aproveito,3
mineral,3
círculo,3
inspirados,3
ódios,3
fazedor,3
franguinhos,3
bestia,3
patéticano,3
fósforo,3
magro,3
sócios,3
desrespeitam,3
onibus,3
baguncinha,3
cruzados,3
lentamente,3
continuado,3
foderam,3
aproveitando,3
patrocinadores,3
roxa,3
oportunista,3
estapeando,3
ganso,3
paulera,3
colégio,3
contido,3
certeiro,3
tentava,3
colocaria,3
agredida,3
agarrou,3
desumilde,3
mostre,3
alegrou,3
creche,3
machao,3
véia,3
adicional,3
capote,3
lyaco,3
hegemonia,3
pobreza,3
surto,3
malvadao,3
guardar,3
acheibque,3
gado,3
divertindo,3
vovô,3
brasiliano,3
ofendeu,3
brilhou,3
voltarem,3
beneficiar,3
chamaria,3
jajajaj,3
narrada,3
posições,3
corro,3
balas,3
moura,3
boraaaa,3
arregaçou,3
encontrei,3
pea,3
guento,3
concordaria,3
sabedoria,3
aguentava,3
pacífico,3
virão,3
mel,3
culpada,3
orando,3
método,3
exterminado,3
bananil,3
marcada,3
jog,3
detrás,3
testamento,3
galizé,3
kakakkakaka,3
porradinha,3
feder,3
bixona,3
fragil,3
ativou,3
perceba,3
azedou,3
evolução,3
pregado,3
levantaram,3
cruzeirences,3
vid,3
fanfarão,3
kácio,3
clica,3
acostumou,3
machucados,3
orgulhar,3
antebraço,3
reescrever,3
patetas,3
tmc,3
orivel,3
chupeteira,3
fracassadas,3
esquentadinhos,3
corações,3
cavaleiro,3
juntamente,3
permissão,3
promete,3
peguem,3
thai,3
vitima,3
marciais,3
ameiiiiii,3
nuuuuu,3
éverton,3
anula,3
toquinho,3
pró,3
coisado,3
investigação,3
batemos,3
películas,3
quarenta,3
mengoooo,3
mule,3
lacração,3
mentindo,3
divertir,3
punches,3
rica,3
revela,3
wrong,3
resolvida,3
uuuu,3
lábios,3
pescotapa,3
cód,3
barras,3
celoko,3
bicas,3
hulke,3
tortura,3
resolvidos,3
videogame,3
metemos,3
silicone,3
puxaram,3
pulinhos,3
cec,3
lenço,3
concordando,3
tercinho,3
sentada,3
sapatada,3
paus,3
felizão,3
vara,3
pararia,3
tomate,3
mesmoo,3
guedes,3
patrick,3
trinta,3
todes,3
mulek,3
federacao,3
liando,3
pato,3
aguentando,3
ênfase,3
brigaiada,3
corrupta,3
prestem,3
pmmg,3
colado,3
maricotas,3
nuns,3
nacionalidade,3
estimação,3
sujeira,3
choraaaa,3
adama,3
traore,3
coleguinha,3
pouquíssimo,3
imoral,3
vós,3
pensaram,3
tola,3
fêmea,3
gasta,3
gays,3
fodida,3
espanha,3
seriedade,3
atrasa,3
incentivo,3
acrescenta,3
massacres,3
kleber,3
frases,3
teriamos,3
atacou,3
aturar,3
diarréia,3
novidades,3
amazing,3
questo,3
commentary,3
hilarious,3
run,3
comida,3
itu,3
fine,3
красная,3
ground,3
house,3
mad,3
crucero,3
green,3
really,3
ada,3
lucky,3
thats,3
kicked,3
memalukan,3
carácter,3
ejemplar,3
qua,3
più,3
nel,3
darle,3
lucha,3
sperren,3
empujones,3
acertos,3
taxa,3
kirain,3
organizar,3
irritando,3
qem,3
karaio,3
deixarem,3
مثل,3
caca,3
joana,3
bonde,3
inversão,3
deixasse,3
facim,3
arriscar,3
torco,3
desmontou,3
socado,3
murrão,3
profi,3
dont,3
contesta,3
peleen,3
disgusting,3
się,3
someone,3
konoha,3
preparação,3
important,3
dapat,3
influenciando,3
centenas,3
brucutu,3
use,3
adjetivos,3
thanks,3
made,3
find,3
apresentar,3
women,3
hurt,3
parana,3
everywhere,3
sent,3
leeds,3
complete,3
lapa,3
porras,3
bug,3
comecei,3
testar,3
tomá,3
holding,3
cúmulo,3
lançaram,3
afasta,3
aque,3
italiano,3
male,3
conversaram,3
idiots,3
fresca,3
respeitem,3
ritual,3
sor,3
taekwondo,3
loucão,3
cassião,3
home,3
acabe,3
parquinho,3
equivale,3
premiar,3
desgraca,3
eitaaaa,3
olímpico,3
barça,3
caçador,3
punindo,3
ultrapassada,3
desrespeitar,3
detonou,3
evidência,3
traiu,3
hepatite,3
baixola,3
atléticos,3
recuo,3
cujo,3
cesar,3
cinzeiro,3
usain,3
inofensivo,3
eficiência,3
morder,3
prefeito,3
utilizado,3
icônico,3
adidas,3
limpando,3
praça,3
favorecendo,3
golllll,3
pipocando,3
clarissimo,3
assanhadas,3
foguetório,3
molhado,3
enseada,3
garça,3
boqueteira,3
recibo,3
agradecem,3
brilhando,3
artilheiros,3
vitimizar,3
kakakakakakakakakka,3
golada,3
fiado,3
personagens,3
ofende,3
bucha,3
nando,3
terminaria,3
mijao,3
reclamava,3
bailarina,3
quere,3
mitada,3
banderinha,3
viad,3
artilharia,3
dançaram,3
comemoracao,3
calça,3
roupa,3
rachada,3
sucedido,3
engraxar,3
fiote,3
alcançar,3
finalizador,3
frangaida,3
pipoqueira,3
acabo,3
breja,3
ooo,3
observei,3
pecador,3
vossa,3
resumir,3
básico,3
túlio,3
zezé,3
batizado,3
zagueirao,3
couto,3
borussia,3
ivaldo,3
dera,3
desisti,3
óbvia,3
ceni,3
mariadaaaaa,3
apequenando,3
galoooooooooooooooooooo,3
favorita,3
concluído,3
choras,3
insiste,3
bbineira,3
aproveitado,3
pipocafogo,3
reibaxado,3
aaaaaaaaa,3
interfere,3
bafo,3
deiverson,3
achado,3
montagem,3
bolívia,3
intencionada,3
textão,3
fiu,3
caicai,3
misturado,3
noticia,3
porqueira,3
condiz,3
babando,3
faltam,3
ovacionado,3
gentileza,3
doa,3
amistosos,3
vamoooos,3
páginas,3
imortais,3
deyvinho,3
arbitragens,3
shorts,3
problemático,3
gênero,3
mantido,3
assistimos,3
kakka,3
infantis,3
preocupados,3
elogios,3
ladroes,3
facilita,3
falação,3
tigrinho,3
tupi,3
visita,3
imprestável,3
induzindo,3
colaboram,3
zanovelli,3
roubam,3
manipulando,3
envolvida,3
assumindo,3
acionado,3
orientar,3
curso,3
latiu,3
piscando,3
coincidência,3
italiana,3
chuveiro,3
caboloso,3
concorrente,3
praticar,3
insinuar,3
choramos,3
pcd,3
climinha,3
indicar,3
reboladinha,3
parcelado,3
substituição,3
verbal,3
marcações,3
abandonar,3
kati,3
divna,3
impatar,3
kabou,3
fases,3
dispensado,3
unidade,3
saímos,3
reconstrução,3
pequenino,3
arrancada,3
presidência,3
choraaaaaa,3
cabeludo,3
olímpica,3
caibulosas,3
bao,3
respeitando,3
saravia,3
cassino,3
raposete,3
previsão,3
butão,3
cabulosoooooooo,3
piadinha,3
estrelado,3
considera,3
arrepia,3
cabulozo,3
frito,3
permanecer,3
engravidou,3
acostumei,3
concordam,3
cruza,3
bordão,3
despertador,3
assado,3
zerooooooooo,3
cisca,3
rebaixadas,3
fixa,3
fusca,3
ironizando,3
encostei,3
scarpinha,3
gentil,3
curou,3
dispensou,3
linguiça,3
atrapalhava,3
facilitou,3
animador,3
diddy,3
desarmes,3
pópópópó,3
fazenda,3
barbie,3
funcional,3
sobras,3
morro,3
ruimmmm,3
empenho,3
cabulosão,3
contratados,3
enfrentaram,3
fênix,3
competente,3
aprendeste,3
ensinei,3
crescimento,3
trazerem,3
bandeirão,3
importância,3
silencioso,3
honram,3
abençoando,3
ensurdecedor,3
presepada,3
goiano,3
zeroooooooooooo,3
bolassie,3
choros,3
cubismo,3
muitooooo,3
jacu,3
mônaco,3
beludo,3
ancelloti,3
colocava,3
estratosférica,3
pendurando,3
tostão,3
tenebrosa,3
tranquilidade,3
avassalador,3
tendenciosos,3
tocado,3
cegos,3
dicção,3
gab,3
cariocas,3
tremerem,3
parasse,3
reclamasse,3
convite,3
desmarcado,3
nadine,3
bracinho,3
regular,3
assada,3
jaum,3
cruzou,3
exigindo,3
pipocada,3
rapoza,3
respeite,3
confie,3
convosco,3
carlo,3
pererê,3
treze,3
aproveite,3
pontuais,3
gagá,3
vexames,3
arrotar,3
completou,3
comentárista,3
ouriçada,3
sacolinhas,3
reporter,3
josias,3
letícia,3
bbcncn,3
vaiam,3
tendência,3
dudú,3
mattos,3
glu,3
frangássio,3
gabgol,3
muque,3
vitorferreiramn,3
fevereiro,3
ide,3
pregai,3
louvado,3
dolorido,3
empoeirados,3
loja,3
vaia,3
gaaaaalo,2
conserteza,2
letal,2
brinque,2
brasão,2
sobram,2
construção,2
espetaculares,2
babação,2
anotem,2
qro,2
movimentos,2
arrumado,2
boraaa,2
avacalhou,2
comi,2
desequilibrou,2
intensos,2
egoísta,2
penaltizinho,2
universal,2
prazo,2
sincronizado,2
cacada,2
encostando,2
capas,2
saudação,2
ooooh,2
carrascal,2
berra,2
atropelar,2
obedece,2
determina,2
desabafo,2
crescem,2
instável,2
flecha,2
golaco,2
arbritragem,2
variam,2
distintos,2
maurício,2
expulsaria,2
gaaaaaloooooooo,2
noruega,2
afirmam,2
proximos,2
descarga,2
elétrica,2
seguiu,2
justificou,2
demonstraram,2
tiau,2
palestrinas,2
desmanchar,2
qualidades,2
sobrecarrega,2
armação,2
constante,2
presa,2
desperdiça,2
pífio,2
enganosa,2
entanto,2
firmemente,2
tony,2
conversão,2
calvário,2
concessão,2
iggor,2
triunfo,2
américana,2
atuam,2
kakakkakakaka,2
poupando,2
cláus,2
wilton,2
crias,2
gurizada,2
masi,2
jantada,2
espulsa,2
histérico,2
molho,2
desanimada,2
intendo,2
determinante,2
padrinho,2
grogue,2
xing,2
privilegiados,2
tecnica,2
gonçalo,2
infarto,2
flouxo,2
maltrata,2
substituiu,2
torceram,2
perera,2
amaçou,2
thumb,2
rejeição,2
incapaz,2
fdpt,2
aguerrido,2
dess,2
fute,2
tático,2
cruzeirin,2
estrangeiro,2
varmenguista,2
caralhooooooo,2
bbbremio,2
palemiras,2
pateticos,2
vijalva,2
titula,2
bait,2
sinergia,2
agrada,2
maestro,2
kléber,2
íngua,2
negativamente,2
kkaka,2
returno,2
simulado,2
obina,2
frederico,2
opostos,2
star,2
ouço,2
amooo,2
desprezado,2
bundesliga,2
renier,2
coral,2
birra,2
parabenizando,2
exclusivamente,2
valido,2
siow,2
gigantesca,2
lero,2
akakakak,2
pedaço,2
placares,2
betas,2
enfrentamento,2
ehh,2
filhote,2
disfarçado,2
inventada,2
vaughan,2
seco,2
morango,2
terno,2
magricela,2
masss,2
vambora,2
renovada,2
goleado,2
depos,2
alians,2
xilique,2
mariquinhas,2
corto,2
corinthiana,2
assassino,2
editou,2
apagão,2
tistreza,2
boaa,2
kaiu,2
resolva,2
compensou,2
joia,2
promissores,2
preguica,2
atento,2
perdao,2
saudando,2
azulzinho,2
totamente,2
desnecessario,2
chutasso,2
paternidades,2
seguro,2
evolui,2
emblemático,2
lindah,2
galaõ,2
vitoriosa,2
pagantes,2
barulhentas,2
gritei,2
chapando,2
alivio,2
aiin,2
vaaaamoooo,2
esforço,2
dae,2
mamão,2
criadas,2
rota,2
barradão,2
basicamente,2
fuzilado,2
chamava,2
cracaço,2
azarado,2
gambazada,2
legítima,2
acintosa,2
jurooo,2
adivinhar,2
homossexual,2
provem,2
necessidades,2
tesouro,2
trocam,2
massagear,2
exploda,2
detona,2
entrosados,2
repudiam,2
asneira,2
enfeite,2
chapecoense,2
empatamos,2
transfer,2
cancer,2
erroneamente,2
idolatra,2
varzeiro,2
vargalo,2
luizinho,2
engenheiro,2
yamal,2
joho,2
edições,2
financeiro,2
indefensável,2
parmera,2
estevão,2
natal,2
berna,2
trolha,2
oooh,2
poupado,2
comuns,2
avançado,2
refinado,2
paqueta,2
convoca,2
credito,2
motiva,2
torcemos,2
marte,2
festinha,2
casadas,2
afetados,2
antipatia,2
armário,2
tuas,2
mantimentos,2
xará,2
fraldas,2
olhada,2
ronaldão,2
humilharam,2
kkkl,2
tende,2
carisma,2
guarani,2
julgue,2
mexem,2
cidades,2
minino,2
mandrakes,2
testículos,2
arrebentam,2
aaaaaaaaaaa,2
comparam,2
ensinam,2
desagradável,2
vaaaamos,2
gaaaloooo,2
gaaaalooooo,2
secreto,2
bye,2
aliadas,2
fodastica,2
proposta,2
somem,2
pudessem,2
percebo,2
frequentes,2
leal,2
vomitar,2
asneiras,2
nick,2
incel,2
radical,2
bolsonarismo,2
pífias,2
flamineiro,2
bichinha,2
oceano,2
lagrimas,2
cruzerenses,2
idêntica,2
parabenizo,2
apaixonados,2
prometeram,2
privada,2
quintos,2
bostinha,2
laia,2
atropelando,2
cabeceou,2
conquistaram,2
apelidinho,2
bundona,2
batata,2
custas,2
engolidos,2
continental,2
proeza,2
bund,2
continuamos,2
neblina,2
veyr,2
minúscula,2
irmãozinho,2
predestinado,2
remédios,2
ésse,2
négocio,2
patir,2
jogoooo,2
odd,2
reduzir,2
debochar,2
vingamos,2
votem,2
saisse,2
subido,2
smurfs,2
hummmmm,2
mimadas,2
zoamos,2
arsenal,2
demaissss,2
humilhada,2
enaltecendo,2
anotou,2
cruzerim,2
toppp,2
vaidades,2
furacão,2
mamadores,2
venci,2
jogadorzada,2
equilibrada,2
poiser,2
chique,2
amarelhou,2
precoce,2
bosteiro,2
unigênito,2
alérgico,2
salarios,2
decretado,2
recusado,2
fajuto,2
nanicas,2
chutinhos,2
descontrolou,2
mudaria,2
explusa,2
passasse,2
araújo,2
escapa,2
mkkkkkk,2
putaço,2
vestiram,2
autorização,2
determinada,2
finjo,2
insatisfeito,2
compreensível,2
merdeira,2
substituido,2
caganeira,2
debochava,2
resenhas,2
inquestionável,2
afrescalhados,2
liberando,2
entrosa,2
morreram,2
ditou,2
resolvo,2
ocê,2
todu,2
operário,2
estressadinho,2
avanço,2
uau,2
tacou,2
lerdo,2
multiplicado,2
concordaram,2
opniao,2
respeitador,2
italia,2
chores,2
zoeiro,2
formando,2
alagoas,2
xingo,2
kakak,2
ruelas,2
chupou,2
milha,2
considerei,2
modinhas,2
foquinha,2
biba,2
invisível,2
tirasse,2
competindo,2
suficientes,2
brasilll,2
cha,2
abílio,2
atletiaia,2
jean,2
mantem,2
temporária,2
galloooooo,2
akakakakakaka,2
rapozinha,2
intende,2
ignorando,2
band,2
garcia,2
alves,2
primeiroooo,2
azeda,2
rizek,2
capita,2
subestima,2
merecidos,2
educadamente,2
tim,2
fumando,2
medinho,2
tope,2
raposas,2
patetica,2
habilidoso,2
aclna,2
planejamento,2
compram,2
demaiss,2
atender,2
porrar,2
tima,2
sagueiro,2
olharem,2
hack,2
precisaria,2
ángulo,2
deixará,2
perdigão,2
disfarçada,2
espalhafatoso,2
desanda,2
faser,2
adiantado,2
esss,2
babado,2
imprenssa,2
atléticana,2
apresentou,2
domingues,2
posicionado,2
encontraram,2
acontecerá,2
amos,2
cutuvelada,2
desligada,2
mtas,2
lod,2
comunicado,2
peão,2
ousa,2
propor,2
aposentaria,2
inhaca,2
corintiana,2
abril,2
voltado,2
apareceram,2
atrair,2
recupere,2
dodo,2
bonitos,2
voltas,2
contenta,2
caracter,2
everaldo,2
cissé,2
cuidando,2
cuzin,2
indiciar,2
delinquente,2
ministerio,2
manipular,2
mostrei,2
moderna,2
escolhendo,2
seletiva,2
temerário,2
tomará,2
escorregou,2
azurra,2
pipoqueiros,2
melancia,2
fedor,2
definir,2
trabalhada,2
mamadeira,2
tomei,2
formiguense,2
cantava,2
sumirem,2
vigésima,2
frutinhas,2
toques,2
justificativa,2
justificando,2
mísera,2
luga,2
diretas,2
enquete,2
convenceu,2
entendido,2
model,2
brusco,2
consumo,2
ouça,2
fachada,2
intelecto,2
lixando,2
descreveu,2
renovação,2
digital,2
considerada,2
concordou,2
turcida,2
hinos,2
menti,2
transmitiu,2
simultâneos,2
olá,2
vamoooooooooooooo,2
transmita,2
falindo,2
horrorosas,2
transmitem,2
abertura,2
abusivo,2
massiva,2
enganados,2
compartilhar,2
lealdade,2
enganação,2
iai,2
lenhada,2
descreve,2
dizerem,2
armaram,2
entrosar,2
eternizado,2
transferência,2
ponido,2
gala,2
zigomatico,2
desconheço,2
maçã,2
arbrito,2
fragmentado,2
general,2
excedeu,2
narrativas,2
estabilidade,2
alcance,2
baixos,2
confere,2
estejam,2
espaços,2
permitindo,2
linear,2
corporal,2
correrem,2
comissao,2
bagunca,2
amortecer,2
tombos,2
sequelas,2
analisam,2
vegeta,2
doidao,2
piscina,2
médica,2
doutor,2
interpretou,2
jorginho,2
gravíssimo,2
quebraria,2
agredia,2
voava,2
sínico,2
atentado,2
pesados,2
fraturas,2
gravemente,2
traficante,2
pescoção,2
flavio,2
quedas,2
pedacinho,2
protegeu,2
pan,2
amnésia,2
diarreia,2
entortou,2
contro,2
proposito,2
medicina,2
desconhecido,2
romper,2
margem,2
rasga,2
imaturidade,2
vitimista,2
amadurece,2
sego,2
cambalhota,2
atlética,2
xinguei,2
insistiu,2
cucurella,2
deleee,2
dentre,2
conveniente,2
covardão,2
ainn,2
pierre,2
ultrapassa,2
perpétua,2
visa,2
indiciado,2
esportividade,2
neguin,2
lixooo,2
abraça,2
tardeli,2
piranha,2
ombrada,2
desequilibra,2
autista,2
podcast,2
premeditada,2
mamando,2
divide,2
marcia,2
pulado,2
garotinho,2
carnificina,2
ocorre,2
alteração,2
atético,2
makkwkekkwkwkleleloeoeosoosoososoossososoooeoeoeoeoosososososoososooosoososooososo,2
apoiado,2
saltando,2
balão,2
facho,2
passível,2
ignora,2
trombada,2
desequilibrando,2
vernelho,2
merdaaaaa,2
contam,2
gordin,2
escrevam,2
rolante,2
respondendo,2
miranha,2
morada,2
vaca,2
comemoro,2
levanto,2
chateia,2
dedicar,2
livramos,2
perez,2
estrupados,2
pênalty,2
descaso,2
apitam,2
cono,2
intragável,2
low,2
particular,2
juju,2
resolvemos,2
conturbada,2
minimizar,2
concorrência,2
acordem,2
escravo,2
picadinho,2
aaiinn,2
hugão,2
alterosa,2
filhotes,2
imprens,2
proporcionam,2
formada,2
exige,2
fretado,2
cearense,2
raimundo,2
condenados,2
bens,2
verbas,2
lançe,2
satân,2
presídio,2
radialista,2
promotor,2
mdb,2
governar,2
edeutraut,2
lerch,2
usadas,2
aval,2
encampar,2
sada,2
turismo,2
empinado,2
forçados,2
compacto,2
chovendo,2
discuto,2
consolo,2
fantasma,2
caladinhas,2
balançar,2
universidade,2
católica,2
tlgd,2
difunto,2
sapato,2
maroto,2
intrigante,2
tentei,2
negativos,2
cagadas,2
vacilaram,2
ladaia,2
omite,2
mões,2
pederasta,2
peneira,2
ressuscitado,2
tranqueira,2
gozado,2
cornetas,2
barrar,2
busteiro,2
pelamordedeus,2
estralando,2
corinthianos,2
facilitar,2
resvala,2
eai,2
apressar,2
recompor,2
robado,2
incomodando,2
gambas,2
pedrosa,2
panos,2
mundi,2
grandioso,2
mamada,2
cpb,2
fundação,2
construido,2
sofrêncio,2
descontando,2
deprê,2
cienciano,2
toker,2
juventud,2
vêem,2
chupam,2
cafetão,2
sonoro,2
cones,2
fontes,2
lascada,2
burrozeiro,2
assumirem,2
maos,2
móveis,2
vendidos,2
ficha,2
marcadores,2
carregar,2
fardo,2
documentado,2
carimbado,2
aluno,2
atrasada,2
ostentam,2
lutam,2
foguetes,2
tocas,2
levará,2
compreender,2
condenar,2
bacia,2
robozinho,2
metem,2
desrespeitaram,2
traseira,2
aliança,2
milenar,2
gako,2
bilhoes,2
analogia,2
gaaaaloooo,2
cugulosos,2
desvantagem,2
meurivalvenceu,2
buah,2
trocentas,2
desenhe,2
sobis,2
realizada,2
inventam,2
xiu,2
tivermos,2
vinham,2
descansando,2
encostasse,2
substituí,2
bluetooth,2
relâmpago,2
rolê,2
empresario,2
encarnou,2
insuportaveis,2
cacetadas,2
médiocre,2
battle,2
royale,2
baterem,2
desfez,2
falida,2
pesquisem,2
estressando,2
boia,2
mede,2
segui,2
greg,2
deuzolivre,2
mãozada,2
verificar,2
chapo,2
pequei,2
esquecidos,2
culpam,2
namoradas,2
inutilizar,2
romance,2
cafajeste,2
cotado,2
cumi,2
lkkkkkkkkkkkk,2
tever,2
legitimo,2
empurrões,2
chuto,2
machinho,2
magnífico,2
induziu,2
gestores,2
feroz,2
constatar,2
náo,2
afinar,2
noooo,2
transtorno,2
mascaradinho,2
adivinhem,2
lyancu,2
ratos,2
tranquilos,2
comprometem,2
juz,2
governando,2
bocas,2
ice,2
caneleiro,2
interclubes,2
advertido,2
suportam,2
piancó,2
superam,2
lyanka,2
naoo,2
namorados,2
dose,2
velozes,2
espuma,2
bjo,2
pcr,2
cole,2
elevada,2
analisa,2
explosão,2
balança,2
acusar,2
desviou,2
desfalcar,2
entretanto,2
verão,2
goleou,2
forever,2
abençoa,2
visivelmente,2
confirma,2
espertos,2
simpson,2
raivoso,2
brocha,2
burrinho,2
justíssimo,2
débil,2
imprudentes,2
demitidos,2
idiotão,2
tdo,2
perturbar,2
voltava,2
enrustidas,2
parafuso,2
ois,2
fechando,2
descem,2
cheirando,2
fôssemos,2
várzeas,2
sinico,2
ultimate,2
disfarça,2
biscoito,2
cercar,2
brecha,2
munique,2
séries,2
vikings,2
precisasse,2
sulamericano,2
posterior,2
culpando,2
dispensa,2
chegará,2
jkkkkkk,2
ademir,2
alegando,2
piqué,2
subestimam,2
kkkkkkj,2
irreconhecível,2
palito,2
estrago,2
formidável,2
facão,2
resmungando,2
casando,2
propostas,2
obras,2
aprendiz,2
arranja,2
revelado,2
encerrada,2
acertava,2
principio,2
avoadora,2
temeraria,2
desequilibrados,2
vitimizando,2
agressiva,2
nuvens,2
cherifão,2
marginalidade,2
xerife,2
zagueiraço,2
cti,2
excessivamente,2
destempero,2
conversou,2
agregou,2
cobradas,2
falaria,2
admirando,2
receberá,2
quentes,2
munição,2
showzinho,2
ajustar,2
cobrados,2
publicamente,2
complica,2
cugulosão,2
revê,2
pediria,2
nessecidade,2
usem,2
tumultuado,2
menosprezados,2
depressao,2
ferir,2
própio,2
derrubaram,2
eleeeeeee,2
tapao,2
notícias,2
zoaram,2
neymala,2
bani,2
chingamento,2
paquebet,2
insinuando,2
corridos,2
palmares,2
lúcido,2
atividades,2
romantizado,2
cuide,2
cardenal,2
skskksks,2
primeirooooo,2
individualismo,2
graúdos,2
estorvo,2
envergonhada,2
engasgado,2
emoji,2
razoável,2
juventos,2
pintou,2
bênçãos,2
revolver,2
ferver,2
tornado,2
fórmula,2
nimguem,2
pegas,2
iqual,2
forjado,2
serto,2
segurancas,2
mascotes,2
pncdf,2
classic,2
reputação,2
macetar,2
manco,2
cabeceada,2
octógono,2
estatua,2
mdss,2
patroa,2
dmssssss,2
junho,2
oxente,2
mimim,2
bicicleta,2
idolatrando,2
lee,2
telespetadores,2
tatuada,2
resolvem,2
relíquia,2
pop,2
reconhecido,2
nacionalmente,2
participaria,2
tiozinho,2
pelamor,2
nascimento,2
bolsa,2
fodão,2
lupa,2
intender,2
respeira,2
lem,2
quadrinhos,2
pov,2
combat,2
cer,2
amava,2
sound,2
parecidos,2
picou,2
receita,2
bananões,2
tunda,2
qer,2
adulta,2
uaifc,2
monstra,2
uga,2
dramático,2
sensatos,2
búfalos,2
foce,2
chupetinha,2
primitivos,2
exorbitantes,2
esportismo,2
colchão,2
degladiam,2
complexa,2
brriga,2
engresso,2
hahahahahhaha,2
roupas,2
definição,2
bicando,2
participam,2
levarei,2
esssa,2
uuuuu,2
relacionamento,2
entendam,2
puliiiiiiiça,2
pouha,2
lhes,2
fru,2
creme,2
bombou,2
acordado,2
sonhada,2
uhhhh,2
morrerrrrr,2
gst,2
descontado,2
desempate,2
penais,2
fairplay,2
apaziguado,2
nervo,2
lindaaa,2
bancada,2
moram,2
menção,2
êêê,2
vendem,2
presenciando,2
majestade,2
caray,2
mlhr,2
quen,2
rem,2
independiente,2
invista,2
liankinha,2
esfolada,2
loop,2
frufru,2
ganharemos,2
adivinha,2
justificativas,2
exercício,2
crucifixo,2
rocky,2
eye,2
quetinho,2
sozinha,2
provável,2
treinos,2
credencial,2
cestas,2
filtro,2
evitaria,2
detesta,2
presentes,2
soltado,2
yag,2
cho,2
lembraremos,2
joege,2
tamanco,2
tiara,2
estende,2
preferia,2
orra,2
loiro,2
fufu,2
golero,2
endemoniados,2
supercílio,2
acrescimo,2
conduzir,2
redação,2
pacandaria,2
delinquentes,2
criminosas,2
facção,2
excessão,2
satisfatorio,2
machistas,2
mixuruco,2
bife,2
proporcionou,2
xuxa,2
danilinho,2
domingão,2
agressores,2
arrea,2
nocauteando,2
botadao,2
empregos,2
baixarias,2
vuadeira,2
invadiram,2
resolvia,2
enfrentarem,2
direitos,2
cume,2
bananao,2
guê,2
mineirinhos,2
nervosinhos,2
completos,2
sara,2
enchentes,2
conservadores,2
muralha,2
palmerence,2
deploráveis,2
duma,2
bichos,2
favelados,2
intrusivos,2
existente,2
glorioso,2
abençoar,2
autocontrole,2
nutelagem,2
agenda,2
finado,2
cinegrafistas,2
trocada,2
penosa,2
viraliza,2
virava,2
raios,2
pocas,2
nervozinho,2
alba,2
porrado,2
atração,2
arenas,2
corrompido,2
destruição,2
conjuntura,2
agrediram,2
corvade,2
atacado,2
exaltada,2
arrombou,2
primatas,2
ibope,2
desa,2
gracas,2
fanfarra,2
deca,2
reunião,2
eleição,2
trocaçao,2
fais,2
registra,2
combustível,2
bombados,2
soquinhos,2
leseira,2
negócios,2
visu,2
criancas,2
deuses,2
linguas,2
contenda,2
voltem,2
adorar,2
poko,2
dece,2
repetiu,2
significativo,2
moralista,2
apreciem,2
gringos,2
doenças,2
cotidiano,2
vala,2
akakakakka,2
hard,2
veyy,2
importando,2
refazer,2
tudor,2
pulga,2
mansões,2
zombando,2
sonra,2
futboldan,2
olham,2
rosário,2
viola,2
dinho,2
encontrando,2
doída,2
envolvidas,2
homems,2
atletiba,2
forjados,2
fantásticas,2
proporcionarem,2
bois,2
espancam,2
praticam,2
ağır,2
lule,2
maricones,2
vas,2
uffff,2
won,2
mandaron,2
sorin,2
superman,2
convulsão,2
azulejos,2
očekivao,2
više,2
dirty,2
fodaaaa,2
viven,2
rachou,2
iminente,2
vuelvan,2
ojalá,2
cata,2
redonda,2
dudo,2
paises,2
fomenta,2
había,2
vuelto,2
depenaram,2
oferecimento,2
esperaram,2
comes,2
jajajja,2
proprios,2
salut,2
sama,2
aba,2
official,2
todavía,2
marcadas,2
gandula,2
macetando,2
cancelado,2
mujeres,2
paralisar,2
pelanca,2
fait,2
sansão,2
camadas,2
incentivam,2
behaving,2
futebool,2
bobao,2
adorado,2
jugado,2
unos,2
filma,2
deportes,2
kickboxing,2
tenga,2
zealandism,2
sob,2
cachaceiro,2
saberem,2
exterior,2
empolgante,2
starter,2
puñetazo,2
folgar,2
matches,2
tiempos,2
cabrón,2
angelo,2
corrió,2
chiste,2
queixar,2
características,2
assistiam,2
peninha,2
amarrado,2
maxima,2
inadaptados,2
policias,2
escudos,2
dudas,2
deberia,2
clase,2
hepsi,2
partidazo,2
rompieron,2
mis,2
respetos,2
nrml,2
lembrava,2
vire,2
pong,2
hexaa,2
rolado,2
estoura,2
segurava,2
marque,2
pone,2
debió,2
actuado,2
clásicos,2
llevan,2
penalties,2
including,2
image,2
meant,2
ken,2
anotei,2
salada,2
mexicans,2
fracas,2
simulam,2
cok,2
salah,2
kena,2
tapi,2
dalam,2
malah,2
massas,2
quietinhos,2
tarado,2
tocarlo,2
gooool,2
bode,2
comprei,2
demonstrou,2
clínica,2
titularidade,2
sos,2
apanhamos,2
coimbra,2
quede,2
nde,2
olur,2
utilidade,2
cobrindo,2
empresas,2
wanna,2
retrata,2
poland,2
pretty,2
captain,2
preconceituoso,2
bandidagem,2
serviria,2
hacen,2
azules,2
ganaron,2
tus,2
queridos,2
pagas,2
tenés,2
tengo,2
destaques,2
erick,2
carece,2
pelotudo,2
caixao,2
chupeta,2
banalidade,2
violent,2
conduct,2
brazileros,2
manera,2
lloros,2
habían,2
lamentaval,2
kinder,2
халка,2
monkeys,2
literally,2
human,2
desclassificaria,2
modos,2
inteiros,2
emocionalmente,2
jogadires,2
take,2
vizinhança,2
palma,2
cag,2
tener,2
recompensas,2
prometeu,2
todinha,2
tiozão,2
naraçao,2
linchado,2
confundiram,2
disputada,2
brocou,2
supporter,2
fofura,2
يجب,2
البرازيلي,2
possam,2
iii,2
demonstrar,2
exclusivos,2
acabasse,2
inerdi,2
cadelas,2
estralar,2
meros,2
recordo,2
jkkkkkkk,2
next,2
without,2
câmeramen,2
taraftarlar,2
desqualificado,2
agredi,2
novato,2
papa,2
anuncio,2
ficarão,2
declarar,2
respectivamente,2
nata,2
nomás,2
faltó,2
juniores,2
verdadero,2
provocado,2
combos,2
pegan,2
cant,2
laughing,2
metas,2
lmao,2
brilhante,2
sensível,2
belíssima,2
entendimento,2
yapıyor,2
von,2
sekali,2
bütün,2
guilty,2
exciting,2
boris,2
court,2
make,2
futbolda,2
istediğimiz,2
monetização,2
repitam,2
vergonhosas,2
golpearse,2
çocuğu,2
brezilya,2
garantisse,2
gerado,2
ryan,2
sigue,2
kkakakakakaka,2
herkes,2
kaleciye,2
falan,2
retornando,2
primeros,2
preferiram,2
llevar,2
beijos,2
festejando,2
pondo,2
ventilador,2
bifas,2
properly,2
especially,2
feiura,2
vitimiza,2
condenando,2
entreter,2
somebody,2
provoco,2
dijo,2
expulsión,2
arqueros,2
penales,2
contínua,2
العالم,2
tijela,2
intreterimento,2
globosta,2
nonsense,2
contorcendo,2
tacar,2
brabinho,2
chicos,2
contacto,2
muñecas,2
pueden,2
realidad,2
viene,2
lejos,2
críticos,2
ermeson,2
seriously,2
took,2
gracias,2
alos,2
premio,2
hulki,2
bifa,2
fundamento,2
geulut,2
sardinha,2
как,2
vestiários,2
language,2
barrier,2
descobriu,2
hubo,2
tavo,2
wkwkwk,2
remember,2
ended,2
ejemplares,2
bixao,2
comunicação,2
comportan,2
feridos,2
carniceros,2
turned,2
extranho,2
lendária,2
acarajé,2
algún,2
quieren,2
hagan,2
ricardo,2
salieron,2
campeones,2
nutelao,2
rest,2
vidal,2
épocas,2
ringues,2
devoto,2
girls,2
running,2
interclasses,2
llorar,2
hak,2
udah,2
arrega,2
henzo,2
alterado,2
desmedida,2
lío,2
recolher,2
infinito,2
salvei,2
psicologicamente,2
ante,2
juntado,2
xadrez,2
abandone,2
premiado,2
ausência,2
alienados,2
pastores,2
negocios,2
kes,2
hocam,2
entretenido,2
propria,2
divertem,2
enormes,2
sábio,2
salen,2
respeto,2
llegado,2
xddd,2
fantastic,2
constrangimento,2
pauladas,2
porisso,2
enfrentando,2
bundões,2
ile,2
rakip,2
numara,2
всё,2
fiii,2
footballers,2
mineirada,2
audácia,2
intenta,2
sólo,2
golpeando,2
violentas,2
remunerados,2
exa,2
volver,2
comentadores,2
atingi,2
pomba,2
juntas,2
imágenes,2
seguridad,2
entran,2
inevitavelmente,2
acéfala,2
frangaa,2
quiçá,2
romeu,2
envolvem,2
thumbnail,2
boring,2
futuros,2
calibre,2
luxos,2
cidadãos,2
buscando,2
minusculos,2
şeyi,2
fantastico,2
pegó,2
abençoado,2
euch,2
die,2
ordeiro,2
tônica,2
gardien,2
avoir,2
suspendia,2
win,2
porção,2
acumulada,2
botava,2
nerd,2
ripa,2
francisco,2
día,2
novorizontino,2
fudida,2
abrindo,2
sucupira,2
acts,2
amarrando,2
kkj,2
nojinho,2
nih,2
animação,2
zoológico,2
rodriguez,2
apa,2
uff,2
ateu,2
belissima,2
retirando,2
pudéssemos,2
kadar,2
tentem,2
fms,2
paralisação,2
rolasse,2
tine,2
baixinhos,2
baderneiro,2
conference,2
cresci,2
capisce,2
pocando,2
mosquito,2
mudarem,2
comme,2
apanhasse,2
hahahhaha,2
boks,2
exército,2
night,2
etmiş,2
leiam,2
espelhar,2
straight,2
hands,2
presenciei,2
absolutos,2
aderir,2
angry,2
isn,2
part,2
unicos,2
sksksksk,2
puna,2
acompanharam,2
manteiga,2
desaforo,2
raizzzzz,2
sima,2
inconcebível,2
pódio,2
brazillian,2
footage,2
looking,2
huke,2
repor,2
ligando,2
penando,2
desportividade,2
juras,2
edílson,2
mancharam,2
hahahaa,2
agradáveis,2
brothers,2
pada,2
ramah,2
deprimentes,2
horizontino,2
pic,2
piiiiii,2
olarak,2
kun,2
villa,2
tomarem,2
combater,2
selamlar,2
amiguinho,2
goal,2
sahalarda,2
corrompida,2
rebentar,2
skank,2
valorizado,2
head,2
zangado,2
acre,2
cobro,2
gini,2
malha,2
dalga,2
brotheragem,2
ceara,2
clero,2
ont,2
livros,2
işte,2
pause,2
thủ,2
môn,2
occasion,2
horrible,2
handled,2
entire,2
fines,2
immediately,2
makes,2
dayak,2
keşke,2
distraído,2
telefone,2
kayak,2
portar,2
mofo,2
punishment,2
another,2
awesome,2
escape,2
upset,2
xerifão,2
spaten,2
banzai,2
pure,2
faced,2
intense,2
relax,2
expulsados,2
revivio,2
hull,2
aloprou,2
animaram,2
activities,2
anything,2
day,2
distrair,2
idea,2
sambou,2
ihr,2
órgão,2
chegarao,2
impresionante,2
dum,2
profissao,2
fingi,2
registro,2
expulsiones,2
voltarei,2
derem,2
fujam,2
kakakakakakka,2
pretendo,2
enrabar,2
favelas,2
portadas,2
responsabilizar,2
sussurro,2
criançada,2
estimulando,2
pelao,2
ponen,2
imaginem,2
concreto,2
troquei,2
palo,2
recuperou,2
julgados,2
sobreviveu,2
borga,2
enxergando,2
cegão,2
hahahahahaa,2
lembramos,2
sirvam,2
aloprado,2
sangrou,2
tjd,2
segurassem,2
cometer,2
bichinhas,2
beliscão,2
faltavam,2
ogro,2
chicão,2
xulapa,2
danrley,2
enviadado,2
thought,2
dragon,2
puskas,2
pedimos,2
zeus,2
simula,2
futebo,2
candançã,2
acarretou,2
encenado,2
candanssan,2
controla,2
perceberem,2
suborna,2
pinga,2
sairão,2
bika,2
briguei,2
dió,2
kskssk,2
tanko,2
gozar,2
dirían,2
cafezin,2
reunir,2
molha,2
lamentable,2
essencia,2
politico,2
slow,2
motion,2
desmontando,2
esportivas,2
transformação,2
sksksksks,2
acrescento,2
bule,2
paula,2
anabelly,2
casou,2
lenga,2
viados,2
sentimos,2
srs,2
liynco,2
papou,2
traição,2
imperador,2
marrom,2
pisoteou,2
avaliando,2
abrançando,2
primata,2
mateuzinho,2
repetido,2
passadas,2
cometaristas,2
cio,2
vazias,2
putos,2
ouviram,2
múmia,2
evaristo,2
resende,2
encerrando,2
confraternização,2
detalhada,2
legislação,2
porã,2
raw,2
smack,2
escrita,2
engraçadinho,2
vibrar,2
conseguiria,2
heverton,2
inconsequente,2
agressivos,2
kenya,2
dedicado,2
escutador,2
sksk,2
juis,2
sra,2
jogadora,2
esposas,2
assustador,2
travou,2
comportem,2
delitos,2
ratinhoo,2
tinta,2
avião,2
dependentes,2
kickboxer,2
uiiii,2
zelar,2
organização,2
inspirou,2
desferir,2
molestadas,2
conhecemos,2
vitamina,2
frontal,2
jaz,2
atrai,2
issi,2
desengonçado,2
caprichado,2
chinela,2
esquentou,2
primera,2
vix,2
sentidos,2
bozo,2
batesse,2
malandramente,2
acompanham,2
muqueta,2
ostas,2
pivete,2
civilmente,2
seguranca,2
tenq,2
kakakakka,2
kkkkkm,2
afina,2
atoar,2
colírio,2
amontoado,2
fracassados,2
praticando,2
lutado,2
iniciando,2
bugou,2
sumula,2
corrijam,2
incrivelmente,2
degustando,2
caii,2
mkkkkkkkkkkkkk,2
tambor,2
rsrsrsrsrs,2
carma,2
bicudinha,2
noventa,2
participantes,2
atomo,2
esperta,2
ocorrem,2
capacho,2
realizou,2
beach,2
ole,2
antipático,2
voltasse,2
formados,2
contratem,2
kakakakakakakakaka,2
arterial,2
jesuis,2
escória,2
pol,2
evengala,2
blbla,2
relikia,2
acrescentar,2
desenhos,2
obrigatório,2
botam,2
válida,2
catarrento,2
zoom,2
chateado,2
baianada,2
lokaaa,2
bel,2
bati,2
consideração,2
tacando,2
rafinha,2
suspende,2
desprevenido,2
editado,2
exagerou,2
bracin,2
chat,2
necessario,2
garantia,2
tchi,2
outta,2
fitebol,2
kklkk,2
morei,2
marcha,2
advinha,2
providências,2
venhamos,2
desastroso,2
embalo,2
emersom,2
vergonhaaa,2
coco,2
versao,2
llk,2
prestou,2
ridiculas,2
versículo,2
bíblico,2
hipocrisias,2
cristãos,2
lesiona,2
gemeu,2
deboa,2
imaturo,2
cocotinha,2
save,2
normais,2
vagas,2
maligno,2
perdoado,2
tankou,2
caracteres,2
nah,2
boom,2
fraquíssimos,2
fraquin,2
princesinha,2
surrando,2
gatilho,2
precisavam,2
separação,2
fodaa,2
lindaaaa,2
cadáveres,2
pancadão,2
promoção,2
jkkkkkkkk,2
definiu,2
fortao,2
bonzão,2
avaliar,2
estimula,2
proibe,2
disputarem,2
prum,2
rebocou,2
karla,2
bicudão,2
lesões,2
despeitado,2
beiços,2
tocaram,2
pitbul,2
apelando,2
algoritmo,2
antidesportivo,2
primórdios,2
vlew,2
pote,2
iso,2
logico,2
afff,2
antecipado,2
porraaaaaaaa,2
abola,2
peladinha,2
pirou,2
pezinho,2
nuuu,2
pincher,2
praticaram,2
mármore,2
gloria,2
liamco,2
compadre,2
evitaram,2
nāo,2
mitou,2
covardao,2
acionar,2
torne,2
mizero,2
nadaaaa,2
embaixadas,2
enfiando,2
porrad,2
prra,2
evito,2
soq,2
revide,2
muuuuito,2
pressionando,2
apanhamdo,2
hiena,2
dirão,2
equilibrar,2
arqueiro,2
figth,2
baguio,2
covardias,2
surtou,2
daleeeee,2
valesse,2
nestes,2
vidros,2
boaaa,2
atletic,2
agradecimentos,2
cacio,2
kkkkjkkkkkk,2
pizada,2
frutinha,2
brutalmente,2
obeso,2
sabido,2
verginha,2
varzia,2
safadinha,2
inspiração,2
dame,2
ninguno,2
bicudao,2
pianinhos,2
revoltadas,2
genio,2
formiga,2
surpreendente,2
mudado,2
akakkakaka,2
mutante,2
pia,2
pausa,2
trocas,2
familiar,2
sequelado,2
intervindo,2
conseguisse,2
militante,2
assistirem,2
atualizando,2
lok,2
estiverem,2
obrigados,2
lavando,2
poise,2
dormia,2
typical,2
fannies,2
bixinha,2
booom,2
horivel,2
fauta,2
caralhos,2
gal,2
espancaram,2
sobem,2
luando,2
descobrimos,2
julgo,2
wyem,2
repórteres,2
emoçao,2
ulk,2
roblox,2
coçegas,2
estancou,2
hahahhah,2
jogariam,2
coleiro,2
galinhonas,2
apelaram,2
perreira,2
esquentando,2
gostaaaa,2
gostoooooooo,2
remove,2
enem,2
balela,2
kokó,2
embate,2
queta,2
horrorosos,2
inchado,2
especialmente,2
machucaram,2
forra,2
guentou,2
referencia,2
arrumador,2
nenem,2
cobrir,2
tombou,2
cacarejo,2
clnupa,2
rurais,2
otária,2
fodah,2
pião,2
esquisita,2
botamos,2
confude,2
morumbi,2
mistério,2
fdd,2
streets,2
bradileiro,2
prejuizo,2
obaaa,2
esmurrando,2
acharia,2
sofro,2
namora,2
menininhas,2
scarl,2
portaria,2
mero,2
infração,2
modesta,2
corria,2
kilos,2
desfecho,2
demonio,2
procuraram,2
parças,2
voar,2
estupro,2
porraa,2
dpt,2
nojoooo,2
zoto,2
raz,2
qur,2
papelao,2
sérios,2
fodao,2
fracoooo,2
perebaaa,2
credooo,2
alecrim,2
pazes,2
trucidados,2
vibração,2
hábito,2
chefia,2
disfarçando,2
falidao,2
surtar,2
rima,2
tablefes,2
afundaram,2
canja,2
freme,2
azulou,2
fodem,2
sacrificou,2
medrosa,2
desistiu,2
mostrem,2
vencidas,2
honrou,2
simpático,2
enfia,2
west,2
cantona,2
picuinha,2
pneu,2
frequência,2
milionária,2
cuspido,2
cuspi,2
chinelão,2
desunidos,2
boneco,2
emocionei,2
broxa,2
afonso,2
renam,2
veguetti,2
rendendo,2
evoluiram,2
gangue,2
hockei,2
religiosa,2
indicadores,2
apontados,2
porca,2
desclassificação,2
barrigudos,2
frangolino,2
isdo,2
promessas,2
animosidades,2
vilhalba,2
prostitutas,2
sacola,2
educada,2
sonso,2
ipatinga,2
altetico,2
ganhassem,2
lianquin,2
pequenin,2
saisem,2
arrombar,2
perereira,2
seta,2
questionamento,2
soldados,2
simbora,2
zap,2
cocina,2
avalia,2
tens,2
hipon,2
convicção,2
drx,2
escrúpulos,2
fronha,2
pepa,2
pig,2
derrubado,2
raivinha,2
torceria,2
comemorem,2
lili,2
discipline,2
algeria,2
many,2
basketball,2
questa,2
bella,2
een,2
beide,2
attack,2
retreat,2
stadium,2
holy,2
beats,2
mokete,2
palizas,2
fulbol,2
всем,2
карточка,2
ratas,2
pour,2
falto,2
spor,2
energy,2
tierra,2
playing,2
increíble,2
puedes,2
pole,2
bruh,2
insane,2
bommmmmmm,2
yazik,2
veey,2
plus,2
everybody,2
aggressive,2
футбол,2
verás,2
держать,2
dzicz,2
đội,2
mondo,2
вратарь,2
себя,2
jadi,2
wakanda,2
questi,2
giocatori,2
schifo,2
waduh,2
animales,2
tutti,2
rissa,2
tontos,2
futbool,2
lebenslang,2
ich,2
albitro,2
mayores,2
ner,2
reflexos,2
veríamos,2
rixas,2
inimizades,2
desentendimentos,2
rancores,2
pessoais,2
vazão,2
frenesi,2
sanguinários,2
tribais,2
áfrica,2
observou,2
bicos,2
matei,2
arrependo,2
hicieron,2
infiltrados,2
salvam,2
saliii,2
varrido,2
arruaça,2
reportes,2
hear,2
terras,2
contaminar,2
kung,2
sofrível,2
aficionados,2
puño,2
merreca,2
poderemos,2
bidon,2
jurei,2
festejar,2
importe,2
imaturos,2
invencível,2
datena,2
dude,2
elevado,2
اخي,2
دوري,2
جزائري,2
يفقد,2
يبدأ,2
كأس,2
profesionalismo,2
llanero,2
maybe,2
vestido,2
faccão,2
agridam,2
experience,2
mediocres,2
trm,2
capturar,2
alimentando,2
culguloso,2
terceiros,2
arrumada,2
fluir,2
encarado,2
poupe,2
estética,2
eos,2
motivou,2
botado,2
ones,2
warriors,2
least,2
alles,2
mit,2
takım,2
taraftarları,2
either,2
sides,2
clearly,2
honteux,2
standing,2
entonces,2
bilhete,2
hehehehehe,2
ticket,2
ending,2
suddenly,2
aêê,2
escostar,2
barbuletas,2
proper,2
saying,2
kipernya,2
vinto,2
test,2
masuk,2
nie,2
tarjeta,2
morreeeer,2
tranquilidad,2
inchas,2
anak,2
kecil,2
dunia,2
sampai,2
senior,2
eah,2
eran,2
кто,2
cartons,2
europe,2
wars,2
tiket,2
hii,2
ndo,2
polsce,2
xenofobia,2
fatality,2
errarem,2
trabajo,2
terzo,2
cause,2
inmediato,2
poi,2
baratos,2
quaisquer,2
give,2
waiting,2
gokil,2
despreparada,2
sugestão,2
coibir,2
efecto,2
cuma,2
lad,2
ofendem,2
aew,2
arrested,2
assault,2
teammates,2
nicht,2
avisaram,2
new,2
sancionarlos,2
please,2
strength,2
surely,2
speak,2
portuguese,2
tesão,2
doidas,2
canelo,2
ligas,2
simplemente,2
arnaldo,2
paranaue,2
wasn,2
kicks,2
teach,2
national,2
england,2
encanta,2
must,2
golden,2
smashed,2
sería,2
numarali,2
ftbolcu,2
spanish,2
foiçada,2
dignos,2
never,2
yok,2
mate,2
sacado,2
support,2
huuuu,2
retrasado,2
recovery,2
latindo,2
alegra,2
suarez,2
close,2
vidio,2
restaurante,2
recupera,2
creen,2
chamadas,2
únicas,2
fenômenos,2
mimimim,2
porraaaaa,2
tell,2
suspend,2
fuderam,2
dedicam,2
bans,2
thrown,2
peleia,2
candançan,2
cravos,2
manso,2
duração,2
futebolística,2
hahahahahahahaha,2
galize,2
abrito,2
odds,2
muitoooo,2
começasse,2
idioten,2
interviu,2
participei,2
maneirinho,2
estrelinhas,2
这比踢球精彩,2
punam,2
locais,2
potker,2
heverson,2
chegado,2
apagando,2
desumano,2
kakakakakkaka,2
carona,2
avó,2
criacao,2
quisermos,2
cába,2
mundiça,2
became,2
algazarra,2
fedidos,2
mataro,2
uuu,2
deficiência,2
presten,2
atención,2
oran,2
caps,2
issso,2
pebas,2
sulamérica,2
precisávamos,2
gritava,2
agradou,2
útil,2
ralé,2
aprendam,2
goiás,2
goiânia,2
empurram,2
reviravolta,2
majs,2
meto,2
sentia,2
kauan,2
observa,2
xereca,2
afunde,2
deum,2
kkkkkkklkkk,2
botei,2
devolvendo,2
clubinho,2
canhão,2
alturas,2
regaçado,2
estreiou,2
vargas,2
crú,2
tacas,2
caloteira,2
ágora,2
teimoso,2
calam,2
pitaco,2
instalado,2
bingo,2
presiza,2
mjo,2
teamo,2
clnora,2
faculdade,2
cruzeirar,2
houveram,2
rasgar,2
ressuscitando,2
farmando,2
claudio,2
tombense,2
bobeou,2
ineficiente,2
enrolador,2
tomanoku,2
ingratos,2
muuuuuuuito,2
gaaaaalooo,2
meudeus,2
arrumaram,2
limpar,2
duvidem,2
rebolando,2
copao,2
inesperada,2
marcarem,2
montando,2
outa,2
existo,2
jonatan,2
impedir,2
ávida,2
sanpaoli,2
cana,2
suprassumo,2
substâncias,2
proibidas,2
gloriosa,2
futebolístico,2
delivery,2
quarteto,2
aguentoooooooo,2
garfar,2
golaaaçoooo,2
titica,2
contabilizando,2
milagres,2
tlg,2
banheiro,2
caibbbuloso,2
comemoramos,2
choraxx,2
fundador,2
amassadas,2
maiô,2
canhota,2
desenho,2
tonali,2
giro,2
tentações,2
suportar,2
tentação,2
dará,2
derrame,2
sabias,2
copos,2
pita,2
laele,2
pedreiro,2
trair,2
aposentadoria,2
paoli,2
penderro,2
gnomo,2
interferindo,2
richarlyson,2
evair,2
sacos,2
tei,2
aiaiai,2
ainnnn,2
dancinhas,2
acuda,2
ajudem,2
chingou,2
fodaaa,2
apático,2
pérolas,2
formou,2
dansa,2
lanse,2
megão,2
bochechudo,2
pcc,2
dançá,2
ahahaha,2
mlks,2
palha,2
chupaulo,2
cearamor,2
tadin,2
razoavelmente,2
igualzinha,2
entregava,2
gata,2
mijor,2
hãhãhã,2
batizada,2
farinha,2
merdinha,2
taquara,2
tomada,2
cul,2
smurfets,2
aim,2
invertido,2
sorridente,2
ilário,2
kkkkkkkaio,2
converteu,2
subestimado,2
mickey,2
russo,2
shanghai,2
portal,2
transfermarkt,2
intrometer,2
rebolava,2
lock,2
gostos,2
aguentei,2
comido,2
negao,2
diva,2
apresentação,2
pingo,2
sobrenome,2
aumentaram,2
tankei,2
brisa,2
frangota,2
falhos,2
pecar,2
concertar,2
palavrao,2
gostozin,2
digita,2
titilo,2
prédio,2
suposto,2
disponibiliza,2
spinelli,2
chineses,2
decretou,2
incaivel,2
navio,2
ooooooo,2
namorada,2
bricadeira,2
champion,2
notei,2
fpd,2
imparável,2
chapada,2
retomar,2
diagonal,2
bernado,2
dortmund,2
alías,2
ultrapassados,2
armador,2
furar,2
ofensivos,2
defensiva,2
allianz,2
comandar,2
expectativas,2
assaltados,2
recepção,2
jhonatan,2
bençã,2
incomparável,2
garfou,2
kaiky,2
contavam,2
somar,2
bote,2
dejavu,2
humilhamos,2
desmanda,2
pequenininho,2
inaceitavel,2
aliviar,2
contratamos,2
loteca,2
sumiram,2
acabamos,2
cruzeirensse,2
perante,2
cone,2
impor,2
venezuela,2
vamu,2
endoidou,2
arriba,2
bata,2
caverna,2
símbolo,2
homo,2
line,2
quietinha,2
alugam,2
freguêses,2
manchou,2
assumido,2
menr,2
brasi,2
sheik,2
fraturar,2
catinba,2
indigna,2
patrocinio,2
desviado,2
tra,2
achismo,2
cometendo,2
fedorento,2
bastasse,2
djalminha,2
cesta,2
comprimentar,2
brasa,2
alegou,2
queimada,2
xingava,2
estômago,2
vacilando,2
ridiculos,2
ridicularizada,2
protestos,2
zomba,2
holofote,2
semore,2
geraçao,2
pálida,2
fraga,2
catimbar,2
atrasar,2
caros,2
contou,2
dorzinha,2
pio,2
deivison,2
imundos,2
brincam,2
desestabilizar,2
vivia,2
naquilo,2
pise,2
copiando,2
opo,2
gogo,2
faturada,2
jogadozinho,2
lesao,2
facha,2
fede,2
geito,2
esclarecer,2
desrespeitosa,2
sambar,2
pregando,2
comprimento,2
coerência,2
absolvido,2
mona,2
cantamos,2
mkk,2
cumprimenta,2
escalou,2
atadura,2
desfile,2
ganhos,2
liso,2
óia,2
especialista,2
cirúrgico,2
desfalcado,2
tumultuam,2
short,2
mara,2
caraterzinho,2
demos,2
ooooo,2
picotou,2
externa,2
passiva,2
estalar,2
serena,2
roba,2
carminha,2
medianos,2
lambanca,2
profissionalmente,2
concusão,2
descredibilidade,2
destrói,2
panelas,2
textor,2
naçao,2
enchem,2
malicioso,2
estérica,2
monitorando,2
manipulam,2
trabalharem,2
letras,2
ladronnn,2
choradeiras,2
truco,2
criam,2
dependendo,2
vin,2
laa,2
véspera,2
curus,2
tempestade,2
aaaaaah,2
treinados,2
desagradar,2
putice,2
importar,2
confunda,2
jesto,2
palmer,2
sábias,2
furiosos,2
adaptação,2
percebendo,2
diálogos,2
marmelada,2
tendi,2
escutando,2
escalando,2
pataquada,2
stf,2
aaaah,2
mela,2
ataduras,2
marika,2
indigno,2
chapeu,2
abandonado,2
birrento,2
obter,2
apitaria,2
coé,2
ralho,2
incapacidade,2
hmmm,2
repetidas,2
passaporte,2
playstation,2
desfalque,2
audição,2
tchun,2
homofobia,2
adotar,2
exigir,2
contribui,2
viajam,2
revisa,2
esquanteio,2
lima,2
inocência,2
caneleira,2
carreiras,2
meuzovo,2
vermeira,2
perpetuando,2
venderam,2
godoy,2
vegetti,2
dominio,2
cadeiras,2
gesticulou,2
driblando,2
sequencia,2
impacta,2
contundido,2
advsersario,2
empatada,2
côrrea,2
queríamos,2
enxotar,2
carniceiros,2
exagerados,2
preferidos,2
julga,2
determinado,2
egos,2
independentemente,2
alcança,2
eder,2
melhorada,2
assist,2
branquinho,2
pegamos,2
cabuletes,2
feras,2
inocentando,2
resvalou,2
resvalado,2
somados,2
soltava,2
permite,2
judicial,2
otero,2
vero,2
remendado,2
passivo,2
aborto,2
ladainha,2
pala,2
sacolada,2
comemorara,2
seio,2
sombrios,2
menezes,2
lagar,2
sobraria,2
braçadas,2
honrando,2
capacete,2
sacarpa,2
fmfranga,2
kbô,2
brigamos,2
vomitou,2
colar,2
peruca,2
tratou,2
espiritual,2
treco,2
desmereceu,2
topo,2
veiga,2
quebre,2
doublete,2
prestei,2
frangarrombada,2
lagoas,2
decisao,2
quetinha,2
bucet,2
estudos,2
anúncio,2
narradorzinho,2
ruinzinho,2
ataques,2
engravidaaaaaaaaa,2
amoooo,2
engravide,2
oxítonas,2
cabulosô,2
gavetá,2
inevitavél,2
fataaaal,2
novinhas,2
rango,2
eliminava,2
urubus,2
cozinhar,2
garnize,2
narram,2
memorias,2
éééééé,2
guela,2
vapo,2
imediata,2
neo,2
berrar,2
cairia,2
eli,2
berro,2
traseiro,2
sétimo,2
mno,2
seríssimo,2
goool,2
digitar,2
horrorosaaaaaaaaaáa,2
praime,2
empenhado,2
acalme,2
enfiado,2
indiferente,2
corinthias,2
zêroooooo,2
ptqp,2
insignificancia,2
marcelinho,2
citado,2
livrai,2
zêroooooooo,2
rai,2
acreditei,2
lebron,2
éééé,2
fataaaaaaaaaaaaaaaaaal,2
cabulosooooooooo,2
sampa,2
sorriu,2
frieza,2
jambrolhadas,2
enterogermina,2
iluminada,2
emprestar,2
pontuação,2
desatualizado,2
supercopas,2
bagricio,2
intankavel,2
coitadinha,2
oferecendo,2
espulsar,2
recordista,2
jogardozinho,2
sarcástico,2
bagrício,2
reage,2
ditas,2
bares,2
verdadeiras,2
verdao,2
chatissimo,2
inferiores,2
colina,2
bebam,2
celebridade,2
infundado,2
abobado,2
entendemos,2
íntimo,2
coberturas,2
cagom,2
acompanhanhou,2
menstruaram,2
deboches,2
ensinuando,2
respondido,2
nascesse,2
faliu,2
salsicha,2
pesquisada,2
desabafar,2
kauê,2
ntj,2
bbbbasco,2
merecimento,2
conmebols,2
relevancia,2
nòs,2
sushi,2
sucata,2
cruzeiroooooooo,2
prevaleceu,2
gavião,2
surpreendendo,2
desossou,2
neida,2
traumatizados,2
almanaque,2
zuavam,2
curinthia,2
dicas,2
quita,2
frangar,2
contanto,2
gayvotas,2
devedores,2
química,2
teme,2
fortalece,2
venda,2
bobagens,2
engrandece,2
rachando,2
qse,2
perdoou,2
takes,2
corolla,2
poow,2
relacionados,2
comprometimento,2
ilustra,2
altinha,2
arrepiada,2
emociono,2
kbuloso,2
cabulo,2
fanatica,2
preços,2
cauã,2
saude,2
filmagens,2
cinzas,2
manauara,2
silenciosa,2
heptacampeão,2
emocionou,2
experiencia,2
arrepiou,2
cruzeiroooooooooo,2
rezo,2
incontestável,2
entregam,2
zeroooooooooooooooooo,2
greatest,2
trabalham,2
liderando,2
amooooo,2
colhendo,2
aceitamos,2
misturar,2
coroar,2
emprestado,2
vamossss,2
movimentação,2
falecido,2
combatido,2
resgate,2
focando,2
antecedência,2
biblioteca,2
pernambucano,2
constelação,2
farda,2
lest,2
maranhense,2
vaaaaamooooo,2
abandonei,2
vamooooos,2
campanhas,2
comemos,2
interferência,2
cartas,2
orgulha,2
chuuuuupa,2
cubista,2
mior,2
beta,2
mandamos,2
esveson,2
ikkkkkkkkkk,2
smaga,2
kaik,2
mmmmmmmmmm,2
disfarçou,2
qye,2
entendesse,2
mtooo,2
alçadas,2
porraaaaaaaaaa,2
superstição,2
abordagem,2
mlr,2
discrepância,2
apontou,2
marketeiro,2
dribla,2
depenando,2
coruja,2
desliga,2
aniversario,2
aaaaeeeeee,2
fatallllll,2
femininas,2
driblou,2
lançando,2
eeeeeeeeee,2
entonação,2
verdes,2
chegaaaa,2
chegaaa,2
aeeeeee,2
criticada,2
aeeeeeeeeeeeee,2
umidade,2
perdidas,2
cem,2
rum,2
estoy,2
vivir,2
narradoras,2
engasgando,2
aeeeeeeeeee,2
terrivel,2
regatas,2
guol,2
ainnn,2
questiono,2
knorr,2
cuquinha,2
cartório,2
cabulosooooooooooo,2
perceptível,2
dezenas,2
safra,2
gde,2
peidao,2
lkkkkkkkkk,2
peidando,2
klr,2
zeze,2
cucabeludo,2
sapeca,2
mia,2
vaaaaaaaiii,2
zinedine,2
vitorioso,2
raciocínio,2
valle,2
baboseira,2
estupr,2
mandioca,2
givaldo,2
creeeeedooo,2
bastos,2
acostumaram,2
virtude,2
notebook,2
gangorra,2
galu,2
pru,2
odiarem,2
faltar,2
consistente,2
maionese,2
asinha,2
cócó,2
euforia,2
defensa,2
kaakakakakakaakakakaakakakakaakakakaakakakakaakakakakakaakakakak,2
akakakakakakakakakkaka,2
miserávi,2
sssss,2
chuuuupa,2
altíssima,2
perece,2
pendurar,2
pedo,2
gostosão,2
professora,2
urgência,2
ostracismo,2
apóia,2
neymarzete,2
bilhão,2
buzinando,2
feijoada,2
asilo,2
áudios,2
emm,2
flazero,2
próprias,2
justíssima,2
snif,2
refúgio,2
bizeiro,2
lixeiro,2
arranhado,2
caíbuloso,2
ctrl,2
constrói,2
construíram,2
ocs,2
cof,2
patéticanos,2
milhos,2
estripador,2
amoooooo,2
coelhio,2
véio,2
bebês,2
criatura,2
tabú,2
pulinho,2
capoeira,2
ortografia,2
viesse,2
favorável,2
consciente,2
estragada,2
botafoguenses,2
eae,2
sustos,2
matérias,2
guardada,2
franja,2
cnpj,2
desbotada,2
inédito,2
bowl,2
carreata,2
imprime,2
compartilhada,2
workshop,2
vendados,2
agricultura,2
pesquisadora,2
vencedora,2
transmissões,2
mariazinhas,2
mantinha,2
cabbbuloooooooooso,2
criação,2
inexpressivo,2
conseguissem,2
chupadôra,2
triscar,2
caduco,2
brasilerios,2
galinácea,2
promovendo,2
carimbada,2
qnts,2
baixissimo,2
assustar,2
batista,2
mayria,2
matias,2
igualou,2
freguesa,2
enferrujada,2
kbca,2
aida,2
carteirinha,2
rotina,2
medrosas,2
lacrou,2
contaram,2
guaicurus,2
cassios,2
frustradas,2
whatsapp,2
caze,2
voceis,2
tinga,2
sóbis,2
oiii,2
pisasse,2
flamídia,2
pizão,2
interino,2
frangassio,2
desvalorizado,2
prescisa,2
fracássio,2
cuzero,2
freguezao,2
gabimerda,2
gabibunda,2
babi,2
itabiritoooo,2
novinha,2
deliberadamente,2
quexudo,2
retirada,2
papaaai,2
cruzadas,2
fáceis,2
invejoso,2
dependia,2
milhas,2
xuuuuuuuuuupa,2
filipe,2
defensáveis,2
alfácio,2
alívio,2
catou,2
salao,2
sãopaulinos,2
nói,2
atendido,2
frouxas,2
maltratou,2
muittaaaaaaaaaaaaa,2
garçons,2
paredão,2
profetas,2
bichado,2
michael,2
puxei,2
dedeco,2
choooora,2
interceptar,2
hulkkkk,2
gabiexgol,2
ratao,2
gabigole,2
chupamaria,2
surpreendo,2
cocó,2
festeje,2
battaglia,2
gabisem,2
favorecia,2
lybanco,2
enxergam,2
endrick,2
gamblingol,2
enviou,2
lúcifer,2
honras,2
acustica,2
minuscul,2
kskksksks,2
calcinhas,2
mmmmmm,2
mmm,2
globolixo,2
inscrita,2
receio,2
poderosamente,2
humilhadas,2
desânimo,2
convidados,2
boicoteaitatiaia,2
idolatram,2
abaixando,2
carencia,2
alagado,2
aplaudirem,2
buser,2
rodoviária,2
taxi,2
fixo,2
canteiro,2
miami,2
nublado,2
graal,2
sessenta,2
mariao,2
galoóo,2
falantes,2
descutir,2
gritado,2
foguinho,2
belmiro,1
peixaõ,1
cebozo,1
melgor,1
tivsrdo,1
arataquence,1
mendes,1
arataca,1
balhia,1
galaooooo,1
semeia,1
bagred,1
gaaallooooo,1
dino,1
dsgc,1
neiser,1
ibasado,1
engrenou,1
manschester,1
amaço,1
condenou,1
respeitável,1
destroem,1
degrando,1
criativa,1
buritis,1
gritaaaaaaaaaaaaa,1
ferrasse,1
soviética,1
varrinthians,1
superclassico,1
mapeazenal,1
kkķk,1
tocasse,1
recomendando,1
monitor,1
mariadaaaaaaaaas,1
raoozinha,1
clrh,1
descongela,1
cedeu,1
peixinho,1
encoxado,1
percevejos,1
frabricha,1
deva,1
canobio,1
trate,1
carera,1
aconteceram,1
cornetar,1
colinho,1
monocromático,1
boste,1
verssatil,1
átomos,1
rivalidadez,1
esvpsdj,1
resmunga,1
classifico,1
escuro,1
infiltrando,1
pooorra,1
robada,1
fata,1
pucao,1
ixiiiiiiiiiiii,1
arrascaete,1
latão,1
inaugurado,1
vascooooo,1
supresa,1
batidos,1
introsado,1
supemercado,1
antalotti,1
bragre,1
simboraaaaaa,1
queimaram,1
braseiro,1
amarelão,1
apequena,1
bernabeu,1
espulsão,1
chegaaaaa,1
babas,1
abalados,1
julguei,1
prata,1
vicente,1
mateusinho,1
galooooooooooooooooooooooooo,1
destaco,1
magrela,1
vésperas,1
derreter,1
buzinou,1
ostracizado,1
rapazeada,1
cortouis,1
pegaria,1
muçulmanos,1
metaram,1
atreta,1
celecao,1
relatos,1
discutia,1
futebolista,1
shazan,1
permitirem,1
aprendes,1
cavadinhas,1
equivocadas,1
toucou,1
expõe,1
desprotegido,1
transformando,1
contenção,1
enfraquecido,1
respaldada,1
custando,1
arrependi,1
embusca,1
kroos,1
remista,1
nivaldo,1
prieto,1
congela,1
camisola,1
focaram,1
montada,1
pipókinha,1
cruezeiro,1
afirmaram,1
vidllba,1
ombros,1
finalidade,1
advogado,1
joelhar,1
cucurello,1
rpa,1
diferrença,1
patamares,1
fardou,1
receberia,1
momente,1
borbas,1
agregam,1
baratíssimo,1
alisson,1
réveillon,1
esclarecido,1
massageado,1
orro,1
gatunharam,1
cordas,1
itinho,1
ling,1
sucedidos,1
staf,1
informam,1
impediram,1
hahahaahahhahaha,1
flamerdistas,1
rivaizinhos,1
fali,1
devidiu,1
facilidade,1
laranjada,1
fodeo,1
buro,1
fredi,1
toquinha,1
buaaaaaaa,1
malias,1
doooido,1
canelinha,1
vidro,1
fredy,1
lololololo,1
medioli,1
desatento,1
movimenta,1
contrataque,1
dedé,1
viradaaaaa,1
botem,1
demoniado,1
perdôo,1
jorginha,1
suor,1
barbaboll,1
gaaaaaaaaalo,1
finalizasse,1
curinga,1
enfraquecemos,1
iguaizinhas,1
merecedores,1
gamada,1
centravante,1
logou,1
kevin,1
castaño,1
mandraq,1
corinthianss,1
paiaço,1
pitro,1
vascafalidos,1
varmeirenses,1
guuuuuuooool,1
nuuuuuu,1
ralado,1
abri,1
imortalidade,1
pretende,1
aveeeeeee,1
tmlc,1
configuração,1
engravidando,1
prattes,1
saúda,1
garfada,1
mazela,1
beijada,1
circunstâncias,1
surrupiado,1
cruzerences,1
marotinha,1
pornográfica,1
parabenizado,1
fud,1
saúdavel,1
drxx,1
cancelada,1
identico,1
nintendo,1
caracq,1
aibele,1
especulado,1
fabinho,1
vidjalma,1
roleta,1
toic,1
dizemos,1
desmereça,1
aido,1
tapado,1
tromba,1
treineiro,1
apagados,1
precida,1
chegouuuuu,1
lambada,1
expulsãozinha,1
umsl,1
atacaram,1
portuga,1
regebait,1
leteja,1
plasmamn,1
urucubaca,1
honrem,1
otaria,1
maozada,1
perderrrrr,1
piadista,1
ponha,1
autossustentável,1
crflamengo,1
bernand,1
murcho,1
aquii,1
arranjou,1
capitais,1
esforçado,1
xauuu,1
condé,1
meudeuuusss,1
dominaria,1
vaaaaapo,1
faminta,1
perido,1
propuseram,1
tosa,1
gaaaaaaalooooooo,1
capota,1
prrrrr,1
cadáver,1
versos,1
desgasta,1
ucu,1
mimadingo,1
desgraç,1
ambidestro,1
azulzinhos,1
displicência,1
ampliado,1
frenético,1
rajajajajajaja,1
finalizacoes,1
noh,1
mandraca,1
insistência,1
trazê,1
jorj,1
desfilaram,1
totó,1
iniesta,1
medilcre,1
mariq,1
viroria,1
prl,1
campinas,1
athlético,1
galooooooooooooooooo,1
vamooooooooooo,1
otariano,1
barraquistão,1
tadafilado,1
trade,1
center,1
palzeiro,1
siberianoball,1
denílson,1
cameiras,1
alçapão,1
imensas,1
tornamos,1
nautico,1
vadias,1
tjs,1
peruka,1
coiori,1
equilíbrado,1
tampados,1
suprasumo,1
laiser,1
quilate,1
chutam,1
weslei,1
viroua,1
aprovei,1
kovarde,1
gomzalo,1
pintado,1
bolaa,1
confirmação,1
encaixa,1
corra,1
personalidades,1
exaltam,1
lotamos,1
manchada,1
gostarem,1
croatas,1
gaaaaalloooooooooooo,1
quebrei,1
cuiudo,1
ugor,1
gostunnnnnn,1
desabaram,1
tentada,1
nuncaaaaaaa,1
meketref,1
operou,1
gaaalooow,1
delle,1
boladinha,1
kkkx,1
brad,1
árias,1
redefinir,1
cdob,1
historica,1
printar,1
mitar,1
rivalide,1
barradas,1
vitoriana,1
básicos,1
bobiar,1
lesioney,1
hipotetico,1
binter,1
bagaram,1
esculachados,1
muiro,1
habahahhaha,1
executor,1
hahahahhahaha,1
hahahcha,1
pulmões,1
pisas,1
saidacoes,1
concede,1
aleluya,1
suicida,1
craniana,1
mendingo,1
curtida,1
bitcoin,1
dededa,1
mendigagens,1
aheuahehs,1
ikkkkk,1
estudando,1
desenvolvendo,1
mendigando,1
demore,1
divino,1
recebo,1
expressao,1
dromedário,1
ratazana,1
bueiro,1
cuidamos,1
chupao,1
paulistinha,1
aterroriza,1
limeira,1
colarinho,1
gavioes,1
generaliza,1
rdaa,1
globos,1
cbfede,1
comparece,1
desmascarando,1
xiuuuuuuuuu,1
descanso,1
desesperador,1
defensivamente,1
mrlhor,1
ofensivamente,1
adiar,1
começei,1
desapontou,1
expunso,1
pifio,1
conspira,1
contruida,1
soou,1
abater,1
espernear,1
totcida,1
villani,1
comemoraçao,1
prepotencia,1
sirvo,1
gaúchada,1
influencia,1
dificílimas,1
futura,1
benar,1
mentirososo,1
estagio,1
significativa,1
silney,1
huhuuuuu,1
epulsão,1
artir,1
emmmm,1
espírita,1
demaaaaaais,1
infartei,1
agoniado,1
atletismo,1
ralar,1
orçamentos,1
expulasao,1
quitandeiro,1
gaaalo,1
passase,1
emparelha,1
destaca,1
couves,1
destacava,1
robotizado,1
tuga,1
loló,1
marauaiaiaiaiaia,1
venâncio,1
tmjt,1
kkkks,1
noiz,1
revirar,1
galooooooooook,1
treinou,1
amparado,1
ajeitou,1
esqueceremos,1
internaciogay,1
toramos,1
mansos,1
enchemos,1
arrecadar,1
alimentos,1
comidas,1
águas,1
mobilizou,1
beneficente,1
doações,1
ganhemos,1
maiorais,1
recopas,1
purpurinas,1
inrrustido,1
greminho,1
dirlei,1
cardoso,1
arregaçar,1
liguem,1
palmeirss,1
trituramos,1
mediocrexacota,1
arrebentaram,1
distruiu,1
vinculada,1
goatnaldo,1
deysestanciu,1
vingalor,1
compreendi,1
tradicao,1
juroooo,1
plastico,1
vijallba,1
jogãoooooooooooooooooooo,1
tijolada,1
viradas,1
competiçòes,1
ôôôô,1
supa,1
ditando,1
castanha,1
modric,1
prestasse,1
gvardiol,1
fernandinho,1
pirracento,1
relacionar,1
imediatista,1
segundas,1
taxado,1
futebolisticamente,1
extrínsecos,1
lições,1
explosões,1
refutado,1
sinistraaaa,1
negan,1
feinha,1
timécos,1
vingue,1
shupapaulo,1
retrospectivas,1
bizarrice,1
endeusando,1
mariaaaaaaaaaa,1
personificação,1
deslumbrado,1
pesinho,1
delirando,1
prateleiras,1
distintas,1
agarravam,1
llllloooo,1
panalti,1
mengokkkkkk,1
orgulhou,1
afundamento,1
colisão,1
constando,1
composta,1
perigosíssimos,1
ameaçaram,1
semnomepradizer,1
hostilzando,1
redpill,1
reacionário,1
ameaçado,1
sím,1
fajuta,1
advinhem,1
estrearem,1
gaaalllooo,1
brasilerao,1
ferne,1
frescoball,1
fernebache,1
canalhice,1
milhao,1
eera,1
gabar,1
gannhar,1
dns,1
futemax,1
chuveirinho,1
deí,1
namoradinha,1
rixa,1
toricida,1
bairrismo,1
fraquissima,1
grt,1
afetanil,1
barbiola,1
matança,1
longevidadesegredosquer,1
hesitou,1
coleção,1
expulsaofoi,1
atuou,1
misteriosamente,1
cabacice,1
descarrilhado,1
plssssssssssssssssssssssssssssssssssssssssssssssssssssssssssssssssssssssssssssssssssssssssssssssssssssssssssssssssssssssssssssssssssssssssssssssssssssssssssssssssssssssssssssssssssssssssssssssssssssssssssssssssssssssssssssssssssssssssssssss,1
alah,1
suponho,1
existam,1
bicaram,1
rposa,1
ferran,1
molecote,1
copias,1
jgr,1
horriveiiss,1
cópias,1
kkkkkkl,1
incontestáveis,1
discutido,1
picar,1
bundas,1
dsaopkdpasokdpokp,1
menim,1
mongoloide,1
apodreceram,1
lek,1
escondemos,1
redacao,1
fredd,1
numeração,1
bolota,1
hola,1
baixem,1
bha,1
jata,1
gene,1
sólta,1
amorde,1
eginabo,1
hajajjajjaj,1
jogooooooo,1
xdddd,1
abupa,1
irm,1
jogoooooooo,1
seguidor,1
raivaaaaaaaaa,1
pescocinho,1
ronântico,1
nee,1
arrobado,1
bravinhos,1
sccp,1
kskskss,1
epoc,1
teruel,1
miojorge,1
destelhando,1
desacreditado,1
samos,1
paii,1
imata,1
zumbis,1
sintomático,1
estudou,1
gallardo,1
duvividar,1
cigarrono,1
conselho,1
chupador,1
registrou,1
pipocadas,1
vascaína,1
ativando,1
semelhança,1
limitados,1
fakta,1
flque,1
educou,1
lábia,1
mateuszinho,1
kakakkakakkakakkakakakakkaka,1
vaçilo,1
paixâo,1
guiana,1
kķk,1
convido,1
eca,1
foraaa,1
kkjj,1
pernetas,1
amostrados,1
declaração,1
xuveirooo,1
kain,1
fredão,1
galinze,1
kskdkd,1
piti,1
pobrema,1
manha,1
quica,1
ném,1
classificicaram,1
questionável,1
sangram,1
caipirao,1
interpreta,1
kgay,1
cacaiojorge,1
iríamos,1
odia,1
padastro,1
vampeta,1
furioso,1
faltosa,1
deivid,1
continência,1
mencionou,1
reconfigurou,1
desunido,1
monstrao,1
bandeiras,1
nôvo,1
confiar,1
metidos,1
fanfarrao,1
comemorase,1
eterrrrno,1
cabbbuloooooooooooooso,1
soumaiscruzeiro,1
arroya,1
kjkkk,1
chuuuuuupaaaaaa,1
tamar,1
whe,1
gaaaaalllooo,1
pohaaaa,1
insultar,1
desperdiçado,1
bisonho,1
kaibulosa,1
superestimaram,1
mbdfjfmcbfnnfnfbfndnnfmfnf,1
protetores,1
bucais,1
einh,1
reconheceram,1
questionaram,1
piorado,1
infartar,1
expercialista,1
caminhao,1
avantepalestra,1
kkkkklkkkklkkkk,1
leifert,1
feioso,1
comediantes,1
koé,1
apanhei,1
smurf,1
mque,1
cabisbaixo,1
óbvios,1
desenhando,1
bactéria,1
mariá,1
cim,1
echarlo,1
respeitoso,1
puyol,1
mem,1
substituiçoes,1
chatiadas,1
rancinho,1
banalizam,1
heinze,1
ajeitada,1
ulmilhado,1
pofexô,1
propósta,1
cirurgica,1
gutebol,1
arruinho,1
machou,1
parternidade,1
tipinho,1
invejosa,1
contenha,1
arroy,1
apois,1
arras,1
sopa,1
capslock,1
timer,1
jrtvsfla,1
compararam,1
zuero,1
cobrinha,1
xiuuu,1
criticaram,1
abc,1
brincalhão,1
refaça,1
responsabilizado,1
destacam,1
garrou,1
buteco,1
murrinha,1
contestei,1
maaaaas,1
pressionava,1
castano,1
mmamwmwmkwwkwkkwkwkekeke,1
gaaaaloooooooo,1
mortinhos,1
famengo,1
reu,1
kkkkkkkkoio,1
borboleto,1
tapetense,1
vídeozin,1
incosto,1
keio,1
alecxander,1
gabixinha,1
kkkkkkkkkkkkkkkkkkkkkkkkkkkkkkkkkkkkkkkkkkkkkkkkkkkkkkkkkkkkkkkkkkkkkkkkkkkkkkkkkkkkkkkkkkkkkkkkkkkkkkkkkkkkkkkkkkkkkkkkkkkkkkkkkkkkkkkkkkkkkkkkkkkkkkkkkkkkkkkkkkkkkkkkkkkkkkkkkkkkkkkkkkkkkkkkkkkkkkkkkkkkkkkkkkkkkkkkkkkkkkkkkkkkkkkkkkkkkkkkkkkkkkkkkkkkkkkkkkkkkkkkkkkkkkkkkaiu,1
levemente,1
pretexto,1
klauss,1
odiados,1
acompanhado,1
provém,1
mandador,1
choronaaaa,1
constatando,1
invejado,1
brasileiroides,1
entubar,1
faces,1
inflamado,1
barulhenta,1
valorizaria,1
lojas,1
eeeliminado,1
ião,1
mary,1
guaxinim,1
soque,1
minininho,1
boboca,1
experiênte,1
nhe,1
apeteceu,1
bruzeirão,1
bostao,1
taa,1
centrovante,1
fracoo,1
aobra,1
perneta,1
mijorje,1
valar,1
jogadno,1
desdenham,1
dessivo,1
barbante,1
cláudio,1
rezende,1
caolho,1
dario,1
lolota,1
itapecerica,1
veias,1
ouvida,1
augusto,1
mariquitas,1
pira,1
querida,1
lora,1
ursinho,1
pimpão,1
portando,1
concursos,1
maleta,1
vaso,1
denilson,1
estrupícios,1
jovaneli,1
capelane,1
ulisse,1
chiquito,1
odiou,1
capelanes,1
vce,1
vergon,1
banas,1
zicando,1
zikou,1
arapiraca,1
farpas,1
palerma,1
perguntinha,1
moacir,1
pib,1
capta,1
ateltico,1
escorrregando,1
marcante,1
pátetico,1
fou,1
orrosso,1
desabando,1
fronhas,1
amçar,1
florianópolis,1
ctba,1
paschoal,1
secou,1
fagne,1
viuoria,1
semifinai,1
amora,1
flamengusista,1
neutra,1
estudei,1
analisei,1
pameiras,1
alegar,1
quisero,1
difícilmente,1
violentíssimas,1
dêsleal,1
intimidou,1
disseminam,1
necessitamos,1
babam,1
ccc,1
arroyooooo,1
erveson,1
terco,1
prioridades,1
conquistada,1
orçamento,1
badalado,1
sujar,1
véu,1
noiva,1
otariokkk,1
kkkperdeu,1
esqueçe,1
babou,1
devagarinho,1
dsgcaaaaa,1
repetirem,1
opcao,1
vitimização,1
acertoooo,1
mizeravi,1
asai,1
alavanca,1
arrolho,1
admissões,1
kanio,1
dependo,1
vacina,1
naturalizar,1
rouco,1
serrana,1
ferre,1
teófilo,1
otoni,1
paçocou,1
atm,1
finalizadores,1
camiisa,1
fagmer,1
inigualável,1
cassieira,1
rompedor,1
acético,1
peladeiro,1
pavão,1
maudosa,1
viran,1
atreticano,1
negrigencia,1
ffosse,1
rachava,1
enfiava,1
tavas,1
compero,1
mlc,1
acácio,1
jáaaaaaaaaaaaaaaaaaaaaaaaaaaaaaaaaaaaaaaaaaaaaaaaaa,1
kaiio,1
joea,1
cjma,1
executar,1
denunciado,1
movo,1
renome,1
custavam,1
aclamado,1
baixas,1
elia,1
franquisimo,1
email,1
patrício,1
brunda,1
balaço,1
calibrada,1
paooli,1
esquecero,1
zetti,1
taffarel,1
prantos,1
executado,1
furo,1
gnte,1
galopress,1
enganadaaaaas,1
tomaz,1
campeãoes,1
barbars,1
macale,1
calibrado,1
envelhecer,1
sommelier,1
neguinho,1
analfabeta,1
tbmm,1
resultaram,1
roco,1
naturais,1
kamijorge,1
grosseira,1
responderia,1
jogano,1
dlk,1
sveiter,1
facinora,1
entro,1
hipoteticamente,1
hipótese,1
construírem,1
wfuweiqondymvqseu,1
mic,1
caubulosa,1
cetor,1
adversa,1
jgoo,1
pevar,1
aroioe,1
largo,1
costroi,1
sangrar,1
olele,1
olala,1
frangae,1
escolho,1
beirando,1
periodo,1
hexacampeonato,1
periodos,1
goleia,1
minimos,1
meliante,1
wfuweiqondymvqmaria,1
oopssssil,1
wfuweiqondymvqadolescente,1
descabelado,1
phuderam,1
atropelados,1
darão,1
expulsem,1
anotado,1
burrо,1
аntа,1
entaum,1
quebrá,1
custela,1
dji,1
boua,1
arryo,1
sofazon,1
salita,1
liminadooooo,1
liminadoooooo,1
remoto,1
recusa,1
murchou,1
pedestal,1
crescente,1
goloca,1
aclnam,1
treseoldi,1
prezinho,1
loucao,1
incontaveis,1
fubá,1
arrrrrroiiiioooo,1
wfuweiqondymvqvai,1
wfuweiqondymvqcala,1
piando,1
hurrum,1
firulinha,1
wfuweiqondymvqna,1
correspondente,1
cucabuloso,1
palminhas,1
desconhecia,1
propoem,1
naqule,1
abafadas,1
leigo,1
capitado,1
palpitar,1
nml,1
desmentiu,1
cruxeirenses,1
afinidade,1
idênticas,1
distorce,1
comprovar,1
wfuweiqondymvqexatamente,1
gêmeos,1
distorcida,1
spa,1
vhis,1
kkks,1
wfuweiqondymvqisso,1
proibida,1
considerando,1
orienta,1
marcianas,1
cercava,1
míseros,1
reconta,1
buzero,1
aroio,1
ksk,1
rpm,1
reviveram,1
investindo,1
segredo,1
simpatiza,1
votação,1
comparações,1
sobressair,1
fernanda,1
menosprezei,1
galooooooooooooooooooooooo,1
palminha,1
assiti,1
quebram,1
isos,1
desmentiram,1
kvn,1
originnal,1
escutou,1
cantarem,1
corretíssimo,1
distorção,1
boina,1
uniram,1
reembolso,1
cézé,1
wfuweiqondymvqele,1
caraiiiiiiiii,1
comunicar,1
moralzinha,1
notável,1
calaram,1
abafados,1
congelado,1
anima,1
muotas,1
desgr,1
çado,1
pil,1
antra,1
bluezao,1
milícia,1
inácio,1
swu,1
pregas,1
atrasando,1
transferban,1
sussega,1
erversom,1
agitados,1
barulhentos,1
lapsos,1
bandera,1
wfuweiqondymvqeliminado,1
cedao,1
vum,1
faturou,1
première,1
xatletico,1
liv,1
transmiçao,1
silvano,1
engadoura,1
qere,1
linke,1
tncccc,1
deslake,1
vasilo,1
damiee,1
instantes,1
boicotados,1
rondonopolis,1
parouu,1
cadeee,1
cadee,1
evitadas,1
incontrolável,1
semeadura,1
pacanda,1
labiial,1
centroavantes,1
quebrasse,1
macá,1
dublágem,1
tontisse,1
sismar,1
oremos,1
desviver,1
omicidio,1
conivência,1
jkj,1
orei,1
estrtégia,1
atira,1
piscar,1
uuuh,1
ppuco,1
machucam,1
assustadoras,1
mmmmammnwmnnwnnwnnenneennenenenennnnnennnnenenenennsnsnsnnsnsnsnnsnsnnsnnsnsnsn,1
maldosamente,1
james,1
mcavoy,1
ttoco,1
danadoo,1
temí,1
maldosas,1
alterando,1
bento,1
governado,1
biomecânica,1
derrubados,1
cargas,1
aceleração,1
aceleram,1
curtos,1
antecipar,1
colisões,1
frontais,1
exercerá,1
tendendo,1
kristian,1
jyan,1
impressionar,1
rwde,1
expluso,1
respondia,1
muiezinha,1
puniram,1
idiotorcedores,1
armadores,1
sumam,1
continuará,1
grandemente,1
vampos,1
vii,1
independentes,1
examinam,1
selar,1
endereço,1
apagado,1
valdecir,1
judó,1
caraté,1
tembs,1
valtencir,1
cervical,1
bacharel,1
encontre,1
levante,1
lyancoo,1
muluquinhoo,1
vítimismo,1
racharia,1
queiram,1
docbrasil,1
páia,1
aleijar,1
operado,1
ameli,1
mequefly,1
bicicross,1
curiosamente,1
suicidar,1
quadril,1
arremessado,1
pechincha,1
beberrão,1
cerol,1
fgg,1
suspenção,1
apago,1
lasmar,1
zigomático,1
contratava,1
essassinos,1
viatura,1
disciplinar,1
ergue,1
garças,1
vuol,1
vôo,1
feladaputa,1
lesionando,1
duros,1
iron,1
ruaan,1
dvidida,1
ceta,1
purretando,1
chaaaato,1
amortecida,1
corriqueiro,1
atlaticano,1
cruzerem,1
estressar,1
estanca,1
perigosas,1
clipe,1
vitamissa,1
elegante,1
rofrigues,1
fra,1
temo,1
deslocou,1
roela,1
volei,1
cotando,1
exagerando,1
cachorrinho,1
shaushaushasuh,1
suar,1
sorrisinho,1
classificando,1
acertá,1
utiliizar,1
pipoquinha,1
diagnóstico,1
preocupou,1
demonizando,1
reincidente,1
intensificou,1
punirem,1
espirrar,1
armam,1
fagabundo,1
jgdr,1
carinhas,1
imoji,1
procedimentos,1
hype,1
ligamentos,1
cangote,1
arremesado,1
utiliza,1
vertical,1
desgovernada,1
subjetiva,1
malandagram,1
entristece,1
náusea,1
vomitei,1
extrapolou,1
homicida,1
derrua,1
ioga,1
choooooraaaaaaaaaa,1
galinhadaaaaaa,1
recalculou,1
santoa,1
fanfaroes,1
senquerer,1
apoiaram,1
distração,1
ramalho,1
evesson,1
omentário,1
deslealdades,1
flpd,1
sacrifícar,1
agravar,1
cubarsi,1
lou,1
galinhafa,1
calculam,1
malando,1
camisada,1
rebeldes,1
importaria,1
importou,1
ere,1
diacho,1
amadurecer,1
divido,1
leso,1
detestava,1
frescar,1
vom,1
ema,1
frear,1
olyanco,1
nadaaa,1
desconfiam,1
desconfiar,1
ruanda,1
capello,1
sujiro,1
falasão,1
abençoou,1
planejou,1
pilanttra,1
agradeci,1
legalmente,1
virjola,1
iss,1
cil,1
pista,1
desbalancear,1
tetraplegico,1
empurrado,1
vrrd,1
referia,1
genocida,1
perua,1
apreensivo,1
ruelap,1
infrator,1
defendermos,1
raspaz,1
abóbora,1
flakeecrf,1
vermos,1
sensatas,1
jagueiro,1
grelão,1
rebede,1
juve,1
ignoradas,1
ferram,1
desacordado,1
cct,1
esperniando,1
tarja,1
crtz,1
ridicularizam,1
cotovela,1
prudência,1
pilado,1
deploravel,1
torcerdor,1
episodio,1
kaior,1
aaaaaaaaah,1
chacoalha,1
makkwkekkwkwkleleloeoeosoosoososoossososoooeoeoeoeoosososososoososooosoososooososokkkkllqlqllql,1
vacilei,1
klkkkkkkkkkkkkkkkkkkk,1
desequilibrar,1
chicoteando,1
arde,1
sossegaram,1
kisame,1
crustã,1
frngas,1
acfalo,1
proteçao,1
apra,1
chape,1
federado,1
fililho,1
avisem,1
pikitito,1
pequetito,1
tomarao,1
plantadas,1
deceu,1
frangasssssssssssss,1
kkklkkkkkkk,1
ganhamooo,1
mann,1
kakakkakakakkaak,1
fielapanhooooooooouuuuu,1
akakakakakakkakaakakkaka,1
bbbruzeirooooo,1
coincidencia,1
localizada,1
sapecar,1
catalão,1
aglomerado,1
ardor,1
coicidencia,1
atletipc,1
borraaaaa,1
seissssss,1
kkkkkkmkkkkkkk,1
techeia,1
aposte,1
contratos,1
rendimentos,1
vomos,1
viajem,1
neum,1
perebao,1
gollllllllll,1
golllllllllll,1
sumi,1
fidelidade,1
gaaaaaloooo,1
raposilda,1
cassiacerta,1
hugue,1
expulsôes,1
jkkkk,1
impiedosa,1
luzes,1
celulares,1
acesas,1
kaique,1
mostrados,1
chatíssimo,1
profile,1
pirapora,1
haramball,1
seo,1
vingada,1
turbulenta,1
gaaaaalooooooo,1
pts,1
kassi,1
unirem,1
júniors,1
mandrak,1
normalizamos,1
pernati,1
lyango,1
casierra,1
safonov,1
vuvuzela,1
pênalt,1
euforica,1
eutpeuda,1
maçonaria,1
apóstolos,1
alertavam,1
ameis,1
abismado,1
galoooooooooooooooooo,1
andre,1
frocha,1
jiló,1
resussitar,1
arrotando,1
alienada,1
vestem,1
acomodados,1
bajulando,1
tietando,1
marmajo,1
distanciamento,1
diária,1
goleirinhos,1
frangues,1
insosso,1
fedorentas,1
arregam,1
tjce,1
ocultação,1
ultrassou,1
assisitr,1
xrc,1
trilhões,1
guru,1
riquezas,1
frehira,1
pesadíssimo,1
guro,1
apé,1
colocarão,1
maracutaia,1
órfão,1
caminha,1
hangar,1
penálti,1
cruzeriro,1
jeorge,1
tiinha,1
tricolores,1
fght,1
respeitaram,1
receberiam,1
caza,1
poupo,1
porcão,1
esbugalhados,1
xupaaaaaa,1
atlemaster,1
vendemos,1
crubbbzeiro,1
guentoooooooooooooooo,1
óscar,1
indicados,1
sae,1
itochi,1
escalações,1
ludem,1
emcima,1
kkkakakak,1
bilhetes,1
vaydade,1
bbbbebbbbezão,1
xupaaaa,1
persegue,1
passeios,1
limitadissimo,1
traia,1
penalts,1
iludo,1
mangueirão,1
inexpressivos,1
almejar,1
cortando,1
ranchar,1
levi,1
datolo,1
comesse,1
paris,1
saint,1
germain,1
maiado,1
gaaaaaaalllllooooo,1
gaaaaaaaaloooooo,1
limpada,1
cache,1
navegador,1
limpeza,1
computadores,1
aparelho,1
dispositivo,1
sllc,1
interno,1
galináceos,1
charar,1
incompleto,1
gersonnnn,1
copaaaaaaa,1
funeral,1
gaiola,1
analisou,1
mdsssssss,1
trocado,1
bamor,1
manés,1
frustrante,1
suficiencia,1
profetizei,1
fregays,1
avacalhar,1
mixado,1
bosteirense,1
mongol,1
adiatna,1
colcoar,1
lordi,1
conturbado,1
ouvia,1
pintando,1
vartlético,1
opinar,1
figurantes,1
dislike,1
mostrariam,1
preguiçosos,1
bizzaro,1
decaiu,1
gargalhando,1
aibda,1
curicano,1
perrapado,1
citando,1
vasxxcão,1
missão,1
aumentava,1
venceuuuuuu,1
trida,1
gaaaaaaaaaloooooooooooo,1
toado,1
abusando,1
rennier,1
lentooooooooooooooo,1
mexidas,1
xoxo,1
permaneceu,1
temmmmm,1
amasssar,1
forda,1
assustadora,1
estranhíssimo,1
mergulho,1
perigosíssima,1
figurante,1
meiras,1
retrovisor,1
bestão,1
reconhecidos,1
obtidos,1
verdāo,1
imbativel,1
odiamos,1
coiote,1
papaléguas,1
online,1
galooooooooooooooooooooooooooooooooooooooooooooooooooooooooooooooooooooooooooooooooooooooooooooooooooooooooooooooooooooooooooooooooooooo,1
doidooooooooooooooooooooooooooooooooooooooooooooooooooooooooooo,1
frêgues,1
bebezinho,1
kadela,1
êxito,1
varmenguistas,1
sangra,1
mixirica,1
benecy,1
queiroz,1
desmiolada,1
bbbs,1
essakkkkk,1
refere,1
uais,1
indecifraveis,1
pque,1
ambulante,1
kkkd,1
magoar,1
uhum,1
jesuiis,1
achantes,1
virgindade,1
empregados,1
padrastos,1
dadá,1
ciênciano,1
menções,1
honrosas,1
puerto,1
excepcionais,1
fia,1
tamu,1
pontinhos,1
infectar,1
cuzeirence,1
tetas,1
kisuco,1
jaguara,1
ogrebbbio,1
tornozelado,1
sapatadaaaa,1
retardinho,1
poolta,1
consecutiva,1
azulixo,1
sercar,1
editados,1
clarezas,1
cuedo,1
viceee,1
cansamos,1
vaiiii,1
mofado,1
penhorada,1
fóruns,1
anais,1
olimpíadas,1
constantes,1
depósito,1
chamavam,1
naftalina,1
belvedere,1
lucrou,1
bastão,1
bilionária,1
midiáticas,1
importado,1
implorando,1
calculadora,1
lideram,1
processos,1
confissão,1
assinados,1
zumbi,1
manchas,1
unem,1
depelou,1
palmetletico,1
merdão,1
ggslo,1
aguente,1
zoações,1
competicoes,1
cozinhado,1
bbbremista,1
traumatizada,1
semente,1
amorte,1
escumungalo,1
ressuscitará,1
passarão,1
corromper,1
curintias,1
seguira,1
eral,1
merecidíssima,1
debil,1
cúzeirada,1
depressa,1
chorume,1
purretas,1
vícios,1
kksskksskkskssk,1
emplaca,1
suareeeez,1
muuito,1
pseh,1
maiôr,1
gaaaaaaaaaaaaaallloooooo,1
orelhuda,1
cholo,1
mariascñ,1
cataram,1
demolição,1
coisinhas,1
equiparar,1
ingraçado,1
doe,1
novembro,1
paraopeba,1
galinhakk,1
gaaalooooooooooo,1
desouro,1
tomatakadogalo,1
refaz,1
inqual,1
acordaram,1
recenre,1
deixá,1
lembrarem,1
wuem,1
quntas,1
cacetada,1
autofagia,1
giganted,1
caibulosa,1
kagão,1
kskskksksk,1
fantoche,1
mentirinha,1
pagina,1
acender,1
velinha,1
caveira,1
anabolizado,1
cheirado,1
jaquin,1
golfe,1
intencao,1
tequinico,1
paredes,1
balaqueiro,1
mcqueen,1
nnnba,1
ebdbnebdnbn,1
coleira,1
espusoes,1
incostou,1
cortesol,1
kkkskkkkskdkkdkkdkjdjdkdkkdkkdkdkkddk,1
regrediu,1
ansiosamente,1
bagunçando,1
relou,1
beijaa,1
cadeias,1
msssmmssmsmsmmmssmsmmssmsmsmsmmsmsmsmmmmsmmmmdmmsmmsmsmsmsmmssmsmmsmsmsmsmmmsmmsmmsmsmsmsmmsmsmmsmmsmmsmmmmsmsmsmmsmsmsmsmmsmmsmsmmsmmmsmmsmmsmmsmsmmmsm,1
brasileirinhos,1
nnsnennenennsnnsnannsnnsnnnsnsnnsnsnnxnnxxnnxnxnnxnxnxnnnnnznznnznxnnnxnndnnndndndn,1
falacão,1
braeil,1
mqmmmwmwmmmwmmwmwmmwmamamamammamamaammamammamamammmammammammamamamammmmammsmmsmamsmmsmamamamammmamamaamma,1
ammam,1
beja,1
nnnnnanwnwnwnwnnwnnnanannanannnsnsnnsnsnsnsnnsnnnsnsnnnnsnnnnanananannnsnnnxnnanannnsnsnsnnsnsnnssnn,1
jjjjawjnenejjenennenendnnenendnndndnndjdjdjjjsjndjdjdjdnndjdn,1
bandão,1
roubão,1
trisco,1
kkkkmmmkk,1
anannnnannaannnanananannnannnsnsnannannaannananannannanannanananann,1
nnanqnnwnanannannsnannasnnsnnssnnnnsnsnnsnsnssnsdndnndndnndnndndndn,1
turmas,1
mwmmmmmammaammmaammmammammwmammmmmamammmsmmammsmmammmmamammamamammammammamamammammmammamammmamamamammamammammammmmmsmmammmammammzmsmz,1
bejando,1
estuap,1
mimimibol,1
bobadilia,1
executada,1
mulambu,1
safadooo,1
vojnovic,1
heterossexual,1
útero,1
beckembauer,1
brazão,1
skskskksskkskssmsksks,1
nooooooooo,1
fudidas,1
crakudo,1
nooooo,1
kontrata,1
akele,1
doria,1
prfi,1
descabeçado,1
gayanco,1
piradinha,1
milton,1
carafchego,1
foice,1
enxadada,1
identifiquei,1
lyancooo,1
spritter,1
dificulta,1
lugano,1
desagrega,1
coma,1
fraaaaco,1
kiao,1
fikando,1
deciquilibtado,1
martins,1
surtiu,1
ciente,1
legallll,1
mariasssss,1
tendão,1
aquiles,1
braboooooo,1
afinaram,1
ranca,1
aaaeehhhhhh,1
supermariasbh,1
contribuir,1
insurpotável,1
mijota,1
reiscindia,1
burranco,1
pererira,1
intensão,1
noo,1
mdgdhdjd,1
geram,1
encenar,1
muleki,1
beijaram,1
temerosa,1
boçais,1
lyancco,1
bynca,1
braboo,1
botina,1
pecha,1
perseguir,1
playte,1
fianco,1
estresse,1
aleijada,1
garfados,1
redcast,1
bipolaridade,1
diagnosticado,1
carlinhos,1
otar,1
christo,1
ciúmes,1
surge,1
paunoku,1
tilti,1
ensacada,1
condena,1
médiocres,1
tek,1
linguica,1
digníssimo,1
especificamente,1
sabedor,1
telepatia,1
ppr,1
domingos,1
zagueiraso,1
vddeiro,1
partidassa,1
intt,1
atinge,1
ooxo,1
dulblagem,1
medicação,1
kank,1
convivo,1
adimito,1
idota,1
consultar,1
stick,1
figure,1
breathe,1
pretenção,1
intriga,1
imbecildades,1
imitam,1
arrasa,1
maletinha,1
repetem,1
remoção,1
indeusou,1
multe,1
fumam,1
pilhar,1
mayconha,1
firiam,1
insurportável,1
habilidosos,1
burricido,1
motel,1
chop,1
trampando,1
topava,1
remedinho,1
piorez,1
breasil,1
debiloide,1
chingam,1
relaxar,1
babaquices,1
ponham,1
apoiem,1
burrissimo,1
gringa,1
evoluírem,1
injustos,1
sofridos,1
dilema,1
intençao,1
maioritariamente,1
estampada,1
bostaflávio,1
analisarmos,1
irado,1
kayoken,1
aumentado,1
bart,1
farpar,1
suportou,1
metiolate,1
suspeita,1
alcoólatra,1
raxar,1
lixanco,1
tropeçam,1
tropeço,1
minissérie,1
armadilha,1
geromel,1
discípulos,1
desfaça,1
amansu,1
chatoooo,1
filhinhos,1
ganando,1
suportando,1
choraooooooo,1
lofi,1
arrumação,1
intervi,1
cpis,1
votações,1
mentiro,1
pitacos,1
protagoniza,1
amadoras,1
slsc,1
presidiários,1
bianka,1
banida,1
canelero,1
lyancon,1
psicológicos,1
preferimos,1
lessie,1
lyancos,1
justas,1
flalmenguista,1
obv,1
argumenro,1
bossal,1
unicórnio,1
colorido,1
camerq,1
cripitonota,1
foooooooooooda,1
chamarem,1
psicologico,1
cobrada,1
peba,1
merm,1
estimulam,1
doidinho,1
macheza,1
amarelar,1
réver,1
siilva,1
lyancao,1
redução,1
acalmam,1
pérna,1
desatre,1
cosplay,1
papelzinho,1
coroinha,1
posar,1
roubei,1
torino,1
riem,1
gustavao,1
revelamos,1
permita,1
embalar,1
extrapolam,1
disfuncional,1
pólvora,1
ditador,1
idolatrado,1
otamendi,1
supimpas,1
surgindo,1
concelho,1
kkaakkaa,1
braveza,1
descontrola,1
focam,1
frabricio,1
legendas,1
pacaraio,1
ocara,1
temerario,1
biruta,1
noooooooo,1
sondou,1
interpretativas,1
custos,1
cazaquistão,1
crc,1
aicado,1
bruta,1
mamo,1
gritavam,1
morfar,1
embalagem,1
shampoo,1
riandro,1
alimentou,1
alimento,1
mfgames,1
soladas,1
peli,1
aturam,1
valadares,1
reparando,1
decoro,1
ambulância,1
ruel,1
marikinha,1
reboco,1
ampliar,1
excessões,1
peitado,1
anarquizado,1
ironizado,1
ganhavam,1
assinada,1
escorraçado,1
patrões,1
guentam,1
urgentimente,1
meditação,1
profunda,1
fortnite,1
parcialmente,1
desincentivando,1
complique,1
gatuzo,1
clebão,1
exaltados,1
chupeteiro,1
exista,1
encoste,1
gere,1
corretíssima,1
explicou,1
kkkkkkkká,1
desfalcando,1
caquinha,1
atona,1
lyanquete,1
futebolísticamente,1
incorreta,1
escript,1
esdrúxulos,1
confundem,1
exposição,1
trabalharam,1
benefíco,1
coringi,1
equivalência,1
atlântico,1
jamersontago,1
descordando,1
acusou,1
piscologico,1
excessiva,1
temperatura,1
estável,1
tumultuou,1
raciocinou,1
truculênta,1
lençóis,1
complicando,1
sulaméricana,1
aterrorizando,1
pioneiro,1
midiático,1
floricultura,1
antipaticos,1
bancado,1
distribuia,1
quetonto,1
assistissem,1
felix,1
desnecessaria,1
ganhamo,1
chingado,1
terapeutas,1
terapeuta,1
choraaaaaaaaaaaaa,1
latir,1
defeitos,1
skkss,1
amizadezinha,1
castigados,1
atrasam,1
sensíveis,1
leando,1
carrascos,1
apoiadores,1
acentua,1
grandao,1
bolada,1
razao,1
bst,1
alg,1
sexteto,1
influenciado,1
melhoro,1
kkkkknngvbbbb,1
envolta,1
fik,1
mencionados,1
reclamada,1
xaropes,1
alugando,1
bhbet,1
calleri,1
lagartixa,1
ludibriam,1
acuse,1
prepare,1
lúcio,1
peppas,1
melindrosas,1
betis,1
aiaiaiai,1
mmammaammammammwmmmwmmemmwmamammqmmsmmqmammqmmwmmamsmmmamamsmmmmsmammammmmmmammmmqmmmammamxmmsmmmsmmsmmmsmzmzmmsmzmzmmmmmamammmmm,1
exulpadao,1
exulpadão,1
grenalização,1
escapismo,1
terceirizando,1
mmmzmmzmmmmmsmmsmmsmmmmmsmmsmmsmmsmsmmsmsmmmsmmmsmmsmsmmmmsmsmsmsmmxmmmmdmmmksmsmmsmmmmmmmsmsmmsm,1
ingratas,1
alecrins,1
dourados,1
asisstir,1
contestaram,1
assintosa,1
colaborar,1
relativamente,1
umbiguinho,1
inibir,1
gadernal,1
kkjkkk,1
cadernal,1
distenperado,1
lingard,1
skskskskskss,1
pancieri,1
votando,1
considerados,1
alexader,1
classica,1
ressentido,1
disputas,1
xingavam,1
peitada,1
faltoso,1
gozação,1
estravasar,1
ruimeiro,1
kaiomijorge,1
bocudo,1
tes,1
enjoada,1
odele,1
bebedora,1
plmns,1
jumentus,1
tados,1
vuando,1
assassinou,1
inimigadagramatica,1
riquissímos,1
minímo,1
inteligentões,1
pestes,1
tece,1
markita,1
varzeanos,1
icônicas,1
brutamontes,1
iidkvwkevnfajwtehtojljtkpwrhrhmwkqgemhrwmhowrrhmwwrhkwhrorqhphrwhrworhworhworhwhwrowrhojrwwrjjrw,1
kkakaakakak,1
pegol,1
mentavaeis,1
império,1
leveram,1
comdenar,1
jemti,1
soa,1
canção,1
pissado,1
pipoco,1
vinigando,1
catões,1
agosto,1
weerdeson,1
estaoajudando,1
ufckkkkkk,1
pms,1
curtem,1
preciosidade,1
frocho,1
kaioh,1
obsluta,1
bringar,1
chris,1
kkkkkkkkkkkkkkkkkkkkj,1
coraçoes,1
vagabundas,1
jkkkkkkkkkkk,1
tomaro,1
noku,1
pendendo,1
acelerar,1
invadindo,1
ebson,1
ferramenta,1
injoaveis,1
corresse,1
vetgonhsíssimo,1
feii,1
imobilizar,1
fasooooooo,1
jkkkkkkkkk,1
oferece,1
aro,1
vixxxe,1
copular,1
kaakkkkkkkkkkkkk,1
cuzzão,1
pacificação,1
ihaaaaa,1
possuido,1
nazare,1
belem,1
cido,1
qavfhd,1
qauqzo,1
akakakaka,1
ferraz,1
frescuragem,1
kskdkdjsjs,1
undaia,1
mininos,1
espeta,1
delee,1
farrapo,1
chutei,1
bande,1
booyah,1
kill,1
trocassão,1
rockeiro,1
headbanger,1
resiliência,1
ásia,1
funcionario,1
kaakakkakakakakakakak,1
futufc,1
atleticon,1
levantamento,1
culhoes,1
decretasse,1
ksksksskskss,1
relembra,1
prejuízos,1
divulgam,1
lesionaram,1
dteysydydydudurududududysydtststsysysydudystdtdystdysysysudyruritidudududydddtddrrerdrdtdtdtsgsyrudududydystsstststetsrsretetststsysysyeeerrsysystdddtssterstsysystsysgsydyeysysystssysyddtsdsdststdysyrtryeususysysydudydirutu,1
sysysydydysydddtdtdydydydydydstdtdydydsysysydysysydysysyryeyeyeyeyeyeyetsysyeysysysysysyeyeusyeudtdydydyrudysystsyryrydydhdhdyddysfdgdydurutidusydudydudydydududhdhsgsysfsyststsddtssdstststsysysysysfsssgsdsfsdstssysysgsg,1
eysyryeudysysysydysysysysysssdstststsyrusydyrudddtdystddyddtdydtddtdtdtdtdydydtdydudysysysyssysysysyststdysysgsgsgsysysydydyrydysysysydysysysyrysyeueyesteysysysysysysusystsysyststststststsysyrueydysyeysysyeusueueysustsysgf,1
eysydududydydydydydydydydydydydyddydydydtdydtdydyddydydydududyeurudurudurudydydydydyrurududydudydydyddtedydydysysysysysysysysysysgsysgststsstsyryrysysysrsrssysfsysysysysfudydudufudydududydhdhdhdydutudududhdhdhdhdhd,1
stsydudydydydydydydydydtdtsrddfdfdtsgddfdgdydydtdtsgdgdgdtdgsgsgdddrdfdfdgddfdddddhdhdudtsgdddfdgdfdgdfddfdgdgdgdgdgsfdgdgdgdgsgdgdydududydudydtdydtdtdyfyfydtdtdydtdydydydtdtdtdydfdydydyfudududufyfyfhfhgdgddydydydudufududududufudhdhdhdysydududhdgdhdydhdhdgdgdgdysydududydyeyeyeyeydyrueudyeedydydtdydtdtsydtdysydyrudysydydydurudyddydtdysysysysydyrududururydydydyshdgdgdyrysysydydydurudysysydy,1
dyeyeyeydtdydysysdysystsgdydysydtsstststrysysysysyeyeedeteetssseteetststsysyststsystsyststsysysydysdydtdysysydysyddfydududydtryrydydydyrydydtdtdydysdgsydfhdtdtdtdystdtddgdgdydystdtststsydtstststdydydystsyssrsdtsydydysysysysysysydudydydtdtdtdgdtdtdtdtdtstsysstsststststsydydtddydydydydstsrstsstsreetsysysdyeeersreetsdrssrsrsessrsrssrseystdtsysydysysgdysydyststsrsysysyrurudydysysysstsrsrstsrstsrstsststsststssdtssersssrsdsdssesdsfsysystststsystsssrstsssrsststsrstsydysyeyrysysysysysyrydydyssudydydydudydydysydydydydudydysyrusydurydyrydyeyeyeydyrsysyrudydyeydydurudufur,1
kkkko,1
voadores,1
seriado,1
pirata,1
empatasse,1
disputassem,1
nutelaa,1
boyzao,1
porrraaaaaaaaaaaaaaaaaaaaaa,1
imaginam,1
rapozões,1
chou,1
fortíssimas,1
pkrl,1
carralho,1
expliquem,1
atris,1
talentosa,1
pabeins,1
assi,1
tivem,1
incriveis,1
pangada,1
compilação,1
byanka,1
boassa,1
estetuicao,1
cássios,1
jkkkkkkkkkkkkkki,1
deslaique,1
laique,1
track,1
torano,1
acabara,1
lembrada,1
fraquissímo,1
apovoro,1
propagandas,1
sksksksksksk,1
absulute,1
tore,1
sekai,1
taikai,1
cacetava,1
wrestiling,1
exploro,1
linkim,1
batalhas,1
animes,1
erverson,1
evervson,1
atetas,1
dinhiro,1
comprir,1
expulçao,1
macha,1
prestígio,1
kkkkkmkkk,1
assistirei,1
acompanharei,1
foii,1
nesa,1
leseé,1
adoraram,1
uuuuuuuuhuuuul,1
tadado,1
ganlinha,1
lamentáááveis,1
moralmpune,1
previstos,1
código,1
magic,1
impressionada,1
detestei,1
gradiadores,1
momentoskkkkk,1
centesima,1
ultrapassou,1
facks,1
clnorao,1
aclnando,1
durmir,1
apanhdo,1
tretaaaa,1
kaakakaka,1
raudes,1
grexnal,1
chazinho,1
pelúcia,1
kbulozamente,1
pareçendo,1
acusando,1
institucionalizar,1
sedenta,1
escolhermos,1
tarefa,1
irruuuuu,1
restaurantes,1
chik,1
juntinhos,1
eletrico,1
viwes,1
risos,1
futequebra,1
afrescos,1
baladas,1
anulada,1
golpista,1
viciante,1
contemplados,1
kandansann,1
hhhhhhhh,1
hhhh,1
karaiooooo,1
purissímo,1
securanças,1
mantenham,1
presentão,1
digladiando,1
expresso,1
recuperaram,1
ahahahahh,1
favelão,1
madagascar,1
atrolpelando,1
jogardo,1
flus,1
direi,1
raizzzz,1
iiiiiraaaaaaaa,1
treinam,1
possíve,1
interrompemos,1
edition,1
quixote,1
pugilistas,1
pleiteam,1
viusualizaçoes,1
hehehege,1
ueh,1
divertiu,1
lamentablemente,1
cliquei,1
eternizada,1
degladiado,1
sicário,1
lian,1
limpinha,1
moooreeê,1
npcs,1
jagador,1
acendeu,1
brigaaaaaaaa,1
desperdiçar,1
gaste,1
agrana,1
tops,1
representantes,1
amoral,1
bolores,1
faxina,1
amerda,1
instintivo,1
gerra,1
genro,1
escrotão,1
horosa,1
galega,1
dominam,1
lucrativos,1
rabiola,1
estranhamente,1
esperem,1
frota,1
desencontro,1
escorão,1
pitubul,1
zovos,1
espécie,1
imbessis,1
especulações,1
kskssks,1
vazava,1
viws,1
pêia,1
retirados,1
responsabilização,1
loteria,1
praiami,1
carvoarias,1
manero,1
john,1
estúpida,1
cupado,1
coirados,1
sar,1
brm,1
vazando,1
reclamaram,1
kkkj,1
lianka,1
fatura,1
dominó,1
kdkkskd,1
nuvida,1
lamentaveus,1
visualizaçoes,1
desclaficados,1
formosa,1
financia,1
mobilização,1
baseadas,1
inverdades,1
tidas,1
sacramento,1
desci,1
injuriado,1
barraca,1
pesando,1
sentamos,1
torpe,1
simmmmm,1
brigakkkķk,1
tiger,1
agressoes,1
parti,1
minina,1
deue,1
sinonimo,1
analfabetas,1
incomodou,1
hauhauhauhauahuahua,1
prevendo,1
visualizacoes,1
tordicida,1
decepcionada,1
morrreee,1
kkkkkskksskskkskkskskskskwkskskskkwkskwkkskskkskskkwkskwkskkwkwkwkkwkwkw,1
instruir,1
antas,1
esporta,1
copiaram,1
barreiras,1
fixam,1
comandante,1
ganharo,1
indefeso,1
animadinhos,1
basicas,1
possibilita,1
visualizadas,1
sgt,1
liberados,1
pncs,1
deviria,1
incita,1
compartilha,1
narando,1
telekete,1
montilla,1
ted,1
miseráveis,1
bell,1
envolverem,1
agui,1
poxaa,1
voadeiras,1
verddeiro,1
amalfiçado,1
pensamentozinho,1
sior,1
teness,1
frescurada,1
rodou,1
colas,1
véias,1
absolvantes,1
dibulgando,1
mijei,1
sustentado,1
exibido,1
hkkkkk,1
cosegas,1
alaranjada,1
indica,1
adoraria,1
menospreso,1
matacobra,1
jkkkkkkkkkkkkkkkkkkkkkkkkkkkkkkkkkkkkkkkkkkkkkkkkkkkkkkkkkkkkkk,1
meeeeengooooo,1
crube,1
atraves,1
demim,1
veijo,1
tuf,1
sogra,1
bagaceiro,1
xinelão,1
acadelaram,1
criarem,1
escorrer,1
melado,1
acrescimos,1
infinitos,1
quinhetos,1
quinze,1
escolares,1
mostravam,1
dobrou,1
porradra,1
reprisar,1
joinha,1
mlhores,1
vizualizacoes,1
patrão,1
lombos,1
elastômero,1
mangustus,1
teshwggus,1
kibommm,1
barbáries,1
cometidas,1
facções,1
lavam,1
legalizada,1
áhhh,1
osmose,1
franquissima,1
alento,1
explodiu,1
manchetes,1
fearplay,1
compre,1
ufcfootbol,1
graçaaaaa,1
escalados,1
balboa,1
glo,1
tímiko,1
magnetude,1
lambessão,1
ksdjgakljçsdlkgja,1
bestificado,1
irreversível,1
porrra,1
vilalva,1
estupida,1
porrasaaaaa,1
alopra,1
tropeçado,1
charopão,1
demissão,1
respectivos,1
paneleiros,1
baliza,1
efetio,1
elastomero,1
hoolk,1
macumbado,1
incendiou,1
arisco,1
kkkkkkko,1
mozovos,1
المغرب,1
احببت,1
المعركة,1
القلب,1
سوف,1
نطرحهم,1
ضربا,1
مرة,1
اخرى,1
فريق,1
الديك,1
المتغوض,1
esmurrar,1
corewndo,1
boila,1
provação,1
pézinhoss,1
baralha,1
aflitos,1
gloooooobooo,1
cornos,1
tumb,1
khabib,1
macgregor,1
gastarem,1
gelol,1
pedrada,1
domador,1
estrala,1
humildes,1
sab,1
furacões,1
terremotos,1
incêndios,1
florestais,1
mudancas,1
evidentes,1
conceder,1
adore,1
honre,1
glorifique,1
dadan,1
vagabudangem,1
questionam,1
respinga,1
presidiário,1
porrrada,1
galinhagem,1
retornavam,1
alterou,1
sobir,1
surrar,1
chistian,1
sequi,1
contribuíram,1
jackson,1
abraçarem,1
curtina,1
amostrando,1
excencia,1
maestral,1
ajudaria,1
empolgados,1
tramaram,1
mensagens,1
acreditarem,1
canelada,1
mascarada,1
ridddiculo,1
ueveton,1
aluguéis,1
magnífica,1
assistiriam,1
resistência,1
distribuída,1
pedaco,1
lask,1
raposada,1
ensinado,1
didática,1
estavamos,1
timoteo,1
ferozes,1
falecimento,1
indicação,1
reavivar,1
nhein,1
aspiras,1
ksmsks,1
piolhento,1
escritas,1
fashion,1
week,1
bolsinha,1
creminho,1
faltrando,1
inflamaram,1
robotizados,1
veridicamente,1
chocando,1
firmeza,1
shorst,1
protegidinho,1
compitivo,1
deija,1
quamdo,1
numca,1
locuraaaa,1
torsida,1
tietê,1
gladiar,1
explodiram,1
indinigado,1
titite,1
impocrita,1
podiaaaaa,1
simmmmmm,1
recortando,1
verifiquem,1
ahahahahahahahahahaha,1
lyanquinho,1
autentico,1
desstes,1
gostassem,1
armageddon,1
restringe,1
entrará,1
valentáo,1
somadas,1
hypar,1
improvisar,1
respiramos,1
revival,1
dourada,1
escalaria,1
dezima,1
repostar,1
paginas,1
faturar,1
resgatando,1
prabéns,1
deserviço,1
sádica,1
sobrinho,1
cultivando,1
funkreiros,1
defenderem,1
arrancasse,1
dançasse,1
valsa,1
pesar,1
ksksksksksksksksksksksksksk,1
irar,1
pêra,1
bringa,1
quey,1
corretas,1
corrigiu,1
taser,1
cavalaria,1
tobias,1
aguiar,1
ferradura,1
viralizando,1
vengo,1
intervengo,1
siutações,1
saca,1
solicitada,1
divertirem,1
glaciar,1
bajular,1
cabecada,1
nobres,1
confrades,1
árdua,1
renascentista,1
povos,1
reunidos,1
regojizando,1
confrade,1
babilônia,1
messias,1
curintianu,1
ervesson,1
levatace,1
teresinha,1
varginha,1
siscando,1
carta,1
kkkkkkkkkkkkkkl,1
certeira,1
fugilista,1
generalizou,1
ernerson,1
asficciou,1
arrumava,1
rasta,1
gangsta,1
dropa,1
album,1
absorve,1
pentacampeão,1
maloqueiro,1
desequilíbrado,1
normalizou,1
biologia,1
fóbico,1
adoecendo,1
esferas,1
dívidida,1
centavos,1
revoltaram,1
cerginho,1
deveriamos,1
nutellice,1
far,1
trilhas,1
sonoras,1
fall,1
lose,1
doesnt,1
bodies,1
floor,1
deformada,1
levantei,1
prestando,1
tretaram,1
envolveiro,1
tecnicos,1
duzia,1
prassar,1
coiss,1
vezer,1
memoráv,1
gráfico,1
repetidos,1
comcordo,1
kakakakakakakakakakakakakaka,1
caídos,1
hahahahaahahahh,1
visus,1
filas,1
contude,1
acontessa,1
penitenciária,1
mun,1
kalecisini,1
önce,1
dövmeli,1
olaylara,1
sebebiyet,1
verdiği,1
için,1
ömür,1
boyu,1
etmeli,1
dançado,1
oram,1
havera,1
odvan,1
rivarola,1
amaral,1
fofoqueiras,1
hud,1
fde,1
ambite,1
slkk,1
mimizada,1
kdjdkdjdkdkd,1
assistida,1
domingueira,1
carnavais,1
resolvidas,1
contaminam,1
franguéiro,1
comessou,1
babaros,1
feão,1
povinhos,1
graaaande,1
aproveitem,1
animou,1
gracyane,1
bandas,1
transgressores,1
desfalcaram,1
kkkkkbrincadeira,1
midiazinha,1
irreverente,1
punível,1
curpa,1
galaaao,1
tombando,1
descansarem,1
descontrolando,1
idônea,1
encaminhado,1
psiquiátrico,1
pqn,1
çekimde,1
izleyince,1
anlaşiliyor,1
bálcãs,1
dícen,1
peguen,1
puras,1
caricias,1
quieran,1
donamos,1
expatsculo,1
sophia,1
adu,1
jotos,1
caiooooooooo,1
pasión,1
afcon,1
senegal,1
walking,1
mean,1
doídos,1
choca,1
vacía,1
satisfacción,1
kinema,1
empenado,1
figueirense,1
exibiu,1
moji,1
salga,1
wanangu,1
mpoo,1
desmontam,1
afasto,1
adoração,1
estaban,1
responsaveis,1
jazzghost,1
minecraft,1
exrra,1
nasa,1
madurecimeto,1
pracarai,1
melhorias,1
brazilan,1
arrecadado,1
sussa,1
angelitos,1
desleales,1
concerto,1
milhõe,1
padsou,1
tensos,1
irritados,1
oriente,1
ucrânia,1
chamas,1
enfrentaren,1
reí,1
resolvieran,1
diferencias,1
serromano,1
otimista,1
porradaaaa,1
follow,1
bald,1
brochonaro,1
aplicó,1
misma,1
rudiger,1
agarrado,1
grávidos,1
suspense,1
goalpost,1
badly,1
expiração,1
orgia,1
surubão,1
surubaço,1
cometió,1
terminó,1
crema,1
alema,1
surcursal,1
sintetizando,1
somatizando,1
wahala,1
ocasiona,1
carhallo,1
desmaiados,1
africa,1
shaame,1
tapou,1
esfregou,1
niñas,1
cássioooooo,1
pudo,1
camaradas,1
used,1
reel,1
resultó,1
mancaso,1
vengadores,1
reaction,1
penontonnya,1
jika,1
tentu,1
akan,1
membuat,1
kekacauan,1
groseros,1
calentamos,1
dejar,1
upgrade,1
darvozabon,1
kotni,1
deb,1
boldi,1
hammasi,1
suspençao,1
implicado,1
satisfeitos,1
bailes,1
gaúchos,1
tirenle,1
distraerlos,1
barbarie,1
agirem,1
castolira,1
orangutates,1
prox,1
fault,1
polentas,1
cacos,1
aguantan,1
weekend,1
kemga,1
pelean,1
pasea,1
cette,1
vidéo,1
tour,1
monde,1
documental,1
bailarino,1
tchan,1
jumenta,1
galeiro,1
lipse,1
melindroso,1
zeeeroooo,1
omosapin,1
devriam,1
irradicados,1
briha,1
expectations,1
esquento,1
raspadinho,1
nana,1
rumbeira,1
inespressivo,1
repercutindo,1
cardume,1
sardinhas,1
debatendo,1
tribal,1
bonecos,1
apostaria,1
comentadeiros,1
trincheiras,1
goosfraba,1
quam,1
calsou,1
ctuzriro,1
hubiera,1
guardaespaldas,1
hinchado,1
ojo,1
participavam,1
punicoes,1
otimas,1
brigada,1
inesquecivel,1
ufcbol,1
alquile,1
longos,1
apaixonante,1
gladiadoress,1
demonstracao,1
foras,1
politicos,1
geracao,1
aqueta,1
brigad,1
bag,1
entidade,1
deverá,1
riqueza,1
ugly,1
stain,1
quejan,1
desigual,1
clases,1
pinches,1
ojetes,1
tate,1
grandinhos,1
fracaso,1
intercional,1
gel,1
salguadin,1
viril,1
maravilloso,1
invite,1
ref,1
turkey,1
daram,1
făs,1
неплохое,1
мочилово,1
держись,1
бразилия,1
extrañan,1
caballeros,1
animalitos,1
otras,1
bestias,1
extrañas,1
cualquiera,1
barrial,1
porquería,1
mafiosa,1
convirtió,1
agarro,1
banderín,1
edukação,1
cidadões,1
narrava,1
brasilbet,1
voyous,1
joue,1
toute,1
manière,1
aucun,1
dans,1
peuple,1
soit,1
disant,1
papá,1
arrodillan,1
homenaje,1
ease,1
girl,1
carregados,1
interrompida,1
cargos,1
criancinhas,1
pivor,1
sucia,1
lamenhintavel,1
palos,1
aparecen,1
llamen,1
locales,1
dejan,1
mansalva,1
points,1
deducted,1
peores,1
brasileida,1
perico,1
sustancia,1
haga,1
millonarios,1
quinientas,1
toneladas,1
fentalino,1
dejsr,1
hacerse,1
independientes,1
qum,1
boge,1
groseria,1
pasó,1
agreções,1
cque,1
desencadeando,1
salió,1
gamines,1
despenaram,1
punhado,1
olsaydı,1
girerdi,1
katliam,1
olurdu,1
ummmm,1
seríamos,1
hexacampeões,1
poner,1
comenzar,1
sancionar,1
profesionalmente,1
verán,1
vuelve,1
femenino,1
raizes,1
familiares,1
estressa,1
fuzuê,1
largoulhe,1
odiei,1
amaciar,1
tendría,1
disciplinaria,1
antecedentes,1
reflejos,1
reacciona,1
golpeen,1
sometido,1
vienen,1
golpear,1
birga,1
ínter,1
facar,1
allá,1
barderos,1
brazucas,1
universidad,1
lavada,1
rudiguer,1
llamo,1
atencion,1
lampolicia,1
pegarle,1
morderlos,1
perros,1
seleccionados,1
lastiamar,1
incliso,1
detenidos,1
aca,1
extraño,1
extarño,1
prah,1
ateh,1
gringole,1
strict,1
relegation,1
lowest,1
division,1
receive,1
three,1
actions,1
damage,1
promote,1
unity,1
among,1
gonna,1
sur,1
creía,1
hacía,1
caralhoooow,1
insustentável,1
relevar,1
accionar,1
petecando,1
puir,1
invalido,1
intredinento,1
reprime,1
hinchas,1
ejemplificante,1
zóio,1
hardcore,1
jungla,1
estampa,1
apitite,1
colocarem,1
curtiram,1
caus,1
aceitável,1
desprezam,1
acontecimentos,1
exageram,1
coniventes,1
sangud,1
formamos,1
predominando,1
tdas,1
bellator,1
profionalisno,1
cavador,1
desgraçad,1
haya,1
reacción,1
cavernícola,1
inspirado,1
licas,1
inconsientemente,1
boaaaaaaaaaaaaaaa,1
menurut,1
keyakinan,1
memang,1
awalnya,1
tekelnya,1
kuat,1
kepancing,1
emosi,1
karena,1
posisi,1
kalah,1
diving,1
habis,1
nekel,1
osa,1
klkkkkkkkkkkkkk,1
sorprende,1
encacetando,1
chido,1
entretenimiento,1
cadas,1
lamentam,1
gonorrea,1
criste,1
nooooooooooooossa,1
interessar,1
salta,1
practicamente,1
mulk,1
folclore,1
liam,1
analizando,1
imágens,1
babies,1
radiado,1
internação,1
neurológica,1
manners,1
invasores,1
práticas,1
sobrenombre,1
muñequita,1
assumo,1
sapateou,1
bajaría,1
categorías,1
vacante,1
ligi,1
şey,1
malito,1
demaisssssssssss,1
pancadadia,1
pelón,1
pide,1
pédovido,1
bano,1
charla,1
ksjsjsjs,1
fabrizio,1
brought,1
brains,1
perímetro,1
terceirizadas,1
contratadas,1
vigiar,1
algorithm,1
recommend,1
touchdown,1
foots,1
apresentador,1
bancárias,1
recheadas,1
comedy,1
hour,1
long,1
kindergarden,1
nativos,1
sudeste,1
sensatez,1
mrd,1
smashing,1
betrayed,1
desclassifica,1
vicio,1
favoreceria,1
malfeitores,1
footmall,1
negrada,1
chegale,1
escándalos,1
kkkkkkkkkkkkkkkkkkkkkkkkkkkkkkkkkkkkkkkkkkkkkkkj,1
anying,1
mios,1
ofenden,1
urishasiz,1
amerikaning,1
urushi,1
sizga,1
yetmaydimi,1
marciales,1
highligts,1
kos,1
pussies,1
classical,1
queens,1
aindam,1
jogadoras,1
csda,1
cosa,1
entrenan,1
coliseus,1
marreta,1
possibile,1
nessuno,1
avuto,1
mettere,1
pace,1
envidia,1
huevos,1
volvieron,1
señoritas,1
estraño,1
vigar,1
marquinho,1
arregalado,1
militão,1
loiras,1
martinelli,1
europeia,1
daquiiii,1
richaison,1
amazonas,1
incapacitados,1
intelectualidade,1
dare,1
touch,1
guapo,1
cruzó,1
debemos,1
notas,1
comadres,1
pensem,1
instrumento,1
saudemos,1
paullistão,1
channel,1
beaten,1
pisarem,1
dependeria,1
inválida,1
alrighty,1
promiscuidade,1
academy,1
echaron,1
fallan,1
terrible,1
imagen,1
manche,1
hacia,1
basxxrd,1
tay,1
daban,1
pitada,1
facões,1
huahiajia,1
что,1
крыса,1
подбежала,1
сбоку,1
деру,1
дала,1
ofensa,1
hate,1
racism,1
incapable,1
acting,1
beings,1
descontroladaas,1
kakaa,1
pollo,1
cruzo,1
començou,1
fools,1
comenarios,1
bira,1
apresentam,1
movia,1
expandir,1
lançamentos,1
profundamente,1
importei,1
clickbait,1
reativo,1
europeos,1
entienden,1
diviérten,1
dispulta,1
proximidade,1
luck,1
topssa,1
muestra,1
casssssioooooo,1
desencadeou,1
voll,1
geistig,1
behindert,1
aber,1
zusammen,1
fábrica,1
deito,1
vergomha,1
armagedom,1
xaropinho,1
rapaaaaaaaaz,1
tudu,1
lamentabilidade,1
vilaba,1
quengaral,1
eeh,1
vergpnha,1
fervor,1
moranguinho,1
eeeeehh,1
panacas,1
whahahaa,1
rameeew,1
repeti,1
almoçando,1
kskskkss,1
hebat,1
kedua,1
terpancing,1
emosinya,1
qwebra,1
qwe,1
penharol,1
sacó,1
manifestação,1
celebrar,1
caught,1
mosh,1
levolaram,1
capotes,1
primitif,1
logístico,1
míneiro,1
bodega,1
ليست,1
حرب,1
شوارع,1
تدخل,1
الاتحاد,1
وإيقافهم,1
جميعا,1
ليكونو,1
عبرة,1
ويحترموا,1
الدوري,1
الاطفال,1
لايفعلون,1
zeca,1
tier,1
kkjkkkk,1
peidei,1
melei,1
comica,1
precisei,1
aşağiya,1
tolol,1
anca,1
cifras,1
habría,1
bajita,1
devidas,1
extravasa,1
extremamentes,1
locução,1
meo,1
folklore,1
mortais,1
futboooooool,1
juegueeeeeeeeeeeeeeeeeeeeeeeeeeeee,1
demorado,1
lmaaaaaoo,1
turkish,1
juíze,1
escoltar,1
goliás,1
kong,1
ahahahahah,1
短時間最多人睇嘅巴西聯賽,1
ringe,1
nock,1
suspended,1
bızım,1
atlardı,1
walece,1
gogó,1
llega,1
excellent,1
fechariam,1
bancario,1
vieta,1
produtor,1
madrazo,1
recuerden,1
dop,1
envergonmhados,1
jogadrres,1
teem,1
bicudando,1
antecipa,1
cobrará,1
клоунада,1
atrevió,1
talks,1
genta,1
lamente,1
preguntan,1
imbécil,1
godzilla,1
weones,1
malos,1
harto,1
arañazo,1
chilenos,1
peruanos,1
ossssss,1
frr,1
stop,1
jwhjehehehehehwh,1
haahahahahha,1
cabron,1
jamas,1
sales,1
perdiendo,1
monse,1
éeeeeeeeeeee,1
drunk,1
type,1
behaviour,1
nightclub,1
gangs,1
hyped,1
cocaine,1
puso,1
tedioso,1
estancava,1
quina,1
enceradeira,1
teamfight,1
katarina,1
defenderei,1
gratificante,1
dinâmica,1
pisapé,1
setuju,1
filosofi,1
contoh,1
oleh,1
lain,1
bombar,1
inhabilitación,1
eksik,1
ansammlung,1
vollididioten,1
kraiiiiiiiiiiiiiiiiiiiiiiiiiiii,1
chupes,1
vergonhaaaaaaaaaaaaaaaaaaaaaa,1
futel,1
lorenzo,1
ouvie,1
exímia,1
honrados,1
confortadoras,1
kskskskskks,1
pues,1
beisbol,1
tampoco,1
escándalo,1
beisebol,1
hahahahahahaahhahahahahahahahaahhahahahahahahahaahhahahahahahahahaahhahahahahahahahaahhahahahahahahahaahhahahahahahahahaahhahahahahahahahaahhahahahahahahahaahhaha,1
götlük,1
yapmış,1
oysaki,1
adam,1
vuramayacagini,1
anlamış,1
üstünden,1
zıplamiş,1
olayin,1
sorumlusu,1
kalecidir,1
seeing,1
grüsse,1
aus,1
brasilien,1
invalida,1
desqualifica,1
esquipes,1
yalnızca,1
saatte,1
milyon,1
görüntülenme,1
morir,1
minor,1
integra,1
bringuinha,1
arema,1
persebaya,1
crash,1
pularia,1
casoy,1
ventura,1
yellow,1
completely,1
held,1
accountable,1
excessive,1
malayalam,1
areeelumm,1
onndoo,1
kerala,1
obrigatória,1
sulamericanos,1
simple,1
solution,1
making,1
attacks,1
charged,1
criminally,1
evidence,1
swinging,1
prevent,1
twice,1
attacking,1
giving,1
clicado,1
bronxxx,1
clarão,1
mídias,1
filhodaputa,1
meeetaaaa,1
derrotar,1
asco,1
asquerosos,1
pensaria,1
huahsusahduashdudhuashduashd,1
cdi,1
contassem,1
acreditaria,1
nestas,1
causadas,1
aplicadas,1
proporcionalmente,1
açucar,1
vayan,1
fahişe,1
çocukluğunu,1
sonrada,1
kenardan,1
izliyor,1
fahişenin,1
dünya,1
savaşını,1
ran,1
bekliyorduk,1
çıkmış,1
castigos,1
brandos,1
irradiado,1
âncora,1
ministro,1
decrim,1
vitrine,1
niño,1
joven,1
hul,1
igualo,1
ahahahaha,1
bailado,1
izlerken,1
gelip,1
paldır,1
küldür,1
topçuya,1
helal,1
olsun,1
hablar,1
cagan,1
widow,1
armados,1
atro,1
atheticano,1
nooooooo,1
funko,1
pooooooooppy,1
capitán,1
monetiza,1
ballbliz,1
precisos,1
simultâneo,1
miro,1
australoptecos,1
raciocionio,1
joker,1
marrenta,1
trato,1
corneteiro,1
revalida,1
meterola,1
lacracao,1
puestos,1
hacerle,1
ahahaahhahahahhahaahha,1
adote,1
日本でもニュースになってた,1
bonecão,1
velhote,1
cacet,1
egnraçadão,1
bista,1
stupiiidd,1
horoso,1
audiencie,1
taz,1
ficção,1
rapaaazzz,1
relacionando,1
comprovando,1
poota,1
tudos,1
espectaculo,1
encerrava,1
tawuran,1
njir,1
voy,1
reacciones,1
creo,1
entrenamiento,1
llamado,1
demasiado,1
sabremos,1
pies,1
personalizada,1
aimmm,1
macaquitos,1
artístico,1
hahahauahahaha,1
esté,1
espantado,1
cobardemente,1
sentiram,1
inicialmente,1
tatuados,1
expulsen,1
terminara,1
nobody,1
ipocrita,1
bipolarizam,1
expulsó,1
defensas,1
jugarán,1
reloj,1
hacían,1
dejaba,1
tanda,1
perdía,1
listo,1
guevada,1
dañando,1
reforma,1
veado,1
imip,1
cameram,1
crtao,1
golera,1
vil,1
fazado,1
tudus,1
انها,1
مجرد,1
رفاق,1
الامر,1
يحتاج,1
لكل,1
القتال,1
المؤسف,1
تقومون,1
بتشويه,1
صورة,1
امام,1
correntinha,1
semoga,1
sukses,1
selalu,1
yıkamamışlar,1
ossai,1
steel,1
alive,1
cac,1
wwf,1
revidaram,1
soltassem,1
pombinha,1
estendido,1
respirada,1
crucifix,1
position,1
topuria,1
kakkakakkakakakakaka,1
decirle,1
valla,1
terrorists,1
valió,1
maldt,1
haberden,1
gelenler,1
garantías,1
verla,1
exigirles,1
contagian,1
kilómetros,1
tales,1
panoramas,1
tiltulo,1
confederação,1
trophy,1
macacacda,1
macacada,1
gostaaa,1
movida,1
estrofa,1
luna,1
mecha,1
prendió,1
balazos,1
madrasos,1
riña,1
primero,1
ajudarem,1
kklk,1
brigra,1
maromba,1
quilos,1
lamentávelmente,1
olocooo,1
ksksksksksksk,1
sigam,1
competiçoes,1
únioca,1
enoja,1
vonta,1
guspiu,1
moido,1
jkkjjkkkkkkkkk,1
monkey,1
farra,1
maise,1
riticulos,1
fasi,1
filisimeneti,1
sero,1
sentende,1
reúnem,1
contos,1
fadas,1
revoltarão,1
floresta,1
alef,1
quisieron,1
baloncesto,1
melhoes,1
monentos,1
cenegrafistas,1
сразу,1
видно,1
футболистов,1
дерутся,1
бабы,1
больше,1
криков,1
чем,1
дел,1
sintonizar,1
massificação,1
futparodias,1
paródia,1
marrecos,1
jutebol,1
irmaos,1
voltooooo,1
olvide,1
empezo,1
bronxs,1
comentada,1
virasse,1
didn,1
understood,1
shihh,1
astronômicos,1
superestimados,1
recibió,1
neiro,1
constituição,1
vegumha,1
muuuuuito,1
pirueta,1
levantava,1
piu,1
tifoso,1
della,1
fiorentina,1
massive,1
seguramente,1
sancionará,1
eximir,1
movements,1
fields,1
espalhado,1
meios,1
dire,1
profesionalimso,1
tletico,1
importados,1
desmadre,1
within,1
second,1
contratada,1
aconteçam,1
fanger,1
kkkkkkkko,1
hunger,1
อดๆ,1
djalma,1
calm,1
acusada,1
democrático,1
arbritagens,1
brocks,1
despótivo,1
maquinado,1
nãoo,1
caaaaaassiiiiiiiiooooooo,1
seleçoes,1
nogeira,1
aquisitivo,1
conselhos,1
incidents,1
advanced,1
countries,1
japan,1
tornariam,1
acostumada,1
hoquei,1
éra,1
boty,1
lugo,1
quebrarem,1
bicudou,1
narrrador,1
realiidade,1
booked,1
éstos,1
hahhaahahhahaha,1
enso,1
salame,1
word,1
villagers,1
shem,1
gresso,1
viiiuuss,1
haahahahh,1
atribou,1
eceso,1
drazileira,1
americado,1
nãoa,1
ceitou,1
violençia,1
espulssõeszinhas,1
penalized,1
disciplinarmente,1
gustaría,1
medel,1
trigésima,1
ehrlose,1
kleine,1
fotzen,1
dahoraaa,1
requer,1
njirr,1
lançado,1
slapping,1
away,1
sums,1
voltaa,1
aplicando,1
leniente,1
ganhavamos,1
rame,1
cik,1
bia,1
sulista,1
kskskskskssksk,1
borges,1
kasoy,1
finales,1
defiendo,1
careless,1
highlight,1
nãooo,1
candansan,1
necessários,1
ettiğini,1
yaşar,1
wah,1
urrando,1
redor,1
klo,1
suporternya,1
bertarung,1
enojar,1
comparo,1
desunidao,1
pobrizinhos,1
reforçada,1
fodaaaaaaaaa,1
sugundos,1
diferenciar,1
rasgaria,1
avaliado,1
dobra,1
deslizando,1
interações,1
injustificada,1
tipificar,1
aumentam,1
instantâneo,1
estrupício,1
montanha,1
jóia,1
pohada,1
contemplem,1
magico,1
desbloqueada,1
forgado,1
pinscher,1
ejemplos,1
empezando,1
mujeriegos,1
encoxou,1
politica,1
redoill,1
meterse,1
actuando,1
twd,1
peraí,1
kkskjsksks,1
aplauso,1
hincha,1
guardo,1
estruendo,1
rapousa,1
pancadeira,1
doará,1
volkswagen,1
padres,1
traduzindo,1
metiera,1
chingados,1
costuraram,1
saibam,1
sharingan,1
responsabilidades,1
bolacha,1
pacote,1
comio,1
atajar,1
ignoranci,1
intolerância,1
atrocidade,1
desronha,1
puskats,1
lacradora,1
diario,1
muertos,1
barrios,1
calles,1
fabelasz,1
mqs,1
eysydydudududusyrusutudududydydydydydudydysysydydysysystsysysydysysysysysysyshsgsyststsysysysysysysysgsysysysysystsywysyersteteyeyeteteteteteysysysysysususushsyshsgsyststwtsysysyststsysgdudysydusysysudysydysysyeurisudydyeyeyeyeyeteyeyeueuetetstdtsrdtdystsysueueududyshdsydtdgdydydydududurudududustdgdydysysyrurutydydtrydydysyerydydysysdystdftdysysydtdyddydydydydusydydydydtddududydudududyddydydusysudusysystsysystsysysysystsysydydususysg,1
obrigadooooooo,1
mío,1
dnd,1
deportistas,1
members,1
cartel,1
ahahahahha,1
pancadareia,1
levandl,1
sancionado,1
eyeydusydydysysysysysysysysysyststststsysysrysysystsysrsysgsystsyeydusydysysgdystsystsdydydydydysysysyststsystsysyststsysysyeysysysystsysysysystsysrsteyeudududysydtdydydydydydydydydydydudydhdhdgdhdgsydhdhdhdyshdhdhdhdhdhf,1
esperemos,1
fenómeno,1
tirandose,1
jjjj,1
timinhoooo,1
reprimir,1
cinderala,1
zeysysydysydysysydysysysysysyststdtsysysyststsstststststststsysysysysysysstsysudusysysysyststsststssrsststsrstststsyeyeueueydydtsdtdtststsyststsstsrsysysysysysysysreysysysusysysydusstsrststsrsstsysysydysydydusysysysysysyststststsysysysysgshdgsgsgzgxgxgxgx,1
attık,1
beyler,1
haftaya,1
calções,1
salvajes,1
tercer,1
forward,1
coward,1
pedradas,1
infiel,1
bundadas,1
esquentadinho,1
pífios,1
bizu,1
dteydysysystdydtdtdysysysysystdtstsydysydysysududydystsysysysydusysyssdysysysysysysydysysyrydysydydusudydysysysysysysysudydtsydystsysydydysydystsydysydysysysysysysgsgstsysysysysysysysgdhdydgsgsysydysysyrysysysysudydysysysysystsysystststsystsystsysysystsysysystsysyeysydysgsgsysysysysusudydudydysystsystdtdtdtdysfssfsgsydydydtsdsfsrdtdtstsystdydydydtddstdyststddsrrteysysyststsyststsrstsrerdydysystststsesrstststsssrsrerstsystsusususysusurydysydgf,1
coordenação,1
zerar,1
trincheira,1
demoraram,1
pisotear,1
resquício,1
inacreditavelmente,1
maçından,1
kesinlikle,1
ikinci,1
şiddetli,1
büyüttü,1
körükledi,1
нормально,1
разбушевался,1
своей,1
стихии,1
хорошо,1
хоть,1
стал,1
крушить,1
ocultado,1
technique,1
poor,1
empieza,1
plancha,1
peligrosa,1
golpeó,1
contento,1
siguió,1
supencion,1
permiten,1
actuación,1
empesaran,1
deleite,1
normas,1
inscrevam,1
voluntarios,1
crock,1
дикі,1
nórdico,1
morerrr,1
refri,1
benfica,1
viddalba,1
menó,1
comportaram,1
arroyoya,1
iki,1
tane,1
vursalardı,1
fuertes,1
hormigas,1
meten,1
corridas,1
nascar,1
desevoluido,1
piadinhas,1
desordem,1
violencias,1
mlb,1
kakakaak,1
concentram,1
julieta,1
engula,1
faltaban,1
pistons,1
aren,1
ballerinas,1
shoving,1
afrouxam,1
sovarem,1
sopapos,1
gladiação,1
pelado,1
queriendo,1
calmar,1
situacion,1
ajjajajajaj,1
rebanhos,1
explusar,1
brightened,1
erradicar,1
nomeadamente,1
penalizadoras,1
similares,1
investirem,1
investem,1
fúteis,1
obrigar,1
sessões,1
psicoterapia,1
tornarem,1
noutros,1
desportos,1
detalhando,1
trocações,1
brail,1
coajuvantes,1
immaturity,1
rojão,1
rebaixaria,1
flames,1
vaiado,1
goeirodo,1
pirado,1
fechava,1
bunu,1
nasıl,1
kaptırdık,1
embh,1
voltouuuu,1
toor,1
llenaron,1
controlou,1
votei,1
başlatan,1
ormanspor,1
kkkķkkķkkk,1
insult,1
bestialidade,1
busque,1
petisco,1
vishiii,1
izlemeye,1
geldik,1
esperaria,1
normalização,1
arrastão,1
timbalada,1
danke,1
geile,1
beulerei,1
koma,1
kunachematu,1
goleirim,1
espalmar,1
apologia,1
competicao,1
demonstrava,1
relfexo,1
demonstram,1
deteriorização,1
descrédito,1
governador,1
reduz,1
destinada,1
prevenção,1
desastres,1
causados,1
desembargador,1
vulnerável,1
golpísta,1
vergonhosamente,1
assaltar,1
instigou,1
mirrors,1
average,1
bolachou,1
encaro,1
dejo,1
retratado,1
reinante,1
sura,1
naooo,1
bairros,1
santarém,1
porradal,1
merci,1
mer,1
learn,1
cambodia,1
entered,1
humble,1
vrhunsko,1
picenje,1
minimum,1
zasluzuju,1
fnc,1
protiv,1
bojkovica,1
recibir,1
caceteeee,1
porrraaaaaa,1
zlemesi,1
sarıyo,1
kaçıncı,1
izleyisim,1
bilmiyorum,1
lastima,1
kkkkkkkkkkkkkkvai,1
corretinho,1
imbra,1
bancadas,1
mineior,1
porradinhdas,1
based,1
gran,1
revolcándose,1
selección,1
comportarse,1
aleijou,1
filurinhas,1
kaua,1
safe,1
greeting,1
fulbooo,1
καβλα,1
community,1
registradas,1
mengerikan,1
mantapppp,1
queixando,1
torcedorer,1
munheca,1
dobrada,1
incentivadores,1
ripada,1
humildades,1
arbita,1
kakakakakk,1
alpes,1
suíços,1
piden,1
falavem,1
prestiani,1
brandas,1
escânalo,1
baderneiros,1
baraba,1
angolano,1
hauhauhuahuahu,1
aneis,1
huahuahuahuah,1
nadaaaaa,1
umbare,1
makako,1
penaltii,1
argentinoo,1
camuflado,1
instaurada,1
falcor,1
editada,1
efeitos,1
iit,1
stopping,1
cops,1
along,1
coronhada,1
lutão,1
müthiş,1
sanksi,1
institntos,1
deveriwm,1
civilidade,1
servida,1
estadoos,1
perdir,1
trivela,1
acondecido,1
sih,1
belongs,1
cage,1
zoo,1
captou,1
brasilixo,1
eitaaaaaaa,1
filmei,1
belle,1
salope,1
sendiri,1
kah,1
unúteis,1
bonitinhos,1
carrão,1
blindado,1
ancestrais,1
resolviam,1
flechas,1
incultos,1
preservando,1
lifetime,1
family,1
separava,1
coisaaaa,1
expressa,1
viveríamos,1
produtores,1
histórias,1
güçsüz,1
olduğunu,1
bilmiyordum,1
verguenziña,1
educamos,1
desenvolvimento,1
kskskskskskskskksksksksksksk,1
acontecessem,1
protagonizassem,1
point,1
espanta,1
consequencias,1
nerfol,1
lesmas,1
fulero,1
peuqueno,1
bebado,1
ova,1
ete,1
xdddddddddddddddddddddddddddddddddddddddd,1
やばすぎ,1
lamentáveeeeeeeeeel,1
merdabol,1
feat,1
massaaaaaaa,1
narradas,1
erguido,1
glooobo,1
primer,1
preocupada,1
siim,1
zêmula,1
cleitinho,1
orgão,1
lamentáves,1
toreto,1
chame,1
parthieron,1
hociquiñho,1
bazuquiñhos,1
dalle,1
immagini,1
commenti,1
parliamo,1
popolo,1
sottosviluppati,1
catholics,1
btw,1
descoberta,1
doutora,1
atividaes,1
exclui,1
iguala,1
inventem,1
priorizaram,1
priorizar,1
ballonpied,1
aime,1
probably,1
history,1
finals,1
tendang,1
lançam,1
mlhor,1
torrar,1
kkdkdkdk,1
worth,1
micuin,1
cezası,1
verilmeli,1
onun,1
yüzünden,1
kaç,1
futbolcu,1
büyük,1
ceza,1
alacak,1
dayağı,1
fazlasıyla,1
casé,1
baixado,1
quii,1
sacolão,1
compadres,1
brigalhiada,1
naó,1
estsdio,1
espliçoá,1
divia,1
deferia,1
catastrof,1
sifu,1
civilizadas,1
morgado,1
color,1
alegriaaaa,1
spank,1
codorninha,1
badernas,1
ironic,1
suspiro,1
desanimo,1
skskskssks,1
esportezinho,1
pqpariuuuuuu,1
debilitado,1
distructions,1
tambah,1
gaji,1
kameramen,1
adoraveis,1
sentence,1
devam,1
geldi,1
naopode,1
splay,1
sobressaia,1
desceceu,1
pénalty,1
definition,1
lessi,1
flashback,1
escarnio,1
incêndiou,1
mantappp,1
baru,1
laki,1
fpi,1
puxada,1
aplicaria,1
espulsos,1
agremiações,1
huahuahuahuahauhauhua,1
bananeiras,1
buenas,1
vilialba,1
şerefsiz,1
maçın,1
içine,1
vosso,1
monstrando,1
sonhavam,1
interdita,1
gerras,1
trailer,1
sanduíche,1
maranata,1
multaria,1
cocega,1
reporters,1
acompanhamento,1
aponto,1
medido,1
dijalba,1
impera,1
queixudos,1
cascudao,1
hasan,1
şaş,1
experiências,1
holloway,1
rebaixava,1
divertimos,1
comemoráveis,1
bjj,1
razões,1
lyancoooooooo,1
narraçãooooo,1
transar,1
ouroooo,1
acrediu,1
kakakkakakkakakka,1
espelham,1
marmanjão,1
ganhão,1
foadora,1
perderrrrrrrrr,1
biggest,1
unnecessary,1
discursos,1
inflamados,1
raivosos,1
dublada,1
bicudaço,1
esgoto,1
türkiyedede,1
bekliyoruz,1
visualizaçao,1
averson,1
querra,1
diminuto,1
guardia,1
schande,1
einfach,1
nur,1
traurig,1
narizes,1
mindial,1
pqpkkkkkkkkkkkkk,1
vergonhaaaaa,1
babaquisse,1
pirulito,1
lamentávelda,1
hst,1
surpreendentemente,1
grenais,1
quengal,1
abraçaram,1
thé,1
goalkeepeer,1
festeja,1
siker,1
envolvessem,1
dessem,1
traicionero,1
espaldas,1
admiraveis,1
atualização,1
ultravestilere,1
yapılması,1
gereken,1
khmer,1
lhmrat,1
rah,1
chra,1
ihaaaaaaaaaaaaaaaaa,1
vadia,1
bonificação,1
woww,1
mankind,1
fucking,1
turkiyeden,1
dövüş,1
müsabakası,1
izledik,1
oynuyor,1
musunuz,1
repudio,1
valentinas,1
maltratada,1
aaainnn,1
anunciou,1
kwasiasem,1
nkoaaaa,1
wei,1
timico,1
kalecinin,1
çıkartmış,1
olduğu,1
kavgadır,1
istemiyoruzz,1
artık,1
vddeira,1
apelões,1
kkkfraco,1
oquee,1
apanhau,1
нужно,1
было,1
стенка,1
стенку,1
ебашиться,1
это,1
возня,1
обезьян,1
позорище,1
الهمجية,1
التخلف,1
vergokha,1
fosso,1
bope,1
showw,1
pazor,1
satisfied,1
bumped,1
mmh,1
sweet,1
palavrinhas,1
ituano,1
odinei,1
olacakta,1
tribünler,1
inmeyecek,1
trofeo,1
bringadeira,1
demoram,1
acudir,1
proprina,1
insentivando,1
trocados,1
ematomas,1
birro,1
troux,1
arrepiarrrr,1
vidaaa,1
brainless,1
reeditado,1
kkkkkkkkkakakaoaka,1
anjimm,1
cokk,1
mashemeji,1
türk,1
yokmu,1
şunlarla,1
geçelim,1
рубилово,1
aaqui,1
folclórica,1
bemfrito,1
losing,1
loser,1
gars,1
sont,1
dit,1
aujourd,1
hui,1
écrire,1
nouvelle,1
ici,1
brésil,1
şte,1
hahaiahiahaja,1
geeeente,1
alvoroço,1
hiiiiuuuuuu,1
jkkk,1
tereza,1
íris,1
morrrrreuuu,1
dantesco,1
xong,1
cái,1
này,1
lỗi,1
của,1
avoided,1
recorded,1
possible,1
analyze,1
situation,1
detail,1
carefully,1
reviewing,1
strong,1
punishments,1
given,1
suspensions,1
consequences,1
appropriate,1
respectful,1
front,1
millions,1
athletes,1
examples,1
children,1
acceptable,1
fruxos,1
bodoh,1
sanırım,1
yedi,1
peder,1
athelico,1
expect,1
less,1
progressismo,1
güzelmiş,1
darbeler,1
biraz,1
sert,1
gua,1
begini,1
edits,1
atacantul,1
care,1
intrat,1
merita,1
suspendat,1
ani,1
din,1
cauza,1
lui,1
inceput,1
tot,1
conflictul,1
apaanhou,1
malayali,1
punto,1
arridilla,1
golpea,1
compañeros,1
iban,1
reaccionar,1
fechas,1
sancion,1
loool,1
smoked,1
pussio,1
deserved,1
stepped,1
problems,1
salam,1
scene,1
calote,1
mitos,1
thannos,1
protagonizar,1
nódoa,1
indelével,1
king,1
entedores,1
topopp,1
poucoooooo,1
estranhas,1
erwachsene,1
männer,1
rescisão,1
putzzz,1
induzir,1
vechame,1
torcecem,1
hiiii,1
ihhhhh,1
processados,1
acuerpado,1
cagaron,1
lendario,1
salseiro,1
fofadas,1
xapuri,1
quuaaassssseeeee,1
moooooorrrreeee,1
threw,1
first,1
confronted,1
kept,1
multiple,1
rebate,1
beijador,1
recolheu,1
chocaram,1
fogoooooo,1
cabaréeeeeee,1
atençao,1
perma,1
related,1
international,1
manage,1
coach,1
overgrown,1
immature,1
overpaid,1
imbeciles,1
tomorrow,1
drinking,1
beer,1
together,1
tititi,1
meramente,1
petelecos,1
cristâ,1
pokas,1
traición,1
moonwalker,1
inclivel,1
tretou,1
holanda,1
arrumei,1
virgínia,1
gehören,1
einige,1
leben,1
lang,1
gesperrt,1
jigar,1
iguinorancia,1
rasão,1
surrado,1
cyborg,1
contrapartida,1
deveriao,1
ptrr,1
pasme,1
umineiro,1
mateo,1
insupportavel,1
bandidoooo,1
barulhento,1
galáxias,1
lenhadores,1
guardem,1
decidam,1
invadisse,1
neurose,1
secreta,1
debio,1
arrebentarem,1
calienta,1
padrinoooooo,1
pakas,1
abobrinha,1
flamingo,1
gladiatórios,1
movei,1
mesquinhos,1
terminam,1
kakakakakakaakkaak,1
marginalização,1
mannn,1
lamentei,1
react,1
franguei,1
sino,1
juzgan,1
sistemático,1
eiitaaa,1
apitarei,1
vine,1
jajsja,1
rivalidad,1
quiero,1
tranquilicen,1
reencenassem,1
pelados,1
ridícuuloooooooo,1
inconformdas,1
histéricas,1
kakkakakakakaka,1
lfg,1
audiovisual,1
jaksjaksjkajs,1
hayan,1
estrellado,1
wolverine,1
alinhado,1
suahsaushausha,1
vocalista,1
sistem,1
valentona,1
tomare,1
diversao,1
apelidado,1
viallalba,1
quaresma,1
decía,1
mantuviste,1
margen,1
papaso,1
tva,1
calombos,1
incisiva,1
kakaakakakakka,1
lgc,1
vislumbre,1
enlouquecido,1
darkside,1
prlas,1
maisss,1
kool,1
boco,1
debiloides,1
vsfdr,1
derrubo,1
carada,1
naivera,1
eceram,1
entrga,1
encolhia,1
metan,1
auspicios,1
cerveza,1
mulesta,1
bagaca,1
braisleiro,1
corja,1
esquecerá,1
separadamente,1
murrao,1
convocações,1
shoope,1
resisti,1
edsa,1
walllace,1
barraram,1
tarcas,1
cério,1
tiravam,1
aheuhaeuhauhuae,1
chateadinho,1
mtos,1
serviram,1
fodasi,1
oitava,1
paspalhos,1
cooperação,1
fervendo,1
flutuou,1
revejam,1
fznd,1
pes,1
assustada,1
fuiii,1
esquerdista,1
biriga,1
maxo,1
relando,1
encochando,1
marrrr,1
filosoficamente,1
explorando,1
lpf,1
filmaram,1
omitiram,1
martin,1
golwiro,1
trampar,1
estrupiar,1
entreguem,1
sucumbiu,1
robóticas,1
marrudo,1
aceta,1
taba,1
vemdo,1
implantar,1
sizə,1
zövq,1
verir,1
belə,1
oyunlar,1
davalar,1
boxeadores,1
bringuentos,1
covade,1
camperando,1
extremos,1
insanas,1
cordao,1
quiseseesm,1
esfolando,1
kkkskkskskskskskskskskskskks,1
amaciada,1
satanista,1
prescreveram,1
qurbrarem,1
incitam,1
causam,1
imbecilizados,1
conjunta,1
comunitária,1
obrigando,1
uniformes,1
andarem,1
decepcionaram,1
diverdadi,1
lembrarão,1
fusa,1
esfolado,1
protagonizarem,1
capacetes,1
coletes,1
pesquisando,1
corremos,1
tramautizado,1
sedes,1
briguentos,1
iahuhu,1
gostaaaaaaa,1
idiotices,1
espalda,1
cayó,1
aziado,1
gesso,1
brigasse,1
cenasssss,1
maravilhosassss,1
desola,1
papelón,1
flesh,1
durabolin,1
robocop,1
censuravam,1
morador,1
enferrujado,1
uái,1
minerada,1
carrrrma,1
tumá,1
pãozin,1
queij,1
brigá,1
mostrao,1
quién,1
careira,1
inició,1
compartilhei,1
fanho,1
travador,1
perdidasso,1
prosseguir,1
kcete,1
terminasse,1
isolamento,1
michuruca,1
mocinho,1
contunde,1
juerte,1
lechuga,1
delirio,1
peqenos,1
desavenças,1
vemmmmmm,1
mfs,1
pararon,1
bera,1
arquivado,1
reverso,1
curriculum,1
excluia,1
kskskskskksksks,1
kksksksksk,1
magoado,1
porradaaa,1
freime,1
voltemos,1
encerrado,1
narraram,1
reunindo,1
rediculo,1
kkkkkkkkjkkk,1
cambaleando,1
socaro,1
cravada,1
mulecagem,1
vaaaaaaaamo,1
inspirando,1
vih,1
saiyajin,1
derrepente,1
procurava,1
pelopéssimo,1
justiceiro,1
indiciou,1
pudra,1
granado,1
percentual,1
karol,1
branquinha,1
refreia,1
insustentáveis,1
aterradora,1
prezar,1
muzenza,1
fóda,1
voltaremos,1
haudhaudhaushuahsuahsuas,1
purooo,1
postariam,1
absolverá,1
exprimiu,1
lona,1
gratuita,1
akakakakakakkakaka,1
delicinha,1
kacete,1
filhao,1
erda,1
cumpade,1
miniatura,1
kkkkkkkklk,1
mulacos,1
salmo,1
verniz,1
zueiras,1
sharkmacedo,1
apareci,1
atingimos,1
conceber,1
jec,1
xan,1
jornalística,1
retrucar,1
sentissem,1
sparring,1
uhhhhhh,1
uct,1
lenhou,1
bunitium,1
pisoteada,1
tbkkk,1
poliesportivo,1
ihul,1
compulsoriamente,1
jogadopr,1
paraibano,1
fwz,1
favoravel,1
etica,1
lambrar,1
escovado,1
tomaaaaaa,1
walls,1
emkkkkk,1
subdesenvolvido,1
permissivo,1
liberdades,1
phinha,1
riram,1
brancas,1
atrocidades,1
perdoe,1
fascinada,1
porraaaaaaaaaaaaaaa,1
viajes,1
musculo,1
uuuuuuuuuuuuuuuuu,1
viiiiva,1
kahkahhajkajaja,1
foia,1
nemhum,1
expulsá,1
vagbudo,1
apresentadas,1
kakakakakkakakakkakakakaka,1
partecem,1
beijam,1
budas,1
shock,1
invada,1
garrafas,1
almir,1
nutelagen,1
formol,1
nss,1
amassava,1
plate,1
liberarem,1
clássicas,1
alfinete,1
mário,1
tilico,1
eliel,1
jandir,1
rebuliço,1
expressiva,1
cilhoes,1
memeskkkkkk,1
pucivikkkkkk,1
muta,1
feu,1
largatixa,1
mtar,1
imprensado,1
memeneiro,1
frete,1
gegbi,1
divertimento,1
percebera,1
botelheiro,1
cocha,1
caraj,1
lamentarem,1
debochados,1
perdedo,1
alimentem,1
poupança,1
tanques,1
imbatíveis,1
wish,1
primordial,1
vidalma,1
atualizada,1
encorporado,1
saravá,1
xangô,1
escama,1
testemunhas,1
oculares,1
decididos,1
pangaré,1
abasiguando,1
apice,1
tormenta,1
curada,1
cooisa,1
liiiiinda,1
suspeender,1
jogarei,1
apimenta,1
manow,1
quadrado,1
octogino,1
dedicando,1
sintam,1
babava,1
patiu,1
cristina,1
cubuloso,1
qando,1
nomal,1
cometen,1
valorizaram,1
zema,1
erik,1
acessórios,1
acesócios,1
peca,1
akakakakkaka,1
derramasse,1
riscasse,1
jkkkkkdkdkkdsks,1
tragico,1
consulta,1
filmaço,1
affffff,1
declinar,1
prestado,1
captação,1
primorosa,1
exemploa,1
vergonhaaaa,1
vijalma,1
rígida,1
expectadores,1
imobilizassem,1
fagnee,1
fraudadores,1
playback,1
baqueou,1
renal,1
tressoidi,1
estressados,1
estranhou,1
tendencionsa,1
soltá,1
wverson,1
jjoelhadas,1
embolo,1
reduzida,1
pnfc,1
quadrilha,1
vitimando,1
dúvda,1
lyannco,1
upar,1
ahhahahahahah,1
pilar,1
iiiiiiirruuuuuuuu,1
esqntadinhos,1
boaaaaa,1
gee,1
desvia,1
brota,1
kkkkkskdjdkskdkdkdkdkskskskkdkskk,1
eein,1
fuese,1
trompadas,1
extranjeros,1
kajsksks,1
imprenssaram,1
acasalar,1
enrrabava,1
raspado,1
imobilização,1
festin,1
propio,1
bobalhao,1
algm,1
ratinhhhhooooo,1
ttorcida,1
kkkkkkkkkkkkkkkko,1
siimmm,1
modernização,1
frescurenta,1
oxoxooxxi,1
oxoxoxi,1
degradada,1
defezaça,1
avi,1
lkkkkkkkkkkkkkkkkkkkk,1
agress,1
históooooooricoooooo,1
contraadiscriminacaodegeneronarproibicaodousodeblusassemmangasaoshomenseapermissaoprasmulheresdireitotemqueserigualeodresscodetbm,1
patétando,1
muranga,1
igualdadedegeneronodresscorporativonaoesomulherquepodeterdressconfortavelqueoshomenstenhamomesmodireito,1
terminei,1
jantava,1
kkkkpo,1
noixxxxxxx,1
gpleiro,1
veeeeeeeem,1
ativaram,1
visívelmente,1
ahahahahahahahahaha,1
parobola,1
brigue,1
ackntecece,1
grilo,1
bordoada,1
espantando,1
rondando,1
desengosando,1
lidera,1
hukl,1
foge,1
villalbamais,1
atingindo,1
apasiguar,1
aeeee,1
sociólogo,1
sopapo,1
abatido,1
insitam,1
morrerem,1
comunismo,1
empinadinha,1
acontecece,1
brutalidade,1
tapam,1
promovem,1
precária,1
admitem,1
censurar,1
idílicos,1
piloto,1
automático,1
sobrevoar,1
chutebox,1
piola,1
valioso,1
seminalistas,1
resolverem,1
desafiasem,1
interferências,1
vaaaaaaaaaaaaaaaaaaaaaaaaai,1
cruzeirooooooooooo,1
vanos,1
kils,1
viví,1
descontração,1
houlk,1
psicológicamente,1
suporte,1
machoes,1
aparta,1
confusoes,1
nonjogo,1
cumulo,1
fiiii,1
consertou,1
delo,1
aguarda,1
cahorro,1
enquento,1
apelidaram,1
mexam,1
acores,1
rrrrss,1
destemperamento,1
atelticano,1
engolindo,1
esquerdada,1
prximo,1
organizaram,1
bronxx,1
ķkkkkkkkkkk,1
lamentaives,1
gostado,1
denuncie,1
kkkkkkkkllkl,1
sustentou,1
conseguirá,1
perdidaço,1
jumentice,1
irresposável,1
eramos,1
temidos,1
envolidos,1
jamis,1
espancandos,1
shoooow,1
pânico,1
nitidas,1
brig,1
akakak,1
gostozim,1
destemperada,1
marav,1
hhahahahahahha,1
kanario,1
seim,1
klkk,1
kskdsakdaksaddsksdksdkdsksadkasdkdsksaksd,1
pipocos,1
kkkkkkkkkkkkkkjkkkkkkkkk,1
desperdicou,1
kssksksk,1
aihsauausushahsia,1
хахахахахахаха,1
kkkkkkkkkklk,1
tubaço,1
kkkkkkkkkvtnc,1
hajajajaj,1
águia,1
kskskskskskdk,1
oprimido,1
enterte,1
pranchou,1
crebra,1
dignas,1
mengooooooo,1
paço,1
tragedias,1
farm,1
dedu,1
imundícia,1
visualisação,1
prestao,1
xix,1
limitassem,1
ocorra,1
booooaaaa,1
tranquilão,1
zuera,1
agt,1
evrson,1
humildemente,1
agravado,1
paralizia,1
comprimentando,1
mike,1
timea,1
locautear,1
atrave,1
sas,1
perencendo,1
gost,1
kkkkkkkkjkkkjkk,1
influentes,1
desaparecendo,1
kakakakakkkkkkk,1
chifrada,1
pisadas,1
jeitinho,1
noticiário,1
carras,1
desencadeado,1
repartições,1
públicas,1
feiooooo,1
porradau,1
inda,1
jure,1
inresponsalvel,1
melloooo,1
garotóes,1
bombons,1
muitadoidera,1
paíscada,1
sêneca,1
agoraa,1
vemm,1
kkakakakkakakakakakak,1
molestar,1
queeeee,1
klkkkm,1
empolgaram,1
iiiiiiiiiru,1
teletransportando,1
kkkkkvtmnc,1
cuzudo,1
sumariamente,1
profissionalimo,1
chinelagem,1
descritos,1
sumiran,1
crentelho,1
fervoroso,1
crentalhada,1
miseravelmente,1
inmunda,1
cryistian,1
baraaaalhoooo,1
mitoooo,1
mitooooooo,1
kkkkkkkkkkjjk,1
picanco,1
afude,1
jerry,1
lilica,1
suspirando,1
mamona,1
reptilianos,1
evoluções,1
teoria,1
conspiração,1
linchar,1
sokssks,1
akakka,1
conheco,1
orrr,1
invetam,1
burrada,1
pleo,1
perdoo,1
essenza,1
oggi,1
corsa,1
poca,1
maggioranza,1
religiosi,1
niente,1
gioco,1
kkakakakak,1
interditado,1
noffaaaa,1
estarrecida,1
partem,1
maluquinho,1
odonto,1
processa,1
assédio,1
consentimento,1
sksmksks,1
system,1
bronks,1
estadualzinho,1
bagaçeira,1
porradaço,1
chutebol,1
quentinha,1
kkkkchupa,1
pêa,1
canga,1
leitão,1
duduuuuu,1
hhahaha,1
condominio,1
verg,1
kskksk,1
trocaćao,1
deleta,1
hehehheheehheehehh,1
anadmissivel,1
jajajajajaj,1
incansáveis,1
desentenderem,1
zuações,1
zuacoes,1
periculosidade,1
excitam,1
cemas,1
gbt,1
informal,1
divisões,1
incomode,1
concientizar,1
divertia,1
kakakakakakakka,1
vidilba,1
historial,1
amansou,1
ssssss,1
creuzeiro,1
desgraçem,1
maravilhaa,1
eoaior,1
beasileirão,1
luberados,1
aoooooo,1
queeeeeebraaaaando,1
bravas,1
topada,1
chatas,1
fotebool,1
peeeeeegaaaaaa,1
enterternimento,1
mundissa,1
kskskzksksks,1
bouá,1
liacon,1
averiguando,1
gnu,1
demandadas,1
rapz,1
captar,1
santinha,1
vidaaaaaaaaaaaaaaaa,1
amooooooooooooo,1
severidade,1
babacão,1
promove,1
duvidas,1
quedaban,1
arbol,1
pregunto,1
pusieron,1
petistas,1
gesticulando,1
tuim,1
raapaz,1
imtrometeu,1
boiada,1
smzinho,1
pagodão,1
ofuscado,1
impensada,1
bolsominio,1
fotinha,1
kaká,1
divorciar,1
divorciado,1
aclamaou,1
llkkkkk,1
iniciado,1
agarração,1
sisse,1
lilalba,1
resendir,1
hou,1
demosntrando,1
rídicula,1
inicitou,1
porradaaaaaa,1
nutellinha,1
derrotados,1
wra,1
voltaria,1
blarggvalentão,1
essrs,1
csras,1
podioso,1
envangelica,1
fazgwuzauwguaaugahghgyhfsgsfxztsgfsszhssushshzuuaishussuuhsuwzuzwaiauwiwuizwhwghssfyzgszszuszhshyihxhjyyjkuyjsgshhygyhshhskshishsisjsisjisuishisshisshszszuzzshshggzzgzshhzushiszsisjousissgzshshzgsggsgsushshhsuhwuuwiwiisuehuwuueuezeuzeuueuuzjjjuuisiisiiswioisuieeueeuehehhueuezezezeuueuussisisiseiuezzwzzsgezezehzeezzuuzzszuusisiszusszeuszeuuezuezeueushusujshussusisusisuusszzezezeezzeguueeuuieueeieiohjajj,1
athus,1
oitenta,1
pedeu,1
tooooop,1
chutada,1
cumprindo,1
repudiando,1
fosee,1
patife,1
maaaaaaais,1
perferito,1
jopgo,1
ferveu,1
ksuco,1
míssil,1
resenhado,1
vivooooo,1
selecão,1
agarrarem,1
mmarte,1
tabm,1
bloquear,1
condenam,1
rótulo,1
reedição,1
altíssimas,1
indiota,1
nuquinha,1
pohadaria,1
massetado,1
mirava,1
villalbae,1
refrigerante,1
itair,1
guspil,1
porkas,1
lazarenta,1
desgracada,1
esem,1
vibalba,1
infrigiu,1
clubistinha,1
essws,1
delgado,1
omissão,1
alegraram,1
pularam,1
hahahahhahhaa,1
aconteca,1
purado,1
passearam,1
degola,1
braks,1
dimas,1
everssom,1
percebemos,1
saídas,1
chocar,1
conringou,1
almas,1
chipanzil,1
pithbulls,1
possesso,1
kdksksk,1
trocedor,1
raiza,1
atravessa,1
encheio,1
tomos,1
uaí,1
sajin,1
cócega,1
envontra,1
feriu,1
precisarem,1
dejalma,1
lomba,1
carão,1
fragaida,1
cincero,1
camarão,1
porradinhas,1
reptiliano,1
coletivamente,1
crasico,1
sucateados,1
estravazar,1
judô,1
emmm,1
sagat,1
ias,1
apelação,1
uhuuuuuu,1
descobriram,1
adolescência,1
disfarces,1
elverson,1
prescisando,1
tômar,1
crie,1
aparecia,1
dahr,1
doidoizinho,1
ganjo,1
empolga,1
kralhou,1
esenpo,1
nipe,1
futebou,1
aoooo,1
potência,1
peligeiro,1
analisadas,1
coxas,1
pilling,1
disnara,1
preenchimento,1
xvideos,1
dominaram,1
prenderam,1
jaula,1
nadaaaaaaaa,1
aoanhou,1
andréas,1
descambar,1
devessem,1
foisa,1
haras,1
chatisse,1
ervesom,1
lulu,1
menstruando,1
werveson,1
dasmarias,1
kkkkkkkkkkkkq,1
ueverton,1
garotinhos,1
kkkkl,1
combum,1
catastrófica,1
kakkakakkakak,1
vuadora,1
gravíssima,1
proporcionando,1
perdidao,1
tamy,1
indefesa,1
bam,1
exibindo,1
dinais,1
prazeieroso,1
afeta,1
homícidio,1
imbençis,1
cuzoes,1
imbençil,1
ewersom,1
maxilae,1
honda,1
mueu,1
atletica,1
estralava,1
liancú,1
bém,1
affe,1
chove,1
lindaaaaaaaaaa,1
rhaiz,1
deliciaaaa,1
ksksksksksksksksks,1
superado,1
mocão,1
demagogia,1
chocada,1
borradeiras,1
jkkkkkkakkakakkkkkkkkk,1
atletizeiro,1
lukscolor,1
ferrados,1
boteco,1
antarctica,1
cocoricoo,1
praque,1
fml,1
caseira,1
inverso,1
passivão,1
céus,1
permitirá,1
tropece,1
manterá,1
dormirá,1
salmos,1
presentao,1
fotibo,1
divertidas,1
poupeee,1
ricardão,1
koo,1
futebois,1
burraldos,1
arrasar,1
ache,1
desconheco,1
judiou,1
juros,1
correções,1
monetárias,1
cascudão,1
tórax,1
lamentavéis,1
ésto,1
beter,1
comentarias,1
tensao,1
beto,1
alvivo,1
raçismo,1
bwahahaha,1
defesinha,1
jkkkkm,1
checando,1
namoro,1
satisfeita,1
esbarrada,1
macacas,1
esfregaram,1
sarando,1
roupeiro,1
mijona,1
patinhas,1
minerinho,1
raiiiiiiiiiiiiiiiizzzzzzzzzzzzzzz,1
dinâmico,1
êle,1
esquêça,1
fooodasseeeeeeeee,1
lamantevais,1
dondoco,1
cordão,1
pezão,1
solando,1
porradaaaaaaaaaaaaaaaaaaaa,1
hahahahahahahaahaha,1
delirou,1
maneeee,1
lyano,1
villlba,1
fuebolisticas,1
quissá,1
pseudointelectuais,1
regorjitando,1
jargões,1
inerentemente,1
ooooooh,1
kkķkkkkk,1
goeliro,1
aplaudida,1
desequilibrada,1
gostosoo,1
estatuais,1
importam,1
apoiamos,1
paaauuu,1
liancotario,1
villba,1
vildaba,1
ventosa,1
ooooooohhhhhh,1
punk,1
lilianka,1
kkkkjkk,1
aún,1
hable,1
picante,1
caliente,1
instancia,1
brigaaaaa,1
weterson,1
jahahaha,1
boooooa,1
timecooo,1
boaaaaaaaa,1
estancado,1
eclyamdo,1
ahahhahaga,1
filé,1
gritamos,1
bobalhões,1
cruzense,1
descido,1
pinoia,1
baixava,1
inspira,1
coríntianos,1
obrifado,1
altético,1
valorizados,1
míssel,1
laenteval,1
kakakakakakakakak,1
benéfico,1
fdc,1
kakakakakakakakakaka,1
noix,1
grobuh,1
dlc,1
marcao,1
ruqe,1
vilãlba,1
botada,1
eventar,1
degolado,1
elogiam,1
griga,1
porraaaaaaa,1
casar,1
zoadora,1
ahahah,1
escutem,1
cossa,1
timin,1
fofinha,1
cuplado,1
fuebol,1
topou,1
raba,1
laianco,1
morrem,1
apocalípse,1
assolar,1
selo,1
maltratado,1
lynca,1
bravos,1
inocentar,1
kssos,1
fsu,1
judaria,1
rabiscado,1
vitimas,1
valew,1
justificado,1
cárter,1
porrodaaaa,1
socam,1
atravessado,1
tamborim,1
mukekaram,1
elederrubou,1
punia,1
sepultou,1
aparenta,1
causada,1
pella,1
reencontro,1
baunda,1
telecatch,1
visualizaçõe,1
monge,1
budista,1
aqq,1
verei,1
ikkk,1
desconcertantes,1
ôpa,1
kakakkkkkkkk,1
bul,1
lece,1
ouaaaaa,1
desacordados,1
degenerativa,1
parkinson,1
seguirá,1
kkkkkjk,1
titan,1
armava,1
ameaçava,1
gaaaaaaaalooooooooooooo,1
publicar,1
trecho,1
noskkkkk,1
lasquem,1
lombrigas,1
robin,1
sauna,1
homoafetiva,1
hahhahha,1
fricote,1
apavora,1
dublegens,1
zagueir,1
krrlho,1
esperanca,1
dimai,1
fultebol,1
jantado,1
beigar,1
ilesos,1
quisseram,1
gasfardo,1
comento,1
vegonha,1
sukuna,1
heian,1
provocados,1
estradas,1
estourados,1
cctza,1
nuuuuuuu,1
saculejada,1
bufete,1
rebaixe,1
provaca,1
sutiã,1
brilharam,1
bolacharam,1
zeeerooooo,1
agachamento,1
ewerso,1
sôco,1
auê,1
tpomando,1
kakaakkaka,1
voadado,1
procurem,1
kkkkkkkmkkkkk,1
desmaialo,1
franqueio,1
despede,1
alcunha,1
chamá,1
encrenqueiro,1
roubalheiras,1
awm,1
menstruados,1
engamento,1
pitibull,1
marreco,1
vallauba,1
marretada,1
aluna,1
aleluia,1
rambo,1
azulll,1
mudasse,1
praticou,1
pilares,1
elês,1
empurrao,1
agita,1
macentando,1
arranhar,1
lkkkkkkkk,1
desmazelo,1
levem,1
romer,1
mathes,1
xiiiiuuuu,1
acontesse,1
patifa,1
complicaram,1
exageraram,1
ezenplo,1
magricelo,1
predict,1
sefurava,1
concorrrentes,1
entranhando,1
entt,1
raaiiizzz,1
rexxxpeitooo,1
mancham,1
abafar,1
ngc,1
doerem,1
vdjalba,1
lentinho,1
duu,1
brooonx,1
viking,1
deduzindo,1
cloude,1
entrenador,1
pongo,1
boyka,1
respeitados,1
messa,1
vingando,1
galoteira,1
propriedade,1
dadas,1
preferência,1
abdômen,1
trincado,1
amortece,1
ossos,1
atleticacana,1
montão,1
perden,1
pesteeeeeeeeeeeeeeeeeeeeeeee,1
bramão,1
veii,1
confuzento,1
pzd,1
comecem,1
tornem,1
ahhhhh,1
ceeenaas,1
lamnetaaaveeeis,1
hendrick,1
regenerado,1
aparelhou,1
quano,1
hanhou,1
qne,1
qner,1
voi,1
quera,1
paue,1
nocauteado,1
espacado,1
cívil,1
gandhi,1
mahatma,1
despenou,1
cass,1
revidasse,1
peal,1
lakrassaum,1
engrossar,1
anao,1
responsable,1
aiiih,1
paaaraaaa,1
vaaaaaaiiiiii,1
huahuahauah,1
morresse,1
capo,1
brasucas,1
recibiendo,1
nooossa,1
acertooooo,1
nua,1
acende,1
pavio,1
bichola,1
cpmi,1
goiabeira,1
promovia,1
falsidades,1
pisoteado,1
diverte,1
estrague,1
brica,1
observo,1
ond,1
jogadot,1
aceitei,1
ninguémz,1
pauleiraaasaaa,1
agitador,1
equanto,1
maneirin,1
bommmmmm,1
fluminence,1
comadre,1
desser,1
akakakakakakakakakakakakakakakkakakakakkaakkaakkakakakakakakakakkakakakakakakakakakakakakakakakakakkakakakakakakakakakakakakakakakakakkakaakakakakakakakakakk,1
kakkakaka,1
invocado,1
atravéz,1
vasilha,1
estágiario,1
promovido,1
mkkkkkkkk,1
disney,1
violentissimo,1
editores,1
cleyton,1
kkkooo,1
paradoxo,1
eleito,1
crítico,1
faturamento,1
quádruplo,1
inbred,1
roll,1
shot,1
stay,1
feet,1
perrone,1
fulia,1
alá,1
ouver,1
clichê,1
jangada,1
vitudo,1
issu,1
kskskskaka,1
galé,1
rhuam,1
kakakakakakakakakakaka,1
drogados,1
espan,1
cado,1
imbecíl,1
graciano,1
iconee,1
zeao,1
caraiii,1
mimizenros,1
arrancado,1
sksksks,1
louko,1
apahou,1
preenchimente,1
idólo,1
adiando,1
raizzzzzzzz,1
temes,1
resiste,1
widjamar,1
lêi,1
akakakakakakakakakakakakaka,1
apanharem,1
campeãooooo,1
ilustre,1
kkkkkll,1
afinam,1
voadlhalba,1
ianco,1
ons,1
apaziguou,1
somou,1
corretivos,1
lexmovie,1
dissimulados,1
quebraaando,1
kakakakakakak,1
donzelas,1
analfabetos,1
curado,1
vica,1
pouzãooooooooo,1
necas,1
kkkkkkkkkkkkkkkkkkkkkkkkkkkkkkkkkkkkkkkklkkkkkkkkkkkkkkkkkkkkkkkkkkkkkkkkkkkkkkkkkkkkkkkkkkkkkkkkkkkk,1
aeba,1
tampinha,1
danoninho,1
paraiba,1
vingado,1
cócegas,1
olhas,1
akakkakakakakaka,1
amakakkaka,1
amakkakakakak,1
akkakakaka,1
forçam,1
ficoj,1
hors,1
anestesiou,1
cleiton,1
apaixonei,1
chiando,1
vidjalba,1
bijalba,1
pkct,1
mmkkkkkkkkkkkkk,1
olokoooooooooo,1
lepra,1
aquenta,1
autoritária,1
memsmo,1
vijhalba,1
decent,1
identifica,1
responsabiliza,1
boaaaa,1
tadinhas,1
lamentáveies,1
desmaiondo,1
corç,1
meche,1
candidatos,1
cortamo,1
cieba,1
zéverson,1
arrombamos,1
croaquinha,1
enfiaram,1
básicas,1
mullekes,1
desimpedidos,1
vergonhice,1
coxinha,1
cochichando,1
amaram,1
apostado,1
favelada,1
princípio,1
tev,1
porradaaaaaaa,1
galetes,1
panhou,1
bicou,1
assitiu,1
derrruba,1
trombando,1
cravo,1
kkkkkkkkoo,1
enzinho,1
japao,1
concorra,1
épicos,1
clipado,1
cácio,1
ensopadas,1
mtodos,1
amigoss,1
burrrrro,1
gerso,1
estuprado,1
espirituoso,1
maravil,1
maralentaveis,1
machona,1
larguei,1
atle,1
suportarão,1
loamentavel,1
deixada,1
kkkkki,1
separam,1
agumento,1
malzinho,1
paleta,1
cuz,1
arranhão,1
mocas,1
maluko,1
elekkkkkkkkkkk,1
porradao,1
maricas,1
muncado,1
aterrisar,1
alrgre,1
brioco,1
choraxxx,1
rasgaram,1
epilético,1
descontroladaaaaaaas,1
hulkinha,1
esquentada,1
podíamos,1
roubasse,1
olokoooo,1
derek,1
temeram,1
siiiiiim,1
encostaram,1
espuso,1
comporto,1
aguardou,1
modalidades,1
pouhaaaa,1
butinada,1
topppppppppppppp,1
panaca,1
geraon,1
torado,1
dobrar,1
emocianada,1
law,1
litro,1
sentisse,1
rodelinha,1
distorcer,1
large,1
saltitante,1
atleticando,1
papos,1
malhar,1
contundir,1
ficassem,1
hematoma,1
furinho,1
desmiolou,1
garagem,1
dreezyrps,1
desnutrido,1
fraganhada,1
abencosada,1
senhou,1
desparado,1
borel,1
boxes,1
hhahahahahah,1
insolente,1
bonitinha,1
brabeza,1
srem,1
amasseada,1
mimimimimimim,1
bbbbbbbbbbbb,1
bundundo,1
tratarem,1
araujo,1
supaco,1
eversoj,1
regaçou,1
varreu,1
raposaaaaaa,1
fictício,1
flexão,1
comedsou,1
verdadw,1
estav,1
makaka,1
minutagem,1
kakaskakaakkskak,1
racinha,1
vrasileiro,1
hone,1
leandrão,1
mucura,1
inteligentes,1
veeadlnhos,1
remonta,1
wancha,1
afu,1
iruuu,1
chorolado,1
cgad,1
gauchao,1
representada,1
árabe,1
portada,1
tapoooooorrrra,1
cepa,1
chorae,1
futebooool,1
raaaaaiz,1
soltinho,1
inspiraram,1
esfrega,1
bixin,1
chamo,1
pistolou,1
esperavam,1
arbritos,1
desgrama,1
sossegado,1
disparadokkkk,1
vermelhinho,1
arregaçados,1
descontroladaaas,1
moeram,1
guerreirão,1
indígena,1
popozuda,1
zunindo,1
porradaaaaa,1
raizzzzzzz,1
akkakakakakakakak,1
zerão,1
fdpd,1
vtfd,1
akkakkkkkk,1
hitler,1
exitadas,1
manelito,1
slresultasse,1
parçeiro,1
blocos,1
héteros,1
meninona,1
stfu,1
safety,1
bravinhas,1
deferi,1
finamente,1
okkkk,1
kakakakakakaakakak,1
alteico,1
purimho,1
soos,1
encontrada,1
lixão,1
enaldinho,1
occ,1
mataaaaaaaa,1
jogadorrrrrrrrrr,1
aaaaaaaa,1
confesse,1
aproveitamento,1
cenaaaa,1
aceitado,1
hípica,1
acalmo,1
tekken,1
hhhaaaa,1
curtimos,1
ceeeenas,1
emagrecido,1
luladrao,1
servo,1
sataanas,1
meseria,1
lulalalau,1
facçao,1
parô,1
ganhá,1
estarrecido,1
kskskksksksksks,1
amarradão,1
representante,1
bja,1
ginga,1
cuidaram,1
kakakakakaaka,1
lucero,1
cortam,1
dramalhão,1
polentoooo,1
mió,1
deslegal,1
profissinal,1
colando,1
titer,1
cctz,1
issssoooooooooo,1
biiiica,1
gostaaanndo,1
melhotes,1
existirá,1
escolheram,1
desmoralizado,1
joagadores,1
precisao,1
uffa,1
sorrisao,1
restantes,1
chooooooora,1
uuhhuulllllll,1
nooojo,1
boaaaaaa,1
gostiosas,1
caraaai,1
terminem,1
quieta,1
rucki,1
yanco,1
hra,1
disbaratina,1
desdrobando,1
ihullllllll,1
huahaua,1
irritadinha,1
futelixo,1
primitiva,1
aiinn,1
vitimisno,1
peidada,1
byanquinha,1
tooop,1
furia,1
supapo,1
convidada,1
ria,1
mxm,1
fudê,1
pesares,1
nojera,1
double,1
kķķkkk,1
galinhadas,1
estilar,1
ventania,1
goooossssta,1
virooou,1
mmaaaaa,1
ceeennaaaaass,1
lamentááááveis,1
klhrr,1
chup,1
nogetas,1
lamentáveisssss,1
verdadeiramente,1
estamboo,1
normalizar,1
vous,1
fresquinhas,1
skkskskssk,1
gastei,1
catiripapo,1
aooooooooh,1
tabebe,1
enterrado,1
imitaram,1
flax,1
herdando,1
finalizarem,1
dêem,1
sofredores,1
kkkkm,1
definidos,1
auxiliada,1
hipocrosia,1
superheroi,1
cruzeiroo,1
tamajura,1
muto,1
kkkkjk,1
sossegou,1
arrumadas,1
peo,1
verve,1
quebrano,1
esbarrar,1
eficiente,1
adoreiiii,1
sanguinário,1
adorava,1
retificando,1
trucidar,1
soprado,1
lamentaaaaaveiiiiiiiiiiissssssssss,1
mineiraaaao,1
infartando,1
ifiota,1
kakakakakaa,1
uehuehuheuhe,1
negentazzzzzzz,1
kskskskkss,1
polentooo,1
gozei,1
fortemente,1
sniiakik,1
nisjijsj,1
kzi,1
jsk,1
kks,1
kskksksksksk,1
oap,1
nojentasssss,1
bamboo,1
flusinho,1
poraasadasas,1
eurocopa,1
homenagiar,1
torcedoras,1
demitem,1
ceeenas,1
lamentaaaveis,1
quado,1
entubou,1
areia,1
hulh,1
zegotinha,1
verbalmente,1
popozudo,1
bombom,1
akakakakakakakakakaka,1
akakamamamamamakakakakkakakakakaka,1
embelezar,1
caótica,1
futmma,1
muuto,1
quadilhao,1
briguenta,1
grinalda,1
condecorado,1
gravaram,1
vijjalba,1
espley,1
desgraçadas,1
bbbbbbbbb,1
bateran,1
aaaaaaaaaaaaaaaaaaaaaaaaaaaaaaaaaaaa,1
koe,1
nojentinho,1
encharcado,1
cobriu,1
sanguinho,1
liango,1
trocasada,1
ganharão,1
keike,1
cabeção,1
desscontrolado,1
ecostou,1
kkkkkkkksksksksksksksi,1
fetal,1
lcsxzz,1
suada,1
preucupa,1
silas,1
desprevinido,1
açucarado,1
desprevenidos,1
bibi,1
retrucando,1
slogan,1
zeeeeeeero,1
maravi,1
naao,1
ptqpr,1
entupido,1
cocaína,1
peludo,1
hemorroidas,1
gaba,1
nornal,1
peido,1
esga,1
situava,1
mateno,1
censurado,1
lukaku,1
bommel,1
arturo,1
várze,1
altleticano,1
jurou,1
inadequadas,1
admirar,1
rdas,1
alejadinho,1
andado,1
magoa,1
incentivados,1
choringando,1
pegariam,1
parkinho,1
peidante,1
equilibrio,1
veemente,1
convivendo,1
liancão,1
duns,1
ciidado,1
vocè,1
limpado,1
lembendo,1
olegario,1
marciel,1
pizzaria,1
abraçam,1
enérgica,1
amenizava,1
maloqueiros,1
eaportivos,1
ambientes,1
odiosos,1
cospi,1
impuni,1
nikole,1
zemoloide,1
hulķ,1
totallllllllllllllll,1
tabefes,1
sapara,1
corriam,1
anal,1
gorila,1
protagonizando,1
pente,1
governos,1
ricaços,1
tóxica,1
brinquinho,1
galinheirão,1
separados,1
sojado,1
chalezinho,1
reservar,1
desocupados,1
xiiiiiiiiiiiiiii,1
tapar,1
andaram,1
agoraxnao,1
abelha,1
beiçao,1
inchou,1
semifinalistas,1
zlatan,1
sustente,1
varzeaaa,1
páscoa,1
retiro,1
ativamente,1
subdesenvolvidos,1
fucks,1
desaa,1
virtuoso,1
bun,1
brigueiro,1
garantindo,1
kakakakkakakakaka,1
tranqueiras,1
comparecer,1
lyancú,1
petecou,1
despertou,1
precisassem,1
aiiwnn,1
modernos,1
vibraram,1
vibram,1
mark,1
ruffalo,1
cervejinha,1
borradeira,1
goró,1
puliça,1
estrondosamente,1
medeu,1
pech,1
afastava,1
cevera,1
script,1
convocava,1
eiei,1
pediam,1
inteligencia,1
aguardamos,1
capítulo,1
éum,1
tretar,1
minimizado,1
kkkkkkkkkkkkķ,1
anormais,1
cuspiram,1
cumprida,1
fudi,1
reflexão,1
bíblicas,1
vheios,1
erradíssimo,1
vui,1
pateticas,1
mineires,1
esquivou,1
pinguços,1
umbigo,1
mulekagen,1
uhauahhhauaha,1
hipócrisia,1
cumprem,1
atacadas,1
ajoelhada,1
cocaina,1
terrivelmente,1
compo,1
inutilmente,1
punicão,1
elimados,1
bauru,1
remarcado,1
cidadania,1
despreza,1
acertarem,1
vele,1
carrogante,1
cuspio,1
surtando,1
babacona,1
crentolico,1
galinacias,1
semelhanças,1
atestrador,1
picanha,1
isenção,1
telao,1
lacrimogêneo,1
superbowln,1
cuspisse,1
destrinchar,1
boliche,1
esparrama,1
sergipe,1
fente,1
arautos,1
fágner,1
consequencia,1
aquilomesmo,1
monótono,1
esculhambação,1
ameaçadores,1
justiceiros,1
assalariado,1
decepcionados,1
coladão,1
covardona,1
nãio,1
mays,1
crença,1
emotivo,1
coberto,1
reencontrarem,1
boraaaaaaa,1
guaraná,1
profundo,1
kkkkkkkj,1
clamor,1
acontencer,1
chegadinha,1
afetava,1
direcionado,1
formava,1
paraba,1
nadaaaaaa,1
publica,1
acalmado,1
esmurrado,1
destuida,1
mestrado,1
ativer,1
premissa,1
desandou,1
famosinho,1
anã,1
atirar,1
burocracia,1
logística,1
ofênça,1
bíblica,1
romanos,1
cuspiam,1
atraplhou,1
parecida,1
grudado,1
temoi,1
bolados,1
capinar,1
munida,1
estimada,1
señora,1
escribo,1
sugerirle,1
cordialmente,1
considere,1
desinfectar,1
utensilios,1
actualmente,1
encuentran,1
fregadero,1
imbecilizado,1
interagem,1
cobraram,1
dondoca,1
hahahahahaaha,1
mancinha,1
froxa,1
luridinha,1
penada,1
espressao,1
frangaaa,1
desconhece,1
wonderful,1
dispara,1
goma,1
electrifica,1
такое,1
футболе,1
должно,1
быть,1
чаще,1
reglamento,1
categoría,1
cayan,1
три,1
раза,1
смотрел,1
desinteressado,1
christ,1
saves,1
souls,1
continent,1
planet,1
states,1
lot,1
spettacolo,1
なんで,1
ゴールキーパーに行かずに,1
警備員とか関係ない選手とかに,1
行くんだ,1
seul,1
ivoirien,1
stelletje,1
malloten,1
met,1
voetbalshirtje,1
aan,1
belachelijk,1
meteen,1
uit,1
competie,1
zetten,1
geen,1
zelfbeheersing,1
wat,1
idioterie,1
pegaron,1
tamben,1
nom,1
getable,1
bangladesh,1
好精彩,1
不收費,1
goalkeepers,1
beef,1
ngl,1
historic,1
spoiled,1
brats,1
unsportsman,1
violence,1
reprehensible,1
inexcusable,1
pathetic,1
found,1
flee,1
maro,1
collosium,1
dangerous,1
kskskskskskskskksk,1
reaçao,1
migalhas,1
danar,1
ibobe,1
statue,1
awakens,1
rurn,1
everyvone,1
simpsons,1
reference,1
coruou,1
delegado,1
whwdgtjsdhktsbfjkgejgh,1
commentator,1
stuff,1
nightmares,1
confirmamos,1
gentleman,1
played,1
hooligans,1
arcontes,1
hostilidad,1
ocupados,1
practicando,1
dedicarse,1
penjaga,1
gawang,1
mending,1
saja,1
jngan,1
thugs,1
campionati,1
chiudere,1
violenza,1
allo,1
stato,1
rasenta,1
delinquenza,1
seguiti,1
fate,1
vomitare,1
wasting,1
deven,1
最喜歡看打架了,1
今年世足賽應該來幾場這樣的比賽,1
хорош,1
ridicules,1
encerio,1
actuar,1
drasticas,1
pensiones,1
indefinida,1
eato,1
pandias,1
actuan,1
secreen,1
hmbresitos,1
combierten,1
muestren,1
supesta,1
profesuonales,1
jusgs,1
tengan,1
verguensss,1
olviden,1
aandrecito,1
joueurs,1
montrent,1
exemple,1
jeunes,1
vraiment,1
connards,1
deux,1
équipes,1
mérite,1
énorme,1
sanction,1
invasion,1
puhs,1
boxin,1
choose,1
fighters,1
rubbish,1
cocaïne,1
friendly,1
toch,1
wel,1
gezellig,1
dat,1
voetbal,1
spirit,1
excitement,1
resgataram,1
wis,1
muantap,1
lanjutkan,1
nanti,1
acara,1
kesebelasan,1
indonesian,1
persib,1
persija,1
haahahahahhaha,1
calling,1
pésimo,1
aprecio,1
sudamericanos,1
aunque,1
duela,1
prefiero,1
alguno,1
rong,1
dancing,1
ここまで激しい両チームの乱闘は初めて見たかも笑,1
fined,1
geçenler,1
umarım,1
aynı,1
yaşarlar,1
mantap,1
mierdas,1
achoraron,1
bisak,1
maning,1
ditutup,1
retired,1
appologize,1
pushed,1
blessing,1
yorumlara,1
bakiyorumda,1
coğunluk,1
dedi,1
utanin,1
zevk,1
almişlar,1
sevi,1
yorlar,1
balon,1
hello,1
film,1
wolyyoud,1
ตบอลบราซ,1
except,1
τελικα,1
ποιοσ,1
εφαγε,1
τισ,1
ποιο,1
πολλεσ,1
xaxa,1
hidolatria,1
думал,1
боец,1
нет,1
kipa,1
timu,1
nyeusi,1
mshenzi,1
sana,1
profesional,1
persis,1
bracileño,1
desbergues,1
pleitos,1
actos,1
paor,1
harus,1
menghukumnya,1
худди,1
биринчи,1
синф,1
укувчилари,1
уйнагани,1
каби,1
ตบอลท,1
มารยาเก,1
นเหต,1
ผลล,1
นอย,1
างท,1
sucede,1
escenas,1
serán,1
responsabilidad,1
periodistas,1
spn,1
inseguridad,1
thailand,1
سبب,1
المشكلة,1
المفروض,1
يضربوا,1
التافة,1
ضرب,1
مبرح,1
demoníaco,1
nette,1
halbzeit,1
mitten,1
spiel,1
israeli,1
deserve,1
nasty,1
cobardes,1
verguensza,1
carcelar,1
juvenes,1
вместо,1
них,1
пусть,1
доигрывает,1
тренерский,1
состав,1
fashioned,1
красиво,1
дерётся,1
молодцы,1
ребята,1
так,1
merecen,1
teor,1
ley,1
cała,1
ameryka,1
południowa,1
công,1
nhận,1
đài,1
lớn,1
đuổi,1
luôn,1
chứ,1
hổn,1
loạn,1
trọng,1
tài,1
biết,1
móc,1
thẻ,1
wajib,1
kartu,1
merah,1
kali,1
hará,1
wooow,1
merdoso,1
vaffanculo,1
guerre,1
trae,1
dleaiis,1
gjamenatel,1
senssentino,1
aldemlio,1
antenoamo,1
captino,1
должен,1
руках,1
поддаваться,1
эмоциям,1
вратарю,1
пожизненное,1
дисквалификация,1
dommage,1
tout,1
cuir,1
gonflé,1
тупой,1
зоопарк,1
зверьё,1
suplente,1
naranja,1
disturbios,1
đánh,1
nhau,1
thì,1
đừng,1
đồng,1
mình,1
ngu,1
ngốc,1
tonton,1
leuwih,1
bjiirr,1
eihn,1
teppisti,1
trasado,1
bos,1
jangan,1
ribut,1
doooooonnng,1
hera,1
bacano,1
hinchada,1
phabian,1
participado,1
season,1
namas,1
seandaban,1
coreteando,1
mameys,1
shoilin,1
maroc,1
sénégal,1
finale,1
coupe,1
afrique,1
nations,1
maintenant,1
corrono,1
spingono,1
nessuna,1
vanno,1
fucilati,1
insieme,1
loro,1
allenatori,1
presidenti,1
wkwkwkw,1
получил,1
соплям,1
прекрасное,1
зрелище,1
рано,1
утром,1
супер,1
пакоцали,1
libre,1
dau,1
jaaaa,1
aprendan,1
oficio,1
сколько,1
радости,1
голосе,1
коментатора,1
gais,1
sekelas,1
repartirse,1
saquen,1
tarjetas,1
harían,1
keine,1
guten,1
vorbilder,1
solltet,1
schämen,1
und,1
hoffe,1
sehe,1
keinen,1
jemals,1
deutschen,1
emozionante,1
malintencionado,1
opaaa,1
cetuskan,1
pergaduhan,1
bernasib,1
baik,1
berjaya,1
menanduk,1
tiang,1
ningun,1
puñetaso,1
arañasos,1
vergognosi,1
puedo,1
allí,1
enfrente,1
agrediendo,1
ase,1
verlo,1
vieran,1
albitros,1
disen,1
malísimo,1
putazos,1
explícita,1
gravíssimas,1
homicídios,1
assassinatos,1
revoltadaco,1
comentarem,1
incapacitado,1
invertida,1
lamentávelllll,1
toricad,1
jajajajajajaa,1
saborear,1
mentecaptos,1
contact,1
asli,1
pantalón,1
sarcásticamente,1
güeyes,1
maçante,1
judo,1
graxa,1
joca,1
vergonzoso,1
respeitosos,1
cretinos,1
facínoras,1
preocupo,1
tornasse,1
soma,1
oficializar,1
malcriadas,1
chele,1
tribulca,1
sonarle,1
sabía,1
venían,1
puñetazos,1
porqué,1
llegó,1
patadon,1
neio,1
emanou,1
ahiii,1
barbaaaa,1
ahiiii,1
agressor,1
capitães,1
salariais,1
revisaram,1
aprecia,1
cagisi,1
tenqe,1
veículo,1
auxiliam,1
vendidas,1
cert,1
dveria,1
briagssama,1
abobados,1
porqe,1
troço,1
fuzue,1
insentivadores,1
pocos,1
corretos,1
revistas,1
elekkkkkkkk,1
bicadas,1
romantizando,1
nena,1
yahoo,1
auturidade,1
urem,1
desepcionante,1
devolvam,1
desepcionados,1
قسم,1
بالله,1
الشعب,1
يجعلني,1
اضحك,1
كثيرا,1
التعليقات,1
والترجمه,1
مضحكه,1
جدا,1
pisem,1
culpable,1
rob,1
caibro,1
regacando,1
envade,1
tenqui,1
demrou,1
wevetom,1
colava,1
trais,1
travi,1
jajajajajajaja,1
intromisión,1
limpio,1
bislicao,1
tápa,1
orea,1
pancadria,1
lixeiraaaaaa,1
comfiar,1
palhada,1
incentivada,1
calígula,1
araçuaí,1
chegassem,1
abitou,1
rapidão,1
borrada,1
presas,1
cadeirada,1
atrações,1
causasse,1
tidos,1
trasforma,1
iiiiiiiiiiuuuuuuuuuuu,1
potencialmente,1
perspectiva,1
alegórico,1
subjacente,1
proveram,1
belicoso,1
اذهب,1
اكتب,1
راح,1
تنصدم,1
عندما,1
تفرشت,1
مبارة,1
بدائة,1
اقول,1
جزائر,1
العنف,1
ولله,1
شيء,1
مضحك,1
تحياتي,1
ليك,1
الجزائر,1
معك,1
هناك,1
حماس,1
كبير,1
ولا,1
أحد,1
يرغب,1
بالخسارة,1
لذا,1
اللاعب,1
السيطرة,1
أحيان,1
ذلك,1
القول,1
بأن,1
عنيفة,1
مبالغة,1
شخص,1
يعرفها,1
اعرف,1
خاصة,1
عندي,1
فريقي,1
احبه,1
فلامينجو,1
برازيلي,1
انا,1
قولت,1
فقط,1
حتا,1
يوجد,1
يكون,1
شعب,1
يزعل,1
ولكن,1
معاك,1
يكونو,1
نهائي,1
لاعب,1
سيطرا,1
يتشاجر,1
لأخير,1
يطلب,1
اعتذار,1
سلام,1
عليكم,1
رمضان,1
كريم,1
تنسا,1
بلاد,1
يريدون,1
خسارة,1
يخسرو,1
خلاص,1
اقصائو,1
زعلاو,1
dear,1
phileduardo,1
write,1
sentences,1
pray,1
clarity,1
enclner,1
valentois,1
terminassem,1
ofuscou,1
certeiros,1
reiniciou,1
windows,1
arranhões,1
ipop,1
enxer,1
dilma,1
camomila,1
intecionado,1
machadada,1
alienação,1
hochey,1
guenga,1
interceptados,1
deitarem,1
conpanheiro,1
filu,1
assinhas,1
revirou,1
arder,1
inovar,1
marginaissss,1
impactados,1
horrorizados,1
faccões,1
corram,1
faimilia,1
deem,1
pontapes,1
crianaças,1
imitem,1
motorzinho,1
povoooo,1
paulistao,1
raimunda,1
cadeiraaa,1
nenguma,1
químico,1
inesperado,1
cabeceira,1
catiripapos,1
mansão,1
apnhou,1
válber,1
zauberei,1
гдр,1
ижр,1
лпд,1
oixtopata,1
festivais,1
poderá,1
axertá,1
surgem,1
baitolagem,1
merderverson,1
espantalho,1
menosprezaram,1
suicidado,1
calabreso,1
fechadas,1
divída,1
sequelada,1
fúdidas,1
surgiram,1
reinaugurado,1
fecharam,1
dede,1
parcelaram,1
ducha,1
chorôrô,1
dpois,1
coreeu,1
gigantão,1
consagrado,1
separo,1
aaaahhhh,1
minizento,1
deitei,1
marombão,1
móvel,1
envergadura,1
temeridade,1
revidado,1
sepraram,1
caísse,1
estatelado,1
moitinho,1
impossibilitando,1
intactos,1
ágil,1
hábil,1
encara,1
cabimrnto,1
skill,1
pod,1
pimentão,1
dispôs,1
arque,1
aparentar,1
desmontar,1
desguardado,1
elmento,1
desmontaria,1
aptidão,1
rasgada,1
karlh,1
mac,1
humanity,1
realise,1
species,1
jorga,1
urrrrra,1
degli,1
ultimi,1
anni,1
auld,1
school,1
rammy,1
moralismo,1
لقد,1
جأت,1
لكي,1
اشاهد,1
الغبي,1
الملقب,1
بالحمار,1
تسبب,1
بشجار,1
يحدث,1
حتى,1
بطولة,1
الثيران,1
handbags,1
happening,1
introduce,1
colors,1
usut,1
tuh,1
biang,1
provokator,1
torwart,1
angefangen,1
sollte,1
sofortiger,1
wirkung,1
entlassen,1
werden,1
nichts,1
mehr,1
tun,1
noções,1
lmfao,1
left,1
dayum,1
olay,1
yaşansa,1
sahibi,1
girer,1
takımı,1
bayıltana,1
döverler,1
yine,1
iyiymiş,1
mavi,1
organize,1
dövüşüyor,1
düzeninde,1
siyah,1
beyazlılar,1
sistemi,1
kullanmış,1
kimsede,1
etmeyi,1
bilmiyor,1
favour,1
quelle,1
horreur,1
spectacle,1
celà,1
répugne,1
fact,1
eittaaaa,1
yiki,1
olmadı,1
saahaya,1
cuanta,1
hipocresia,1
maravilhadas,1
هههههههههههههههههههههههههههه,1
dijeron,1
hijo,1
demuestramelo,1
qliado,1
okey,1
quedó,1
tóma,1
reactions,1
beginning,1
futball,1
mahhalla,1
qoshni,1
mahhala,1
uzbekistan,1
fugitioikrehehdbfbhndbdgavnmegndbdbd,1
dnbnthebnbndnfbhfnshbnfbd,1
tuuyitnjhmbgbfbcutitignvmvnckhvgkvkk,1
heres,1
searching,1
sitting,1
oʻzbeklar,1
bormi,1
released,1
onto,1
aradigim,1
erkek,1
oyunu,1
boyle,1
oynanir,1
monaliza,1
propociona,1
velocida,1
section,1
latin,1
keras,1
eropa,1
jungles,1
uganda,1
なんて野蛮なんだ,1
taggning,1
inför,1
premiären,1
söndag,1
bought,1
seat,1
middle,1
lines,1
invested,1
cosaa,1
campeón,1
marruecos,1
spartacos,1
remembered,1
movie,1
rollerball,1
wtfff,1
ars,1
xdd,1
veces,1
afición,1
saparada,1
escutava,1
morr,1
anger,1
management,1
gepe,1
pmerj,1
skipped,1
seconds,1
kak,1
india,1
aleija,1
gentle,1
appalling,1
saddening,1
deep,1
enjoying,1
regretful,1
code,1
minion,1
lane,1
posts,1
ngeri,1
harusnya,1
paling,1
bertanggung,1
jawab,1
genocídio,1
palestina,1
sugiro,1
btg,1
though,1
priceless,1
calmado,1
transformó,1
golpearon,1
huahuahuahua,1
alla,1
litigata,1
botte,1
orbi,1
problem,1
peak,1
pasará,1
pausar,1
meczu,1
odbyła,1
fiesta,1
typowe,1
brazylii,1
agression,1
παλιο,1
καλο,1
ταβερνοξυλο,1
notice,1
right,1
decision,1
abandon,1
homies,1
believe,1
actually,1
อายคนท,1
งโลก,1
ไปชกมวยไป,1
wonder,1
dominate,1
downfall,1
intelligence,1
seems,1
sample,1
berani,1
memukul,1
kecuali,1
untung,1
juga,1
fullcrum,1
choke,1
dress,1
aamoo,1
sec,1
generated,1
closed,1
打的好,1
多打点,1
最近足球太无聊了,1
需要这种事才想看,1
exibição,1
bónus,1
sobrava,1
descerem,1
berlebihan,1
reaksinya,1
pemicu,1
keributannya,1
gdzie,1
jest,1
jakaś,1
ochrona,1
obiektu,1
potrafią,1
sobie,1
poradzić,1
paroma,1
suchymi,1
kogucikami,1
kopiących,1
piłką,1
czolach,1
koguciki,1
powinne,1
być,1
zawieszone,1
kilka,1
meczy,1
powinno,1
wiązać,1
brakiem,1
wypłat,1
czas,1
zawieszenia,1
tego,1
wysokie,1
kary,1
finansowe,1
flying,1
lack,1
maturity,1
marranos,1
porterete,1
morreeeeeer,1
uhhh,1
nomento,1
cavernarios,1
maldad,1
miguelito,1
ejército,1
encantaria,1
gangster,1
presume,1
cuman,1
satu,1
satunya,1
warga,1
disini,1
الاعب,1
تفادى,1
حارس,1
المرمى,1
يعاقب,1
ويوقف,1
اللعب,1
لانه,1
ليس,1
لديه,1
أخلاق,1
ولى,1
روح,1
رياضيه,1
deporteeeeees,1
recuerdooooos,1
andén,1
pidiendo,1
quejen,1
tuvo,1
saltar,1
casi,1
tocó,1
recaliente,1
debieron,1
calmarse,1
revoloteando,1
rivales,1
guatemala,1
salían,1
campionatinho,1
senvergonha,1
kacau,1
bikin,1
malu,1
kaya,1
berantem,1
semua,1
memandang,1
kalian,1
ujung,1
afrika,1
asian,1
tenggara,1
puños,1
parecen,1
actuadas,1
psicológica,1
kalo,1
bisa,1
federasi,1
chez,1
même,1
africains,1
dépassé,1
piedad,1
arrestarse,1
unreal,1
exageró,1
actuará,1
siii,1
osmar,1
juegue,1
bingung,1
seorang,1
timnas,1
kenapa,1
serta,1
amatir,1
equipa,1
aflora,1
interagindo,1
moçambique,1
maputo,1
bajo,1
dedican,1
capaces,1
weeeeehhhh,1
надо,1
хотя,1
останется,1
без,1
красной,1
карточки,1
princesas,1
hadouken,1
africans,1
backward,1
uncivilized,1
esprits,1
échauffent,1
avalanche,1
starts,1
copy,1
supporters,1
issues,1
interfering,1
fulbo,1
substitutes,1
taking,1
opportunity,1
alone,1
famouse,1
clasic,1
betweeen,1
happend,1
beli,1
cabang,1
olahraga,1
legend,1
mallar,1
inexperienced,1
dzikusy,1
swoim,1
żywiole,1
esperaba,1
decepción,1
colombia,1
bendiciones,1
escobar,1
дана,1
уайт,1
төлескендеріді,1
юфс,1
шақыр,1
daca,1
arbitrul,1
centru,1
aproape,1
faza,1
portarul,1
toata,1
bataia,1
zionist,1
vurugu,1
mechi,1
tez,1
ogladamy,1
locão,1
gratis,1
lloron,1
hacerlo,1
jajjajaaja,1
levantam,1
pauta,1
pequenêz,1
exportam,1
queixam,1
gym,1
weak,1
disappointed,1
quior,1
kepada,1
tdk,1
kelapangan,1
muerto,1
sesped,1
escucho,1
volada,1
ดมวยไทยนะจะได,1
กไหนแตะต,1
อยหน,1
rotura,1
consideración,1
federación,1
justicia,1
ayudarlo,1
albañil,1
cervezas,1
imposible,1
atenta,1
revisión,1
testimonios,1
identifican,1
dovrebbero,1
introdurre,1
rambol,1
mistake,1
cameramen,1
echarlos,1
kejadian,1
biasa,1
sucker,1
maglia,1
blu,1
sembrava,1
improvviso,1
guarito,1
miracolosamente,1
mod,1
المصارعه,1
البرازيليه,1
ape,1
kome,1
berebut,1
sebijik,1
bertumbuk,1
apoh,1
pun,1
sakit,1
badan,1
ajengan,1
tengin,1
superados,1
devolverem,1
vencimentos,1
figured,1
conflict,1
cometam,1
rebentam,1
sizi,1
izlemek,1
güzeldi,1
kalabalığı,1
görünce,1
korkudan,1
gidemiyor,1
iri,1
yarı,1
güvenlik,1
bırakmıyor,1
pene,1
duuh,1
hatari,1
nusu,1
langsung,1
degradasi,1
namorando,1
elimine,1
equal,1
foot,1
permitted,1
anj,1
despreparadas,1
educacional,1
supercarros,1
emergentes,1
incondicional,1
intensa,1
pátria,1
dopam,1
táticas,1
autobeneficiar,1
tradicionalismo,1
heterosexual,1
consideram,1
barbaria,1
arriscaria,1
comércio,1
palestras,1
curtas,1
conscientizar,1
acirrar,1
acirram,1
papi,1
angle,1
incident,1
posting,1
uncut,1
coin,1
derbies,1
mereka,1
chutos,1
estupido,1
bgini,1
ckckck,1
enaltece,1
после,1
игрового,1
момента,1
неадекватно,1
повел,1
реально,1
ненормальный,1
какой,1
если,1
такие,1
проблемы,1
нервами,1
сиди,1
дома,1
лечись,1
mulequevagabundomarginaldesonestosafado,1
mix,1
martial,1
nutters,1
hold,1
meal,1
score,1
tunggu,1
berubah,1
hijau,1
utter,1
clowns,1
videozinhos,1
menu,1
costumes,1
meria,1
meterem,1
acirrados,1
tráfico,1
discriminação,1
eessa,1
açougue,1
taken,1
place,1
stewards,1
discussing,1
bellends,1
respective,1
rsrssrsrs,1
lêem,1
birroycom,1
conaegui,1
sto,1
koglioni,1
devono,1
giocare,1
tutta,1
vita,1
torcenedores,1
instead,1
reciving,1
paok,1
greece,1
blame,1
cleanest,1
combien,1
rouges,1
group,1
knew,1
witness,1
mannschaften,1
jahr,1
komplett,1
gladiator,1
sowas,1
hätte,1
beim,1
frauenfussball,1
gegeben,1
pent,1
gormahia,1
realistic,1
heritage,1
судʼям,1
пізди,1
дали,1
lovr,1
kangkung,1
keya,1
bhai,1
toh,1
litana,1
chahiye,1
tha,1
rudo,1
kan,1
görüyorum,1
vahşet,1
görüyorumm,1
pislik,1
takımının,1
mağlup,1
olmasına,1
sebep,1
oldu,1
wand,1
champagne,1
entenderías,1
epick,1
kskskskkdkdk,1
atemporal,1
trend,1
aguantaron,1
tiraron,1
roson,1
expulsarlos,1
recreando,1
ocurrió,1
derbi,1
cambiasso,1
answered,1
miracle,1
recovered,1
pain,1
sayang,1
gaikut,1
berrinche,1
armo,1
pisadita,1
hubieran,1
coñazos,1
hecharon,1
coñazo,1
jajaj,1
faltaron,1
patearon,1
pichanga,1
calle,1
yesterday,1
pillow,1
quitado,1
terminaban,1
olvidarlos,1
anjir,1
ganador,1
jajajs,1
bleeding,1
incredible,1
videozinho,1
devils,1
unforgivable,1
furbolcular,1
edilip,1
cezalar,1
verilip,1
ligden,1
dusurulmeli,1
buenisima,1
cuk,1
gurt,1
estadounidense,1
peligrosas,1
kķkkkkķkkkķkkkķ,1
nutellagem,1
audiovisuales,1
jamás,1
magestuoso,1
míralo,1
velocidad,1
bener,1
yara,1
zonguldakspor,1
düzcespor,1
cagoes,1
missionarios,1
sorry,1
poética,1
baratas,1
toro,1
glad,1
hitting,1
assa,1
rapozao,1
pegarão,1
ferraram,1
penghasil,1
bintang,1
tpi,1
kompetisi,1
negri,1
kya,1
amatiran,1
eiba,1
sheleiba,1
eeibra,1
sheleida,1
eeiba,1
paranaueeeeee,1
panaranue,1
тірі,1
estan,1
civilizar,1
blood,1
caía,1
feelings,1
neither,1
shlt,1
wages,1
unbelievable,1
bring,1
days,1
battered,1
wanted,1
opposition,1
narcos,1
telemundo,1
adueñaron,1
bombed,1
ladies,1
gentlemen,1
lijes,1
treo,1
giò,1
thằng,1
vĩnh,1
viễn,1
theke,1
dekte,1
asche,1
sudu,1
darai,1
rasguños,1
sigan,1
suyo,1
amigros,1
everyday,1
desadaptado,1
posible,1
dgenerada,1
loquecio,1
facinhokkk,1
tape,1
scred,1
gazelles,1
ratinhoooo,1
nho,1
nhoooo,1
servicio,1
gang,1
member,1
لمن,1
يعرف,1
قديما,1
صوره,1
تاريخ,1
كره,1
الحقيقية,1
furbol,1
pibee,1
miedo,1
turn,1
heat,1
moralizacao,1
rodeado,1
chorandin,1
fagiolada,1
brasilllllllll,1
participación,1
internacionales,1
reducción,1
presupuesto,1
quizá,1
clásicas,1
patean,1
corren,1
agarrense,1
tenían,1
lacre,1
died,1
pilke,1
nozna,1
nic,1
robilem,1
poprosze,1
wersje,1
hero,1
attitude,1
armen,1
finny,1
locos,1
jueguen,1
surprise,1
words,1
explain,1
watched,1
child,1
infuriates,1
fun,1
género,1
institute,1
keyboard,1
kirmiz,1
yememis,1
kenarda,1
sinema,1
izler,1
izlemisler,1
tqm,1
latinoamericano,1
decerteza,1
pasaron,1
hot,1
tempered,1
firm,1
african,1
floresce,1
healing,1
costumo,1
metodo,1
decidi,1
funcionava,1
cabei,1
reias,1
lalau,1
discordia,1
miseria,1
berracos,1
spill,1
questions,1
thst,1
silat,1
marksman,1
midland,1
goldland,1
tank,1
hyper,1
asasin,1
goooo,1
babieees,1
says,1
brazilans,1
mecere,1
anfa,1
norak,1
gustó,1
preparense,1
competencia,1
romantico,1
delude,1
torhüter,1
doch,1
latten,1
zaun,1
auslöser,1
jahre,1
olmuş,1
futbaal,1
detailed,1
scorecards,1
podres,1
gaianco,1
npc,1
question,1
identify,1
carded,1
demás,1
neden,1
sahada,1
whilst,1
punched,1
pertandingan,1
prisoner,1
quiere,1
queee,1
haciendo,1
séniores,1
sartisfatório,1
aplicasse,1
olhadndo,1
embarassing,1
mates,1
brain,1
results,1
brawls,1
nisam,1
oduševljen,1
biju,1
kao,1
zene,1
moçada,1
brutos,1
escena,1
cuanto,1
malta,1
today,1
molecadinha,1
recognition,1
footballing,1
religious,1
mode,1
starting,1
gain,1
reputation,1
imagined,1
bostibol,1
destruye,1
matterazi,1
internazionale,1
bites,1
incansavelmente,1
impostos,1
castigar,1
informacao,1
noob,1
cabezaso,1
vean,1
votones,1
repartir,1
mango,1
uruguayos,1
invadem,1
curar,1
kdkdkdk,1
invadido,1
américano,1
conformar,1
smash,1
entretendo,1
hahahahaahah,1
puxões,1
desvaloriza,1
hambrientinos,1
fueron,1
ingles,1
mortalmente,1
milagrosamente,1
hokey,1
shouldn,1
latem,1
dividiram,1
lio,1
grabbed,1
diferencia,1
treinava,1
bahahha,1
futebolísticas,1
soft,1
guerea,1
footbol,1
mesm,1
atrevieron,1
keep,1
dove,1
difendono,1
sia,1
fuori,1
aguerra,1
receso,1
primaria,1
assistant,1
fourth,1
บลาซ,1
lixado,1
recordes,1
mengingatkanku,1
suatu,1
tempat,1
incompatível,1
fríos,1
mimizentas,1
guardameta,1
kkw,1
francis,1
nganou,1
insanidade,1
besterol,1
atravessar,1
umbrais,1
maten,1
solos,1
madonna,1
pazzi,1
futabol,1
africanos,1
violação,1
rataida,1
escraviza,1
abusivas,1
common,1
brian,1
pick,1
civilizado,1
camarógrafo,1
side,1
yenilgiyi,1
hazmedeceksin,1
yoksa,1
skor,1
hemde,1
atarak,1
adamlar,1
arkadaşlarının,1
disgraceful,1
competitions,1
lengthy,1
hefty,1
deriva,1
fúria,1
trocaindo,1
colegio,1
preview,1
upcoming,1
muleques,1
porradeieiro,1
alamada,1
savarino,1
qualificado,1
expresion,1
enfrentamientos,1
cavernicolas,1
aman,1
destruccion,1
dejarlos,1
trituren,1
sociedad,1
liberaría,1
gentes,1
delincuentes,1
antisociales,1
aportan,1
comunidad,1
descaralhou,1
tmar,1
مفروض,1
يضرب,1
لعاد,1
يرجع,1
يكمل,1
gano,1
vandalos,1
flanelinhas,1
restooo,1
apostó,1
masivas,1
hipnotizado,1
ampiones,1
mariposas,1
rasgarem,1
everytime,1
rewatch,1
apart,1
comments,1
whatever,1
oudio,1
tonhão,1
bros,1
campiao,1
galoeiro,1
kerendo,1
apresentamos,1
explicando,1
kalau,1
hoped,1
last,1
longer,1
pttite,1
jump,1
iniciais,1
supimpa,1
withdraw,1
earth,1
cambadas,1
automobilismo,1
fazeriam,1
mequetrefes,1
llamarlos,1
negr,1
carcel,1
cadena,1
perpetua,1
hermosooooo,1
seriad,1
delicias,1
televidente,1
atrevimento,1
helden,1
obrigasse,1
dúvido,1
unas,1
endocrinologista,1
hardly,1
knows,1
pandaria,1
kkko,1
gggg,1
instáveis,1
correctly,1
level,1
danger,1
class,1
proffesionalism,1
baned,1
enchoque,1
mineito,1
holofotes,1
però,1
fotte,1
cárcel,1
extranjero,1
diabinhos,1
lobe,1
wellcome,1
jungle,1
recreate,1
famous,1
add,1
rules,1
pistoleiro,1
leagues,1
honestly,1
tryna,1
jumped,1
attacker,1
enough,1
professionally,1
period,1
mentality,1
might,1
disappear,1
bigarra,1
mog,1
şöyle,1
derbisi,1
nasip,1
entretenimentos,1
smacked,1
nás,1
roncando,1
pakaralho,1
branda,1
reduzem,1
gelud,1
tralalero,1
tralala,1
everso,1
guentooooooooooooooooooooooooooouuuuuuu,1
land,1
imbeçil,1
sportler,1
spielen,1
zuschauer,1
uce,1
kitrato,1
hope,1
speaks,1
portugese,1
mimimimimimimimi,1
jambrando,1
murreeeer,1
alir,1
avuando,1
miquem,1
pisâo,1
rely,1
thankfully,1
beneficiário,1
evangelico,1
aventando,1
juegos,1
olimpicos,1
marvellous,1
rolling,1
gets,1
joins,1
chiamano,1
ancora,1
primitivi,1
masooooook,1
pak,1
eko,1
ophanfo,1
esplêndida,1
nyawit,1
escalated,1
quickly,1
herbes,1
terrixes,1
decifrar,1
clareza,1
meanwhile,1
séri,1
palpiteiro,1
sonora,1
hauhahuahuhuahua,1
dragas,1
mulai,1
ditiru,1
depara,1
erica,1
hilton,1
fossa,1
fetida,1
bandejas,1
prosiar,1
shou,1
açãozinha,1
riscou,1
bumm,1
امعطه,1
rokay,1
hahahq,1
yeaaaah,1
polite,1
reasonable,1
absurd,1
thank,1
ninos,1
ninas,1
bolor,1
ram,1
cacetetes,1
gane,1
cuota,1
habrá,1
rojas,1
semiprofissional,1
kkkkkkkkkkkkkjjj,1
miolo,1
saquinho,1
ctm,1
wea,1
exhibition,1
compactua,1
ahm,1
estimulo,1
excluidos,1
sonham,1
terminará,1
compressor,1
crow,1
housen,1
mamonas,1
valeria,1
socorre,1
pauco,1
tenção,1
basically,1
frangalhos,1
extended,1
minuciosa,1
obrigou,1
blablabala,1
też,1
zauważyłem,1
matasse,1
ilustrada,1
peace,1
gopro,1
zandoná,1
bodercoles,1
separaria,1
pretos,1
confirm,1
villalva,1
seguirem,1
estourei,1
qta,1
animada,1
espiritas,1
pintar,1
tintas,1
luxcolor,1
অবস,1
সবকয,1
rebeixados,1
agitar,1
arruinado,1
futebooooolllllllll,1
banquinho,1
golos,1
patrola,1
hijitos,1
valiam,1
controlamos,1
caçaco,1
pisapékkkkkk,1
colarzinho,1
avise,1
típica,1
manejo,1
tibio,1
descontroló,1
comeco,1
perdedora,1
peguarem,1
dançam,1
resultante,1
participarem,1
vae,1
capítulos,1
gincana,1
surgi,1
coleta,1
esbofeta,1
akakakkakakakakakkakakakakaa,1
exelente,1
temperança,1
diverti,1
retardados,1
catinga,1
kkkkkkkkjjjkkkkkkkkkkk,1
vixiii,1
basturd,1
escaped,1
nóhhh,1
raposaaa,1
damas,1
cavalheiros,1
conchavo,1
iludi,1
desiludido,1
colorados,1
pudieron,1
tirarlo,1
maquina,1
poorraaa,1
primária,1
lentes,1
anulem,1
enfrentem,1
descupas,1
jasjajskjkajsjaksa,1
repudiar,1
lamentações,1
moca,1
excluídos,1
hulkl,1
promissor,1
casem,1
mineirin,1
brigandu,1
paozin,1
queju,1
morrerrr,1
morrerrrre,1
estancar,1
posicionadas,1
uniformizadas,1
briguentas,1
assustadas,1
porradeira,1
muitíssimo,1
seiiii,1
materazi,1
fazeressa,1
afastaram,1
ultrom,1
morreeer,1
divulgada,1
descarregaram,1
crisis,1
belezaaaaa,1
respiraaaa,1
intereressante,1
ofercer,1
kkkkkkkkkkkkkkkkkkkkkkkkkkkkkkkkkkkkkkkkkkkkkkkkkkkkkjjjjjkkkkkkkkkkkkkkkkkkkkkkk,1
convardia,1
cegar,1
vinícius,1
noiados,1
mininu,1
terremoto,1
concordamos,1
gambada,1
trela,1
cocoto,1
beberton,1
kskskskskksskks,1
lanvantar,1
vermelhão,1
ucho,1
sudaca,1
recibieron,1
honrada,1
tabua,1
tonar,1
regiões,1
castor,1
invadia,1
altera,1
elastico,1
cadeado,1
fecham,1
didi,1
zeeooooooooo,1
durado,1
hahahahaa,1
subdesenvolvimento,1
desligue,1
assegurar,1
cuatro,1
desossando,1
azuzin,1
órgãos,1
لعبة,1
كاتش,1
retaguarda,1
protegida,1
comenzo,1
suspencion,1
constrangido,1
marrudão,1
paralo,1
setorizar,1
rewind,1
vezeskk,1
pouquíssimos,1
levantarem,1
óio,1
ajeijado,1
portões,1
furte,1
amigavel,1
especializada,1
caracdesse,1
huu,1
pombao,1
desabou,1
grudada,1
pesca,1
peixes,1
avuadora,1
obaaaaaaaa,1
kalil,1
túnel,1
inflável,1
xhega,1
parasitas,1
relembrou,1
cuzaun,1
fenagueiro,1
adiversario,1
prestame,1
selamat,1
sangsi,1
selamanya,1
mediu,1
elites,1
centralizado,1
dissooo,1
falandooo,1
calendario,1
abelhas,1
cassioo,1
comportou,1
convversa,1
implementar,1
gustavohsabino,1
fossse,1
territorio,1
focaria,1
ladinho,1
mourinho,1
soltasse,1
arrebentava,1
jantam,1
acalmou,1
desperdiçou,1
faro,1
aguçado,1
uam,1
certou,1
csra,1
henrrique,1
jiraya,1
coice,1
breu,1
registrada,1
brancos,1
pudia,1
valauba,1
decapitado,1
frescão,1
migalha,1
cavaco,1
vijauba,1
inedito,1
pisava,1
nenhuna,1
hug,1
demitam,1
explorar,1
economicamente,1
encorajar,1
respiro,1
enviar,1
permitida,1
complementa,1
porradadia,1
traje,1
compensando,1
oferecido,1
queres,1
engañar,1
bancas,1
digan,1
denuncia,1
engañes,1
lmaoooooo,1
pixote,1
roer,1
kaun,1
lataria,1
stdj,1
kkkkkkkkkkkkii,1
fracooo,1
pandararia,1
kkkkkkkkkkkkmuito,1
meeer,1
jambrado,1
hahahahahahahaahahhahahahaha,1
forro,1
veredito,1
caçado,1
perdoaria,1
agitou,1
bhunda,1
evidenciou,1
terminaram,1
youtbers,1
ceguinha,1
álvarez,1
başlatmış,1
yeğenim,1
futbolcunun,1
herhangi,1
şiddet,1
eylemi,1
salaksın,1
herhalde,1
perebada,1
atletinhas,1
borduadas,1
esquivar,1
fisico,1
devolve,1
ultra,1
fuças,1
cosquinha,1
raud,1
trouxão,1
gostariam,1
ranan,1
mini,1
memso,1
acredite,1
derretem,1
compressão,1
sapateando,1
uti,1
arregaçada,1
favorecemos,1
rolha,1
garrafões,1
hepatites,1
jeans,1
cadelinha,1
dalamos,1
vencesse,1
galante,1
decrarandos,1
fray,1
democratas,1
crueiro,1
qyando,1
novatos,1
desdenhando,1
sentaram,1
cravaram,1
zaquero,1
ocupa,1
pack,1
gogosz,1
hulkão,1
kaigo,1
kssssskskskssksksksksksksksssksksksskskskskkskskkkskkskkskskskkskskskkskskskskskskksksksksk,1
holha,1
nort,1
galacoooooooo,1
mariaaaaaa,1
golaçooooooooooooooooo,1
igul,1
figido,1
nosse,1
praser,1
açooo,1
nadavcestacegonarradomariafoipenalticlaroparaogalo,1
chupamarias,1
ficacaladonarradomariacruzemariadeusorteeraprogalaodamassateganhadodigoleada,1
normalseurabunarradovagabundo,1
núú,1
urinada,1
auxílio,1
penalidades,1
extensão,1
colados,1
nnnckkckknj,1
brabooooooo,1
característica,1
neycai,1
lulas,1
enqto,1
bern,1
kkkard,1
gersonkk,1
chuca,1
gaaaaaaaaaaaaaalllllllllooooooooooooooo,1
cetadoido,1
gelson,1
joice,1
chichi,1
papaiii,1
passin,1
saudosistas,1
ótario,1
oposição,1
ressuscitamos,1
putaqueopario,1
disculpa,1
quelquer,1
beberam,1
casados,1
gerals,1
dobraram,1
saborr,1
ficcando,1
vacuo,1
badass,1
lazio,1
mkkkk,1
afundem,1
sabouurr,1
bluno,1
presenteie,1
shrek,1
kubricio,1
vecendo,1
cimaaaaaaaaa,1
wuliam,1
perdinho,1
reforcar,1
qebra,1
aqi,1
freira,1
dosado,1
redimir,1
impedindo,1
milagrosas,1
dependeu,1
expecificamente,1
chupooo,1
vído,1
cinais,1
fábricio,1
supracitados,1
desenvolver,1
sina,1
borralheirascom,1
ajudandos,1
lebre,1
emtegou,1
atravesaa,1
mei,1
protesto,1
tomaaaa,1
erroyo,1
farmo,1
alcançamos,1
bençãos,1
kilometros,1
diminuída,1
dira,1
laaaaá,1
esperma,1
sercampeão,1
har,1
dellas,1
borrando,1
cramelo,1
feirantes,1
narre,1
alteram,1
realizado,1
atelticamo,1
estranhado,1
skskskks,1
picada,1
azulinos,1
ignorou,1
ragnarok,1
arroiou,1
cabulosos,1
diss,1
bebemos,1
mijado,1
laaaaçoooo,1
aaaçooooo,1
nilópolis,1
baixada,1
furtaram,1
ultrapassagem,1
fam,1
golaaaaçoooo,1
kkkkkkkkkkkkkkkkkkkgaaaaaaaalooooooo,1
proclamam,1
misturada,1
ureia,1
ácido,1
úrico,1
paladar,1
inerte,1
refrescou,1
hidratado,1
hipóteses,1
acusam,1
doping,1
balançou,1
calmante,1
plana,1
patriota,1
pedroca,1
distanciam,1
cogitar,1
encantar,1
caçapa,1
prega,1
obscenos,1
kkkkkkaio,1
maratonista,1
circulado,1
malvadinho,1
galoooooookooooi,1
beagaense,1
zeirinho,1
lentin,1
valeuuu,1
hulkao,1
quadrangular,1
divid,1
tetracampeão,1
revogar,1
galooóoooóóooooo,1
kkkjk,1
coolguloso,1
lakkkk,1
saturou,1
farmador,1
tembem,1
timinhokkkkkk,1
cegueta,1
driblado,1
zoaeira,1
caralhoooo,1
inícios,1
dijk,1
ultrapassadolotti,1
pqpqpq,1
horrisvel,1
paralisado,1
lacerda,1
canceroso,1
pratão,1
termômetro,1
rual,1
urubuzada,1
parametro,1
crubbb,1
referiu,1
heimmm,1
adimitir,1
frequentou,1
sacando,1
galãoum,1
mônica,1
kakakakakkak,1
butico,1
kakakaaka,1
desaparece,1
consigam,1
quento,1
esparrafada,1
comemorava,1
arrombada,1
meda,1
despachando,1
treeeemeeeeuuuuuu,1
timezin,1
vitorinha,1
piolho,1
rankings,1
comebol,1
treeeemeeeeee,1
trolitada,1
adiantando,1
caladono,1
esna,1
mammaammammammsmmssmmsmsmmdmdmdmdmdmmdkdkdkmdmdmdkkkmdmdkmddmmmdm,1
firou,1
nnqnqnnqnnqnqnqnannanjjajajjaajjajajajajajjajajajjajajajjajajajajajajjajajajjajjaaajajaj,1
mmmmmamwmnwnwnwnnnwnwnwnwnnwnnwnwnwnnwwe,1
dancá,1
sandro,1
pexte,1
bilíngue,1
contestadas,1
shopeeee,1
darlan,1
micro,1
ntlh,1
sofram,1
suportá,1
esconstou,1
alergia,1
borracharia,1
gozaar,1
misoginia,1
impatia,1
têem,1
vulgaridade,1
prosesah,1
mixo,1
continha,1
eusou,1
kakakaa,1
invento,1
mkamakakakkakakkkkakkakakakkkakakkkwkkaakkkkakakkakkakakkakakkkakkakak,1
mmammaammmamammwmamwmmsmsmmsmmsmsmsmsmmememmmwmmwmememmmmeemmememmemmemememememememmememsmmenemmememememmememmem,1
trabslho,1
duplador,1
insultando,1
vodka,1
mmqmmwmmmwmwmwmmwmmmwmamammammammwmamwmmwmwmwmwkkkakakkakksekkwkek,1
corajosa,1
mmamqmmqmqmqmmmmmqmqmmammammmamammammmmmmammmamammamammmmmammmamamamamamammammmmammamammamamamamam,1
miju,1
hilario,1
mqmmqkkkkkqkqkkqkqqkkqkqkqkkakkakakkaakkkakkakakqkqkqkqkakakkakakkkqkkk,1
lixoooo,1
goooooooooooooool,1
nehhum,1
paiço,1
mesml,1
produziu,1
aihn,1
arranjando,1
identica,1
prefeita,1
hanramrram,1
vizinha,1
arremeçararam,1
quela,1
sêmen,1
relamente,1
consertar,1
kakkakaa,1
olindense,1
kakkaaka,1
doblodor,1
gameplay,1
perdo,1
tda,1
mlkadas,1
espiração,1
duque,1
nutelisse,1
traumatizou,1
manipulador,1
pequinininho,1
mengooooo,1
mimad,1
ocho,1
oocho,1
pacas,1
inspirarem,1
valentina,1
farinhas,1
existido,1
cayo,1
vpz,1
mkkkkkkkkkkkk,1
recisão,1
conxha,1
surpreendido,1
cantico,1
nutelice,1
desrrepeito,1
penaltil,1
ayleticano,1
domínios,1
chula,1
xinguinho,1
messmooo,1
aranaaa,1
nnnnnnnnnnnão,1
extase,1
pipofogo,1
penterro,1
bebedo,1
atualizou,1
cachorrinha,1
dançarinas,1
chuteirinha,1
tatuagem,1
zêêrooooo,1
hironia,1
penúltima,1
freguezona,1
anita,1
firmado,1
kakakakakakakskskkakakakakakakaka,1
akela,1
abirtatrgem,1
instruído,1
daninhas,1
cumadre,1
uui,1
mordida,1
baresi,1
brasaaaaa,1
militando,1
duvlagem,1
desbloqueou,1
bôate,1
guêi,1
juveniu,1
seee,1
varzeleiro,1
boyola,1
bondezinho,1
bichaaaa,1
miga,1
chuuuuppaaaaaa,1
mariiiiaaaaaaasss,1
azuletes,1
defendê,1
induzem,1
jorgia,1
pirralho,1
esculachar,1
aihnnn,1
kidiaba,1
xorão,1
habla,1
granal,1
danço,1
qdescarado,1
ladopra,1
enquadrando,1
corpão,1
bagrernard,1
requebra,1
bananeira,1
tuuuuudo,1
sober,1
consolar,1
venderia,1
teatral,1
jsjsjssjsjsu,1
esbaldando,1
discução,1
kkkkkke,1
pentejo,1
verbalizar,1
nescessário,1
realno,1
desconfiava,1
ruuuuuuuuuiiiiimmmmmmmm,1
telinha,1
recebeaaaaaaaaaaaaaaa,1
golasso,1
organizadinho,1
ganhem,1
maincon,1
kkkkkkcomemoracao,1
africana,1
diploma,1
cota,1
varrer,1
saborrr,1
akakakakkaakak,1
gafanhoto,1
ocês,1
abacou,1
esculhambando,1
meiao,1
xigam,1
cremosa,1
safadinho,1
tiraria,1
masculidade,1
tricampeão,1
seita,1
difamar,1
aporte,1
faltakkk,1
chatooooo,1
cruzeirensd,1
ferreir,1
ridiculaaa,1
annh,1
carsio,1
serr,1
explo,1
faceiro,1
podridão,1
mamá,1
aaaaaaaii,1
neneeeem,1
estreou,1
nnnanannnananannsnsnndsnndndnddnndnnsnsnsnndnsnnsnndnnddssnnnd,1
pit,1
odiaria,1
pendejos,1
incentivado,1
deformou,1
provoquem,1
plástica,1
bocós,1
iola,1
dis,1
paoeis,1
biblia,1
moooonstro,1
toem,1
penaty,1
cario,1
vozeirão,1
tilkok,1
lixoooooooooooooooo,1
hermes,1
pardini,1
jorgini,1
frasco,1
fixou,1
rego,1
iiii,1
amparo,1
aiiiiii,1
bostaaaa,1
desrespeitando,1
voum,1
passinhu,1
jaretardadu,1
vain,1
clodovil,1
cunhões,1
ouvem,1
chatoo,1
kala,1
boka,1
murrí,1
engraxa,1
khhuu,1
miora,1
velhice,1
encharcada,1
cacetes,1
fogueira,1
esebtime,1
batateira,1
brumo,1
tufo,1
merdinhas,1
kakakakkakak,1
melhorado,1
bebedoras,1
paee,1
jorgi,1
kjuvenil,1
kkkkkmuito,1
esticada,1
sabooor,1
globomengo,1
orelhas,1
ecando,1
ofuscando,1
vossas,1
excelências,1
genialidade,1
siri,1
deyvin,1
gorls,1
fada,1
golzin,1
portancia,1
triplete,1
brasileiracopa,1
supertaça,1
consadole,1
sapporo,1
tokyo,1
verdy,1
sipghulk,1
acumulou,1
superliga,1
chinesa,1
sipg,1
detalhadas,1
atualizadas,1
ogol,1
transfermarkttodos,1
participante,1
brhulk,1
referi,1
truta,1
nanzzeasy,1
publicado,1
kelly,1
latrell,1
spencer,1
néééh,1
enrustido,1
ronaldinha,1
key,1
lambençe,1
dulce,1
nuutellla,1
vvouu,1
meeiiiga,1
garrafa,1
calango,1
porpurina,1
dançaria,1
citados,1
dançavam,1
sarrada,1
mulherada,1
lady,1
prévio,1
musa,1
pobrezinho,1
idai,1
contextos,1
melhordo,1
traduz,1
trans,1
damião,1
enrabada,1
cachola,1
quentura,1
característico,1
greve,1
inglesa,1
inchadão,1
viciei,1
mino,1
jorgito,1
belinha,1
pacuja,1
kwai,1
bostinh,1
receeeebaaaaaa,1
tanquei,1
hilária,1
arrombad,1
arregando,1
caraaamba,1
calvão,1
processando,1
kask,1
balaiada,1
gaaaaaaaaaaaloooooooooooooooooo,1
viadão,1
gregory,1
onça,1
patinhos,1
brilharem,1
afofou,1
cervejeiro,1
gilvanildo,1
vieira,1
arrayo,1
boladão,1
xiiiiiiiiiiii,1
kasa,1
dedico,1
interrupting,1
girlsplaining,1
danças,1
parace,1
zuacao,1
torcidar,1
rooney,1
reveladora,1
xiiiiiiiiiiiixiiiiiiiiiii,1
aloo,1
abracos,1
bocona,1
pasinho,1
shower,1
zuadas,1
sonegados,1
escovada,1
cometido,1
laico,1
dedica,1
gabrielnascimento,1
discursinho,1
interceptá,1
surubas,1
igrejas,1
conhecê,1
âmbito,1
punheteiro,1
imaculada,1
besteiras,1
santidade,1
perfeitão,1
racional,1
mkkkakakekkeekkekkekelelkellelelelleelellelelelelllekekkedkdkdkdkkdkskdkkd,1
saborre,1
saboooorrr,1
mieniro,1
tulio,1
kakkaa,1
kakkaakkak,1
sondar,1
biruleibes,1
consolidado,1
coneçou,1
destinos,1
consagra,1
saberemos,1
bruzeirinho,1
grosseria,1
plot,1
manjadora,1
avaliador,1
lecionar,1
alheio,1
deverás,1
magistrado,1
meneiro,1
copinja,1
leigona,1
sacangem,1
contentar,1
corin,1
disponibilizarem,1
luana,1
maluf,1
aprovou,1
kkkkkkkkkkkkassio,1
conteúdos,1
crücrü,1
nãoooooo,1
levan,1
gole,1
adriana,1
mariadaaa,1
quadrada,1
fooora,1
tilt,1
fooooooora,1
azarão,1
monotitulos,1
akakakakwak,1
cruzeirenze,1
caralko,1
hidrogênio,1
escaparam,1
canpião,1
obstrução,1
personal,1
incluiu,1
imprimento,1
lidéssimo,1
tumor,1
payet,1
bebo,1
mirim,1
exeplo,1
símbolos,1
gggggggggaaaaaaaalllllllloooooooooo,1
cigana,1
saborizada,1
hepa,1
moeu,1
asisto,1
kaksak,1
vexatórias,1
linpa,1
vsc,1
mellnor,1
clnol,1
inpedir,1
juntava,1
arronganca,1
lontra,1
projetado,1
vunerável,1
javi,1
agrado,1
reencontrou,1
espectatores,1
adversárias,1
conscistência,1
efetivas,1
efícazia,1
sugeri,1
douglas,1
luíz,1
nottingham,1
forest,1
empr,1
resolvendo,1
caraii,1
murilo,1
abusiva,1
qeuele,1
arruina,1
começava,1
começamos,1
fogos,1
beneficiando,1
inesistente,1
caiub,1
bailar,1
daleee,1
hukudo,1
golão,1
nais,1
reerguer,1
prclhoo,1
dududududu,1
lokko,1
deflash,1
junte,1
carrou,1
adê,1
sampaioli,1
brigará,1
enseba,1
mat,1
saidas,1
escorrendo,1
jurandir,1
mercosul,1
abraco,1
orla,1
veelocidade,1
kskasaksaks,1
kdkskskskkskskskskkskskksksks,1
doid,1
cruzeiiirooo,1
amoooooor,1
treeeeeeemmmmmmeeeemmmm,1
mariadaaaaaaaaaa,1
copinho,1
qatar,1
contentou,1
sabático,1
mijaram,1
recheado,1
radio,1
adotou,1
frozen,1
caxa,1
goi,1
freguêzona,1
aee,1
canguru,1
rena,1
aai,1
patotinha,1
objetiva,1
cruzada,1
interceptado,1
ignorado,1
hulkkkkk,1
durmam,1
buscou,1
copão,1
titinismo,1
aiseus,1
maas,1
alen,1
robou,1
ptite,1
voley,1
desatenção,1
assunçao,1
trazido,1
zubendia,1
ruiz,1
porreta,1
brasileilrao,1
margens,1
aquil,1
chupaaaas,1
cruzeireice,1
cinfirmado,1
footbal,1
sensacao,1
nera,1
laura,1
perguntem,1
vrd,1
kkkkkkkkkj,1
vacas,1
importantíssimo,1
auria,1
chateada,1
aleksander,1
bbbruno,1
shaktar,1
agiganta,1
trenzinho,1
nnn,1
heptcampeão,1
molekada,1
disciplinado,1
imponente,1
tunísia,1
jonatas,1
nuze,1
doidimais,1
kikikikikikikikiki,1
kakkkaakkaakakakakakka,1
arrascaida,1
vammooo,1
galloo,1
insider,1
mij,1
cortisol,1
lambadas,1
alimentícia,1
plmrdd,1
bbbbbbbbbbb,1
mijooo,1
desligado,1
desfacaldo,1
muitooooooooo,1
belção,1
defenda,1
quiropraxia,1
vertebral,1
uniformizada,1
desgraças,1
freguesias,1
inventados,1
vasgalo,1
cronicamente,1
gascopal,1
wikipedia,1
decorrer,1
chuveu,1
admirável,1
arreganhou,1
atleticovasmeiras,1
fsd,1
seribzeiro,1
tpm,1
despenada,1
gaaaaaaaaaaaaaalllllllllllllooooooooooooooooooo,1
combinaram,1
piruuu,1
manetes,1
bruzeirense,1
viadaj,1
feeling,1
sensual,1
fuma,1
charme,1
sedução,1
sarado,1
exercitar,1
paralelas,1
ipanema,1
aqueleeeeeeeeeeeeeeeeeeeeeeeeeeeeee,1
marlboro,1
resistir,1
novão,1
desimulado,1
remorso,1
fabor,1
bagaco,1
ramela,1
carayet,1
iisso,1
otàrio,1
fraturei,1
raniele,1
traductor,1
liixo,1
mentorando,1
veyyyyyy,1
beliscando,1
dizsr,1
pressizava,1
vdfdk,1
gdggd,1
easy,1
galolixo,1
respieito,1
sermão,1
innterferir,1
dalta,1
revisada,1
sugerir,1
desição,1
dificílimo,1
enojo,1
vagabuundo,1
fdputagem,1
gavola,1
ovários,1
fudid,1
malicia,1
spu,1
aloprar,1
eihh,1
membro,1
intencionados,1
escamr,1
canelloni,1
clash,1
enormossauro,1
hauahuahuahauhauahuahauahu,1
interpretado,1
telê,1
esquemas,1
apertão,1
doeria,1
kgwghx,1
estafe,1
consultou,1
ainde,1
incriminado,1
falat,1
averiguar,1
classiso,1
asas,1
apertarem,1
cutelo,1
uruguaio,1
brochei,1
filhadaputagem,1
reclamei,1
daviluiz,1
esperp,1
amadureça,1
minininha,1
prófih,1
fraturadah,1
salavanco,1
saboada,1
árbrito,1
crak,1
nitidmente,1
doses,1
esqce,1
qrer,1
dodoi,1
medico,1
garanti,1
omenos,1
cabível,1
gae,1
defendiam,1
kokkkk,1
tody,1
grnte,1
mimadão,1
rodeia,1
brazzzzziuuuu,1
apto,1
irracional,1
lixxo,1
carate,1
pasandose,1
mono,1
culiao,1
termino,1
cléber,1
oxé,1
debocharam,1
curtia,1
envergonhou,1
elogiei,1
concertesa,1
mba,1
crlhs,1
ranso,1
comecarem,1
enterrando,1
problemáticos,1
níver,1
effotball,1
inspirada,1
forsada,1
episódios,1
notificar,1
operada,1
mascara,1
esportivamente,1
carae,1
cometemos,1
incapazes,1
terrapongo,1
aprovar,1
estrangular,1
farça,1
kakakkaka,1
minimamente,1
estrelismo,1
colombianos,1
profeeee,1
serar,1
norge,1
alian,1
larguem,1
boiolagem,1
metatarso,1
desmamada,1
pouh,1
aviad,1
ultilizar,1
dlee,1
geraçaozinha,1
qnto,1
apertinho,1
ciume,1
mario,1
arrota,1
bianco,1
tinhaer,1
balanga,1
tremetreme,1
empurrarem,1
lascava,1
dublados,1
aaaaaaaasssssss,1
cacarejam,1
duvidam,1
frangonas,1
processava,1
mudada,1
informou,1
gourmetizando,1
perdou,1
nimimimi,1
denegriu,1
iguale,1
tornam,1
artigo,1
cavarde,1
horripilante,1
fiascos,1
beijarem,1
sabão,1
acionou,1
assanhanda,1
frosinone,1
figurinha,1
machista,1
agou,1
chamariam,1
chocadeiras,1
olhai,1
mestruada,1
seminal,1
louquinho,1
amesma,1
aconteser,1
paresendo,1
gerencia,1
assitentes,1
cuidarem,1
falariam,1
antepático,1
deseja,1
feriado,1
bostaaaaa,1
covered,1
vericidade,1
cabimento,1
fincado,1
bonitão,1
passasão,1
ximo,1
lakakkak,1
pinball,1
malandrão,1
vrrdade,1
gastam,1
cacarejando,1
informe,1
satisfazer,1
iorar,1
cuido,1
piscicologico,1
gulos,1
vidrinhos,1
baulho,1
enxame,1
bbbabaca,1
mamam,1
gordura,1
ocm,1
atnc,1
cumprimentando,1
oqye,1
piacheia,1
exaltavam,1
nham,1
profê,1
equioa,1
criticaria,1
torturar,1
proje,1
estréia,1
braçinho,1
cartaozin,1
sksksk,1
declínio,1
movimentar,1
incômodo,1
centésimo,1
miller,1
bolanos,1
ibra,1
viralisando,1
tarda,1
podcasts,1
historias,1
princípios,1
aprovado,1
fincar,1
karrasco,1
deslealmente,1
cocoricó,1
enrolada,1
harbitragem,1
puranista,1
elogiado,1
aquém,1
alii,1
lavado,1
relevamte,1
antiética,1
juízada,1
dificultam,1
confirmam,1
kskskskskksksksks,1
oce,1
moh,1
aaaaa,1
torava,1
inimizade,1
machucaria,1
olharia,1
enfaixado,1
apertaria,1
visitas,1
tmp,1
metatrso,1
lenhado,1
pisaria,1
quadrúpedes,1
fardos,1
muar,1
discernir,1
heroicas,1
combativel,1
akakakakakakakaka,1
pqppp,1
cruzerenze,1
polonês,1
desconfiei,1
sacrificio,1
blusa,1
nanmnananaannanannaannznznnznnannannzznnznznznznznnznznznznzznznznznznnznnnnznznznmz,1
catimbam,1
amammammammmmammamammamamamamammammamamammamammamammmmmsmsmmsm,1
proveitoso,1
judiciário,1
pipipi,1
empulsaava,1
nnannaannaananannnsnsnsnnsnnsns,1
amamamamammamamaammsmmsmsmsmammammmzmmzmsmmsmsmsmsmsmsmsmsmmsmsmmmsmmsmsmmsmssmsmsmmsmsmsmmsmsmsmsmsmmsmsmsmmsmsmmsmssm,1
mmmzmammamammamamammamamamammmmamamamzmmzmmzmzmammzmmmammammmmmammmammamamamammamamamamammamamammaammamazmmzmzmmam,1
foderrrr,1
kakakakakakakakk,1
empenhavam,1
vírus,1
contaminando,1
caraa,1
telentosos,1
encenando,1
talentosos,1
lazarento,1
coincidentemente,1
ksksksksksks,1
esticado,1
tdh,1
nnannamammqmwmamamm,1
jogadorzinhos,1
paraa,1
desmonta,1
pagamos,1
aturduado,1
atribui,1
recomenda,1
sse,1
embaralhou,1
qnnnqnnwnwnwwnwnnwnennenenenennnennennnnanaannanansnnsnaanannsnannanannanannananananannanananannananannanananannaannsnnsnsnsnsnsnnanananannnnammamsnmannwn,1
falaserto,1
mmnzmmannaannannnnanan,1
generalizado,1
abirtortragir,1
nnnnnnnnn,1
nnan,1
anannanannaannanan,1
nqnsnnwnnennennnenenennnnennnennenennenennenenenennenenenennnenen,1
amooorrrr,1
luisao,1
deixavam,1
mmammmsmmamamammmmwmamamamamammamamammnmmwmwmw,1
mmammamaammamamanannnqn,1
mmz,1
anm,1
anannaannaannan,1
reiais,1
ceder,1
estabelecer,1
bicada,1
aplicam,1
forçá,1
aahhh,1
arbitagem,1
safadoo,1
fuleragem,1
abencoe,1
proteja,1
maes,1
harbitro,1
jones,1
profissionaliza,1
arbitrária,1
mmzzmmsmsmmamsmmsmsmmsmsmsmsmsmmsmsmmmsmmsmmm,1
bii,1
imitou,1
baralho,1
roubarem,1
palameiras,1
comssegue,1
mmmmammajannsmmmsmsms,1
evoluem,1
táo,1
artistas,1
voltados,1
kmammamsmmmsmdmdmdmmdmmmdmmmmmrmrmmemmrmmemmemmemdmmdmmdmdmemmdmdmemmdmmmdmmdmdmdmmdmdmdmmemmennnnennenemmmeemedsmddmmsmmemm,1
mmmmzmnamammnsnsnnsnsn,1
voutepegarnopau,1
impregnado,1
doferencia,1
tiroteios,1
discutiu,1
metanol,1
essass,1
educaadas,1
herois,1
mamba,1
palermo,1
tués,1
uhsahuashusauhsa,1
ramo,1
profissões,1
porá,1
incentivem,1
skskskksk,1
hummmmmnnm,1
seleciona,1
decaído,1
xii,1
parecedo,1
chei,1
anulados,1
vergonhices,1
cebola,1
fasinha,1
raposetes,1
merdil,1
chapions,1
lenbra,1
rebater,1
reapeira,1
infernizou,1
jogaadores,1
revoltar,1
vargabundo,1
vegita,1
profissionalização,1
betão,1
acntece,1
trapalhada,1
mals,1
caráters,1
daltonismo,1
pino,1
existiii,1
pck,1
portam,1
aaaaah,1
grazadeus,1
vilao,1
jogaores,1
judiando,1
apostaram,1
lucra,1
hiii,1
assaltante,1
califórnia,1
landrone,1
sento,1
denegrindo,1
descredibilizar,1
compostura,1
iiih,1
elu,1
enterrados,1
uãn,1
litros,1
largam,1
estresadinha,1
arranhando,1
betes,1
preocupadas,1
efetivo,1
uauuuu,1
desistindo,1
juvenal,1
encenam,1
perrecos,1
ferrero,1
treinada,1
desastrosa,1
tédio,1
ixiii,1
dese,1
levassem,1
bruxa,1
intensionado,1
objeitivo,1
arreganho,1
amostrar,1
ixe,1
carpado,1
benguela,1
pekad,1
piorarem,1
jão,1
dom,1
milão,1
medmo,1
amendoim,1
azideia,1
tigre,1
brasuelo,1
uuuuummmmm,1
dopagem,1
espionando,1
maais,1
assistentes,1
fdputa,1
ídiota,1
querr,1
obediente,1
chaolmou,1
caboco,1
hálito,1
cogita,1
noooofa,1
ronaldos,1
passavam,1
talquinho,1
assar,1
felicidades,1
fedem,1
cheiram,1
pilhada,1
transferir,1
romeno,1
hom,1
pegr,1
corretivo,1
perdidão,1
embanana,1
demostra,1
preocupante,1
enocente,1
syua,1
punhos,1
aliada,1
presunçoso,1
azucrinando,1
testes,1
heinnn,1
conseque,1
protagonismo,1
timbre,1
sabíamos,1
reprises,1
investigações,1
schou,1
hmmmmmmmmmmmm,1
golsinhos,1
espanholizar,1
cobrá,1
juízos,1
pôe,1
nascidos,1
televisionando,1
ameacou,1
denúncias,1
feitas,1
capacitação,1
safadagem,1
perturbando,1
rrr,1
invocação,1
exôdia,1
cupim,1
metalúrgica,1
arrependa,1
cries,1
acelerando,1
certezaaaaaaaaaaaaa,1
menstruadas,1
marrocos,1
camarões,1
kika,1
cartela,1
rodo,1
iiiiiiiiiiiiiiiii,1
esculhambado,1
vew,1
impoe,1
emfim,1
mascando,1
distânciar,1
bonzinhos,1
arruinou,1
fifi,1
bebaço,1
complosista,1
fofoqueiro,1
ladrón,1
sujeitinho,1
perdidinhos,1
robalheira,1
descarada,1
paww,1
eddie,1
murphy,1
disfaçar,1
pedição,1
transplante,1
capilar,1
colabora,1
melhoria,1
artras,1
cocada,1
oca,1
caraioo,1
kkkkkkkkisdo,1
ilusao,1
massaaaa,1
kkkkkkkkm,1
enfaixada,1
dolorida,1
luizito,1
mordeu,1
buné,1
gem,1
nutrelas,1
chingasse,1
ladr,1
desprovido,1
simbolizando,1
grosseiramente,1
ameaças,1
truculência,1
gré,1
diesel,1
aiiinn,1
deuz,1
kiiii,1
monaaaa,1
nhma,1
contribuem,1
tumutua,1
perola,1
pleita,1
aarrghh,1
porradariabe,1
avós,1
manchadinho,1
manchadao,1
aguerde,1
aguirde,1
aguorde,1
aguurde,1
ladrõn,1
ligue,1
descontrolar,1
assistirmos,1
empolgo,1
compulsão,1
kaiobagre,1
misturou,1
ditados,1
refiro,1
ceninha,1
pegadinha,1
loucademia,1
azavesso,1
desprazerozo,1
zanovello,1
maternal,1
lkkkkkkkkkkkkkkkk,1
espetalucar,1
lástima,1
bruzeirences,1
gista,1
himano,1
varxodia,1
obliterar,1
varzodia,1
mmzmmzmmzmzmmzmzmzmmzmmzmzmzmzmzmzmzmmmmsmsmmsmssmsnnsnznsnsssnnndndnnnndndndndnnndndndnndndnnndndnzndnndnndnndssnsnsmnsnnsnmsnnsnsnsnsnnsnsnnnn,1
educacao,1
mascaradagem,1
assissti,1
hije,1
inteirinho,1
absolutamentte,1
aue,1
ven,1
colocoa,1
amigoo,1
oof,1
encomendado,1
fragilidade,1
sobressai,1
bagunçam,1
pedimento,1
continuamente,1
empresária,1
somado,1
juízao,1
disciplinados,1
kairo,1
jorji,1
marcarado,1
artilherio,1
kkkok,1
isonomia,1
puxasse,1
varzeano,1
fibula,1
donas,1
discutida,1
edeveria,1
leoa,1
inválido,1
ignóbil,1
vafor,1
conplicado,1
melhorariam,1
caótico,1
cacou,1
rancou,1
molhada,1
encravada,1
calce,1
mimími,1
choraaaáa,1
sues,1
gostasse,1
adotava,1
oceis,1
reprovo,1
mágoa,1
felizao,1
compactuo,1
garrincha,1
tardiamente,1
trocaria,1
quicando,1
rhummm,1
haaaaaaaaaaaam,1
bandana,1
amarram,1
mlqs,1
grosses,1
intitulam,1
trapacear,1
incansável,1
ânsia,1
saía,1
conseguiamos,1
tocava,1
intitulado,1
idolatro,1
cobranca,1
pratica,1
grazadéllz,1
rígido,1
turbo,1
aptar,1
malucl,1
distribui,1
giria,1
porradda,1
pintinho,1
paulinos,1
fitei,1
sondando,1
sâo,1
inconodados,1
aléia,1
fom,1
alertado,1
desenfaixada,1
favorecidoss,1
curiosa,1
iiihhh,1
embolou,1
votaram,1
deepweb,1
brasileiras,1
marciu,1
lucidez,1
atletiico,1
xingaram,1
indisciplinar,1
achavamos,1
birrenta,1
maderada,1
expulsam,1
ripos,1
descobre,1
incoerência,1
pularem,1
ume,1
escopo,1
pressiona,1
fortalezas,1
namoradinho,1
trator,1
conjugar,1
mesmokkkkkkk,1
atletuco,1
saness,1
delirante,1
incoerente,1
passador,1
tera,1
dirigir,1
mémémé,1
geraçãozinha,1
imterpretativo,1
discricionário,1
espíritos,1
vampiro,1
formaram,1
verifica,1
abastecer,1
escolhia,1
subia,1
dls,1
palla,1
beiçudo,1
sexo,1
caráteres,1
expulsarem,1
finazzi,1
magina,1
masoquistas,1
disculssão,1
maldos,1
cateter,1
palmerda,1
reclamaçao,1
juvenis,1
alertou,1
específico,1
bane,1
dirigem,1
preferir,1
expul,1
dissesse,1
bloqueado,1
fael,1
arbitrazinha,1
figado,1
manw,1
defendi,1
aninha,1
botasse,1
relevando,1
aranhado,1
machuquei,1
darei,1
ameralo,1
indguinação,1
movendo,1
improvável,1
girou,1
anote,1
astronauta,1
desafios,1
desportivos,1
alisar,1
bugado,1
foc,1
tentavam,1
comandava,1
inverte,1
nun,1
valmir,1
congênita,1
mmkkkkkk,1
módulo,1
racinhg,1
aldosivi,1
arregaçaria,1
arbitragen,1
sucessões,1
gerido,1
salvem,1
sentadinha,1
blstvna,1
delicadamente,1
satisfeitas,1
joellno,1
aclno,1
olla,1
souto,1
giorgian,1
manuel,1
lópez,1
rayan,1
kayzer,1
álvaro,1
barreal,1
germán,1
isidro,1
pitta,1
uzeiro,1
jeitos,1
fere,1
supor,1
caudo,1
disputados,1
manjado,1
obrigacao,1
retirado,1
duzentas,1
decepcionantes,1
complicação,1
achados,1
guentooo,1
artimanha,1
impato,1
maclnucou,1
ftangas,1
golllllllllllllllllllllllllllllllllllllllllllllllllllllllllllllllllllllllllllllllllllllllllllllllllllllllllllllllllllllllllllllllllllll,1
cruseirooooooooooooooo,1
robô,1
iscumugado,1
tremeeeeee,1
avacalhado,1
valan,1
misturava,1
jetallna,1
sste,1
caraiiii,1
empurrava,1
maclnucacom,1
veclname,1
bandida,1
bendito,1
ovulou,1
indentico,1
jiuis,1
robaram,1
homitil,1
fraquejou,1
insinua,1
linguagem,1
insultantes,1
abusivos,1
caiba,1
evitam,1
pkrai,1
ditar,1
joge,1
comparando,1
submeteu,1
jogodar,1
galerinha,1
naaada,1
equivalem,1
fechavam,1
torciam,1
alcançou,1
pepsi,1
acrescimento,1
provabilidade,1
autorizou,1
reivindicar,1
podermos,1
titãs,1
gesticular,1
conseguei,1
padeiro,1
pães,1
ndaaaa,1
tesao,1
mariadaa,1
penúltimo,1
ordenando,1
obedeceu,1
ancellote,1
kanalha,1
deboxa,1
deboxou,1
kkkkd,1
mkkk,1
cerezo,1
pontada,1
solteiro,1
ressaltando,1
alessandro,1
cuerllo,1
tentarão,1
grotesca,1
instalou,1
emular,1
muldial,1
recontratar,1
dieguinho,1
papuda,1
neia,1
bebezao,1
unidas,1
torcedod,1
sessão,1
anulação,1
acumulado,1
discutirmos,1
qrem,1
empatam,1
enrolou,1
validou,1
ignoram,1
gaylaunnmmmmm,1
transferido,1
consta,1
inicias,1
oportunamente,1
luxemburgo,1
cuseiro,1
polemico,1
aesthetics,1
gaming,1
chorosa,1
avant,1
corner,1
cézar,1
interfira,1
removido,1
regulamentação,1
revisou,1
márico,1
bendeira,1
rna,1
esforcem,1
árena,1
supernercado,1
benefício,1
resumido,1
lacra,1
bado,1
complicar,1
durmi,1
frigorífico,1
galinhad,1
casada,1
graduação,1
netinhos,1
aninhos,1
semem,1
franquia,1
envie,1
queixa,1
tomarão,1
catimbando,1
onze,1
presenciou,1
paraguay,1
isaac,1
cadu,1
idem,1
serralheria,1
arruinar,1
gestozinho,1
visivel,1
duzentos,1
analisavam,1
hahahahahahahahahahaa,1
cringe,1
sujeitar,1
siiim,1
fiiiiiiii,1
deeees,1
paralização,1
doo,1
juizzz,1
aragao,1
pulos,1
metra,1
espanco,1
historinhas,1
coretar,1
foro,1
cínico,1
cúgayro,1
zagueirão,1
roube,1
resumi,1
garrados,1
ignoraram,1
arbitragm,1
favorecidas,1
paraguaiob,1
felizinho,1
criativos,1
apequenar,1
lutaram,1
afronta,1
conseguirem,1
casam,1
putinh,1
machucá,1
fadynha,1
centenária,1
cobertor,1
uauuuuuu,1
retribuição,1
redondamente,1
buttowisk,1
baytola,1
choora,1
kjk,1
dedurou,1
senao,1
basten,1
frangs,1
pucha,1
pêlo,1
encherga,1
classificaram,1
admita,1
kakakakakkakaak,1
kkakakakaak,1
palmerias,1
espancamento,1
frigoarnaldo,1
kabo,1
pisarmos,1
analisado,1
zanovelle,1
akakakakakakaka,1
entregador,1
gazzzzz,1
kareca,1
manjando,1
alopecia,1
mariaa,1
engraçadão,1
despenca,1
hauhaha,1
cabelereira,1
muxo,1
fimose,1
passeia,1
piorasse,1
gesticula,1
virjao,1
ameace,1
muringa,1
chimpa,1
gaylocura,1
clubezinho,1
disgracados,1
sitei,1
jogsdor,1
escalaram,1
catimbeiros,1
reassista,1
negando,1
cito,1
franguito,1
segurem,1
provinciano,1
rok,1
desnorteadas,1
marcasse,1
gerasse,1
marco,1
xom,1
juize,1
imitamos,1
falsificada,1
emborakkkkk,1
incomodado,1
profundos,1
armações,1
burrocratas,1
gordos,1
definem,1
mêsma,1
produz,1
estrupiada,1
institucionalmente,1
preguiçosa,1
bondade,1
fraqueza,1
partidazos,1
passsa,1
dengue,1
irritação,1
viessem,1
esguelhar,1
preju,1
esperasse,1
afoitos,1
investi,1
elhor,1
cargo,1
alternavam,1
cugoloso,1
assumida,1
caique,1
menosprezem,1
galooooooooooooooooooooooooooooooooooooooooooooooooooooooooooooooooooooooooooooooooooooooooooooooooooooooooooooooooooooooooooooooooooooooooooooooooooooooooooooooooooooooooooooooooooooooooooooooooooooooooooooooooooooooooooooooooooooooooooooooooooooooooooooooooooooooooooooooooooooooooooooooooooooooooooooooooooooooooooooooooooooooooooooooooooooooooooooooooooooooooooooooooooooooooooooooooooooooooooooooooooooooooooooooooooooooooooooooooooooooooooooooooooooooooooooooooooooooooooooo,1
foj,1
eeeeeeeeeeeeee,1
gabulosooooooooo,1
pta,1
decir,1
palabras,1
kjjjjjjjjjjjjj,1
perdexem,1
denovoooo,1
miito,1
teee,1
ralou,1
afffff,1
inevitaaaavelllllllll,1
miiimm,1
taaaaaaa,1
mendoonça,1
palavreado,1
disparadoooooooooo,1
dóooo,1
cabuuuuuuuuloooooooooooosooooooooo,1
kaaaiooo,1
eee,1
fataaaaaaaalll,1
ingravida,1
zideia,1
zerooooooooooooooooooooooooooooooooooo,1
outrora,1
rumoaoheptacampeonatocb,1
ééééééééé,1
fetiche,1
fortíssimo,1
setaloco,1
carraspana,1
sambando,1
cuja,1
celebrou,1
muti,1
zeeeerooo,1
multibilionária,1
torra,1
chataaaaaaaaa,1
bomboneira,1
kaaaaaaaaaa,1
descontroladassss,1
fatallllllllllllllllll,1
sossêgo,1
omineiraoénosso,1
carijó,1
desafinado,1
inutilidade,1
dhabo,1
fataaalll,1
xibil,1
jaganhou,1
kakakakakakaa,1
açao,1
rapida,1
fumdo,1
cum,1
zkskksksksksks,1
éééééééééééé,1
avc,1
kodu,1
framengu,1
fataaaaaaaaaaal,1
éeeeeeeeeeeeeeeeeeeeeeeeeeeeeeéeeeeeeeeeeeeeeeeeeeeeeeeeeeeeeeeeeefatal,1
cotinhas,1
trash,1
deley,1
fasa,1
lombra,1
enravida,1
jorrando,1
uuuiiii,1
kakakakakkakakka,1
xota,1
kakakkaakkak,1
kakakakaake,1
karrascojorge,1
pila,1
testei,1
caian,1
biqueira,1
chorgeeee,1
difiditaaaa,1
hoche,1
cruceiro,1
tremia,1
engraviiidaaa,1
guei,1
grávida,1
irresistivel,1
lixe,1
decolou,1
quimica,1
neoquimica,1
arenakkkkkkkk,1
jugular,1
hundirá,1
tensa,1
fluzao,1
vermelinho,1
rapozão,1
musculoso,1
feupudo,1
tchauzinho,1
tlvz,1
camêra,1
mah,1
colim,1
plimplim,1
enrosco,1
varreram,1
exquema,1
terrívelmente,1
engravidaaaaaaaaaaa,1
intrerterimento,1
cader,1
taticamente,1
ajeitar,1
disponibilizou,1
aaaaaaaaaaaaaa,1
classificadaço,1
serissssíssimmo,1
gooooooolsss,1
goleiiiiiroooo,1
engravidado,1
anápolis,1
gaylanco,1
arame,1
kkkkkkkikkkki,1
ruimmmmm,1
expreme,1
errei,1
noves,1
sassenhora,1
seeeeloko,1
enganadores,1
trapalhão,1
gatinha,1
sampaole,1
klassificando,1
kajoca,1
fodaaaaaa,1
desmanchando,1
seleçso,1
richalisson,1
cinta,1
vacilado,1
brasilieiro,1
voltouuu,1
cachorradaaa,1
esparramado,1
imaginaram,1
engravidalo,1
caea,1
oportunismo,1
fanzaço,1
eleitores,1
hahahahahahahahahahahahahahagagahagaga,1
cúrinthia,1
froso,1
mee,1
kxotaaa,1
hoomeeeemm,1
intervensão,1
mofa,1
pertencente,1
vasconcelos,1
macumbeiro,1
cobras,1
ouviria,1
buchado,1
pedala,1
éééééééééééééé,1
galaum,1
goooooolllll,1
zeeeeeeeeeeeeeeeeeeeeeiroooooooooooooooooooooooooooooo,1
turim,1
dramática,1
despachou,1
quentinhoo,1
façanhas,1
frangaaaas,1
afobou,1
mortinho,1
enteder,1
talo,1
bolsonaro,1
derrete,1
euuuu,1
acreditoo,1
kajota,1
banguelo,1
molhe,1
matraca,1
juba,1
gabou,1
enfrentado,1
raivosa,1
cabação,1
ensaiando,1
almoçar,1
xoota,1
mimmm,1
gravidaa,1
kajotaaaa,1
despejou,1
aquentando,1
bojo,1
affff,1
incompetitivo,1
inconfiável,1
safiasco,1
desplanejado,1
granancioso,1
avarento,1
sorrateiro,1
hiper,1
chaaaaaaatooooooo,1
coveiro,1
comparaçâo,1
negado,1
carcarejantes,1
moscas,1
mortas,1
falácia,1
bravíssima,1
fertilização,1
vitro,1
engravido,1
decidas,1
mertiolate,1
charola,1
recebesse,1
kkkkkaio,1
pacaba,1
fenômenooooooooo,1
fatalkkkkk,1
cabulodo,1
frangaaas,1
akkaakakakaakakakaakakkakkkkkakakakakakakakka,1
jorgeeee,1
hoomeennn,1
kxote,1
entregado,1
empolgadao,1
giriza,1
gollll,1
antecipada,1
balanceado,1
fechadão,1
granola,1
eeeeeeeeeeeehhhh,1
frangalinha,1
vartletico,1
chhoronaaa,1
kjotaaaaaaaaaaaaaaaaaaaaaaaa,1
asuaehuasehusaheausehuashuea,1
kkkkkkaiobulozo,1
desmaiei,1
goooaaalll,1
positivos,1
gravido,1
direcionou,1
gostosoooooo,1
demaiisss,1
oua,1
graúdo,1
pitadas,1
ueee,1
galinhadaaaaa,1
vilane,1
escolhido,1
kjkjkjkjkjkjkjkjkjkjkaio,1
latejar,1
galins,1
kjotaaaa,1
fatallllllllllllllllllll,1
engrávida,1
finja,1
imploro,1
curável,1
chupaaaaaaaa,1
cadelada,1
freguêssssssssss,1
virem,1
cabulosooooooooooooo,1
bigola,1
exigido,1
rotineira,1
acreditooooooo,1
vacaia,1
cachoeira,1
jato,1
ktchauu,1
chinelinho,1
kikooo,1
guooolll,1
esquisitão,1
jorgyokeres,1
possiveis,1
kdakoskosd,1
fataaaaaaaaaaaallll,1
engravidaaaaaa,1
kaaooooo,1
reuim,1
campistas,1
pantetico,1
parir,1
eda,1
viam,1
achem,1
vanhar,1
zerooooooooooooooooooooooooo,1
continuarem,1
frangalhas,1
postagens,1
traumático,1
tonta,1
cholar,1
bolivar,1
cale,1
estr,1
upr,1
vag,1
garçom,1
endividar,1
suprir,1
khoraa,1
galinhadaaaaaaa,1
clubeco,1
reergueu,1
anelka,1
mitouu,1
frangolas,1
sobremesa,1
franguinhaaaaa,1
sacada,1
caimos,1
ficássemos,1
imagin,1
hahahahahahhahahaha,1
pacarai,1
quentim,1
rebaixamos,1
inalcançável,1
perfeitas,1
santas,1
haahahahahahh,1
hospita,1
manham,1
rinndo,1
garnisé,1
invetado,1
nnanannaannnnnanananannanaansnanssnsnnsnsnsmsnsmsmsnsnsmsnsmmmsmsmjsmssmsmjsjsjsjjsjjsnjsjsjsjjjsnjjsj,1
kkakkakkaakwkkakkkakkakkaakskskkskkskkakkkkskskskskksks,1
nnnaneennennenenenennenaennnnensnnsnsnsnsnnsnsnnsnnsnsnsnnsnsnsnnsnsnsnsnsnsnnsnsnnsnsnsjjnsnsnsnnnenennensnnsnsjjjsjnsnsnsn,1
mmmammammammmsammskakakskskkskkskskskksskkskskskkskskskskkskkskskkskkskskkksksksksk,1
kkkwkkkwwkwkwkwkkwkkwkkwkwkwkwkkwkkwwkekekekekekkekskskskskskskskkekkekkekekekekekekkekekekkeksksksksksksskskskskkskskkkkkks,1
mammmamammsmmsmsmmssmmammaakakkaakkakakkkakkskskkkskskkskks,1
msmsmmmkskkkskkskkksskskskkkskks,1
traducoes,1
adimiro,1
mmmmmmmmmzmzmmzmzmmmmmzmzmzmmmzmzmmzmmzmmzmzmmmzmzm,1
mammsmsmmsmmmmsmsmsmmmsmmsmsmmmsmmsmsmsmsmmsmmsmsmsmsmmsmsmsmsmsmmsmsmsmmmddmmsmdmsmsmmmmdmmmdmdmdmdmdmdmmdmdmdm,1
nnnanaananannanaanznznnznnsnznznannnznnznznnnnanznznznznnznznzn,1
kasmmmsmsmmssmkskskskkkskkskskskskskkskskskskskskskskskskskskksskkskskskksskskskkskskskkskakkakakkakakakkakakakkkakakkakkakakkakakskakkakakakkkkakkkakaak,1
cagona,1
mammamasmmsmsmsmzmmmmzmxmmxxmmzmmxmmxmmxmmmmmxmmxmmmxmxmxxmmsmxm,1
kqkkqkkqmmmamkamkmmmamammamm,1
mmmmaamms,1
borboleta,1
kde,1
mamamamammamamammamamammmmammammmmamamammmammamamammamammmammammammmmam,1
prezepeiros,1
mmmammamamam,1
contorsendo,1
nnnnammamammammammmmammsmsmsmmsmsmmzmzmzmzmmmammam,1
oura,1
cancelled,1
distorcido,1
bagagem,1
kikii,1
semprwbo,1
néhh,1
fervo,1
fantásticos,1
indecisos,1
hulkin,1
insalubridade,1
chow,1
crize,1
elogia,1
isulta,1
mangará,1
sermos,1
mariolas,1
maneiraço,1
acaha,1
estádual,1
vat,1
montillo,1
dagoberto,1
nannwwnnwwnnwnwnnnwbbwb,1
desafiar,1
brabox,1
humildsde,1
duabuloiro,1
hunf,1
brunf,1
intima,1
pulei,1
chiqueirinho,1
namnnannnqnnqnqnnqnqnnqn,1
nnamnananananmqmnannannnqnnnnnnnnannannannananannqnnqnnannqnnanannnnanannannanannanannnnannnannanannnnnannananaannnanannannan,1
umbanda,1
nnannsnssnbsbsnbsbsbsbzbdbdbdbbbbdbsbsbsbbsbdbbbddnbdbbbb,1
mmmmamamnaamnanmnaannannannanaannanannnanannananananannaannnnaananannannaannanannnannannnannnnannaannananannnqnanananannanqnnannananananannananannnannanannqqn,1
nwnennwnnwnnenenneneennenen,1
jkskekekkekeekwkkwkekekekekekekekkwkekwkkwkekwkkwkekekkekekkw,1
mmwmmwmmwmwwmmwmwmwwmwmwmmwmwmwmmqqqmwmwmsmsmmmmmsmsmsmsmmemmememmemmememsmsmmememmeemmeme,1
mmammwmmwmwmemmemmemememmeemmememememmemmmemem,1
apavorei,1
frsngas,1
falastrões,1
stand,1
mmmaamsmmsmsmsmmsmsmmsmmsmsmsmmsmmwmsmwmmsmmsmsm,1
atraz,1
frangonhol,1
jogabi,1
wsfbd,1
brunho,1
nnwnnwnwnnwnwnwnnwwnnwnwwnw,1
pouquissimo,1
zkkzkskkskskkekekkkwkekekelkekek,1
mirrasol,1
mmmmsmammwmmmwmmwmemmmemwmmwmmwmmemwmmwmwwmsmmsmmsmmwmmemememmeme,1
nnnnasnnsnsnsnsnnndnnsnsnnsnsnsndnsnnnsnanannanannsnsnsnsnnsnsnsnsnnsnsnnsnsnwjjwjwjwjjjjssejwjwwj,1
mund,1
cansaram,1
atropeladas,1
estrombalhadas,1
aponta,1
machucadinho,1
muitoo,1
zageuiro,1
caraiiiii,1
parmeraaa,1
sds,1
comtra,1
aspas,1
ceboso,1
paçocas,1
bekbaua,1
tiuti,1
mentirosos,1
respeitada,1
abritos,1
prejudicaram,1
admistrado,1
frabicio,1
inocentado,1
cuno,1
fraquissimoi,1
carteiro,1
saldades,1
descurti,1
correios,1
brasilxjapao,1
ruizin,1
fabríciokkkkkkkk,1
classicão,1
lllá,1
kdksks,1
scarpas,1
flamnengo,1
estudientes,1
deeve,1
irônica,1
tapaço,1
devolveria,1
ironico,1
elegância,1
youtute,1
degrau,1
vtc,1
acovardam,1
teatrais,1
exageradas,1
campina,1
enmascarado,1
ironía,1
pvf,1
covocado,1
crica,1
criancinha,1
catadáo,1
angola,1
kkkkkkkkkkkkklkkkkk,1
capado,1
excelencia,1
abracandinhos,1
boleiro,1
stressado,1
conhecia,1
borsal,1
cosida,1
xeiruu,1
imprestaveis,1
mandingas,1
pagãs,1
religiao,1
cristaos,1
acoes,1
latrinas,1
publicas,1
revelam,1
tit,1
fracobricio,1
arengueiro,1
mercenario,1
animadora,1
menfis,1
escurrachado,1
tóxicos,1
zaguerinho,1
beeeimmmm,1
boçalidade,1
arombar,1
massageando,1
intenções,1
durão,1
precedentes,1
itimidou,1
fábricia,1
carck,1
melhorzona,1
escarpas,1
armitragem,1
apitasse,1
robo,1
bahvi,1
bixão,1
questionáveis,1
labirintite,1
fintas,1
empurro,1
ironizou,1
freeza,1
surtaram,1
acusa,1
orriveis,1
nuss,1
teatrinhos,1
cocotassss,1
depenadas,1
passeou,1
comentaria,1
borçal,1
anátema,1
fedidas,1
fedorenta,1
quendo,1
brabinha,1
cruze,1
disfarsar,1
rolada,1
superiores,1
dectect,1
irrelavante,1
gávea,1
diligentes,1
historicos,1
huuuum,1
expressivos,1
enrustida,1
mandano,1
brando,1
pênis,1
gracyanne,1
fracooooooooo,1
popoópó,1
zoas,1
vibrei,1
idolatrar,1
desfizeram,1
chalala,1
chalalala,1
chalalalala,1
ruku,1
ptecisando,1
kkkķkk,1
kkkkkķk,1
fodões,1
tacho,1
sérvo,1
vojnović,1
nativa,1
intitula,1
sérvio,1
véy,1
paredao,1
envolvê,1
gslo,1
liberava,1
multai,1
palmadas,1
tambom,1
pianio,1
insalubre,1
clubezinhos,1
hummmmmmmmmmmm,1
boiolao,1
deserto,1
chibatada,1
galers,1
palpiteros,1
desinformados,1
complexas,1
adaptando,1
itachi,1
aaaaan,1
vacilaum,1
daonde,1
maaaaaais,1
judia,1
judiado,1
guigo,1
recebidos,1
cbmerda,1
paunucu,1
láá,1
canabarro,1
kkakak,1
rda,1
freddy,1
jogs,1
frng,1
argumentação,1
expendida,1
reclamona,1
treinadora,1
chiliquenta,1
sampaolho,1
amassaria,1
xrca,1
karaí,1
skksksksks,1
rivaldo,1
robben,1
rivelino,1
ozil,1
cryuff,1
comparei,1
estatisticas,1
vidente,1
chocadeira,1
perdegol,1
aleatoriamente,1
sacartico,1
kksks,1
medio,1
intelectualmente,1
wpp,1
sms,1
distinguir,1
bronze,1
aputinhanaoenteseironia,1
analfabetismo,1
idiomas,1
inimaginável,1
enjoar,1
enjoou,1
intrometido,1
antenção,1
mentes,1
consagrando,1
vazadas,1
katia,1
crugayrense,1
chana,1
direct,1
moscando,1
caímos,1
espécime,1
desrespeitei,1
estudal,1
desrrespeitei,1
comembol,1
enfrentamos,1
estranhei,1
zooooaram,1
arrodo,1
debocho,1
pabuloso,1
marcaria,1
agarando,1
signifcado,1
troia,1
nxndnxmdmdmmsm,1
smsmssmsmmsmsmsmmsmmamamsmsmmsmmsm,1
kmzkmkzkskskskmsskmsksmsmkdkkdkkdkdkkdkkdkdldkdkkdkldldlkdkdldllk,1
veriam,1
deitam,1
rolam,1
compararmos,1
abs,1
greco,1
romana,1
falsidade,1
esfria,1
lokura,1
zicou,1
maix,1
vaxcão,1
distruindo,1
claroooo,1
cruzei,1
inusitado,1
siimkmmm,1
discordarem,1
nãoooo,1
suuuuuu,1
eclético,1
marso,1
esport,1
amaaaca,1
mitiroso,1
cero,1
rsrsrsre,1
meteno,1
ooooooooooooooooooooooooooooo,1
trocasse,1
ruga,1
otárias,1
emojis,1
gêmeo,1
igualzin,1
agg,1
ltr,1
apelao,1
atlhetico,1
seque,1
flamengooooooo,1
youtubers,1
converso,1
bastard,1
munchen,1
pxg,1
doação,1
zeirooooooooooooooooo,1
berola,1
murchar,1
trabalhe,1
mestres,1
ganheii,1
galaoum,1
vamosss,1
melhorando,1
seguimosss,1
searobou,1
kkkkkkkkkmmmm,1
cacunda,1
escárnio,1
vingaremos,1
desnecessários,1
focados,1
sbia,1
objeto,1
repetições,1
valete,1
pressãokkkkkkkk,1
desova,1
kakakaio,1
assombroso,1
assombrosamente,1
flame,1
escreveria,1
pen,1
altis,1
zerroooo,1
mimimimimi,1
atropela,1
deliberada,1
cozinhava,1
crista,1
comandando,1
resolvesse,1
ramister,1
muinta,1
trenador,1
caiam,1
agregados,1
demaaaiss,1
estã,1
apvs,1
fritar,1
gaylinha,1
bolata,1
análises,1
lateralzinho,1
soberano,1
naturalidade,1
torca,1
lyankinha,1
claríssima,1
insucesso,1
cagadíssimos,1
forró,1
demaisssssss,1
panelada,1
heróica,1
migue,1
fraguinha,1
zeerrrooooo,1
zerem,1
voltavam,1
litoral,1
maiorr,1
heinnnnnmmm,1
kenny,1
botões,1
trinca,1
rsrrsrs,1
bournemouth,1
triunfos,1
pintadinhas,1
vacilam,1
cavadinhaaaaa,1
goolllllll,1
galpé,1
vamocabuloso,1
fechamento,1
mgxrs,1
betâno,1
crianção,1
panana,1
nóiz,1
assadas,1
faliram,1
outri,1
toop,1
xiiiiiiii,1
fugiram,1
lyon,1
brasileirinho,1
guanabara,1
enxerguem,1
adios,1
renasceu,1
maoir,1
marmitas,1
imeditamente,1
roooo,1
exauriu,1
chor,1
eliminatórias,1
saturada,1
maltratar,1
regisvs,1
cozido,1
espalhadas,1
mendingos,1
hépta,1
gigantee,1
cuidou,1
molesta,1
chorastes,1
varmeirense,1
adjetivo,1
encaixado,1
elogiavel,1
investiram,1
estagnação,1
autoconfiança,1
conjugação,1
enfraquecimento,1
contínuo,1
reconheça,1
gambazinho,1
parmeira,1
univerdade,1
conseguimo,1
pitou,1
bolivia,1
precise,1
centenario,1
apresentasse,1
arboleda,1
sentro,1
bommmmmmmm,1
corithiano,1
curinthians,1
flanicidio,1
eco,1
bastardos,1
decadas,1
eliminaremos,1
gestor,1
multicampeão,1
princes,1
escamando,1
cabuoso,1
realizados,1
jrdim,1
azuuul,1
vestiazul,1
pápápápá,1
minhasorte,1
entãomudoooou,1
oreidecopas,1
copadobrasil,1
reitemseis,1
letsboracabuloso,1
indorumoaohepta,1
clubenacidade,1
docruzeiro,1
geraldo,1
closes,1
absurdoooo,1
liberaram,1
criciúma,1
riam,1
íamos,1
deemm,1
demaaaaaiiissssss,1
cantei,1
zeeeroooooo,1
cabulooosoooooo,1
cabulosoooooooooo,1
reduto,1
setoristas,1
responssabilidade,1
criticas,1
massacrava,1
sacodiu,1
agigantar,1
compaixão,1
videomaker,1
ambientação,1
ensaiadas,1
produçoes,1
intro,1
misisnto,1
pooorrááá,1
vamoooiooo,1
ressalva,1
chiou,1
louis,1
pasteur,1
supercampeão,1
derramado,1
saieremos,1
luvanor,1
coroado,1
zeroooooooooooooooooooooooooooooooooo,1
presida,1
sêrio,1
sooooo,1
aaaaaa,1
baptistela,1
coletivas,1
assistíamos,1
devolvida,1
antologico,1
autores,1
aproximaçao,1
patrao,1
ísso,1
arrepiaaaaar,1
alcançaremos,1
beirada,1
farsaaaaaaa,1
matadorrrrr,1
conquistem,1
resgatado,1
janaúba,1
barabens,1
aplaudo,1
honrarem,1
renasce,1
sinalizadores,1
mosaicos,1
renovaria,1
tratorada,1
provamos,1
retomada,1
lideres,1
câmeraman,1
personalizados,1
marejados,1
alcançarmos,1
objetivos,1
sonhamos,1
organizou,1
conduze,1
ruma,1
refletem,1
kakkakkakakaka,1
guerrear,1
safs,1
confirmada,1
zeeeeroooooo,1
boooora,1
duvidei,1
intruso,1
simboraaa,1
aprendestes,1
cagamo,1
saberá,1
lagarto,1
perfeitoooo,1
obrigadaaa,1
colosso,1
paaai,1
hahahahahahahah,1
copeira,1
pessa,1
manager,1
peleja,1
rivaaaal,1
cimaaa,1
muquifo,1
vocessss,1
pureza,1
amavel,1
demaaaaaissss,1
esquecerei,1
esperávamos,1
zoeiras,1
lorenço,1
controlin,1
calistenia,1
paramos,1
fodaaaaaaa,1
emoçãoooooo,1
copar,1
kkkkkkkkkkkl,1
zeeeeeeeeeeeerooooooooo,1
voltamo,1
porraaaaaaaaaaa,1
desanimado,1
sagaz,1
ousem,1
zeroooooooooooooooo,1
desrespeite,1
almo,1
desmotivado,1
reprimido,1
filmara,1
vaaaamo,1
pressa,1
carandaí,1
compromometidos,1
tiamo,1
simboraaaaa,1
cruzeirãoooo,1
abençoados,1
seguiremos,1
autografada,1
realiza,1
thousands,1
liverpool,1
wowww,1
cups,1
completam,1
operários,1
junio,1
pirlo,1
cinematic,1
dimensão,1
fofíssimo,1
arrasaram,1
cheers,1
cruzeirooooooooooooooooooooooooooooooooooo,1
chamamdo,1
predinho,1
mbola,1
packizinho,1
comprometidos,1
korge,1
fatiada,1
pedaços,1
iluminando,1
plenas,1
psicologia,1
específica,1
desmotivar,1
maisssssss,1
repia,1
emplumado,1
cacarejante,1
confiamos,1
queimaaaaaa,1
esperito,1
amooooooo,1
preferida,1
vaaaaaamoooo,1
insanamente,1
paidrinho,1
aproveitei,1
intercessão,1
padroeiro,1
tadeu,1
intercessor,1
coming,1
rimos,1
emocionamos,1
olajtaroesta,1
esperie,1
diguinidade,1
heptaaaaaaaa,1
impressionando,1
copamos,1
documentário,1
escorem,1
resgatada,1
ressurge,1
arredores,1
presenciar,1
agito,1
positiva,1
metragem,1
sanguenarios,1
rsrsrrs,1
descontentamento,1
zeeeeeeeroooooo,1
melhoraram,1
cabelos,1
zerrrrroooo,1
mediana,1
prejudicial,1
concentrados,1
vaaaaaamos,1
pedrinhooooo,1
refletir,1
bondoso,1
digitando,1
lokão,1
hariel,1
tataravó,1
geracional,1
ridicularizados,1
edificar,1
seleto,1
ressaca,1
regastaram,1
download,1
deliciem,1
rêpiei,1
zeeeerooooooooo,1
sacro,1
vamooos,1
guerreirooo,1
amorrrrr,1
caabulosooooo,1
vamosssss,1
fronteira,1
assistiria,1
vamoscruzeiro,1
queremosohepta,1
pedrinhoooooo,1
elogiados,1
ganharíamos,1
dominamos,1
possamos,1
cabuloooooso,1
reunirmos,1
recito,1
abandonarei,1
caravana,1
filósofo,1
gigantescamente,1
chocantes,1
ligada,1
kakakakakakakakakakakak,1
cablosoooo,1
convivência,1
amazonense,1
escolhi,1
manaus,1
iguao,1
hostilizado,1
oxalá,1
paisandu,1
ananindeua,1
visitar,1
sogros,1
tornei,1
previlegiado,1
boraaaaaaaaaa,1
nascemos,1
conosco,1
acelera,1
mineras,1
seguiram,1
catarinense,1
zeeeero,1
paissandu,1
cruzeirenseeeee,1
piauí,1
videooooooooo,1
packzinho,1
frita,1
sentida,1
arrepeiei,1
grata,1
álcool,1
vamoooooooooooooos,1
emocionando,1
sir,1
austrália,1
colaboradores,1
heróicas,1
orações,1
herdeiro,1
heptaaaa,1
casamento,1
retomou,1
estruturada,1
fluem,1
ressaltar,1
vaaaaammmooooossssss,1
arrepie,1
caladin,1
kabelôso,1
interessssaaaaaaaaaaaaaaaa,1
vamooooss,1
ferrugem,1
muerte,1
dmmmmms,1
vamosssssssssssssssss,1
abondonei,1
heroícas,1
zerrooo,1
válvula,1
suportamos,1
estruturar,1
classificamos,1
jacqin,1
masterchef,1
ficas,1
hahahahahhahahahahahahahahahah,1
ponho,1
lisboa,1
entalado,1
amansa,1
decorada,1
vamooooooooooooosssssssssss,1
venceee,1
socio,1
tímido,1
sigana,1
gaciba,1
topppp,1
agitaaa,1
inscrever,1
excepcional,1
aguardado,1
cruzeirooooooooooooooooooo,1
vamoooooooooooo,1
classificarem,1
dobradinha,1
vamooooooo,1
estruturado,1
inclusão,1
traduza,1
assinante,1
aplicativo,1
cabuiozo,1
galoooio,1
parcialidade,1
parara,1
jogoou,1
cruzeiroooooooooooooooooooooooooooooooooo,1
assina,1
sky,1
ummmmmmmmmmm,1
zeooooooooooooooooo,1
aranã,1
vconcordo,1
vacatussa,1
corcordo,1
marmão,1
gganhou,1
naoooooooooooooo,1
voutando,1
guidiauba,1
prossima,1
linhanka,1
kakskaskakskskskskkssk,1
mosrta,1
elemcu,1
atreti,1
nou,1
dorgas,1
lyaca,1
nehum,1
clubsmo,1
galinhona,1
çei,1
ruimmmmmm,1
posiçoes,1
deslize,1
questionado,1
assimmmm,1
controvérsias,1
clikbait,1
consolidada,1
kzkzkzkzkkxxkzkzk,1
rrrrr,1
garden,1
comenando,1
picha,1
guará,1
clublismo,1
clubistaaaaa,1
fose,1
cruserense,1
crezeirp,1
mair,1
vendu,1
cura,1
naoooo,1
certesa,1
acletico,1
utima,1
fabricia,1
aparecesse,1
fabeício,1
pausei,1
cantuas,1
colunismo,1
vumitar,1
brincadrira,1
ficaadica,1
kayki,1
rapisa,1
feel,1
loucou,1
glado,1
minhoca,1
akkakakakakakakakkaka,1
patletico,1
selecionado,1
colocasse,1
galba,1
estudo,1
desativou,1
notificações,1
kkkkkkkkkkkkkkkkkkkkkkkkkkkkkkkkkkkkkkkkkkkkkks,1
kakakkakakkakak,1
kukaiu,1
léonardo,1
possui,1
kyanco,1
lymanco,1
olhavque,1
brocador,1
kkkkkkkl,1
vacatuça,1
erradissimo,1
nãaooo,1
japoneses,1
arigato,1
escalão,1
yotub,1
gozador,1
cocordo,1
embape,1
mpappé,1
patrocinado,1
campeonaros,1
arábia,1
conciente,1
akkak,1
albert,1
einstein,1
aston,1
rafaellopes,1
ganhemo,1
anhan,1
sempres,1
inverteria,1
senduvida,1
lyacon,1
krack,1
kkkkklkl,1
uqe,1
kaiike,1
liegue,1
panteras,1
rosasss,1
carreirana,1
kakakakkakaka,1
allana,1
alexsandro,1
gabaritou,1
ahahahahahahhahahahahaahhaahahahhahaah,1
clubismokkk,1
galoooooooooooooooooooooo,1
intentas,1
destruído,1
escarpae,1
erou,1
estagram,1
desempenham,1
improvisado,1
esperrto,1
ochere,1
rebatidas,1
saida,1
pouquiiiiiiinho,1
indefinido,1
aééééééééééé,1
perdidinha,1
aaaaeeeeeeeeeeeeeeeeeeeeeeeeeee,1
finalíssima,1
vĝs,1
giovanna,1
ncjxjcjnnjcjçngjjifnfnhchcjxhh,1
perdel,1
mendoça,1
kkkkjkkkkkkkkk,1
eeeeeeeeeee,1
kkkkkdfdccc,1
xxdsk,1
blsvana,1
yocemutobo,1
eoezo,1
euaxoiyoscebo,1
zeiii,1
rooooooô,1
aghvhnvnvnhjbnjhn,1
zeirão,1
implantada,1
aaaaaeeeee,1
ehhhhhhhhhhhh,1
desligou,1
crusezeiro,1
wellington,1
aborrecido,1
pancadaaa,1
aaaaaaaaeeeeeeeeeeeeeeeeeeeeeeeeeeeeeeeeeeeeeeeeeeeeeeeeeeeeeeeeeeeeeeeeeeeeeeeeeeeeeeeeeeeeeeer,1
éeeeee,1
cabulosooooooooooooooooooo,1
golaaaaaaçoooo,1
primoroso,1
gavetaaaa,1
gavetaaaaaaaaa,1
monitorado,1
aaaaaaeeeeeeeeeeeeeeeeeeeeeeee,1
exibicao,1
fabriicio,1
jkkkkkkkkkkkkkkkkkkk,1
ceu,1
visual,1
perfeitooooo,1
jogaçooo,1
dobgalo,1
cruzeirooooooooooooooooooooooo,1
níveis,1
expert,1
riox,1
analizar,1
cbflu,1
zeroooooooooooooo,1
aaaaghhhhhhhhhhhhhhhhh,1
goooolacoo,1
aio,1
embananou,1
imbativél,1
peripécias,1
zeeeeeeeeeeeeeeeeeeeeeeeeeeeeeeeeeeeeeeeeeeeeeeeeero,1
gzuis,1
kjkjkjkjkjkjkjkjkjkjkjkjkjkjkaio,1
chupaaaaaaaaaaaaa,1
oeste,1
aaaeeeeeeeeeeeeeeeeeee,1
plantado,1
contragolpe,1
posicao,1
palgo,1
melhorzinho,1
aeeeeeeeeeeeeee,1
enéias,1
aeeeeeeee,1
bixa,1
selado,1
ahhahahah,1
lleno,1
ehhhhhhhhhhhhhhhh,1
cabulosooooohhh,1
rominho,1
eeeeeeeeeeeeeeeeeee,1
sooooooooooooooooooo,1
golaaaaaaaaaa,1
çoooooooooooooooooooo,1
éhhhhh,1
eeeeeeeee,1
tampouco,1
nuncam,1
aprendemkkkk,1
narraça,1
atlticanos,1
cometeria,1
fataaaallll,1
oliveir,1
fern,1
ndes,1
cruzcredo,1
cuu,1
fudel,1
destroncou,1
galinhão,1
doooooooooooooooooiiiiiido,1
torcendor,1
tollete,1
aaaaeeeeeeeeeeeeeeeeeeeeeeeeee,1
avasssssaaaaalaaadorrrr,1
piooores,1
peculiar,1
éeeeeeeeeeeeeee,1
cabulosamente,1
puska,1
meteoro,1
histérica,1
mostrooooo,1
brochante,1
globabaca,1
aewwww,1
alam,1
vaai,1
tec,1
narador,1
esteria,1
glolixo,1
fataaaaaaaaaaaaallllllllllllll,1
exagerar,1
dedéu,1
xata,1
franz,1
quemerda,1
clr,1
griteiro,1
repetida,1
aaaeeeeeehhhhhh,1
diferentão,1
vocêconsegirãoinfretaseumaiorrivalfoipelafocadogigatedanatureza,1
seummapeazuleservocêmesma,1
eusitoorgulhozadivocêportedaaminha,1
sotecinãofocemihnasvocêteria,1
takipariu,1
muitobemvocêedimais,1
heheheheheh,1
foooraaa,1
buuuuuurrrrrooooo,1
esganiçado,1
romelo,1
assaciou,1
galitos,1
magos,1
kkkkkkkkkkkkkkkkkkkkkkkkkkkkkkkkkkkkkkkkiio,1
aeeeeeeeee,1
curintianus,1
aidéticos,1
maconheiros,1
arrombados,1
usufruindo,1
encorajando,1
perrelka,1
helicópteros,1
aaeeeeeeeeeeeee,1
bisonha,1
caricato,1
aaaaaaaaaeeeeeeeeeeeeeeeeeéééé,1
paras,1
curry,1
vaqueiro,1
estuprou,1
desinteressou,1
bicutada,1
esguelado,1
delay,1
skksks,1
sapecou,1
locutores,1
priorizando,1
diamante,1
cozidas,1
comé,1
aaaaaaaaaaaaaaaaaaaaaaa,1
êêêêêêêêêêêêêê,1
soubemos,1
gual,1
clnato,1
narracão,1
marteladas,1
dedokkk,1
recordações,1
imparciais,1
penido,1
orestes,1
teo,1
pnalte,1
kssksksksk,1
pqpriu,1
pedeo,1
vuu,1
finta,1
lindaa,1
pausada,1
cansativo,1
dedão,1
televisões,1
jms,1
decisión,1
correcta,1
empecé,1
trabajar,1
nicole,1
hess,1
asesora,1
inversiones,1
administradora,1
pasé,1
endeudada,1
ganar,1
alrededor,1
deudas,1
iglesia,1
agradecida,1
chuseiro,1
narradoraaaasss,1
aêêêêêêêêêêêêêêêêêêêêêêêê,1
cabuloooossoooo,1
gozaram,1
terrorismo,1
assassinos,1
virgens,1
cabeceio,1
liquidado,1
recompõe,1
gritarrrrrrrr,1
cante,1
pertubar,1
ganram,1
comentariastas,1
experienci,1
mrsemv,1
adendos,1
esquesito,1
aeeeeeeeeeeeeeee,1
apedeuta,1
sugira,1
experientes,1
joguem,1
descansar,1
fisioterapeuta,1
nutricionista,1
disponível,1
impossibilitou,1
éisso,1
narro,1
nhaca,1
destro,1
adiante,1
naração,1
pohhhhh,1
gritada,1
melhorasse,1
engravidaaaa,1
bilheteria,1
recíproco,1
famosas,1
tatyaia,1
gestões,1
aaaaaaaaaaaaaaaeeeeeeeeeeeeeeeeeeeeeeeeeeeeeeeeeee,1
impiedoso,1
alambrado,1
tomasse,1
tocamrv,1
kakakakakkakakaakakkakaka,1
calme,1
mineiroooo,1
éeeehh,1
faataaaaall,1
caixinhas,1
chelesti,1
crusero,1
decho,1
produziram,1
pistolaço,1
futebór,1
cabilin,1
pretas,1
diretorio,1
narraçaooo,1
chaaaataa,1
demaaais,1
nuuuuuuuuuh,1
nuuuuuuih,1
inveterado,1
orr,1
tlc,1
guria,1
dnovo,1
tirra,1
transmitidos,1
simpática,1
substituilos,1
radios,1
carinhosas,1
podesse,1
cucuinha,1
biltre,1
ciscante,1
brono,1
hauhauahuahaja,1
narado,1
pancadaaaa,1
ééééééé,1
caaaabuuuloooooooosoooooooooo,1
vigado,1
brilha,1
caber,1
aaeee,1
aaeeeeeeeeeeeeeeeeeeeeeeeeeeeeeeeeeeeeeeeeeeeeeeee,1
fundamentaaaalll,1
superficial,1
convidado,1
assinantes,1
insatisfeitos,1
vislumbrar,1
vandadeiro,1
coragemmmmm,1
faiz,1
esso,1
reinventar,1
xiii,1
inconformado,1
patinho,1
terríveis,1
embola,1
gollllll,1
presenteio,1
retribuindo,1
videotape,1
concluir,1
cogitado,1
brunão,1
plantão,1
aeehhhrrr,1
ouxi,1
eeê,1
conformo,1
tradições,1
atletigay,1
pancaaadaa,1
aaahheééééhhhh,1
espremendo,1
jkkkkkkj,1
hiperestimaram,1
lentos,1
subestimaram,1
lembrem,1
podreeeeeeeeeeeeee,1
aeeeeeee,1
dento,1
eeeeeeaaaaaaaaaaaauuuuu,1
paril,1
booooooosssssssssttttttaaaaaaaa,1
abaixado,1
jkk,1
arrancaram,1
depeneram,1
golaçoo,1
pourra,1
concentrando,1
xuuuupaaaaa,1
aaaaaaah,1
cagarrrrrrrrrr,1
alterações,1
siqueira,1
sóacho,1
zebrado,1
nooooooossooooooo,1
retumbante,1
penssa,1
classicando,1
aaeeeeeeeeeeeeeeeeeé,1
decola,1
avançou,1
espreme,1
overclock,1
discarados,1
edito,1
escorou,1
despertar,1
bradesco,1
aaeeeeeeeeeeeeeeeeeeeeeeeeeeeeeeeeeeeeeeeeeeeeeeeeeeee,1
cabulooooooooosooooo,1
eliminassem,1
fisicuzudo,1
anceloti,1
surpreender,1
bananada,1
mirou,1
passeao,1
teraa,1
nosa,1
bolase,1
porrha,1
improviso,1
kakakkakakakaak,1
flacruzeiro,1
assanhada,1
alertar,1
feri,1
slipknot,1
fluente,1
significados,1
melhoooooor,1
pomposos,1
carinhoso,1
tudoooo,1
tiulo,1
liberdadores,1
carletto,1
debochou,1
gaguejou,1
golaçooooooooooooooooooooooooooôôôôôôô,1
kkkkkkm,1
contagiante,1
booooooraaaaaaaaaaaaaaaaaa,1
torcerei,1
naradoooooooor,1
consigunnn,1
divorciados,1
geovana,1
chutaço,1
ansia,1
silenciada,1
tas,1
flabosta,1
rafa,1
timi,1
fida,1
vtn,1
titrulo,1
corintia,1
carça,1
vencerem,1
pensamos,1
venderemos,1
saladeira,1
miseravel,1
skin,1
léos,1
estrofes,1
calmaa,1
futirinhas,1
zeirooo,1
kkkkakakkakkkkkkkkkkkkkkkkkk,1
viralize,1
aghhhhhhhhhhhhhhhhhhhhhhhhhhhh,1
fazee,1
estili,1
eras,1
filial,1
redondinha,1
malandras,1
batizamos,1
comunhão,1
tombese,1
uberlandia,1
desenhar,1
veiii,1
zovao,1
encantou,1
neandertais,1
gabigold,1
acrecimos,1
acreditooo,1
hahahhahahahaahhahahaha,1
vela,1
zikado,1
renderia,1
saiiiii,1
zicaaa,1
erao,1
esforçou,1
burdoada,1
muleira,1
noca,1
toalha,1
naracao,1
enfretarem,1
piór,1
gabigolllll,1
cavaaaaaaaa,1
kkkkkkkkkķkkkkkkkkkkkkkkklkkkkkkk,1
assumidamente,1
encontrava,1
figurar,1
rotineiros,1
editora,1
nenêeeeemmmm,1
vestindo,1
chaaaata,1
lancelotti,1
rsrrsrsrs,1
cagados,1
boal,1
copiam,1
hahahahahahahahahahaha,1
goiaba,1
forcado,1
ejjddjjsksiwiwiwwo,1
niguém,1
xau,1
clobo,1
funcionaram,1
mui,1
aaaaaaéééééééééééééééé,1
vogal,1
poropopopopo,1
poropopopp,1
aaaaaaaaaaaaaaaaaaeeeeeeeeeeeeeeeeeeeeeee,1
paremmmm,1
convencionais,1
éééééhhhh,1
éeeeeeeeeeeeeeee,1
depravado,1
soberbas,1
estadia,1
faataaal,1
magnitude,1
pudemos,1
atacava,1
sofrivel,1
patacoada,1
selecynha,1
retornou,1
richalison,1
hororossssooooo,1
emonogiar,1
estima,1
feias,1
sepulgaro,1
desmerecendo,1
disculpinha,1
voltará,1
possante,1
atuando,1
heptacampeonato,1
atordoado,1
lurdinhasssssss,1
desrespeitosas,1
claras,1
mecânica,1
balançando,1
suado,1
cagasangues,1
mendonca,1
temporário,1
hulkkkkkk,1
dudubosta,1
ireitado,1
rpzd,1
cruzeuro,1
hospitalidade,1
chelepada,1
matriz,1
sumisso,1
banheiros,1
empreiteiro,1
atropelaria,1
ésses,1
perninhas,1
desaparecer,1
daq,1
duraram,1
ingleses,1
golaçooooooo,1
ciscar,1
kakakkakakkaka,1
caladooooooooooo,1
frangaaaaaaas,1
háa,1
borraaa,1
pemba,1
akkakakakakakakaaqqkqqqqqkakaaka,1
toxina,1
caasa,1
sofredora,1
macia,1
sumidas,1
escondidas,1
aaaeeeeeee,1
raí,1
galibã,1
exames,1
auditivos,1
abertamente,1
argheeeeeeeeeeeee,1
eeeeeeeeeeeeeeeeeh,1
aeeeeeeeeeeeeeeeee,1
aéééééééé,1
sio,1
pavor,1
demaaaaaaais,1
aaaaaaaaaaéééé,1
engasgou,1
esturrando,1
promissora,1
declarou,1
aéééé,1
eeeeeeeé,1
mascado,1
certez,1
kkkkate,1
porwud,1
humno,1
hihihihi,1
fsle,1
society,1
empolgar,1
estuprada,1
ganhariam,1
odebrecht,1
valo,1
kķkkkķkkk,1
batman,1
pruuuu,1
pruuu,1
cloaquinha,1
fluminecu,1
misanmulleratomozeiro,1
mentirada,1
kkķkkkkkkkkkkk,1
cóóóóóó,1
cóóóóóóó,1
pequeninos,1
cinderelo,1
milhozinho,1
kkkkkkķ,1
póóóóó,1
sítio,1
vitóriazinha,1
capenga,1
timequinho,1
filinho,1
listradinha,1
metropolitano,1
cudezebra,1
popularidade,1
quesitos,1
derramou,1
fangalinha,1
choronaa,1
bruseiro,1
embacado,1
galinheiroooo,1
trolando,1
sorbeba,1
presede,1
akakakkakkakkakakakj,1
ahauahauahauahau,1
calaboca,1
begocio,1
juniir,1
impocritas,1
miazinho,1
perderão,1
percas,1
exatamentyyy,1
jkkkj,1
fritaram,1
mushc,1
runa,1
desemprenho,1
indigestos,1
vesez,1
puscas,1
picolé,1
cremoso,1
kkkkkkkkkko,1
acreditooooooooo,1
hahahahahahahahahaahahahahahahahahahahaahah,1
lix,1
aijeyeyeuhdud,1
caulosooooooooo,1
macumbas,1
iiiiii,1
inconfidência,1
desistam,1
peruas,1
hahaa,1
ķakaka,1
kakakakakalkakskskskskskskskskskskakskkakala,1
moiô,1
kmaosksosksoskaksk,1
executamos,1
misanmullerrealmente,1
misanmuller,1
misanmullerse,1
devolvesse,1
mataria,1
okay,1
affss,1
misanmulleroq,1
kkka,1
kakakakakkakakkakakakakakkakakakakakkakakakkakakakakakakakkakakakakakkakakakak,1
nnnnnnn,1
espertalhão,1
acreditooooo,1
vapi,1
sum,1
prair,1
fdl,1
nuncaaqq,1
aaaaaaaaaaaaaaaaaaaaaaaaaaaaaaaaa,1
zerooooooooooooo,1
vkntade,1
kakakakakakkakakaka,1
atiraram,1
eus,1
aaaaaaaaaaaaasaa,1
malucooooo,1
ett,1
cacar,1
rrui,1
dime,1
sonhador,1
salveeee,1
acertavam,1
fkg,1
holand,1
siguientes,1
mimizendo,1
neyman,1
mankkkk,1
pipoquerio,1
valorant,1
minlho,1
frangaiaaaaa,1
dmaas,1
escandalo,1
cabare,1
fogooooooo,1
kaaaaaaaaaaaaakkkkkkkkkkkkkkkkkkkkkkk,1
paggante,1
amm,1
imudissia,1
traira,1
respectiva,1
fracassar,1
carteirinhas,1
determinar,1
incessante,1
embargada,1
cafajestes,1
sadio,1
sobrerano,1
carambaaaaaa,1
mininas,1
poo,1
paquita,1
danou,1
mamadeiruda,1
glúteos,1
acusado,1
formalmente,1
suíça,1
safou,1
jurídica,1
ahan,1
draminha,1
saio,1
caberia,1
papetico,1
malaaaaaa,1
caraiiiiii,1
jgou,1
estuprad,1
magoadas,1
enqt,1
buenos,1
aires,1
barboza,1
zeerooooo,1
brasileirolixo,1
juizeslixos,1
futebolbrasileirolixo,1
teau,1
palhaçadinha,1
disciplinas,1
poiggg,1
kakakakkkakaakakaa,1
reverbera,1
ecoa,1
supérfluo,1
cuchorão,1
dudujoganada,1
cupucuca,1
mnts,1
zoam,1
despenado,1
malucassss,1
siu,1
pitelzinho,1
ramooonn,1
chatao,1
gaaanha,1
naada,1
sofredoooor,1
nukú,1
galináceas,1
pelaippe,1
sparrow,1
alagar,1
iníciou,1
pramim,1
amarelava,1
ava,1
upup,1
ppp,1
mdsss,1
rosadas,1
esqueeeeeeeeçe,1
clamando,1
braçadeira,1
peluda,1
amola,1
vip,1
filo,1
estu,1
prador,1
apodrecendo,1
cela,1
peitando,1
respondiam,1
bélgica,1
pedófilo,1
abusou,1
ganhador,1
classificava,1
aceitava,1
tele,1
priorizava,1
penaipe,1
irritadinhos,1
muiito,1
siscarem,1
microscópico,1
selemengo,1
sobrinhas,1
desrespeitou,1
interrompendo,1
polta,1
definições,1
desatualizadas,1
simbolos,1
fakes,1
hahahahahahahahahaha,1
imune,1
chatura,1
singular,1
plural,1
consultor,1
aposentam,1
entendedor,1
basico,1
aplicava,1
choroes,1
sumidenso,1
enfase,1
bostachoro,1
aguentamos,1
neymidia,1
rkkkkkkkk,1
soberbinha,1
dizermos,1
marcaremos,1
soro,1
comece,1
marcaçâo,1
zêrooooooooo,1
classificadassooo,1
confirmaram,1
umilde,1
espeto,1
traga,1
pedor,1
lopez,1
analista,1
convença,1
misera,1
jogará,1
kauo,1
noss,1
abrilhantou,1
encarnação,1
conseguiam,1
acertas,1
suando,1
warta,1
heimtal,1
impressa,1
lacraram,1
pensarem,1
prefiram,1
parabeniza,1
desclassificou,1
cometerá,1
gracinhas,1
tacasse,1
jornada,1
especialistas,1
engoliram,1
esforçaram,1
barreira,1
oooooo,1
pecando,1
avantes,1
papaiiii,1
átimo,1
interzeiro,1
encaixe,1
araxá,1
performance,1
mrcando,1
joa,1
torcedo,1
raca,1
arrependei,1
peques,1
bagreeeee,1
inexistência,1
luladrão,1
zeeeeeeroooooo,1
goleadores,1
questionou,1
guera,1
palinha,1
joãozinho,1
pntos,1
ascender,1
aquiii,1
gallo,1
vilani,1
matadooooor,1
escorrega,1
mengall,1
bhoder,1
brasuca,1
arascaeta,1
loki,1
operando,1
jodo,1
educando,1
papando,1
harry,1
kane,1
reze,1
brueno,1
estágio,1
sortudas,1
voos,1
feião,1
noel,1
estivemos,1
lambuja,1
levamos,1
bilú,1
grangas,1
buáááááá,1
pigmeu,1
certificado,1
adestrado,1
romeroderam,1
comprometeu,1
ancioso,1
assanhadinhas,1
rabello,1
trazee,1
créditos,1
avacalhando,1
rídiculos,1
requisitos,1
gentinha,1
constroi,1
guarapari,1
fest,1
wikipédia,1
cálculo,1
campehonato,1
garnizé,1
pescosso,1
falaran,1
ganja,1
antecipação,1
roubadas,1
originam,1
monstrão,1
pikachu,1
vamoss,1
libertinha,1
kkkkkjkkkk,1
formato,1
kkkkkkkkjkkkkkk,1
destratando,1
costumam,1
bangú,1
chorá,1
cognitiva,1
séie,1
hilal,1
choraooooo,1
voaram,1
cancelamento,1
vezez,1
tudin,1
cáss,1
subiram,1
torçe,1
gayrintinas,1
execelente,1
bur,1
estoque,1
miseriakkkkkk,1
agradeceu,1
glinho,1
runho,1
gayoloooo,1
xoraaaaaaa,1
giol,1
fdo,1
fabríicio,1
cabbbulosas,1
barrou,1
destruíram,1
revoltadinhas,1
ópera,1
ativada,1
pequeninas,1
pequenucha,1
utilizar,1
antiellote,1
convoque,1
perebento,1
salsichas,1
ruzerense,1
smart,1
borinthians,1
goooooooool,1
perambula,1
dividimos,1
regularidade,1
comerabucetadesuamae,1
medicos,1
estudantes,1
playboys,1
irrelevantes,1
freguesinha,1
tagalera,1
saudacoes,1
hilários,1
perg,1
brilliantly,1
softens,1
dense,1
controversial,1
topics,1
mid,1
pattern,1
breaks,1
reset,1
attention,1
zeeeeeeeeeeeeeeeeeerooooooooooooo,1
afobar,1
cualhada,1
fran,1
avmoas,1
pesadelos,1
cloca,1
floco,1
barragem,1
brumadinho,1
gaaloooooo,1
supr,1
prontos,1
luanzinha,1
autura,1
muiiiiinnntttoooo,1
pequinha,1
insuperável,1
abandonam,1
ruis,1
coperacão,1
reunem,1
dalidão,1
cowboy,1
cavalão,1
todavida,1
raparigas,1
zerooooooooooooooo,1
valência,1
hugi,1
souzaa,1
libertas,1
devorou,1
shhhh,1
penadas,1
cpm,1
trëme,1
esqueçeiram,1
esqueceira,1
tardele,1
digrasado,1
galoooooop,1
gaaaaaaaaaaaaaaaaaaaalllllllllllllllllllllllllllllllllllllllllllloooooooooooooooooooooooooooooooooooooooooooooooooooooooooooooooooooooooooooooooooooooooooooooooooooooooooooooooooooo,1
curiosidade,1
espertão,1
datas,1
dominava,1
caneludo,1
pater,1
vaaaamooosss,1
galooô,1
denteo,1
representava,1
gaaaaaaaaaaaaalllllllllllllooooooooooooo,1
luanzinho,1
ronygol,1
tudooo,1
galoooooooooooooooooooooooooooo,1
neah,1
rafaela,1
darling,1
plays,1
garras,1
galoucuraaaaaass,1
mamsmmsmmmsmsmdmmsmemm,1
mmmmmamwmwmmwwmmamammamwmwmwmmwmwmmmwmwmwmmmemmemsmmdmdmmdmdmmddmdmmsmmdmsmddmmsmmddmmsmmsmsmdmdmdmmdmdmdmdmmddmmdmdmdmskkksssmdmmdmsmmdmmdm,1
vose,1
enrugado,1
breaking,1
palhacadas,1
massinha,1
gaaaaaaalooooo,1
tampão,1
vovozao,1
fingia,1
perellas,1
capoerista,1
capoto,1
endemoninhado,1
imbecís,1
narnia,1
facilitam,1
ofenderem,1
gratuitamente,1
ori,1
nra,1
xorao,1
pavoroso,1
acrobático,1
pseudos,1
endiabado,1
golll,1
causaria,1
imposição,1
virulência,1
cuzinguloso,1
inverteu,1
kkzkkkzkkmnxmmxmxkkxkxkzkxkkz,1
brasilleiro,1
discursao,1
marfia,1
crrta,1
bbbh,1
sucumbindo,1
atléticando,1
cinquentinha,1
mariachuparola,1
espasmo,1
barbaridades,1
dance,1
moinho,1
medonho,1
esparadapo,1
variação,1
psicologo,1
focalizado,1
esbalda,1
impróprias,1
manchinha,1
fabriciu,1
goku,1
gregori,1
putão,1
rlxx,1
descanse,1
editei,1
afirmação,1
exclamação,1
linguística,1
decifra,1
sigla,1
favorrrr,1
juizin,1
gabivaldo,1
embassado,1
descobrindo,1
municipal,1
sporte,1
médios,1
grandalhões,1
mundialmente,1
corrige,1
imenso,1
entenderia,1
dividem,1
absurdamente,1
elabore,1
descentes,1
leio,1
refute,1
correção,1
apontei,1
digitou,1
provei,1
riquinho,1
individualmente,1
conte,1
zoá,1
cooperam,1
porre,1
chupaaaaaaaaaaaaaaaaaa,1
acumulando,1
qpita,1
rapozel,1
comentáristas,1
controlada,1
quinhentas,1
contrução,1
silenciadas,1
sonsos,1
inconveniência,1
realistas,1
egu,1
conveniência,1
contraditórios,1
vencedores,1
umaentira,1
maringá,1
guem,1
chingar,1
revisado,1
profere,1
relatado,1
trampolim,1
reclame,1
barulha,1
espinha,1
endiabrado,1
dramatico,1
chstian,1
cruzeiroooooooooooooooooooooooo,1
goliar,1
seguidores,1
ajudada,1
isaias,1
farei,1
versiculo,1
jofo,1
gooeiro,1
gebte,1
desgastado,1
exvluir,1
jogatores,1
vontadevde,1
atende,1
pedidos,1
tosse,1
caducando,1
cozinhou,1
vontagem,1
obrigaçao,1
atrasarem,1
mumia,1
elétrico,1
agraciado,1
rsrrsrrsrsrrs,1
senpre,1
parkey,1
anoite,1
enforcamento,1
estrangulamento,1
reflitam,1
nue,1
egual,1
ícone,1
jojar,1
niveeis,1
livres,1
uniforma,1
cientista,1
virgina,1
fonseca,1
tietada,1
influencer,1
equivalente,1
dra,1
mariangela,1
hungria,1
embrapa,1
soja,1
food,1
prize,1
prestigiado,1
alimentar,1
norman,1
borlaug,1
revolução,1
decepconou,1
direoria,1
eletrizante,1
alcançado,1
cmo,1
aluga,1
oucila,1
futebet,1
reforçando,1
jogaam,1
youtubes,1
garfo,1
espulsado,1
tiquinho,1
eirão,1
pedreira,1
salvos,1
contrastava,1
mineiraoo,1
retrancados,1
jogor,1
telnico,1
fritantando,1
típicas,1
plataforma,1
secas,1
túmulo,1
paraquedas,1
juniro,1
rancar,1
torecedores,1
orecisa,1
gostem,1
necessitam,1
telejornais,1
pesquiso,1
primevideos,1
smorfetes,1
zkkkkkkkkkkkkkllkkk,1
capricho,1
rentrancados,1
espusao,1
bwm,1
cuecas,1
improvisados,1
aluas,1
flamalvadão,1
cuelo,1
catiiiooo,1
retrancar,1
comanda,1
frequesia,1
admitindo,1
avo,1
zuada,1
agarram,1
imploraram,1
souzana,1
mexo,1
nataniel,1
mineutrão,1
recortadas,1
fakenews,1
jogaremos,1
srm,1
baleado,1
galero,1
brega,1
reco,1
regassada,1
souber,1
desvendando,1
gírias,1
cedido,1
interesses,1
afundo,1
quantias,1
atá,1
bike,1
amargura,1
titia,1
estrearam,1
atualiza,1
gaga,1
caranguejo,1
fogosa,1
hhahahahha,1
rebaixadão,1
incompetencia,1
frangao,1
skng,1
disparou,1
fhdhxd,1
hudson,1
cbfbdhcschxshd,1
contextualizar,1
completaram,1
calculei,1
abdicou,1
estiveram,1
igualamos,1
cagam,1
tapetinho,1
errustida,1
tremendar,1
fundidos,1
imigrantes,1
trabalhoso,1
gramas,1
ilude,1
nokia,1
bomer,1
bbbbb,1
bbbbbb,1
caira,1
pequenez,1
carimbando,1
colecionador,1
radar,1
declarada,1
ajude,1
cospobre,1
atoua,1
ímpar,1
empilhados,1
arquivo,1
confidencial,1
avái,1
prediletas,1
atuações,1
sônia,1
naninco,1
meireles,1
gavai,1
gavao,1
junos,1
populoso,1
demônio,1
quadrúpede,1
yance,1
ayrtonnnnnnnnnnnnn,1
inauguramos,1
campeontos,1
inaugurar,1
ayrton,1
amassiar,1
ingênua,1
regencial,1
falávamos,1
usavam,1
fantasioso,1
borram,1
quenga,1
construtora,1
irmaõs,1
abafando,1
estraçalha,1
cássioo,1
gerias,1
destespeitoso,1
sensibilidade,1
mínimamente,1
peidorreiro,1
camisinha,1
cruziero,1
indiano,1
aopsentado,1
glr,1
groselhas,1
repetitivo,1
laaaaaaaa,1
moído,1
daleeeeeee,1
zeeeeerooooo,1
vaiiiii,1
cabêça,1
blsanavtsa,1
excluindo,1
tncu,1
canceira,1
sony,1
banndeira,1
sedento,1
baptistella,1
luciana,1
amores,1
replays,1
compactar,1
insônia,1
soaria,1
discarado,1
picareta,1
amnda,1
vicê,1
atolado,1
agiota,1
noutra,1
amassei,1
ganeira,1
chutarão,1
vingarão,1
forao,1
recalcada,1
exemplifique,1
expressar,1
relataram,1
nenezinho,1
prieniro,1
caruaru,1
agreste,1
dóido,1
seios,1
notificou,1
hollywood,1
lalaallaalwpwwpoekoxd,1
odldldlasllls,1
mariagabrielasemgol,1
gablixo,1
alcançava,1
abilidades,1
mesno,1
fixamente,1
gastasse,1
arranque,1
cirrida,1
fmfa,1
ning,1
lentao,1
cruizeiro,1
galactos,1
gallllllo,1
perdigol,1
ingênuo,1
rincha,1
palácios,1
largava,1
resplveu,1
superando,1
mesko,1
tenh,1
oseis,1
parará,1
poxxa,1
tranca,1
frankstein,1
molezinha,1
quiabo,1
perrelas,1
suler,1
desicivo,1
programar,1
eminentes,1
frangueirooooooooooo,1
administrado,1
varejista,1
cartorio,1
renovou,1
certezas,1
zagueirada,1
gabimico,1
acssio,1
falhndo,1
tictoc,1
asio,1
liverpol,1
pirra,1
refúgo,1
entrego,1
soul,1
ʌtletic,1
liderʌnçʌs,1
devidamente,1
responsʌbilizʌdʌs,1
bʌnidʌs,1
condenadas,1
apresentarem,1
bʌtʌlhão,1
bpe,1
ʌcesso,1
repetisse,1
dobrava,1
descumprimento,1
detenção,1
mʌndʌ,1
chuvʌs,1
reveses,1
membros,1
essʌ,1
desgrʌceirʌ,1
cessʌ,1
mʌrginʌlzʌdʌ,1
dʌquelʌ,1
conversʌ,1
decretʌr,1
hostilidades,1
desobedecer,1
deitʌdo,1
observações,1
possuo,1
sugestões,1
atribuições,1
tralhas,1
galaooooooo,1
livrando,1
duplinha,1
cholaaaaaaa,1
nula,1
tardes,1
informa,1
tráfego,1
drenada,1
condicionamento,1
orário,1
arcodo,1
ajudá,1
guga,1
akakakakak,1
atuais,1
intencionadas,1
engonhas,1
ouuuuuu,1
produtivo,1
aponsenta,1
finalizaram,1
vargonhaaaaaaaaa,1
sorrateiramente,1
frangazo,1
predileta,1
essi,1
ruque,1
rejuvenesce,1
gabibobo,1
mantivesse,1
capiroto,1
prometo,1
comentado,1
discursão,1
goga,1
gabicone,1
presissa,1
zageiro,1
campeonoto,1
etei,1
êeeh,1
perdindinho,1
situaçao,1
aguentem,1
entendeiram,1
sofisticação,1
cassauro,1
galooooooooooooooooooooooooooo,1
eses,1
prejuducaram,1
trollando,1
dinheirada,1
consumidor,1
cassiao,1
cássião,1
vital,1
respeitarei,1
cuedhu,1
rubrunecas,1
ajudava,1
rapaaaz,1
pussivi,1
garfaando,1
mandaremos,1
vetado,1
rapazinho,1
imprimir,1
anêmico,1
avisamos,1
perdeuu,1
cruzmaria,1
tãopou,1
descolorido,1
escorar,1
laderia,1
tendênciosa,1
flalixos,1
perú,1
flango,1
mascados,1
honrado,1
supervalorizam,1
contrataçao,1
pasado,1
alugo,1
caroneiro,1
choooooooooora,1
choraaaaaaaaaa,1
arquitetado,1
tróia,1
enviamos,1
flacru,1
credenciais,1
raivas,1
fdpta,1
avacalhados,1
contribuía,1
lkkkkkkk,1
zebrados,1
tocarem,1
rodarem,1
inexistiu,1
cassiooo,1
individualidade,1
pizao,1
okkk,1
primeir,1
priemeiro,1
stark,1
foibroubado,1
muit,1
apresemtando,1
panhaçada,1
demtro,1
diviçao,1
proprrios,1
ordinarios,1
falsoz,1
atretas,1
maisz,1
deslanchar,1
oshh,1
harmonização,1
mariaaaada,1
relacionada,1
kikou,1
cláusulas,1
lesma,1
sabosta,1
abominação,1
kakakakakakaak,1
criticasse,1
almeja,1
fadado,1
onrigado,1
cuzeru,1
cezar,1
gabinãofazgol,1
akeles,1
gaaalllooooooooo,1
fregueisaço,1
tida,1
perfer,1
brasilllllll,1
servido,1
comprometer,1
rala,1
abriram,1
cucu,1
temido,1
kkll,1
prenuncios,1
contribuindo,1
invéz,1
nuinca,1
pexero,1
rasos,1
forcinha,1
benevolente,1
deficil,1
gastos,1
inha,1
queem,1
flopar,1
inocentemente,1
relada,1
filipinho,1
pfff,1
noor,1
fmfrangas,1
ruke,1
soletrar,1
craqueeee,1
hulkk,1
freadinha,1
incrívellllll,1
hullllk,1
fingido,1
gaaaaaaaaloooo,1
bagunçada,1
gabizinho,1
pxt,1
rick,1
estatos,1
considerávelmente,1
cassiou,1
fabriciou,1
cochilou,1
capturando,1
pagá,1
enxeram,1
goll,1
padre,1
preocupem,1
trap,1
marmitians,1
improdutivo,1
gerenciando,1
longevidade,1
coutinho,1
roximos,1
verdadde,1
certidão,1
rapei,1
sportbet,1
aliviou,1
acostumar,1
repertório,1
cassioooooo,1
posicionando,1
crônicos,1
ddo,1
martinez,1
consultado,1
meesmo,1
flagas,1
alviverdes,1
audacia,1
infantilmente,1
honde,1
prestigiando,1
caralhoooooo,1
emenda,1
identificado,1
tremor,1
richter,1
rendou,1
destreza,1
retomba,1
zaqueiro,1
alterar,1
comprada,1
diligência,1
cessando,1
cassiooooo,1
sutil,1
mingau,1
prepotência,1
discórdia,1
plasfemou,1
cozinhando,1
gabigosta,1
devolução,1
apanhavam,1
bagree,1
kacio,1
lasqueira,1
servia,1
gabimbecil,1
nesmo,1
peixeeeeee,1
pampas,1
cruzas,1
benéfica,1
genérico,1
carregava,1
cuejos,1
zkkkkkkkkkkkk,1
capmpo,1
lubrificante,1
surpresas,1
hulkprime,1
firmino,1
frutus,1
ruina,1
minheirão,1
gallooooo,1
mediado,1
cruzeeiro,1
mulagol,1
melancólico,1
doni,1
gaalloooo,1
flavar,1
ensaiou,1
rebatendo,1
kakaak,1
militonto,1
demitiram,1
muuuuuuito,1
reversa,1
herdeiros,1
tripla,1
enganei,1
corporação,1
trambiqueiro,1
cinqüenta,1
comel,1
famigerada,1
coronel,1
eurico,1
paraguaçu,1
cel,1
manipularam,1
escandalosa,1
menstruada,1
numérica,1
peixão,1
pitaia,1
kkkkkkjvai,1
cúrinthians,1
dinizismo,1
layanco,1
gabipenalti,1
erva,1
daninha,1
defensaveis,1
investido,1
defensivos,1
compõe,1
vit,1
inúmeras,1
barbiel,1
rapozinhas,1
lembrete,1
dedicamos,1
garotinha,1
julinha,1
golllllllll,1
kkkkkkkkkomedias,1
macarronada,1
providencia,1
prelúdio,1
ironizam,1
ondudu,1
maldição,1
zet,1
felpuda,1
gestao,1
landim,1
frabício,1
arapuca,1
vaiar,1
gabe,1
aposento,1
corinthans,1
tud,1
umilhação,1
vaaamoos,1
meuu,1
noé,1
ahahahahahahahah,1
surper,1
largando,1
mexida,1
macumbeira,1
leiloca,1
queri,1
expusao,1
bracinhos,1
bizarrices,1
panelinha,1
fóssil,1
trarão,1
fregueis,1
neuer,1
salientando,1
oha,1
ehhhh,1
benta,1
incredível,1
riscos,1
inundação,1
generoso,1
mamda,1
bestianos,1
quadrados,1
manoooo,1
veron,1
gabigó,1
falatório,1
encomendada,1
desgracados,1
champu,1
vagsbundo,1
desperdício,1
perguntaram,1
gabimundo,1
gabichona,1
cuzeirinho,1
recolhe,1
oves,1
usaid,1
masou,1
policassio,1
quaramos,1
hullc,1
reconhecendo,1
ambiental,1
plantaram,1
empatia,1
kkkkkkkkkkkkkkkkllklkkkllkkkllllllllkkkkkkkkkkkkkkkkk,1
mpc,1
treinasse,1
ashuahsujhau,1
listras,1
gabizela,1
colaborando,1
impactante,1
colocavam,1
despedida,1
galãããooo,1
fmgfrangas,1
deseperadaspra,1
nnao,1
gabinada,1
travestidos,1
futebolistas,1
aua,1
paraguaios,1
caaaaaaaaaaaasssssiiiioooooooo,1
zicado,1
curtinha,1
cristos,1
enganarão,1
perseverar,1
reino,1
nações,1
rogarei,1
consolador,1
conheceis,1
habita,1
gabigorod,1
tenista,1
alcaraz,1
niqueis,1
vixxii,1
neybar,1
rubroneca,1
patavar,1
demonstrei,1
esculachado,1
apostador,1
semestre,1
aprenderá,1
renovasse,1
rapper,1
neesaa,1
heheheh,1
nak,1
desafiou,1
pionner,1
performar,1
gaaaaaaaaaloooooooooo,1
contentes,1
explodi,1
bang,1
gavea,1
sacrifcio,1
flopou,1
ksskskskskskks,1
cullo,1
sapecando,1
vítimas,1
oxoo,1
oooxoo,1
froxos,1
comprarem,1
certeiras,1
superestimando,1
ksfjsjjfsjjwjfjsjdjejshfhahhfsjahjdajjsjdnajdjajs,1
astronomico,1
surtindo,1
gabitrouxa,1
rurral,1
doidim,1
entou,1
mijonas,1
corroeu,1
destroi,1
desda,1
sarcástica,1
nuuuh,1
roliço,1
assistencias,1
oitavo,1
francássio,1
resultaria,1
manjada,1
gabixô,1
vilma,1
esquerdinha,1
castelão,1
bagreanco,1
últimamente,1
frangado,1
catadão,1
refúgos,1
akatsuki,1
rejeitados,1
arranjava,1
gabibundasemgol,1
tínha,1
tame,1
gatito,1
preservo,1
idulu,1
território,1
vãs,1
esasas,1
orrogante,1
galoooookkkkk,1
calssio,1
supertime,1
malvado,1
guabiroba,1
negociar,1
concertaram,1
vendendo,1
frangueirão,1
refugiados,1
clique,1
cmc,1
furao,1
grandr,1
nikao,1
banheira,1
procurarando,1
gabifraco,1
gabis,1
paara,1
notinha,1
mariaaaaa,1
lanterninha,1
pardalito,1
hororroso,1
cruzriro,1
cocacola,1
posicionameto,1
desgrassa,1
seguem,1
zerim,1
fraquim,1
vvolta,1
caíque,1
criciyma,1
contratrar,1
inacreditavel,1
fnl,1
mantêm,1
trykas,1
agradeçam,1
radialistas,1
cruzando,1
cueggo,1
kkjk,1
deverson,1
alugar,1
bbbrêmio,1
livrado,1
vitoriosos,1
mágicos,1
lkkkkkkkkkkkkkkkkkkkkkkkkkkkkkkkkkkkkkkkkkkkkk,1
doando,1
condicoes,1
confudao,1
pessimas,1
antunes,1
contratam,1
allianza,1
petrolera,1
competentes,1
exibe,1
pertubado,1
bizonho,1
livra,1
inocentou,1
ctbc,1
falados,1
defendia,1
pateticanas,1
fragero,1
cotoveladona,1
seies,1
renovando,1
prometido,1
balaio,1
emplumadas,1
bagos,1
enfiam,1
sabugos,1
rabos,1
infinidade,1
octacampeonato,1
dispensando,1
pontualmente,1
exceção,1
duelos,1
gabinete,1
ajudamos,1
ignoramos,1
cumpriu,1
digitais,1
difente,1
mariara,1
klkkk,1
olkabone,1
futebolistica,1
cometei,1
gabibumbum,1
adultério,1
desintegrou,1
maaafiiia,1
floripa,1
frangalho,1
quasigol,1
mariaaaaaaa,1
abrer,1
cruzeretes,1
seleste,1
cantu,1
hihihi,1
alyanco,1
atleticu,1
temls,1
brage,1
propósital,1
bencao,1
nénem,1
daki,1
apouco,1
conpraram,1
palmeoras,1
supervalorizado,1
blush,1
dinas,1
intrepertar,1
intrepetar,1
cremador,1
queridinho,1
influenciou,1
gabipinga,1
achassem,1
soborô,1
detonando,1
kskksksksks,1
coelhos,1
enfraqueceu,1
canlha,1
canaha,1
frangavar,1
varfranga,1
xjdj,1
hzhs,1
proceder,1
ético,1
íntima,1
reprovável,1
sujas,1
evangélica,1
misturarei,1
mundanos,1
jeová,1
evangelismo,1
compartilhado,1
crenças,1
inconherencia,1
devíamos,1
congregação,1
demonho,1
importantíssima,1
tinhoso,1
boziloide,1
julgueis,1
oje,1
amem,1
releia,1
inconha,1
cabeceia,1
diferenciava,1
nicolastorres,1
passano,1
qlqr,1
lacrimejar,1
ahistoria,1
matheusgay,1
raciocina,1
lllllllkkkkkkkkkkkk,1
flameguista,1
dznd,1
tratam,1
cagamos,1
andamos,1
moramguetes,1
campeoes,1
minuaculo,1
relaçao,1
destinado,1
cadeirantes,1
frenre,1
atrapalhavam,1
porporciar,1
amento,1
semanais,1
porens,1
latina,1
roub,1
terminas,1
fado,1
nojent,1
poquinho,1
carpi,1
atrasadas,1
favel,1
montevideu,1
parábens,1
paa,1
confederaçoes,1
portigues,1
chines,1
setimo,1
tecnicas,1
naum,1
gayuchu,1
obigado,1
bumbumgol,1
fladeus,1
clauus,1
porcadas,1
fanboy,1
renfundação,1
muldas,1
respostas,1
cdp,1
lerda,1
contraditório,1
encomodado,1
braçadagol,1
gabrigou,1
meleca,1
tremo,1
noia,1
contentam,1
semblante,1
locura,1
arrodao,1
eliminacões,1
cutovelada,1
entai,1
nnnsnsnssnnsnnsnennssnen,1
mmmmmzmsmdmmsmsmmmmdmmdmmdmdmdmmmdmmdmmdmmmmdmdmdmdmmmdmmmdmdmdmmmzmdmdmdmmdmdmxmxmmmmxmmdmmdmdmdmxmmxmxmxmmxmmmxm,1
folgada,1
cvzão,1
eeey,1
ooou,1
aaahh,1
presídios,1
kmmsmsmsmsmsmmsmzmzmzmzmmmzmzmzmmzm,1
mmmmmmm,1
gaaaaaaaaaaaloooooooooo,1
apitarem,1
quietos,1
nmsnsnnsnnsnnsnsnsnnsnsnssnnsnnsnnnnnnnsnsnsnnsnsnnsnsnsnsnns,1
fdkkkkkkk,1
carlho,1
desprezivel,1
intankável,1
mou,1
irruuuu,1
tavs,1
braisl,1
tabajara,1
retira,1
astro,1
morava,1
trajeto,1
viverem,1
moradia,1
velem,1
spr,1
federaçao,1
crzeiro,1
pisae,1
jackosmc,1
maiis,1
babosa,1
skksksks,1
gabriella,1
movimentou,1
hitoria,1
fisica,1
comprometida,1
darcy,1
gailão,1
juízão,1
dublage,1
féra,1
grossona,1
êsses,1
gabine,1
expuklsar,1
ordens,1
fotinho,1
calão,1
cuuu,1
repararem,1
involuntariamente,1
fininha,1
dramatizando,1
oai,1
delacruz,1
agraço,1
enfolhar,1
tardelle,1
chad,1
omini,1
brazuca,1
rondônia,1
futeburro,1
gugu,1
papudo,1
arraxca,1
consigu,1
telles,1
cabeçudos,1
espusaa,1
sacanem,1
caruda,1
advesario,1
porkaria,1
aguentariam,1
portunhol,1
hatrick,1
dedin,1
cassiooooooo,1
morgadoooo,1
choritiba,1
cuidem,1
uahusausuah,1
desculpabpro,1
kanneman,1
heleno,1
gallllloooo,1
hahahha,1
tenis,1
gaaaaaaloooooooô,1
gaaaaloo,1
engatilhada,1
cretino,1
gabicaca,1
rsrsrsrsr,1
zeiros,1
cometida,1
semmmmmmpre,1
converseiro,1
vizinhos,1
liyanco,1
enterrompeu,1
chinelao,1
prara,1
relaxo,1
prodicional,1
proficional,1
poblema,1
clubi,1
avr,1
fdps,1
deaculpas,1
comparamos,1
aimda,1
voizinha,1
prive,1
dmeu,1
ñao,1
panderuda,1
arbito,1
doidinhos,1
dominarem,1
dariam,1
preeeeego,1
excelenteee,1
pizar,1
craqueee,1
hahhahaa,1
hilk,1
kakkakakaka,1
gabrieu,1
ferou,1
reuniram,1
burno,1
traida,1
fodi,1
contornar,1
logicamente,1
varmineiro,1
arrrr,1
rpg,1
combinando,1
pacientes,1
separadas,1
corinrhians,1
periga,1
colidindo,1
pofexôr,1
galaaaaaãoooo,1
massssssaaaaa,1
coubesse,1
jogadore,1
bigodudo,1
frangeiro,1
buxa,1
habib,1
iniciassem,1
chamasse,1
mercury,1
bumdasticos,1
abusaram,1
lyncon,1
metram,1
predominante,1
porrrraaaa,1
ingenuidade,1
temeravel,1
levianas,1
roubadoooooo,1
distorcem,1
fmg,1
acharão,1
ouriço,1
esquecerem,1
sksks,1
akkakakkakakak,1
vazios,1
karalhas,1
proibiram,1
caminhoneiro,1
intencionalmente,1
fracoooooo,1
roubadasso,1
ognorando,1
recomendação,1
privado,1
substantivo,1
vacilasse,1
valida,1
malvadona,1
equívoco,1
usuários,1
preza,1
ninha,1
titânica,1
microfones,1
goleda,1
muke,1
contador,1
xinguem,1
pah,1
neoronios,1
ceifar,1
cartolouco,1
tugas,1
palhação,1
feed,1
sém,1
mâo,1
incriminar,1
arrascaera,1
ribas,1
arão,1
rosita,1
respeitaria,1
damos,1
kgs,1
uashuahsuah,1
masoquista,1
firma,1
projeta,1
acobertar,1
mancebo,1
dolares,1
charao,1
eroubo,1
gaybi,1
philippe,1
toni,1
escurraçado,1
arbitragemb,1
bloqueando,1
fiédazunha,1
core,1
clitóris,1
gaaaalô,1
aquisição,1
lenços,1
desanimados,1
afirmou,1
rápidos,1
ajeita,1
bonfim,1
inadimitivel,1
pinguim,1
lombrigueiro,1
recorrente,1
humorado,1
amanda,1
idiotq,1
inplodindolo,1
clama,1
reformulação,1
avaliações,1
autonomia,1
reinvidicar,1
sonegado,1
sonegada,1
reunida,1
lotada,1
alé,1
trupe,1
máis,1
vagaba,1
simões,1
kkkkkkkchupa,1
comosemprecalamosomineiraoarraurruomineiraoenssuaquiegalaochoramarias,1
pavilhao,1
euseiquevocêtreme,1
chamão,1
idulo,1
inquilinas,1
espertas,1
patrocinar,1
patrcinar,1
conquistando,1
quinquagésimo,1
pistolada,1
finalzona,1
gooolll,1
siniiiistrro,1
demaaaaiiiisss,1
cuei,1
acentados,1
definida,1
rudicula,1
fzer,1
uloso,1
apática,1
deprimido,1
abateu,1
trombei,1
pisarrrrr,1
crüzeirense,1
fito,1
belém,1
formalidade,1
elton,1
magnifico,1
bbbkkkkk,1
categorico,1
cruzeireses,1
gabygay,1
escondem,1
galoooooooooooi,1
viajar,1
transporte,1
passagens,1
bonequinhas,1
gaaallllloooooo,1
desigualdade,1
quiria,1
caló,1
preno,1
asim,1
anjos,1
muitobonzinhos,1
felizis,1
éta,1
tara,1
mural,1
dispesa,1
trarado,1
diversõs,1
escrevo,1
ecológico,1
chupaaaaaaaaa,1
mariadaaaaassss,1
subestimem,1
calarem,1
gaaaaaaalo,1
hauhahahuauahauau,1
crüzeirenses,1
acorde,1
mequetrefiana,1
ordenou,1
gooooooooooooollllllllllllll,1
gooooooooooooolllllllllllll,1
acertôôô,1
lheee,1
scarp,1
bruzeirenses,1
retrocesso,1
escancara,1
trabaio,1
mesmooo,1
papara,1
lauroooo,1
antonio,1
suma,1
chorarammm,1
rapazettes,1
dren,1
sow,1
oampulha,1
representativdade,1
vóz,1
pãndemônio,1
estragamos,1
bençào,1
gevanildo,1
gabigolices,1
gaaaaaaaaaaaaaaaaaaaaaalooooooooooooooooooooooooooooooooo,1
sucessos,1
assumem,1
coraçao,1
tropeirão,1
honramos,1
gaaaaaaaaaaaaaaaaloooooooooooooooooooooooooooo,1
ùnica,1
linnnooo,1
paias,1
ambientalista,1
travêis,1
fandangos,1
felpudos,1
mariadaaaaaa,1
fpm,1
contraste,1
parabén,1
desiste,1
lotação,1
comprem,1
btc,1
flamento,1
antigalo,1
choraaaaaaaaaaaaaa,1
heroi,1
doídas,1
promoveram,1
cruzeirençe,1
gastamos,1
obrigadú,1
criativoa,1
gabinãogol,1
tremee,1
adivinhou,1
trab,1
estacionamento,1
bestas,1
fol,1
pastelaria,1
pequenininha,1
cafesinho,1
vinte,1
gritinho,1
restrição,1
credenciar,1
mateusão,1
fitas,1
isolantes,1
sobrancelhas,1
depiladas,1
travesti,1
louro,1
engrossando,1
desdentada,1
andrezão,1
youtuber,1
web,1
rádios,1
amostradin,1
pança,1
pratique,1
calorias,1
preveu,1
conhecidencia,1
demaisssss,1
gaaaaaalo,1
mariasss,1
contribuição,1
reynaldo,1
joãozão,1
ohhh,1
cazetv,1
gabinosta,1
choveu,1
ķkkkkkk,1
bilocadas,1
principiante,1
colou,1
azarenta,1
renatão,1
koolgulosas,1
citam,1
minasssssssgeraissssss,1
manoo,1
sátira,1
moraram,1
tradutor,1
gaaaalllooooo,1
promovida,1
otimos,1
impressionou,1
lauraooo,1
wladimir,1
blanca,1
compromete,1
beijin,1
regadas,1
galoooooooooooooooooooooooooooooooooooooooooo,1
poooorrrra,1
raras,1
dignifica,1
acont,1
massacrados,1
palavroes,1
grtaram,1
nenêm,1
aproveitariam,1
frustrações,1
gelera,1
trocava,1
soerguimento,1
nandovides,1
comprovam,1
desvendado,1
patrocina,1
dás,1
kakakakakkaa,1
rapösa,1
torça,1
atleticanoooooooooooooooooooo,1
loirinho,1
gordão,1
nombre,1
mujer,1
coquinho,1
coquinhos,1
kassiooooo,1
humilhouuuuu,1
raposeira,1
ouriçadas,1
íntimos,1
porrraaa,1
afogou,1
caibbbulosas,1
rapunzel,1
laurao,1
hotelzin,1
gabipipoca,1
filmados,1
evacuem,1
gaaaaaaaaaalooooooooo,1
bbbruuzeirooooooo,1
zicar,1
rainhas,1
gritante,1
fenomeno,1
amargar,1
intecional,1
babaram,1
gaaaalllllooooooooooooo,1
dinastia,1
vasectomia,1
aisha,1
zaya,1
alice,1
ian,1
gasllloooooooo,1
gabigou,1
séc,1
agirá,1
medimos,1
fritura,1
fmfangas,1
hahahahahahahhaha,1
gaaaaloooooo,1
controlando,1
doidooo,1
pintam,1
smurfetes,1
agradeco,1
tulião,1
ivonei,1
requebrando,1
freguezia,1
alagada,1
ahahahahahahhahaahaahaahahahahahaahahhahahaahhaahhahahaahahahahahahaahaaahahaha,1
mendeiro,1
agarraram,1
estendi,1
patrocínios,1
tremedeiros,1
chapecó,1
chapegalo,1
vindas,1
daliiii,1
brocamos,1
retocarem,1
atlticano,1
luaro,1
obirgado,1
galoooooooooooooooo,1
comportamentos,1
recepçao,1
ricamente,1
bigodin,1
profecia,1
tremeesssss,1
mineirã,1
nossooooo,1
contestação,1
satifatório,1
tremida,1
ressuscita,1
debatemos,1
elimiando,1
amercia,1
euuu,1
buzinar,1
kadê,1
facilkkkkkkkkkkkk,1
noviebre,1
jajajajaj,1
raaaaaaaacing,1
desmaiam,1
seija,1
paixào,1
nacionalvaleu,1
caraaaaa,1
profetakkkkk,1
mineirài,1
jnt,1
impar,1
bandeirões,1
orraji,1
lourdes,1
índice,1
metropolitana,1
majoritária,1
invejam,1
rolas,1
cansadas,1
gargalhadas,1
bommmmm,1
registros,1
discretamente,1
hahahahahahahahahahahahahahahahahahaha,1
esboça,1
hahhahahaha,1
xoxa,1
grall,1
ostentação,1
kardec,1
contradição,1
trucidando,1
doutrinando,1
lanchonete,1
bunito,1
smurfettes,1
idolokkkjkkkjjjjjjjkkkkkk,1
usados,1
neem,1
welington,1
gayzeira,1
berraram,1
caizeiro,1
raço,1
kkkkkkkaibuloso,1
independencia,1
fundada,1
mariaaaaaaaaa,1
cubeiro,1
encalhadas,1
godfather,1
alfassio,1
cabaços,1
esquizofrênica,1
barbiegol,1
contem,1
direcionadas,1
aplaudimos,1
inteligentão,1
ccontra,1
exaltaram,1
borrar,1
kerlon,1
gaylayco,1
bigol,1
empolgada,1
encharcando,1
binga,1
aleatória,1
relaxada,1
galiandae,1
lacrando,1
gaybigol,1
force,1
vareta,1
bamby,1
traulitadas,1
batizei,1
crismei,1
pisanamaria,1
través,1
jardineiro,1
melar,1
gabbosta,1
gaaaalooo,1
repeteco,1
nadaaaaaaa,1
micróbios,1
bostafofo,1
claaaro,1
elétron,1
timezinho,1
noivinha,1
derrotou,1
bairrenses,1
desassociar,1
broxar,1
espamando,1
hall,1
foquem,1
