match_id,match_date,competition,team,team_result,home_away,entity_id,canonical_name,entity_type,role,participation_status,source_kind,source_url
2025-02-09-cru-cam,2025-02-09,Campeonato Mineiro - 7ª rodada,Atlético-MG,win,away,player_everson,Everson,player,player,starter,match_sheet,https://www.galodigital.com.br/enciclopedia/202509PRO_Cruzeiro-MG_x_Atl%C3%A9tico
2025-02-09-cru-cam,2025-02-09,Campeonato Mineiro - 7ª rodada,Atlético-MG,win,away,player_natanael,Natanael,player,player,starter,match_sheet,https://www.galodigital.com.br/enciclopedia/202509PRO_Cruzeiro-MG_x_Atl%C3%A9tico
2025-02-09-cru-cam,2025-02-09,Campeonato Mineiro - 7ª rodada,Atlético-MG,win,away,player_lyanco,Lyanco,player,player,starter,match_sheet,https://www.galodigital.com.br/enciclopedia/202509PRO_Cruzeiro-MG_x_Atl%C3%A9tico
2025-02-09-cru-cam,2025-02-09,Campeonato Mineiro - 7ª rodada,Atlético-MG,win,away,player_junior_alonso,Júnior Alonso,player,player,starter,match_sheet,https://www.galodigital.com.br/enciclopedia/202509PRO_Cruzeiro-MG_x_Atl%C3%A9tico
2025-02-09-cru-cam,2025-02-09,Campeonato Mineiro - 7ª rodada,Atlético-MG,win,away,player_guilherme_arana,Guilherme Arana,player,player,starter,match_sheet,https://www.galodigital.com.br/enciclopedia/202509PRO_Cruzeiro-MG_x_Atl%C3%A9tico
2025-02-09-cru-cam,2025-02-09,Campeonato Mineiro - 7ª rodada,Atlético-MG,win,away,player_alan_franco,Alan Franco,player,player,starter,match_sheet,https://www.galodigital.com.br/enciclopedia/202509PRO_Cruzeiro-MG_x_Atl%C3%A9tico
2025-02-09-cru-cam,2025-02-09,Campeonato Mineiro - 7ª rodada,Atlético-MG,win,away,player_gabriel_menino,Gabriel Menino,player,player,starter,match_sheet,https://www.galodigital.com.br/enciclopedia/202509PRO_Cruzeiro-MG_x_Atl%C3%A9tico
2025-02-09-cru-cam,2025-02-09,Campeonato Mineiro - 7ª rodada,Atlético-MG,win,away,player_rubens,Rubens,player,player,starter,match_sheet,https://www.galodigital.com.br/enciclopedia/202509PRO_Cruzeiro-MG_x_Atl%C3%A9tico
2025-02-09-cru-cam,2025-02-09,Campeonato Mineiro - 7ª rodada,Atlético-MG,win,away,player_gustavo_scarpa,Gustavo Scarpa,player,player,starter,match_sheet,https://www.galodigital.com.br/enciclopedia/202509PRO_Cruzeiro-MG_x_Atl%C3%A9tico
2025-02-09-cru-cam,2025-02-09,Campeonato Mineiro - 7ª rodada,Atlético-MG,win,away,player_tomas_cuello,Tomás Cuello,player,player,starter,match_sheet,https://www.galodigital.com.br/enciclopedia/202509PRO_Cruzeiro-MG_x_Atl%C3%A9tico
2025-02-09-cru-cam,2025-02-09,Campeonato Mineiro - 7ª rodada,Atlético-MG,win,away,player_hulk,Hulk,player,player,starter,match_sheet,https://www.galodigital.com.br/enciclopedia/202509PRO_Cruzeiro-MG_x_Atl%C3%A9tico
2025-02-09-cru-cam,2025-02-09,Campeonato Mineiro - 7ª rodada,Atlético-MG,win,away,player_brahian_palacios,Brahian Palacios,player,player,substitute_used,match_sheet,https://www.galodigital.com.br/enciclopedia/202509PRO_Cruzeiro-MG_x_Atl%C3%A9tico
2025-02-09-cru-cam,2025-02-09,Campeonato Mineiro - 7ª rodada,Atlético-MG,win,away,player_igor_rabello,Igor Rabello,player,player,substitute_used,match_sheet,https://www.galodigital.com.br/enciclopedia/202509PRO_Cruzeiro-MG_x_Atl%C3%A9tico
2025-02-09-cru-cam,2025-02-09,Campeonato Mineiro - 7ª rodada,Atlético-MG,win,away,player_otavio_henrique,Otávio Henrique,player,player,substitute_used,match_sheet,https://www.galodigital.com.br/enciclopedia/202509PRO_Cruzeiro-MG_x_Atl%C3%A9tico
2025-02-09-cru-cam,2025-02-09,Campeonato Mineiro - 7ª rodada,Atlético-MG,win,away,player_deyverson,Deyverson,player,player,substitute_used,match_sheet,https://www.galodigital.com.br/enciclopedia/202509PRO_Cruzeiro-MG_x_Atl%C3%A9tico
2025-02-09-cru-cam,2025-02-09,Campeonato Mineiro - 7ª rodada,Atlético-MG,win,away,player_bernard,Bernard,player,player,substitute_used,match_sheet,https://www.galodigital.com.br/enciclopedia/202509PRO_Cruzeiro-MG_x_Atl%C3%A9tico
2025-02-09-cru-cam,2025-02-09,Campeonato Mineiro - 7ª rodada,Atlético-MG,win,away,coach_cuca,Cuca,coach,head_coach,,match_sheet,https://www.galodigital.com.br/enciclopedia/202509PRO_Cruzeiro-MG_x_Atl%C3%A9tico
2025-02-09-cru-cam,2025-02-09,Campeonato Mineiro - 7ª rodada,Atlético-MG,win,away,technical_staff_cuquinha,Cuquinha,technical_staff,assistant_coach,,match_sheet,https://www.galodigital.com.br/enciclopedia/202509PRO_Cruzeiro-MG_x_Atl%C3%A9tico
2025-02-09-cru-cam,2025-02-09,Campeonato Mineiro - 7ª rodada,Atlético-MG,win,away,technical_staff_rodrigo_lasmar,Rodrigo Lasmar,technical_staff,doctor,,match_sheet,https://www.galodigital.com.br/enciclopedia/202509PRO_Cruzeiro-MG_x_Atl%C3%A9tico
2025-02-09-cru-cam,2025-02-09,Campeonato Mineiro - 7ª rodada,Atlético-MG,win,away,technical_staff_danilo_jose_prando_minutti,Danilo José Prando Minutti,technical_staff,goalkeeper_coach,,match_sheet,https://www.galodigital.com.br/enciclopedia/202509PRO_Cruzeiro-MG_x_Atl%C3%A9tico
2025-02-09-cru-cam,2025-02-09,Campeonato Mineiro - 7ª rodada,Atlético-MG,win,away,technical_staff_cristiano_garcia_nunes,Cristiano Garcia Nunes,technical_staff,fitness_coach,,match_sheet,https://www.galodigital.com.br/enciclopedia/202509PRO_Cruzeiro-MG_x_Atl%C3%A9tico
2025-02-09-cru-cam,2025-02-09,Campeonato Mineiro - 7ª rodada,Atlético-MG,win,away,technical_staff_aluizio_carlos_dos_santos,Aluizio Carlos dos Santos,technical_staff,masseur,,match_sheet,https://www.galodigital.com.br/enciclopedia/202509PRO_Cruzeiro-MG_x_Atl%C3%A9tico
2025-02-09-cru-cam,2025-02-09,Campeonato Mineiro - 7ª rodada,Atlético-MG,win,away,management_sergio_coelho,Sérgio Coelho,management,association_president,,management_period,https://atletico.com.br/administracao/
2025-02-09-cru-cam,2025-02-09,Campeonato Mineiro - 7ª rodada,Atlético-MG,win,away,management_bruno_muzzi,Bruno Muzzi,management,saf_ceo,,management_period,https://atletico.com.br/obrigado-bruno-muzzi/
2025-02-09-cru-cam,2025-02-09,Campeonato Mineiro - 7ª rodada,Atlético-MG,win,away,management_paulo_bracks,Paulo Bracks,management,cso_football,,management_period,https://atletico.com.br/galo-contrata-paulo-bracks-para-o-cargo-de-cso-do-futebol/
2025-02-09-cru-cam,2025-02-09,Campeonato Mineiro - 7ª rodada,Atlético-MG,win,away,management_victor_bagy,Victor Bagy,management,football_director,,management_period,https://atletico.com.br/victor-bagy-deixa-cargo-de-diretor-de-futebol-do-galo/
2025-02-09-cru-cam,2025-02-09,Campeonato Mineiro - 7ª rodada,Atlético-MG,win,away,management_rafael_menin,Rafael Menin,management,saf_shareholder,,management_period,https://atletico.com.br/atletico-apresenta-o-novo-ceo-pedro-daniel/
2025-02-09-cru-cam,2025-02-09,Campeonato Mineiro - 7ª rodada,Cruzeiro,loss,home,player_cassio,Cássio,player,player,starter,match_sheet,https://www.galodigital.com.br/enciclopedia/202509PRO_Cruzeiro-MG_x_Atl%C3%A9tico
2025-02-09-cru-cam,2025-02-09,Campeonato Mineiro - 7ª rodada,Cruzeiro,loss,home,player_william,William,player,player,starter,match_sheet,https://www.galodigital.com.br/enciclopedia/202509PRO_Cruzeiro-MG_x_Atl%C3%A9tico
2025-02-09-cru-cam,2025-02-09,Campeonato Mineiro - 7ª rodada,Cruzeiro,loss,home,player_fabricio_bruno,Fabrício Bruno,player,player,starter,match_sheet,https://www.galodigital.com.br/enciclopedia/202509PRO_Cruzeiro-MG_x_Atl%C3%A9tico
2025-02-09-cru-cam,2025-02-09,Campeonato Mineiro - 7ª rodada,Cruzeiro,loss,home,player_jonathan_jesus,Jonathan Jesus,player,player,starter,match_sheet,https://www.galodigital.com.br/enciclopedia/202509PRO_Cruzeiro-MG_x_Atl%C3%A9tico
2025-02-09-cru-cam,2025-02-09,Campeonato Mineiro - 7ª rodada,Cruzeiro,loss,home,player_kaiki_bruno,Kaiki Bruno,player,player,starter,match_sheet,https://www.galodigital.com.br/enciclopedia/202509PRO_Cruzeiro-MG_x_Atl%C3%A9tico
2025-02-09-cru-cam,2025-02-09,Campeonato Mineiro - 7ª rodada,Cruzeiro,loss,home,player_lucas_romero,Lucas Romero,player,player,starter,match_sheet,https://www.galodigital.com.br/enciclopedia/202509PRO_Cruzeiro-MG_x_Atl%C3%A9tico
2025-02-09-cru-cam,2025-02-09,Campeonato Mineiro - 7ª rodada,Cruzeiro,loss,home,player_matheus_henrique,Matheus Henrique,player,player,starter,match_sheet,https://www.galodigital.com.br/enciclopedia/202509PRO_Cruzeiro-MG_x_Atl%C3%A9tico
2025-02-09-cru-cam,2025-02-09,Campeonato Mineiro - 7ª rodada,Cruzeiro,loss,home,player_dudu,Dudu,player,player,starter,match_sheet,https://www.galodigital.com.br/enciclopedia/202509PRO_Cruzeiro-MG_x_Atl%C3%A9tico
2025-02-09-cru-cam,2025-02-09,Campeonato Mineiro - 7ª rodada,Cruzeiro,loss,home,player_marquinhos,Marquinhos,player,player,starter,match_sheet,https://www.galodigital.com.br/enciclopedia/202509PRO_Cruzeiro-MG_x_Atl%C3%A9tico
2025-02-09-cru-cam,2025-02-09,Campeonato Mineiro - 7ª rodada,Cruzeiro,loss,home,player_matheus_pereira,Matheus Pereira,player,player,starter,match_sheet,https://www.galodigital.com.br/enciclopedia/202509PRO_Cruzeiro-MG_x_Atl%C3%A9tico
2025-02-09-cru-cam,2025-02-09,Campeonato Mineiro - 7ª rodada,Cruzeiro,loss,home,player_gabriel_barbosa,Gabriel Barbosa,player,player,starter,match_sheet,https://www.galodigital.com.br/enciclopedia/202509PRO_Cruzeiro-MG_x_Atl%C3%A9tico
2025-02-09-cru-cam,2025-02-09,Campeonato Mineiro - 7ª rodada,Cruzeiro,loss,home,player_christian,Christian,player,player,substitute_used,match_sheet,https://www.galodigital.com.br/enciclopedia/202509PRO_Cruzeiro-MG_x_Atl%C3%A9tico
2025-02-09-cru-cam,2025-02-09,Campeonato Mineiro - 7ª rodada,Cruzeiro,loss,home,player_eduardo,Eduardo,player,player,substitute_used,match_sheet,https://www.galodigital.com.br/enciclopedia/202509PRO_Cruzeiro-MG_x_Atl%C3%A9tico
2025-02-09-cru-cam,2025-02-09,Campeonato Mineiro - 7ª rodada,Cruzeiro,loss,home,player_lautaro_diaz,Lautaro Díaz,player,player,substitute_used,match_sheet,https://www.galodigital.com.br/enciclopedia/202509PRO_Cruzeiro-MG_x_Atl%C3%A9tico
2025-02-09-cru-cam,2025-02-09,Campeonato Mineiro - 7ª rodada,Cruzeiro,loss,home,player_bolasie,Bolasie,player,player,substitute_used,match_sheet,https://www.galodigital.com.br/enciclopedia/202509PRO_Cruzeiro-MG_x_Atl%C3%A9tico
2025-02-09-cru-cam,2025-02-09,Campeonato Mineiro - 7ª rodada,Cruzeiro,loss,home,coach_wesley_de_carvalho,Wesley de Carvalho,coach,head_coach,,match_sheet,https://www.galodigital.com.br/enciclopedia/202509PRO_Cruzeiro-MG_x_Atl%C3%A9tico
2025-02-09-cru-cam,2025-02-09,Campeonato Mineiro - 7ª rodada,Cruzeiro,loss,home,technical_staff_henrique_bueno_americo,Henrique Bueno Américo,technical_staff,assistant_coach,,match_sheet,https://www.galodigital.com.br/enciclopedia/202509PRO_Cruzeiro-MG_x_Atl%C3%A9tico
2025-02-09-cru-cam,2025-02-09,Campeonato Mineiro - 7ª rodada,Cruzeiro,loss,home,technical_staff_sergio_augusto_campolina_de_azeredo,Sergio Augusto Campolina de Azeredo,technical_staff,doctor,,match_sheet,https://www.galodigital.com.br/enciclopedia/202509PRO_Cruzeiro-MG_x_Atl%C3%A9tico
2025-02-09-cru-cam,2025-02-09,Campeonato Mineiro - 7ª rodada,Cruzeiro,loss,home,technical_staff_roberto_barbosa_dos_santos,Roberto Barbosa dos Santos,technical_staff,goalkeeper_coach,,match_sheet,https://www.galodigital.com.br/enciclopedia/202509PRO_Cruzeiro-MG_x_Atl%C3%A9tico
2025-02-09-cru-cam,2025-02-09,Campeonato Mineiro - 7ª rodada,Cruzeiro,loss,home,technical_staff_jose_omar_alves_feitosa,José Omar Alves Feitosa,technical_staff,fitness_coach,,match_sheet,https://www.galodigital.com.br/enciclopedia/202509PRO_Cruzeiro-MG_x_Atl%C3%A9tico
2025-02-09-cru-cam,2025-02-09,Campeonato Mineiro - 7ª rodada,Cruzeiro,loss,home,technical_staff_antonio_augusto_duarte_baptista,Antonio Augusto Duarte Baptista,technical_staff,masseur,,match_sheet,https://www.galodigital.com.br/enciclopedia/202509PRO_Cruzeiro-MG_x_Atl%C3%A9tico
2025-02-09-cru-cam,2025-02-09,Campeonato Mineiro - 7ª rodada,Cruzeiro,loss,home,management_pedro_lourenco,Pedro Lourenço,management,saf_owner_president,,management_period,https://ge.globo.com/futebol/times/cruzeiro/noticia/2025/06/03/alexandre-mattos-fora-do-cruzeiro-veja-a-cronologia-ate-a-saida-do-ceo-rumo-ao-santos.ghtml
2025-02-09-cru-cam,2025-02-09,Campeonato Mineiro - 7ª rodada,Cruzeiro,loss,home,management_pedro_junio,Pedro Junio,management,saf_vice_president,,management_period,https://ge.globo.com/futebol/times/cruzeiro/noticia/2025/06/03/alexandre-mattos-fora-do-cruzeiro-veja-a-cronologia-ate-a-saida-do-ceo-rumo-ao-santos.ghtml
2025-02-09-cru-cam,2025-02-09,Campeonato Mineiro - 7ª rodada,Cruzeiro,loss,home,management_alexandre_mattos,Alexandre Mattos,management,football_ceo,,management_period,https://ge.globo.com/futebol/times/cruzeiro/noticia/2025/06/03/alexandre-mattos-fora-do-cruzeiro-veja-a-cronologia-ate-a-saida-do-ceo-rumo-ao-santos.ghtml
2025-02-09-cru-cam,2025-02-09,Campeonato Mineiro - 7ª rodada,Cruzeiro,loss,home,management_paulo_pelaipe,Paulo Pelaipe,management,executive_football_director,,management_period,https://ge.globo.com/futebol/times/cruzeiro/noticia/2025/06/03/alexandre-mattos-fora-do-cruzeiro-veja-a-cronologia-ate-a-saida-do-ceo-rumo-ao-santos.ghtml
2025-02-09-cru-cam,2025-02-09,Campeonato Mineiro - 7ª rodada,Cruzeiro,loss,home,management_rodrigo_ramos,Rodrigo Ramos,management,football_manager,,management_period,https://ge.globo.com/futebol/times/cruzeiro/noticia/2025/06/03/alexandre-mattos-fora-do-cruzeiro-veja-a-cronologia-ate-a-saida-do-ceo-rumo-ao-santos.ghtml
2025-05-18-cru-cam,2025-05-18,Campeonato Brasileiro - 9ª rodada,Atlético-MG,draw,away,player_everson,Everson,player,player,starter,match_sheet,https://www.galodigital.com.br/enciclopedia/202531PRO_Cruzeiro-MG_x_Atl%C3%A9tico
2025-05-18-cru-cam,2025-05-18,Campeonato Brasileiro - 9ª rodada,Atlético-MG,draw,away,player_natanael,Natanael,player,player,starter,match_sheet,https://www.galodigital.com.br/enciclopedia/202531PRO_Cruzeiro-MG_x_Atl%C3%A9tico
2025-05-18-cru-cam,2025-05-18,Campeonato Brasileiro - 9ª rodada,Atlético-MG,draw,away,player_lyanco,Lyanco,player,player,starter,match_sheet,https://www.galodigital.com.br/enciclopedia/202531PRO_Cruzeiro-MG_x_Atl%C3%A9tico
2025-05-18-cru-cam,2025-05-18,Campeonato Brasileiro - 9ª rodada,Atlético-MG,draw,away,player_junior_alonso,Júnior Alonso,player,player,starter,match_sheet,https://www.galodigital.com.br/enciclopedia/202531PRO_Cruzeiro-MG_x_Atl%C3%A9tico
2025-05-18-cru-cam,2025-05-18,Campeonato Brasileiro - 9ª rodada,Atlético-MG,draw,away,player_guilherme_arana,Guilherme Arana,player,player,starter,match_sheet,https://www.galodigital.com.br/enciclopedia/202531PRO_Cruzeiro-MG_x_Atl%C3%A9tico
2025-05-18-cru-cam,2025-05-18,Campeonato Brasileiro - 9ª rodada,Atlético-MG,draw,away,player_alan_franco,Alan Franco,player,player,starter,match_sheet,https://www.galodigital.com.br/enciclopedia/202531PRO_Cruzeiro-MG_x_Atl%C3%A9tico
2025-05-18-cru-cam,2025-05-18,Campeonato Brasileiro - 9ª rodada,Atlético-MG,draw,away,player_rubens,Rubens,player,player,starter,match_sheet,https://www.galodigital.com.br/enciclopedia/202531PRO_Cruzeiro-MG_x_Atl%C3%A9tico
2025-05-18-cru-cam,2025-05-18,Campeonato Brasileiro - 9ª rodada,Atlético-MG,draw,away,player_igor_gomes,Igor Gomes,player,player,starter,match_sheet,https://www.galodigital.com.br/enciclopedia/202531PRO_Cruzeiro-MG_x_Atl%C3%A9tico
2025-05-18-cru-cam,2025-05-18,Campeonato Brasileiro - 9ª rodada,Atlético-MG,draw,away,player_gustavo_scarpa,Gustavo Scarpa,player,player,starter,match_sheet,https://www.galodigital.com.br/enciclopedia/202531PRO_Cruzeiro-MG_x_Atl%C3%A9tico
2025-05-18-cru-cam,2025-05-18,Campeonato Brasileiro - 9ª rodada,Atlético-MG,draw,away,player_rony,Rony,player,player,starter,match_sheet,https://www.galodigital.com.br/enciclopedia/202531PRO_Cruzeiro-MG_x_Atl%C3%A9tico
2025-05-18-cru-cam,2025-05-18,Campeonato Brasileiro - 9ª rodada,Atlético-MG,draw,away,player_hulk,Hulk,player,player,starter,match_sheet,https://www.galodigital.com.br/enciclopedia/202531PRO_Cruzeiro-MG_x_Atl%C3%A9tico
2025-05-18-cru-cam,2025-05-18,Campeonato Brasileiro - 9ª rodada,Atlético-MG,draw,away,player_vitor_hugo,Vitor Hugo,player,player,substitute_used,match_sheet,https://www.galodigital.com.br/enciclopedia/202531PRO_Cruzeiro-MG_x_Atl%C3%A9tico
2025-05-18-cru-cam,2025-05-18,Campeonato Brasileiro - 9ª rodada,Atlético-MG,draw,away,player_gabriel_menino,Gabriel Menino,player,player,substitute_used,match_sheet,https://www.galodigital.com.br/enciclopedia/202531PRO_Cruzeiro-MG_x_Atl%C3%A9tico
2025-05-18-cru-cam,2025-05-18,Campeonato Brasileiro - 9ª rodada,Atlético-MG,draw,away,player_fausto_vera,Fausto Vera,player,player,substitute_used,match_sheet,https://www.galodigital.com.br/enciclopedia/202531PRO_Cruzeiro-MG_x_Atl%C3%A9tico
2025-05-18-cru-cam,2025-05-18,Campeonato Brasileiro - 9ª rodada,Atlético-MG,draw,away,player_patrick,Patrick,player,player,substitute_used,match_sheet,https://www.galodigital.com.br/enciclopedia/202531PRO_Cruzeiro-MG_x_Atl%C3%A9tico
2025-05-18-cru-cam,2025-05-18,Campeonato Brasileiro - 9ª rodada,Atlético-MG,draw,away,player_junior_santos,Júnior Santos,player,player,substitute_used,match_sheet,https://www.galodigital.com.br/enciclopedia/202531PRO_Cruzeiro-MG_x_Atl%C3%A9tico
2025-05-18-cru-cam,2025-05-18,Campeonato Brasileiro - 9ª rodada,Atlético-MG,draw,away,coach_cuca,Cuca,coach,head_coach,,match_sheet,https://www.galodigital.com.br/enciclopedia/202531PRO_Cruzeiro-MG_x_Atl%C3%A9tico
2025-05-18-cru-cam,2025-05-18,Campeonato Brasileiro - 9ª rodada,Atlético-MG,draw,away,technical_staff_cuquinha,Cuquinha,technical_staff,assistant_coach,,match_sheet,https://www.galodigital.com.br/enciclopedia/202531PRO_Cruzeiro-MG_x_Atl%C3%A9tico
2025-05-18-cru-cam,2025-05-18,Campeonato Brasileiro - 9ª rodada,Atlético-MG,draw,away,technical_staff_rodrigo_lasmar,Rodrigo Lasmar,technical_staff,doctor,,match_sheet,https://www.galodigital.com.br/enciclopedia/202531PRO_Cruzeiro-MG_x_Atl%C3%A9tico
2025-05-18-cru-cam,2025-05-18,Campeonato Brasileiro - 9ª rodada,Atlético-MG,draw,away,technical_staff_danilo_jose_prando_minutti,Danilo José Prando Minutti,technical_staff,goalkeeper_coach,,match_sheet,https://www.galodigital.com.br/enciclopedia/202531PRO_Cruzeiro-MG_x_Atl%C3%A9tico
2025-05-18-cru-cam,2025-05-18,Campeonato Brasileiro - 9ª rodada,Atlético-MG,draw,away,technical_staff_cristiano_garcia_nunes,Cristiano Garcia Nunes,technical_staff,fitness_coach,,match_sheet,https://www.galodigital.com.br/enciclopedia/202531PRO_Cruzeiro-MG_x_Atl%C3%A9tico
2025-05-18-cru-cam,2025-05-18,Campeonato Brasileiro - 9ª rodada,Atlético-MG,draw,away,technical_staff_aluizio_carlos_dos_santos,Aluizio Carlos dos Santos,technical_staff,masseur,,match_sheet,https://www.galodigital.com.br/enciclopedia/202531PRO_Cruzeiro-MG_x_Atl%C3%A9tico
2025-05-18-cru-cam,2025-05-18,Campeonato Brasileiro - 9ª rodada,Atlético-MG,draw,away,management_sergio_coelho,Sérgio Coelho,management,association_president,,management_period,https://atletico.com.br/administracao/
2025-05-18-cru-cam,2025-05-18,Campeonato Brasileiro - 9ª rodada,Atlético-MG,draw,away,management_bruno_muzzi,Bruno Muzzi,management,saf_ceo,,management_period,https://atletico.com.br/obrigado-bruno-muzzi/
2025-05-18-cru-cam,2025-05-18,Campeonato Brasileiro - 9ª rodada,Atlético-MG,draw,away,management_paulo_bracks,Paulo Bracks,management,cso_football,,management_period,https://atletico.com.br/galo-contrata-paulo-bracks-para-o-cargo-de-cso-do-futebol/
2025-05-18-cru-cam,2025-05-18,Campeonato Brasileiro - 9ª rodada,Atlético-MG,draw,away,management_victor_bagy,Victor Bagy,management,football_director,,management_period,https://atletico.com.br/victor-bagy-deixa-cargo-de-diretor-de-futebol-do-galo/
2025-05-18-cru-cam,2025-05-18,Campeonato Brasileiro - 9ª rodada,Atlético-MG,draw,away,management_rafael_menin,Rafael Menin,management,saf_shareholder,,management_period,https://atletico.com.br/atletico-apresenta-o-novo-ceo-pedro-daniel/
2025-05-18-cru-cam,2025-05-18,Campeonato Brasileiro - 9ª rodada,Cruzeiro,draw,home,player_cassio,Cássio,player,player,starter,match_sheet,https://www.galodigital.com.br/enciclopedia/202531PRO_Cruzeiro-MG_x_Atl%C3%A9tico
2025-05-18-cru-cam,2025-05-18,Campeonato Brasileiro - 9ª rodada,Cruzeiro,draw,home,player_fagner,Fagner,player,player,starter,match_sheet,https://www.galodigital.com.br/enciclopedia/202531PRO_Cruzeiro-MG_x_Atl%C3%A9tico
2025-05-18-cru-cam,2025-05-18,Campeonato Brasileiro - 9ª rodada,Cruzeiro,draw,home,player_fabricio_bruno,Fabrício Bruno,player,player,starter,match_sheet,https://www.galodigital.com.br/enciclopedia/202531PRO_Cruzeiro-MG_x_Atl%C3%A9tico
2025-05-18-cru-cam,2025-05-18,Campeonato Brasileiro - 9ª rodada,Cruzeiro,draw,home,player_lucas_villalba,Lucas Villalba,player,player,starter,match_sheet,https://www.galodigital.com.br/enciclopedia/202531PRO_Cruzeiro-MG_x_Atl%C3%A9tico
2025-05-18-cru-cam,2025-05-18,Campeonato Brasileiro - 9ª rodada,Cruzeiro,draw,home,player_kaiki_bruno,Kaiki Bruno,player,player,starter,match_sheet,https://www.galodigital.com.br/enciclopedia/202531PRO_Cruzeiro-MG_x_Atl%C3%A9tico
2025-05-18-cru-cam,2025-05-18,Campeonato Brasileiro - 9ª rodada,Cruzeiro,draw,home,player_lucas_romero,Lucas Romero,player,player,starter,match_sheet,https://www.galodigital.com.br/enciclopedia/202531PRO_Cruzeiro-MG_x_Atl%C3%A9tico
2025-05-18-cru-cam,2025-05-18,Campeonato Brasileiro - 9ª rodada,Cruzeiro,draw,home,player_lucas_silva,Lucas Silva,player,player,starter,match_sheet,https://www.galodigital.com.br/enciclopedia/202531PRO_Cruzeiro-MG_x_Atl%C3%A9tico
2025-05-18-cru-cam,2025-05-18,Campeonato Brasileiro - 9ª rodada,Cruzeiro,draw,home,player_christian,Christian,player,player,starter,match_sheet,https://www.galodigital.com.br/enciclopedia/202531PRO_Cruzeiro-MG_x_Atl%C3%A9tico
2025-05-18-cru-cam,2025-05-18,Campeonato Brasileiro - 9ª rodada,Cruzeiro,draw,home,player_matheus_pereira,Matheus Pereira,player,player,starter,match_sheet,https://www.galodigital.com.br/enciclopedia/202531PRO_Cruzeiro-MG_x_Atl%C3%A9tico
2025-05-18-cru-cam,2025-05-18,Campeonato Brasileiro - 9ª rodada,Cruzeiro,draw,home,player_wanderson,Wanderson,player,player,starter,match_sheet,https://www.galodigital.com.br/enciclopedia/202531PRO_Cruzeiro-MG_x_Atl%C3%A9tico
2025-05-18-cru-cam,2025-05-18,Campeonato Brasileiro - 9ª rodada,Cruzeiro,draw,home,player_kaio_jorge,Kaio Jorge,player,player,starter,match_sheet,https://www.galodigital.com.br/enciclopedia/202531PRO_Cruzeiro-MG_x_Atl%C3%A9tico
2025-05-18-cru-cam,2025-05-18,Campeonato Brasileiro - 9ª rodada,Cruzeiro,draw,home,player_william,William,player,player,substitute_used,match_sheet,https://www.galodigital.com.br/enciclopedia/202531PRO_Cruzeiro-MG_x_Atl%C3%A9tico
2025-05-18-cru-cam,2025-05-18,Campeonato Brasileiro - 9ª rodada,Cruzeiro,draw,home,player_gabriel_barbosa,Gabriel Barbosa,player,player,substitute_used,match_sheet,https://www.galodigital.com.br/enciclopedia/202531PRO_Cruzeiro-MG_x_Atl%C3%A9tico
2025-05-18-cru-cam,2025-05-18,Campeonato Brasileiro - 9ª rodada,Cruzeiro,draw,home,player_bolasie,Bolasie,player,player,substitute_used,match_sheet,https://www.galodigital.com.br/enciclopedia/202531PRO_Cruzeiro-MG_x_Atl%C3%A9tico
2025-05-18-cru-cam,2025-05-18,Campeonato Brasileiro - 9ª rodada,Cruzeiro,draw,home,coach_leonardo_jardim,Leonardo Jardim,coach,head_coach,,match_sheet,https://www.galodigital.com.br/enciclopedia/202531PRO_Cruzeiro-MG_x_Atl%C3%A9tico
2025-05-18-cru-cam,2025-05-18,Campeonato Brasileiro - 9ª rodada,Cruzeiro,draw,home,technical_staff_antonio_manuel_martins_vieira,António Manuel Martins Vieira,technical_staff,assistant_coach,,match_sheet,https://www.galodigital.com.br/enciclopedia/202531PRO_Cruzeiro-MG_x_Atl%C3%A9tico
2025-05-18-cru-cam,2025-05-18,Campeonato Brasileiro - 9ª rodada,Cruzeiro,draw,home,technical_staff_sergio_augusto_campolina_de_azeredo,Sergio Augusto Campolina de Azeredo,technical_staff,doctor,,match_sheet,https://www.galodigital.com.br/enciclopedia/202531PRO_Cruzeiro-MG_x_Atl%C3%A9tico
2025-05-18-cru-cam,2025-05-18,Campeonato Brasileiro - 9ª rodada,Cruzeiro,draw,home,technical_staff_roberto_barbosa_dos_santos,Roberto Barbosa dos Santos,technical_staff,goalkeeper_coach,,match_sheet,https://www.galodigital.com.br/enciclopedia/202531PRO_Cruzeiro-MG_x_Atl%C3%A9tico
2025-05-18-cru-cam,2025-05-18,Campeonato Brasileiro - 9ª rodada,Cruzeiro,draw,home,technical_staff_gustavo_mendes_shiroma,Gustavo Mendes Shiroma,technical_staff,fitness_coach,,match_sheet,https://www.galodigital.com.br/enciclopedia/202531PRO_Cruzeiro-MG_x_Atl%C3%A9tico
2025-05-18-cru-cam,2025-05-18,Campeonato Brasileiro - 9ª rodada,Cruzeiro,draw,home,management_pedro_lourenco,Pedro Lourenço,management,saf_owner_president,,management_period,https://ge.globo.com/futebol/times/cruzeiro/noticia/2025/06/03/alexandre-mattos-fora-do-cruzeiro-veja-a-cronologia-ate-a-saida-do-ceo-rumo-ao-santos.ghtml
2025-05-18-cru-cam,2025-05-18,Campeonato Brasileiro - 9ª rodada,Cruzeiro,draw,home,management_pedro_junio,Pedro Junio,management,saf_vice_president,,management_period,https://ge.globo.com/futebol/times/cruzeiro/noticia/2025/06/03/alexandre-mattos-fora-do-cruzeiro-veja-a-cronologia-ate-a-saida-do-ceo-rumo-ao-santos.ghtml
2025-05-18-cru-cam,2025-05-18,Campeonato Brasileiro - 9ª rodada,Cruzeiro,draw,home,management_alexandre_mattos,Alexandre Mattos,management,football_ceo,,management_period,https://ge.globo.com/futebol/times/cruzeiro/noticia/2025/06/03/alexandre-mattos-fora-do-cruzeiro-veja-a-cronologia-ate-a-saida-do-ceo-rumo-ao-santos.ghtml
2025-05-18-cru-cam,2025-05-18,Campeonato Brasileiro - 9ª rodada,Cruzeiro,draw,home,management_paulo_pelaipe,Paulo Pelaipe,management,executive_football_director,,management_period,https://ge.globo.com/futebol/times/cruzeiro/noticia/2025/06/03/alexandre-mattos-fora-do-cruzeiro-veja-a-cronologia-ate-a-saida-do-ceo-rumo-ao-santos.ghtml
2025-05-18-cru-cam,2025-05-18,Campeonato Brasileiro - 9ª rodada,Cruzeiro,draw,home,management_rodrigo_ramos,Rodrigo Ramos,management,football_manager,,management_period,https://ge.globo.com/futebol/times/cruzeiro/noticia/2025/06/03/alexandre-mattos-fora-do-cruzeiro-veja-a-cronologia-ate-a-saida-do-ceo-rumo-ao-santos.ghtml
2025-08-27-cam-cru,2025-08-27,Copa do Brasil - quartas de final (ida),Atlético-MG,loss,home,player_everson,Everson,player,player,starter,match_sheet,https://www.galodigital.com.br/enciclopedia/202550PRO_Atl%C3%A9tico_x_Cruzeiro
2025-08-27-cam-cru,2025-08-27,Copa do Brasil - quartas de final (ida),Atlético-MG,loss,home,player_natanael,Natanael,player,player,starter,match_sheet,https://www.galodigital.com.br/enciclopedia/202550PRO_Atl%C3%A9tico_x_Cruzeiro
2025-08-27-cam-cru,2025-08-27,Copa do Brasil - quartas de final (ida),Atlético-MG,loss,home,player_vitor_hugo,Vitor Hugo,player,player,starter,match_sheet,https://www.galodigital.com.br/enciclopedia/202550PRO_Atl%C3%A9tico_x_Cruzeiro
2025-08-27-cam-cru,2025-08-27,Copa do Brasil - quartas de final (ida),Atlético-MG,loss,home,player_junior_alonso,Júnior Alonso,player,player,starter,match_sheet,https://www.galodigital.com.br/enciclopedia/202550PRO_Atl%C3%A9tico_x_Cruzeiro
2025-08-27-cam-cru,2025-08-27,Copa do Brasil - quartas de final (ida),Atlético-MG,loss,home,player_guilherme_arana,Guilherme Arana,player,player,starter,match_sheet,https://www.galodigital.com.br/enciclopedia/202550PRO_Atl%C3%A9tico_x_Cruzeiro
2025-08-27-cam-cru,2025-08-27,Copa do Brasil - quartas de final (ida),Atlético-MG,loss,home,player_alan_franco,Alan Franco,player,player,starter,match_sheet,https://www.galodigital.com.br/enciclopedia/202550PRO_Atl%C3%A9tico_x_Cruzeiro
2025-08-27-cam-cru,2025-08-27,Copa do Brasil - quartas de final (ida),Atlético-MG,loss,home,player_alexsander,Alexsander,player,player,starter,match_sheet,https://www.galodigital.com.br/enciclopedia/202550PRO_Atl%C3%A9tico_x_Cruzeiro
2025-08-27-cam-cru,2025-08-27,Copa do Brasil - quartas de final (ida),Atlético-MG,loss,home,player_gustavo_scarpa,Gustavo Scarpa,player,player,starter,match_sheet,https://www.galodigital.com.br/enciclopedia/202550PRO_Atl%C3%A9tico_x_Cruzeiro
2025-08-27-cam-cru,2025-08-27,Copa do Brasil - quartas de final (ida),Atlético-MG,loss,home,player_dudu,Dudu,player,player,starter,match_sheet,https://www.galodigital.com.br/enciclopedia/202550PRO_Atl%C3%A9tico_x_Cruzeiro
2025-08-27-cam-cru,2025-08-27,Copa do Brasil - quartas de final (ida),Atlético-MG,loss,home,player_tomas_cuello,Tomás Cuello,player,player,starter,match_sheet,https://www.galodigital.com.br/enciclopedia/202550PRO_Atl%C3%A9tico_x_Cruzeiro
2025-08-27-cam-cru,2025-08-27,Copa do Brasil - quartas de final (ida),Atlético-MG,loss,home,player_hulk,Hulk,player,player,starter,match_sheet,https://www.galodigital.com.br/enciclopedia/202550PRO_Atl%C3%A9tico_x_Cruzeiro
2025-08-27-cam-cru,2025-08-27,Copa do Brasil - quartas de final (ida),Atlético-MG,loss,home,player_biel,Biel,player,player,substitute_used,match_sheet,https://www.galodigital.com.br/enciclopedia/202550PRO_Atl%C3%A9tico_x_Cruzeiro
2025-08-27-cam-cru,2025-08-27,Copa do Brasil - quartas de final (ida),Atlético-MG,loss,home,player_reinier,Reinier,player,player,substitute_used,match_sheet,https://www.galodigital.com.br/enciclopedia/202550PRO_Atl%C3%A9tico_x_Cruzeiro
2025-08-27-cam-cru,2025-08-27,Copa do Brasil - quartas de final (ida),Atlético-MG,loss,home,player_rony,Rony,player,player,substitute_used,match_sheet,https://www.galodigital.com.br/enciclopedia/202550PRO_Atl%C3%A9tico_x_Cruzeiro
2025-08-27-cam-cru,2025-08-27,Copa do Brasil - quartas de final (ida),Atlético-MG,loss,home,player_igor_gomes,Igor Gomes,player,player,substitute_used,match_sheet,https://www.galodigital.com.br/enciclopedia/202550PRO_Atl%C3%A9tico_x_Cruzeiro
2025-08-27-cam-cru,2025-08-27,Copa do Brasil - quartas de final (ida),Atlético-MG,loss,home,coach_cuca,Cuca,coach,head_coach,,match_sheet,https://www.galodigital.com.br/enciclopedia/202550PRO_Atl%C3%A9tico_x_Cruzeiro
2025-08-27-cam-cru,2025-08-27,Copa do Brasil - quartas de final (ida),Atlético-MG,loss,home,technical_staff_cuquinha,Cuquinha,technical_staff,assistant_coach,,match_sheet,https://www.galodigital.com.br/enciclopedia/202550PRO_Atl%C3%A9tico_x_Cruzeiro
2025-08-27-cam-cru,2025-08-27,Copa do Brasil - quartas de final (ida),Atlético-MG,loss,home,technical_staff_rodrigo_lasmar,Rodrigo Lasmar,technical_staff,doctor,,match_sheet,https://www.galodigital.com.br/enciclopedia/202550PRO_Atl%C3%A9tico_x_Cruzeiro
2025-08-27-cam-cru,2025-08-27,Copa do Brasil - quartas de final (ida),Atlético-MG,loss,home,technical_staff_danilo_jose_prando_minutti,Danilo José Prando Minutti,technical_staff,goalkeeper_coach,,match_sheet,https://www.galodigital.com.br/enciclopedia/202550PRO_Atl%C3%A9tico_x_Cruzeiro
2025-08-27-cam-cru,2025-08-27,Copa do Brasil - quartas de final (ida),Atlético-MG,loss,home,technical_staff_ricardo_herlland_seguins_de_lima,Ricardo Herlland Seguins de Lima,technical_staff,fitness_coach,,match_sheet,https://www.galodigital.com.br/enciclopedia/202550PRO_Atl%C3%A9tico_x_Cruzeiro
2025-08-27-cam-cru,2025-08-27,Copa do Brasil - quartas de final (ida),Atlético-MG,loss,home,technical_staff_aluizio_carlos_dos_santos,Aluizio Carlos dos Santos,technical_staff,masseur,,match_sheet,https://www.galodigital.com.br/enciclopedia/202550PRO_Atl%C3%A9tico_x_Cruzeiro
2025-08-27-cam-cru,2025-08-27,Copa do Brasil - quartas de final (ida),Atlético-MG,loss,home,management_sergio_coelho,Sérgio Coelho,management,association_president,,management_period,https://atletico.com.br/administracao/
2025-08-27-cam-cru,2025-08-27,Copa do Brasil - quartas de final (ida),Atlético-MG,loss,home,management_bruno_muzzi,Bruno Muzzi,management,saf_ceo,,management_period,https://atletico.com.br/obrigado-bruno-muzzi/
2025-08-27-cam-cru,2025-08-27,Copa do Brasil - quartas de final (ida),Atlético-MG,loss,home,management_paulo_bracks,Paulo Bracks,management,cso_football,,management_period,https://atletico.com.br/galo-contrata-paulo-bracks-para-o-cargo-de-cso-do-futebol/
2025-08-27-cam-cru,2025-08-27,Copa do Brasil - quartas de final (ida),Atlético-MG,loss,home,management_victor_bagy,Victor Bagy,management,football_director,,management_period,https://atletico.com.br/victor-bagy-deixa-cargo-de-diretor-de-futebol-do-galo/
2025-08-27-cam-cru,2025-08-27,Copa do Brasil - quartas de final (ida),Atlético-MG,loss,home,management_rafael_menin,Rafael Menin,management,saf_shareholder,,management_period,https://atletico.com.br/atletico-apresenta-o-novo-ceo-pedro-daniel/
2025-08-27-cam-cru,2025-08-27,Copa do Brasil - quartas de final (ida),Cruzeiro,win,away,player_cassio,Cássio,player,player,starter,match_sheet,https://www.galodigital.com.br/enciclopedia/202550PRO_Atl%C3%A9tico_x_Cruzeiro
2025-08-27-cam-cru,2025-08-27,Copa do Brasil - quartas de final (ida),Cruzeiro,win,away,player_william,William,player,player,starter,match_sheet,https://www.galodigital.com.br/enciclopedia/202550PRO_Atl%C3%A9tico_x_Cruzeiro
2025-08-27-cam-cru,2025-08-27,Copa do Brasil - quartas de final (ida),Cruzeiro,win,away,player_fabricio_bruno,Fabrício Bruno,player,player,starter,match_sheet,https://www.galodigital.com.br/enciclopedia/202550PRO_Atl%C3%A9tico_x_Cruzeiro
2025-08-27-cam-cru,2025-08-27,Copa do Brasil - quartas de final (ida),Cruzeiro,win,away,player_lucas_villalba,Lucas Villalba,player,player,starter,match_sheet,https://www.galodigital.com.br/enciclopedia/202550PRO_Atl%C3%A9tico_x_Cruzeiro
2025-08-27-cam-cru,2025-08-27,Copa do Brasil - quartas de final (ida),Cruzeiro,win,away,player_kaiki_bruno,Kaiki Bruno,player,player,starter,match_sheet,https://www.galodigital.com.br/enciclopedia/202550PRO_Atl%C3%A9tico_x_Cruzeiro
2025-08-27-cam-cru,2025-08-27,Copa do Brasil - quartas de final (ida),Cruzeiro,win,away,player_lucas_romero,Lucas Romero,player,player,starter,match_sheet,https://www.galodigital.com.br/enciclopedia/202550PRO_Atl%C3%A9tico_x_Cruzeiro
2025-08-27-cam-cru,2025-08-27,Copa do Brasil - quartas de final (ida),Cruzeiro,win,away,player_lucas_silva,Lucas Silva,player,player,starter,match_sheet,https://www.galodigital.com.br/enciclopedia/202550PRO_Atl%C3%A9tico_x_Cruzeiro
2025-08-27-cam-cru,2025-08-27,Copa do Brasil - quartas de final (ida),Cruzeiro,win,away,player_matheus_pereira,Matheus Pereira,player,player,starter,match_sheet,https://www.galodigital.com.br/enciclopedia/202550PRO_Atl%C3%A9tico_x_Cruzeiro
2025-08-27-cam-cru,2025-08-27,Copa do Brasil - quartas de final (ida),Cruzeiro,win,away,player_christian,Christian,player,player,starter,match_sheet,https://www.galodigital.com.br/enciclopedia/202550PRO_Atl%C3%A9tico_x_Cruzeiro
2025-08-27-cam-cru,2025-08-27,Copa do Brasil - quartas de final (ida),Cruzeiro,win,away,player_wanderson,Wanderson,player,player,starter,match_sheet,https://www.galodigital.com.br/enciclopedia/202550PRO_Atl%C3%A9tico_x_Cruzeiro
2025-08-27-cam-cru,2025-08-27,Copa do Brasil - quartas de final (ida),Cruzeiro,win,away,player_kaio_jorge,Kaio Jorge,player,player,starter,match_sheet,https://www.galodigital.com.br/enciclopedia/202550PRO_Atl%C3%A9tico_x_Cruzeiro
2025-08-27-cam-cru,2025-08-27,Copa do Brasil - quartas de final (ida),Cruzeiro,win,away,player_eduardo,Eduardo,player,player,substitute_used,match_sheet,https://www.galodigital.com.br/enciclopedia/202550PRO_Atl%C3%A9tico_x_Cruzeiro
2025-08-27-cam-cru,2025-08-27,Copa do Brasil - quartas de final (ida),Cruzeiro,win,away,player_matheus_henrique,Matheus Henrique,player,player,substitute_used,match_sheet,https://www.galodigital.com.br/enciclopedia/202550PRO_Atl%C3%A9tico_x_Cruzeiro
2025-08-27-cam-cru,2025-08-27,Copa do Brasil - quartas de final (ida),Cruzeiro,win,away,player_gabriel_barbosa,Gabriel Barbosa,player,player,substitute_used,match_sheet,https://www.galodigital.com.br/enciclopedia/202550PRO_Atl%C3%A9tico_x_Cruzeiro
2025-08-27-cam-cru,2025-08-27,Copa do Brasil - quartas de final (ida),Cruzeiro,win,away,coach_leonardo_jardim,Leonardo Jardim,coach,head_coach,,match_sheet,https://www.galodigital.com.br/enciclopedia/202550PRO_Atl%C3%A9tico_x_Cruzeiro
2025-08-27-cam-cru,2025-08-27,Copa do Brasil - quartas de final (ida),Cruzeiro,win,away,technical_staff_antonio_manuel_martins_vieira,António Manuel Martins Vieira,technical_staff,assistant_coach,,match_sheet,https://www.galodigital.com.br/enciclopedia/202550PRO_Atl%C3%A9tico_x_Cruzeiro
2025-08-27-cam-cru,2025-08-27,Copa do Brasil - quartas de final (ida),Cruzeiro,win,away,technical_staff_thiago_daniel_macedo_silva,Thiago Daniel Macedo Silva,technical_staff,doctor,,match_sheet,https://www.galodigital.com.br/enciclopedia/202550PRO_Atl%C3%A9tico_x_Cruzeiro
2025-08-27-cam-cru,2025-08-27,Copa do Brasil - quartas de final (ida),Cruzeiro,win,away,technical_staff_roberto_barbosa_dos_santos,Roberto Barbosa dos Santos,technical_staff,goalkeeper_coach,,match_sheet,https://www.galodigital.com.br/enciclopedia/202550PRO_Atl%C3%A9tico_x_Cruzeiro
2025-08-27-cam-cru,2025-08-27,Copa do Brasil - quartas de final (ida),Cruzeiro,win,away,technical_staff_gustavo_mendes_shiroma,Gustavo Mendes Shiroma,technical_staff,fitness_coach,,match_sheet,https://www.galodigital.com.br/enciclopedia/202550PRO_Atl%C3%A9tico_x_Cruzeiro
2025-08-27-cam-cru,2025-08-27,Copa do Brasil - quartas de final (ida),Cruzeiro,win,away,management_pedro_lourenco,Pedro Lourenço,management,saf_owner_president,,management_period,https://ge.globo.com/futebol/times/cruzeiro/noticia/2025/06/04/futebol-do-cruzeiro-como-a-saida-de-mattos-muda-comando-e-deixa-familia-lourenco-mais-atuante.ghtml
2025-08-27-cam-cru,2025-08-27,Copa do Brasil - quartas de final (ida),Cruzeiro,win,away,management_pedro_junio,Pedro Junio,management,saf_vice_president_football_lead,,management_period,https://ge.globo.com/futebol/times/cruzeiro/noticia/2025/06/04/futebol-do-cruzeiro-como-a-saida-de-mattos-muda-comando-e-deixa-familia-lourenco-mais-atuante.ghtml
2025-08-27-cam-cru,2025-08-27,Copa do Brasil - quartas de final (ida),Cruzeiro,win,away,management_paulo_pelaipe,Paulo Pelaipe,management,executive_football_director,,management_period,https://ge.globo.com/futebol/times/cruzeiro/noticia/2025/06/04/futebol-do-cruzeiro-como-a-saida-de-mattos-muda-comando-e-deixa-familia-lourenco-mais-atuante.ghtml
2025-08-27-cam-cru,2025-08-27,Copa do Brasil - quartas de final (ida),Cruzeiro,win,away,management_rodrigo_ramos,Rodrigo Ramos,management,football_manager,,management_period,https://ge.globo.com/futebol/times/cruzeiro/noticia/2025/06/04/futebol-do-cruzeiro-como-a-saida-de-mattos-muda-comando-e-deixa-familia-lourenco-mais-atuante.ghtml
2025-09-11-cru-cam,2025-09-11,Copa do Brasil - quartas de final (volta),Atlético-MG,loss,away,player_everson,Everson,player,player,starter,match_sheet,https://www.galodigital.com.br/enciclopedia/202552PRO
2025-09-11-cru-cam,2025-09-11,Copa do Brasil - quartas de final (volta),Atlético-MG,loss,away,player_lyanco,Lyanco,player,player,starter,match_sheet,https://www.galodigital.com.br/enciclopedia/202552PRO
2025-09-11-cru-cam,2025-09-11,Copa do Brasil - quartas de final (volta),Atlético-MG,loss,away,player_fausto_vera,Fausto Vera,player,player,starter,match_sheet,https://www.galodigital.com.br/enciclopedia/202552PRO
2025-09-11-cru-cam,2025-09-11,Copa do Brasil - quartas de final (volta),Atlético-MG,loss,away,player_junior_alonso,Júnior Alonso,player,player,starter,match_sheet,https://www.galodigital.com.br/enciclopedia/202552PRO
2025-09-11-cru-cam,2025-09-11,Copa do Brasil - quartas de final (volta),Atlético-MG,loss,away,player_gabriel_menino,Gabriel Menino,player,player,starter,match_sheet,https://www.galodigital.com.br/enciclopedia/202552PRO
2025-09-11-cru-cam,2025-09-11,Copa do Brasil - quartas de final (volta),Atlético-MG,loss,away,player_alexsander,Alexsander,player,player,starter,match_sheet,https://www.galodigital.com.br/enciclopedia/202552PRO
2025-09-11-cru-cam,2025-09-11,Copa do Brasil - quartas de final (volta),Atlético-MG,loss,away,player_igor_gomes,Igor Gomes,player,player,starter,match_sheet,https://www.galodigital.com.br/enciclopedia/202552PRO
2025-09-11-cru-cam,2025-09-11,Copa do Brasil - quartas de final (volta),Atlético-MG,loss,away,player_gustavo_scarpa,Gustavo Scarpa,player,player,starter,match_sheet,https://www.galodigital.com.br/enciclopedia/202552PRO
2025-09-11-cru-cam,2025-09-11,Copa do Brasil - quartas de final (volta),Atlético-MG,loss,away,player_tomas_cuello,Tomás Cuello,player,player,starter,match_sheet,https://www.galodigital.com.br/enciclopedia/202552PRO
2025-09-11-cru-cam,2025-09-11,Copa do Brasil - quartas de final (volta),Atlético-MG,loss,away,player_guilherme_arana,Guilherme Arana,player,player,starter,match_sheet,https://www.galodigital.com.br/enciclopedia/202552PRO
2025-09-11-cru-cam,2025-09-11,Copa do Brasil - quartas de final (volta),Atlético-MG,loss,away,player_hulk,Hulk,player,player,starter,match_sheet,https://www.galodigital.com.br/enciclopedia/202552PRO
2025-09-11-cru-cam,2025-09-11,Copa do Brasil - quartas de final (volta),Atlético-MG,loss,away,player_rony,Rony,player,player,substitute_used,match_sheet,https://www.galodigital.com.br/enciclopedia/202552PRO
2025-09-11-cru-cam,2025-09-11,Copa do Brasil - quartas de final (volta),Atlético-MG,loss,away,player_alan_franco,Alan Franco,player,player,substitute_used,match_sheet,https://www.galodigital.com.br/enciclopedia/202552PRO
2025-09-11-cru-cam,2025-09-11,Copa do Brasil - quartas de final (volta),Atlético-MG,loss,away,player_reinier,Reinier,player,player,substitute_used,match_sheet,https://www.galodigital.com.br/enciclopedia/202552PRO
2025-09-11-cru-cam,2025-09-11,Copa do Brasil - quartas de final (volta),Atlético-MG,loss,away,coach_jorge_sampaoli,Jorge Sampaoli,coach,head_coach,,match_sheet,https://www.galodigital.com.br/enciclopedia/202552PRO
2025-09-11-cru-cam,2025-09-11,Copa do Brasil - quartas de final (volta),Atlético-MG,loss,away,technical_staff_diogo_alves,Diogo Alves,technical_staff,assistant_coach,,match_sheet,https://www.galodigital.com.br/enciclopedia/202552PRO
2025-09-11-cru-cam,2025-09-11,Copa do Brasil - quartas de final (volta),Atlético-MG,loss,away,technical_staff_rodrigo_lasmar,Rodrigo Lasmar,technical_staff,doctor,,match_sheet,https://www.galodigital.com.br/enciclopedia/202552PRO
2025-09-11-cru-cam,2025-09-11,Copa do Brasil - quartas de final (volta),Atlético-MG,loss,away,technical_staff_danilo_jose_prando_minutti,Danilo José Prando Minutti,technical_staff,goalkeeper_coach,,match_sheet,https://www.galodigital.com.br/enciclopedia/202552PRO
2025-09-11-cru-cam,2025-09-11,Copa do Brasil - quartas de final (volta),Atlético-MG,loss,away,technical_staff_pablo_candido_fernandez,Pablo Candido Fernandez,technical_staff,fitness_coach,,match_sheet,https://www.galodigital.com.br/enciclopedia/202552PRO
2025-09-11-cru-cam,2025-09-11,Copa do Brasil - quartas de final (volta),Atlético-MG,loss,away,technical_staff_aluizio_carlos_dos_santos,Aluizio Carlos dos Santos,technical_staff,masseur,,match_sheet,https://www.galodigital.com.br/enciclopedia/202552PRO
2025-09-11-cru-cam,2025-09-11,Copa do Brasil - quartas de final (volta),Atlético-MG,loss,away,management_sergio_coelho,Sérgio Coelho,management,association_president,,management_period,https://atletico.com.br/administracao/
2025-09-11-cru-cam,2025-09-11,Copa do Brasil - quartas de final (volta),Atlético-MG,loss,away,management_bruno_muzzi,Bruno Muzzi,management,saf_ceo,,management_period,https://atletico.com.br/obrigado-bruno-muzzi/
2025-09-11-cru-cam,2025-09-11,Copa do Brasil - quartas de final (volta),Atlético-MG,loss,away,management_paulo_bracks,Paulo Bracks,management,cso_football,,management_period,https://atletico.com.br/galo-contrata-paulo-bracks-para-o-cargo-de-cso-do-futebol/
2025-09-11-cru-cam,2025-09-11,Copa do Brasil - quartas de final (volta),Atlético-MG,loss,away,management_victor_bagy,Victor Bagy,management,football_director,,management_period,https://atletico.com.br/victor-bagy-deixa-cargo-de-diretor-de-futebol-do-galo/
2025-09-11-cru-cam,2025-09-11,Copa do Brasil - quartas de final (volta),Atlético-MG,loss,away,management_rafael_menin,Rafael Menin,management,saf_shareholder,,management_period,https://atletico.com.br/atletico-apresenta-o-novo-ceo-pedro-daniel/
2025-09-11-cru-cam,2025-09-11,Copa do Brasil - quartas de final (volta),Cruzeiro,win,home,player_cassio,Cássio,player,player,starter,match_sheet,https://www.galodigital.com.br/enciclopedia/202552PRO
2025-09-11-cru-cam,2025-09-11,Copa do Brasil - quartas de final (volta),Cruzeiro,win,home,player_william,William,player,player,starter,match_sheet,https://www.galodigital.com.br/enciclopedia/202552PRO
2025-09-11-cru-cam,2025-09-11,Copa do Brasil - quartas de final (volta),Cruzeiro,win,home,player_fabricio_bruno,Fabrício Bruno,player,player,starter,match_sheet,https://www.galodigital.com.br/enciclopedia/202552PRO
2025-09-11-cru-cam,2025-09-11,Copa do Brasil - quartas de final (volta),Cruzeiro,win,home,player_lucas_villalba,Lucas Villalba,player,player,starter,match_sheet,https://www.galodigital.com.br/enciclopedia/202552PRO
2025-09-11-cru-cam,2025-09-11,Copa do Brasil - quartas de final (volta),Cruzeiro,win,home,player_kaiki_bruno,Kaiki Bruno,player,player,starter,match_sheet,https://www.galodigital.com.br/enciclopedia/202552PRO
2025-09-11-cru-cam,2025-09-11,Copa do Brasil - quartas de final (volta),Cruzeiro,win,home,player_lucas_romero,Lucas Romero,player,player,starter,match_sheet,https://www.galodigital.com.br/enciclopedia/202552PRO
2025-09-11-cru-cam,2025-09-11,Copa do Brasil - quartas de final (volta),Cruzeiro,win,home,player_lucas_silva,Lucas Silva,player,player,starter,match_sheet,https://www.galodigital.com.br/enciclopedia/202552PRO
2025-09-11-cru-cam,2025-09-11,Copa do Brasil - quartas de final (volta),Cruzeiro,win,home,player_matheus_pereira,Matheus Pereira,player,player,starter,match_sheet,https://www.galodigital.com.br/enciclopedia/202552PRO
2025-09-11-cru-cam,2025-09-11,Copa do Brasil - quartas de final (volta),Cruzeiro,win,home,player_christian,Christian,player,player,starter,match_sheet,https://www.galodigital.com.br/enciclopedia/202552PRO
2025-09-11-cru-cam,2025-09-11,Copa do Brasil - quartas de final (volta),Cruzeiro,win,home,player_wanderson,Wanderson,player,player,starter,match_sheet,https://www.galodigital.com.br/enciclopedia/202552PRO
2025-09-11-cru-cam,2025-09-11,Copa do Brasil - quartas de final (volta),Cruzeiro,win,home,player_kaio_jorge,Kaio Jorge,player,player,starter,match_sheet,https://www.galodigital.com.br/enciclopedia/202552PRO
2025-09-11-cru-cam,2025-09-11,Copa do Brasil - quartas de final (volta),Cruzeiro,win,home,player_walace,Walace,player,player,substitute_used,match_sheet,https://www.galodigital.com.br/enciclopedia/202552PRO
2025-09-11-cru-cam,2025-09-11,Copa do Brasil - quartas de final (volta),Cruzeiro,win,home,player_eduardo,Eduardo,player,player,substitute_used,match_sheet,https://www.galodigital.com.br/enciclopedia/202552PRO
2025-09-11-cru-cam,2025-09-11,Copa do Brasil - quartas de final (volta),Cruzeiro,win,home,player_luis_sinisterra,Luis Sinisterra,player,player,substitute_used,match_sheet,https://www.galodigital.com.br/enciclopedia/202552PRO
2025-09-11-cru-cam,2025-09-11,Copa do Brasil - quartas de final (volta),Cruzeiro,win,home,player_matheus_henrique,Matheus Henrique,player,player,substitute_used,match_sheet,https://www.galodigital.com.br/enciclopedia/202552PRO
2025-09-11-cru-cam,2025-09-11,Copa do Brasil - quartas de final (volta),Cruzeiro,win,home,player_gabriel_barbosa,Gabriel Barbosa,player,player,substitute_used,match_sheet,https://www.galodigital.com.br/enciclopedia/202552PRO
2025-09-11-cru-cam,2025-09-11,Copa do Brasil - quartas de final (volta),Cruzeiro,win,home,coach_leonardo_jardim,Leonardo Jardim,coach,head_coach,,match_sheet,https://www.galodigital.com.br/enciclopedia/202552PRO
2025-09-11-cru-cam,2025-09-11,Copa do Brasil - quartas de final (volta),Cruzeiro,win,home,technical_staff_antonio_manuel_martins_vieira,António Manuel Martins Vieira,technical_staff,assistant_coach,,match_sheet,https://www.galodigital.com.br/enciclopedia/202552PRO
2025-09-11-cru-cam,2025-09-11,Copa do Brasil - quartas de final (volta),Cruzeiro,win,home,technical_staff_sergio_augusto_campolina_de_azeredo,Sergio Augusto Campolina de Azeredo,technical_staff,doctor,,match_sheet,https://www.galodigital.com.br/enciclopedia/202552PRO
2025-09-11-cru-cam,2025-09-11,Copa do Brasil - quartas de final (volta),Cruzeiro,win,home,technical_staff_roberto_barbosa_dos_santos,Roberto Barbosa dos Santos,technical_staff,goalkeeper_coach,,match_sheet,https://www.galodigital.com.br/enciclopedia/202552PRO
2025-09-11-cru-cam,2025-09-11,Copa do Brasil - quartas de final (volta),Cruzeiro,win,home,technical_staff_gustavo_mendes_shiroma,Gustavo Mendes Shiroma,technical_staff,fitness_coach,,match_sheet,https://www.galodigital.com.br/enciclopedia/202552PRO
2025-09-11-cru-cam,2025-09-11,Copa do Brasil - quartas de final (volta),Cruzeiro,win,home,management_pedro_lourenco,Pedro Lourenço,management,saf_owner_president,,management_period,https://ge.globo.com/futebol/times/cruzeiro/noticia/2025/06/04/futebol-do-cruzeiro-como-a-saida-de-mattos-muda-comando-e-deixa-familia-lourenco-mais-atuante.ghtml
2025-09-11-cru-cam,2025-09-11,Copa do Brasil - quartas de final (volta),Cruzeiro,win,home,management_pedro_junio,Pedro Junio,management,saf_vice_president_football_lead,,management_period,https://ge.globo.com/futebol/times/cruzeiro/noticia/2025/06/04/futebol-do-cruzeiro-como-a-saida-de-mattos-muda-comando-e-deixa-familia-lourenco-mais-atuante.ghtml
2025-09-11-cru-cam,2025-09-11,Copa do Brasil - quartas de final (volta),Cruzeiro,win,home,management_paulo_pelaipe,Paulo Pelaipe,management,executive_football_director,,management_period,https://ge.globo.com/futebol/times/cruzeiro/noticia/2025/06/04/futebol-do-cruzeiro-como-a-saida-de-mattos-muda-comando-e-deixa-familia-lourenco-mais-atuante.ghtml
2025-09-11-cru-cam,2025-09-11,Copa do Brasil - quartas de final (volta),Cruzeiro,win,home,management_rodrigo_ramos,Rodrigo Ramos,management,football_manager,,management_period,https://ge.globo.com/futebol/times/cruzeiro/noticia/2025/06/04/futebol-do-cruzeiro-como-a-saida-de-mattos-muda-comando-e-deixa-familia-lourenco-mais-atuante.ghtml
2025-10-15-cam-cru,2025-10-15,Campeonato Brasileiro - 28ª rodada,Atlético-MG,draw,home,player_everson,Everson,player,player,starter,match_sheet,https://www.galodigital.com.br/enciclopedia/202561PRO_Atl%C3%A9tico_x_Cruzeiro
2025-10-15-cam-cru,2025-10-15,Campeonato Brasileiro - 28ª rodada,Atlético-MG,draw,home,player_saravia,Saravia,player,player,starter,match_sheet,https://www.galodigital.com.br/enciclopedia/202561PRO_Atl%C3%A9tico_x_Cruzeiro
2025-10-15-cam-cru,2025-10-15,Campeonato Brasileiro - 28ª rodada,Atlético-MG,draw,home,player_ivan_roman,Iván Román,player,player,starter,match_sheet,https://www.galodigital.com.br/enciclopedia/202561PRO_Atl%C3%A9tico_x_Cruzeiro
2025-10-15-cam-cru,2025-10-15,Campeonato Brasileiro - 28ª rodada,Atlético-MG,draw,home,player_ruan_tressoldi,Ruan Tressoldi,player,player,starter,match_sheet,https://www.galodigital.com.br/enciclopedia/202561PRO_Atl%C3%A9tico_x_Cruzeiro
2025-10-15-cam-cru,2025-10-15,Campeonato Brasileiro - 28ª rodada,Atlético-MG,draw,home,player_guilherme_arana,Guilherme Arana,player,player,starter,match_sheet,https://www.galodigital.com.br/enciclopedia/202561PRO_Atl%C3%A9tico_x_Cruzeiro
2025-10-15-cam-cru,2025-10-15,Campeonato Brasileiro - 28ª rodada,Atlético-MG,draw,home,player_fausto_vera,Fausto Vera,player,player,starter,match_sheet,https://www.galodigital.com.br/enciclopedia/202561PRO_Atl%C3%A9tico_x_Cruzeiro
2025-10-15-cam-cru,2025-10-15,Campeonato Brasileiro - 28ª rodada,Atlético-MG,draw,home,player_gabriel_menino,Gabriel Menino,player,player,starter,match_sheet,https://www.galodigital.com.br/enciclopedia/202561PRO_Atl%C3%A9tico_x_Cruzeiro
2025-10-15-cam-cru,2025-10-15,Campeonato Brasileiro - 28ª rodada,Atlético-MG,draw,home,player_gustavo_scarpa,Gustavo Scarpa,player,player,starter,match_sheet,https://www.galodigital.com.br/enciclopedia/202561PRO_Atl%C3%A9tico_x_Cruzeiro
2025-10-15-cam-cru,2025-10-15,Campeonato Brasileiro - 28ª rodada,Atlético-MG,draw,home,player_bernard,Bernard,player,player,starter,match_sheet,https://www.galodigital.com.br/enciclopedia/202561PRO_Atl%C3%A9tico_x_Cruzeiro
2025-10-15-cam-cru,2025-10-15,Campeonato Brasileiro - 28ª rodada,Atlético-MG,draw,home,player_dudu,Dudu,player,player,starter,match_sheet,https://www.galodigital.com.br/enciclopedia/202561PRO_Atl%C3%A9tico_x_Cruzeiro
2025-10-15-cam-cru,2025-10-15,Campeonato Brasileiro - 28ª rodada,Atlético-MG,draw,home,player_rony,Rony,player,player,starter,match_sheet,https://www.galodigital.com.br/enciclopedia/202561PRO_Atl%C3%A9tico_x_Cruzeiro
2025-10-15-cam-cru,2025-10-15,Campeonato Brasileiro - 28ª rodada,Atlético-MG,draw,home,player_hulk,Hulk,player,player,substitute_used,match_sheet,https://www.galodigital.com.br/enciclopedia/202561PRO_Atl%C3%A9tico_x_Cruzeiro
2025-10-15-cam-cru,2025-10-15,Campeonato Brasileiro - 28ª rodada,Atlético-MG,draw,home,player_caio_paulista,Caio Paulista,player,player,substitute_used,match_sheet,https://www.galodigital.com.br/enciclopedia/202561PRO_Atl%C3%A9tico_x_Cruzeiro
2025-10-15-cam-cru,2025-10-15,Campeonato Brasileiro - 28ª rodada,Atlético-MG,draw,home,player_natanael,Natanael,player,player,substitute_used,match_sheet,https://www.galodigital.com.br/enciclopedia/202561PRO_Atl%C3%A9tico_x_Cruzeiro
2025-10-15-cam-cru,2025-10-15,Campeonato Brasileiro - 28ª rodada,Atlético-MG,draw,home,player_biel,Biel,player,player,substitute_used,match_sheet,https://www.galodigital.com.br/enciclopedia/202561PRO_Atl%C3%A9tico_x_Cruzeiro
2025-10-15-cam-cru,2025-10-15,Campeonato Brasileiro - 28ª rodada,Atlético-MG,draw,home,player_reinier,Reinier,player,player,substitute_used,match_sheet,https://www.galodigital.com.br/enciclopedia/202561PRO_Atl%C3%A9tico_x_Cruzeiro
2025-10-15-cam-cru,2025-10-15,Campeonato Brasileiro - 28ª rodada,Atlético-MG,draw,home,coach_jorge_sampaoli,Jorge Sampaoli,coach,head_coach,,match_sheet,https://www.galodigital.com.br/enciclopedia/202561PRO_Atl%C3%A9tico_x_Cruzeiro
2025-10-15-cam-cru,2025-10-15,Campeonato Brasileiro - 28ª rodada,Atlético-MG,draw,home,technical_staff_diogo_alves,Diogo Alves,technical_staff,assistant_coach,,match_sheet,https://www.galodigital.com.br/enciclopedia/202561PRO_Atl%C3%A9tico_x_Cruzeiro
2025-10-15-cam-cru,2025-10-15,Campeonato Brasileiro - 28ª rodada,Atlético-MG,draw,home,technical_staff_otaviano_de_oliveira_junior,Otaviano de Oliveira Júnior,technical_staff,doctor,,match_sheet,https://www.galodigital.com.br/enciclopedia/202561PRO_Atl%C3%A9tico_x_Cruzeiro
2025-10-15-cam-cru,2025-10-15,Campeonato Brasileiro - 28ª rodada,Atlético-MG,draw,home,technical_staff_danilo_jose_prando_minutti,Danilo José Prando Minutti,technical_staff,goalkeeper_coach,,match_sheet,https://www.galodigital.com.br/enciclopedia/202561PRO_Atl%C3%A9tico_x_Cruzeiro
2025-10-15-cam-cru,2025-10-15,Campeonato Brasileiro - 28ª rodada,Atlético-MG,draw,home,technical_staff_pablo_candido_fernandez,Pablo Candido Fernandez,technical_staff,fitness_coach,,match_sheet,https://www.galodigital.com.br/enciclopedia/202561PRO_Atl%C3%A9tico_x_Cruzeiro
2025-10-15-cam-cru,2025-10-15,Campeonato Brasileiro - 28ª rodada,Atlético-MG,draw,home,technical_staff_aluizio_carlos_dos_santos,Aluizio Carlos dos Santos,technical_staff,masseur,,match_sheet,https://www.galodigital.com.br/enciclopedia/202561PRO_Atl%C3%A9tico_x_Cruzeiro
2025-10-15-cam-cru,2025-10-15,Campeonato Brasileiro - 28ª rodada,Atlético-MG,draw,home,management_sergio_coelho,Sérgio Coelho,management,association_president,,management_period,https://atletico.com.br/administracao/
2025-10-15-cam-cru,2025-10-15,Campeonato Brasileiro - 28ª rodada,Atlético-MG,draw,home,management_bruno_muzzi,Bruno Muzzi,management,saf_ceo,,management_period,https://atletico.com.br/obrigado-bruno-muzzi/
2025-10-15-cam-cru,2025-10-15,Campeonato Brasileiro - 28ª rodada,Atlético-MG,draw,home,management_paulo_bracks,Paulo Bracks,management,cso_football,,management_period,https://atletico.com.br/galo-contrata-paulo-bracks-para-o-cargo-de-cso-do-futebol/
2025-10-15-cam-cru,2025-10-15,Campeonato Brasileiro - 28ª rodada,Atlético-MG,draw,home,management_victor_bagy,Victor Bagy,management,football_director,,management_period,https://atletico.com.br/victor-bagy-deixa-cargo-de-diretor-de-futebol-do-galo/
2025-10-15-cam-cru,2025-10-15,Campeonato Brasileiro - 28ª rodada,Atlético-MG,draw,home,management_rafael_menin,Rafael Menin,management,saf_shareholder,,management_period,https://atletico.com.br/atletico-apresenta-o-novo-ceo-pedro-daniel/
2025-10-15-cam-cru,2025-10-15,Campeonato Brasileiro - 28ª rodada,Cruzeiro,draw,away,player_cassio,Cássio,player,player,starter,match_sheet,https://www.galodigital.com.br/enciclopedia/202561PRO_Atl%C3%A9tico_x_Cruzeiro
2025-10-15-cam-cru,2025-10-15,Campeonato Brasileiro - 28ª rodada,Cruzeiro,draw,away,player_william,William,player,player,starter,match_sheet,https://www.galodigital.com.br/enciclopedia/202561PRO_Atl%C3%A9tico_x_Cruzeiro
2025-10-15-cam-cru,2025-10-15,Campeonato Brasileiro - 28ª rodada,Cruzeiro,draw,away,player_jonathan_jesus,Jonathan Jesus,player,player,starter,match_sheet,https://www.galodigital.com.br/enciclopedia/202561PRO_Atl%C3%A9tico_x_Cruzeiro
2025-10-15-cam-cru,2025-10-15,Campeonato Brasileiro - 28ª rodada,Cruzeiro,draw,away,player_lucas_villalba,Lucas Villalba,player,player,starter,match_sheet,https://www.galodigital.com.br/enciclopedia/202561PRO_Atl%C3%A9tico_x_Cruzeiro
2025-10-15-cam-cru,2025-10-15,Campeonato Brasileiro - 28ª rodada,Cruzeiro,draw,away,player_kaiki_bruno,Kaiki Bruno,player,player,starter,match_sheet,https://www.galodigital.com.br/enciclopedia/202561PRO_Atl%C3%A9tico_x_Cruzeiro
2025-10-15-cam-cru,2025-10-15,Campeonato Brasileiro - 28ª rodada,Cruzeiro,draw,away,player_lucas_silva,Lucas Silva,player,player,starter,match_sheet,https://www.galodigital.com.br/enciclopedia/202561PRO_Atl%C3%A9tico_x_Cruzeiro
2025-10-15-cam-cru,2025-10-15,Campeonato Brasileiro - 28ª rodada,Cruzeiro,draw,away,player_lucas_romero,Lucas Romero,player,player,starter,match_sheet,https://www.galodigital.com.br/enciclopedia/202561PRO_Atl%C3%A9tico_x_Cruzeiro
2025-10-15-cam-cru,2025-10-15,Campeonato Brasileiro - 28ª rodada,Cruzeiro,draw,away,player_christian,Christian,player,player,starter,match_sheet,https://www.galodigital.com.br/enciclopedia/202561PRO_Atl%C3%A9tico_x_Cruzeiro
2025-10-15-cam-cru,2025-10-15,Campeonato Brasileiro - 28ª rodada,Cruzeiro,draw,away,player_matheus_pereira,Matheus Pereira,player,player,starter,match_sheet,https://www.galodigital.com.br/enciclopedia/202561PRO_Atl%C3%A9tico_x_Cruzeiro
2025-10-15-cam-cru,2025-10-15,Campeonato Brasileiro - 28ª rodada,Cruzeiro,draw,away,player_wanderson,Wanderson,player,player,starter,match_sheet,https://www.galodigital.com.br/enciclopedia/202561PRO_Atl%C3%A9tico_x_Cruzeiro
2025-10-15-cam-cru,2025-10-15,Campeonato Brasileiro - 28ª rodada,Cruzeiro,draw,away,player_kaio_jorge,Kaio Jorge,player,player,starter,match_sheet,https://www.galodigital.com.br/enciclopedia/202561PRO_Atl%C3%A9tico_x_Cruzeiro
2025-10-15-cam-cru,2025-10-15,Campeonato Brasileiro - 28ª rodada,Cruzeiro,draw,away,player_leo_aragao,Léo Aragão,player,player,substitute_used,match_sheet,https://www.galodigital.com.br/enciclopedia/202561PRO_Atl%C3%A9tico_x_Cruzeiro
2025-10-15-cam-cru,2025-10-15,Campeonato Brasileiro - 28ª rodada,Cruzeiro,draw,away,player_walace,Walace,player,player,substitute_used,match_sheet,https://www.galodigital.com.br/enciclopedia/202561PRO_Atl%C3%A9tico_x_Cruzeiro
2025-10-15-cam-cru,2025-10-15,Campeonato Brasileiro - 28ª rodada,Cruzeiro,draw,away,player_keny_arroyo,Keny Arroyo,player,player,substitute_used,match_sheet,https://www.galodigital.com.br/enciclopedia/202561PRO_Atl%C3%A9tico_x_Cruzeiro
2025-10-15-cam-cru,2025-10-15,Campeonato Brasileiro - 28ª rodada,Cruzeiro,draw,away,player_gabriel_barbosa,Gabriel Barbosa,player,player,substitute_used,match_sheet,https://www.galodigital.com.br/enciclopedia/202561PRO_Atl%C3%A9tico_x_Cruzeiro
2025-10-15-cam-cru,2025-10-15,Campeonato Brasileiro - 28ª rodada,Cruzeiro,draw,away,player_eduardo,Eduardo,player,player,substitute_used,match_sheet,https://www.galodigital.com.br/enciclopedia/202561PRO_Atl%C3%A9tico_x_Cruzeiro
2025-10-15-cam-cru,2025-10-15,Campeonato Brasileiro - 28ª rodada,Cruzeiro,draw,away,coach_leonardo_jardim,Leonardo Jardim,coach,head_coach,,match_sheet,https://www.galodigital.com.br/enciclopedia/202561PRO_Atl%C3%A9tico_x_Cruzeiro
2025-10-15-cam-cru,2025-10-15,Campeonato Brasileiro - 28ª rodada,Cruzeiro,draw,away,technical_staff_antonio_manuel_martins_vieira,António Manuel Martins Vieira,technical_staff,assistant_coach,,match_sheet,https://www.galodigital.com.br/enciclopedia/202561PRO_Atl%C3%A9tico_x_Cruzeiro
2025-10-15-cam-cru,2025-10-15,Campeonato Brasileiro - 28ª rodada,Cruzeiro,draw,away,technical_staff_thiago_daniel_macedo_silva,Thiago Daniel Macedo Silva,technical_staff,doctor,,match_sheet,https://www.galodigital.com.br/enciclopedia/202561PRO_Atl%C3%A9tico_x_Cruzeiro
2025-10-15-cam-cru,2025-10-15,Campeonato Brasileiro - 28ª rodada,Cruzeiro,draw,away,technical_staff_roberto_barbosa_dos_santos,Roberto Barbosa dos Santos,technical_staff,goalkeeper_coach,,match_sheet,https://www.galodigital.com.br/enciclopedia/202561PRO_Atl%C3%A9tico_x_Cruzeiro
2025-10-15-cam-cru,2025-10-15,Campeonato Brasileiro - 28ª rodada,Cruzeiro,draw,away,technical_staff_gustavo_mendes_shiroma,Gustavo Mendes Shiroma,technical_staff,fitness_coach,,match_sheet,https://www.galodigital.com.br/enciclopedia/202561PRO_Atl%C3%A9tico_x_Cruzeiro
2025-10-15-cam-cru,2025-10-15,Campeonato Brasileiro - 28ª rodada,Cruzeiro,draw,away,management_pedro_lourenco,Pedro Lourenço,management,saf_owner_president,,management_period,https://ge.globo.com/futebol/times/cruzeiro/noticia/2025/06/04/futebol-do-cruzeiro-como-a-saida-de-mattos-muda-comando-e-deixa-familia-lourenco-mais-atuante.ghtml
2025-10-15-cam-cru,2025-10-15,Campeonato Brasileiro - 28ª rodada,Cruzeiro,draw,away,management_pedro_junio,Pedro Junio,management,saf_vice_president_football_lead,,management_period,https://ge.globo.com/futebol/times/cruzeiro/noticia/2025/06/04/futebol-do-cruzeiro-como-a-saida-de-mattos-muda-comando-e-deixa-familia-lourenco-mais-atuante.ghtml
2025-10-15-cam-cru,2025-10-15,Campeonato Brasileiro - 28ª rodada,Cruzeiro,draw,away,management_paulo_pelaipe,Paulo Pelaipe,management,executive_football_director,,management_period,https://ge.globo.com/futebol/times/cruzeiro/noticia/2025/06/04/futebol-do-cruzeiro-como-a-saida-de-mattos-muda-comando-e-deixa-familia-lourenco-mais-atuante.ghtml
2025-10-15-cam-cru,2025-10-15,Campeonato Brasileiro - 28ª rodada,Cruzeiro,draw,away,management_rodrigo_ramos,Rodrigo Ramos,management,football_manager,,management_period,https://ge.globo.com/futebol/times/cruzeiro/noticia/2025/06/04/futebol-do-cruzeiro-como-a-saida-de-mattos-muda-comando-e-deixa-familia-lourenco-mais-atuante.ghtml
2026-01-25-cam-cru,2026-01-25,Campeonato Mineiro - 5ª rodada,Atlético-MG,win,home,player_everson,Everson,player,player,starter,match_sheet,https://www.galodigital.com.br/enciclopedia/202605PRO_Atl%C3%A9tico_x_Cruzeiro-MG
2026-01-25-cam-cru,2026-01-25,Campeonato Mineiro - 5ª rodada,Atlético-MG,win,home,player_angelo_preciado,Ángelo Preciado,player,player,starter,match_sheet,https://www.galodigital.com.br/enciclopedia/202605PRO_Atl%C3%A9tico_x_Cruzeiro-MG
2026-01-25-cam-cru,2026-01-25,Campeonato Mineiro - 5ª rodada,Atlético-MG,win,home,player_ruan_tressoldi,Ruan Tressoldi,player,player,starter,match_sheet,https://www.galodigital.com.br/enciclopedia/202605PRO_Atl%C3%A9tico_x_Cruzeiro-MG
2026-01-25-cam-cru,2026-01-25,Campeonato Mineiro - 5ª rodada,Atlético-MG,win,home,player_junior_alonso,Júnior Alonso,player,player,starter,match_sheet,https://www.galodigital.com.br/enciclopedia/202605PRO_Atl%C3%A9tico_x_Cruzeiro-MG
2026-01-25-cam-cru,2026-01-25,Campeonato Mineiro - 5ª rodada,Atlético-MG,win,home,player_renan_lodi,Renan Lodi,player,player,starter,match_sheet,https://www.galodigital.com.br/enciclopedia/202605PRO_Atl%C3%A9tico_x_Cruzeiro-MG
2026-01-25-cam-cru,2026-01-25,Campeonato Mineiro - 5ª rodada,Atlético-MG,win,home,player_alan_franco,Alan Franco,player,player,starter,match_sheet,https://www.galodigital.com.br/enciclopedia/202605PRO_Atl%C3%A9tico_x_Cruzeiro-MG
2026-01-25-cam-cru,2026-01-25,Campeonato Mineiro - 5ª rodada,Atlético-MG,win,home,player_maycon,Maycon,player,player,starter,match_sheet,https://www.galodigital.com.br/enciclopedia/202605PRO_Atl%C3%A9tico_x_Cruzeiro-MG
2026-01-25-cam-cru,2026-01-25,Campeonato Mineiro - 5ª rodada,Atlético-MG,win,home,player_victor_hugo,Victor Hugo,player,player,starter,match_sheet,https://www.galodigital.com.br/enciclopedia/202605PRO_Atl%C3%A9tico_x_Cruzeiro-MG
2026-01-25-cam-cru,2026-01-25,Campeonato Mineiro - 5ª rodada,Atlético-MG,win,home,player_bernard,Bernard,player,player,starter,match_sheet,https://www.galodigital.com.br/enciclopedia/202605PRO_Atl%C3%A9tico_x_Cruzeiro-MG
2026-01-25-cam-cru,2026-01-25,Campeonato Mineiro - 5ª rodada,Atlético-MG,win,home,player_dudu,Dudu,player,player,starter,match_sheet,https://www.galodigital.com.br/enciclopedia/202605PRO_Atl%C3%A9tico_x_Cruzeiro-MG
2026-01-25-cam-cru,2026-01-25,Campeonato Mineiro - 5ª rodada,Atlético-MG,win,home,player_hulk,Hulk,player,player,starter,match_sheet,https://www.galodigital.com.br/enciclopedia/202605PRO_Atl%C3%A9tico_x_Cruzeiro-MG
2026-01-25-cam-cru,2026-01-25,Campeonato Mineiro - 5ª rodada,Atlético-MG,win,home,player_igor_gomes,Igor Gomes,player,player,substitute_used,match_sheet,https://www.galodigital.com.br/enciclopedia/202605PRO_Atl%C3%A9tico_x_Cruzeiro-MG
2026-01-25-cam-cru,2026-01-25,Campeonato Mineiro - 5ª rodada,Atlético-MG,win,home,player_alexsander,Alexsander,player,player,substitute_used,match_sheet,https://www.galodigital.com.br/enciclopedia/202605PRO_Atl%C3%A9tico_x_Cruzeiro-MG
2026-01-25-cam-cru,2026-01-25,Campeonato Mineiro - 5ª rodada,Atlético-MG,win,home,player_gustavo_scarpa,Gustavo Scarpa,player,player,substitute_used,match_sheet,https://www.galodigital.com.br/enciclopedia/202605PRO_Atl%C3%A9tico_x_Cruzeiro-MG
2026-01-25-cam-cru,2026-01-25,Campeonato Mineiro - 5ª rodada,Atlético-MG,win,home,player_tomas_cuello,Tomás Cuello,player,player,substitute_used,match_sheet,https://www.galodigital.com.br/enciclopedia/202605PRO_Atl%C3%A9tico_x_Cruzeiro-MG
2026-01-25-cam-cru,2026-01-25,Campeonato Mineiro - 5ª rodada,Atlético-MG,win,home,player_reinier,Reinier,player,player,substitute_used,match_sheet,https://www.galodigital.com.br/enciclopedia/202605PRO_Atl%C3%A9tico_x_Cruzeiro-MG
2026-01-25-cam-cru,2026-01-25,Campeonato Mineiro - 5ª rodada,Atlético-MG,win,home,coach_jorge_sampaoli,Jorge Sampaoli,coach,head_coach,,match_sheet,https://www.galodigital.com.br/enciclopedia/202605PRO_Atl%C3%A9tico_x_Cruzeiro-MG
2026-01-25-cam-cru,2026-01-25,Campeonato Mineiro - 5ª rodada,Atlético-MG,win,home,technical_staff_diogo_alves,Diogo Alves,technical_staff,assistant_coach,,match_sheet,https://www.galodigital.com.br/enciclopedia/202605PRO_Atl%C3%A9tico_x_Cruzeiro-MG
2026-01-25-cam-cru,2026-01-25,Campeonato Mineiro - 5ª rodada,Atlético-MG,win,home,technical_staff_rodrigo_barreiros_vieira,Rodrigo Barreiros Vieira,technical_staff,doctor,,match_sheet,https://www.galodigital.com.br/enciclopedia/202605PRO_Atl%C3%A9tico_x_Cruzeiro-MG
2026-01-25-cam-cru,2026-01-25,Campeonato Mineiro - 5ª rodada,Atlético-MG,win,home,technical_staff_danilo_jose_prando_minutti,Danilo José Prando Minutti,technical_staff,goalkeeper_coach,,match_sheet,https://www.galodigital.com.br/enciclopedia/202605PRO_Atl%C3%A9tico_x_Cruzeiro-MG
2026-01-25-cam-cru,2026-01-25,Campeonato Mineiro - 5ª rodada,Atlético-MG,win,home,technical_staff_ricardo_herlland_seguins_de_lima,Ricardo Herlland Seguins de Lima,technical_staff,fitness_coach,,match_sheet,https://www.galodigital.com.br/enciclopedia/202605PRO_Atl%C3%A9tico_x_Cruzeiro-MG
2026-01-25-cam-cru,2026-01-25,Campeonato Mineiro - 5ª rodada,Atlético-MG,win,home,technical_staff_aluizio_carlos_dos_santos,Aluizio Carlos dos Santos,technical_staff,masseur,,match_sheet,https://www.galodigital.com.br/enciclopedia/202605PRO_Atl%C3%A9tico_x_Cruzeiro-MG
2026-01-25-cam-cru,2026-01-25,Campeonato Mineiro - 5ª rodada,Atlético-MG,win,home,management_sergio_coelho,Sérgio Coelho,management,association_president,,management_period,https://atletico.com.br/administracao/
2026-01-25-cam-cru,2026-01-25,Campeonato Mineiro - 5ª rodada,Atlético-MG,win,home,management_pedro_daniel,Pedro Daniel,management,saf_ceo,,management_period,https://atletico.com.br/pedro-daniel-e-o-novo-ceo-do-atletico/
2026-01-25-cam-cru,2026-01-25,Campeonato Mineiro - 5ª rodada,Atlético-MG,win,home,management_paulo_bracks,Paulo Bracks,management,cso_football,,management_period,https://atletico.com.br/galo-contrata-paulo-bracks-para-o-cargo-de-cso-do-futebol/
2026-01-25-cam-cru,2026-01-25,Campeonato Mineiro - 5ª rodada,Atlético-MG,win,home,management_rafael_menin,Rafael Menin,management,saf_shareholder,,management_period,https://atletico.com.br/atletico-apresenta-o-novo-ceo-pedro-daniel/
2026-01-25-cam-cru,2026-01-25,Campeonato Mineiro - 5ª rodada,Cruzeiro,loss,away,player_cassio,Cássio,player,player,starter,match_sheet,https://www.galodigital.com.br/enciclopedia/202605PRO_Atl%C3%A9tico_x_Cruzeiro-MG
2026-01-25-cam-cru,2026-01-25,Campeonato Mineiro - 5ª rodada,Cruzeiro,loss,away,player_william,William,player,player,starter,match_sheet,https://www.galodigital.com.br/enciclopedia/202605PRO_Atl%C3%A9tico_x_Cruzeiro-MG
2026-01-25-cam-cru,2026-01-25,Campeonato Mineiro - 5ª rodada,Cruzeiro,loss,away,player_fabricio_bruno,Fabrício Bruno,player,player,starter,match_sheet,https://www.galodigital.com.br/enciclopedia/202605PRO_Atl%C3%A9tico_x_Cruzeiro-MG
2026-01-25-cam-cru,2026-01-25,Campeonato Mineiro - 5ª rodada,Cruzeiro,loss,away,player_jonathan_jesus,Jonathan Jesus,player,player,starter,match_sheet,https://www.galodigital.com.br/enciclopedia/202605PRO_Atl%C3%A9tico_x_Cruzeiro-MG
2026-01-25-cam-cru,2026-01-25,Campeonato Mineiro - 5ª rodada,Cruzeiro,loss,away,player_kaiki_bruno,Kaiki Bruno,player,player,starter,match_sheet,https://www.galodigital.com.br/enciclopedia/202605PRO_Atl%C3%A9tico_x_Cruzeiro-MG
2026-01-25-cam-cru,2026-01-25,Campeonato Mineiro - 5ª rodada,Cruzeiro,loss,away,player_lucas_romero,Lucas Romero,player,player,starter,match_sheet,https://www.galodigital.com.br/enciclopedia/202605PRO_Atl%C3%A9tico_x_Cruzeiro-MG
2026-01-25-cam-cru,2026-01-25,Campeonato Mineiro - 5ª rodada,Cruzeiro,loss,away,player_lucas_silva,Lucas Silva,player,player,starter,match_sheet,https://www.galodigital.com.br/enciclopedia/202605PRO_Atl%C3%A9tico_x_Cruzeiro-MG
2026-01-25-cam-cru,2026-01-25,Campeonato Mineiro - 5ª rodada,Cruzeiro,loss,away,player_matheus_pereira,Matheus Pereira,player,player,starter,match_sheet,https://www.galodigital.com.br/enciclopedia/202605PRO_Atl%C3%A9tico_x_Cruzeiro-MG
2026-01-25-cam-cru,2026-01-25,Campeonato Mineiro - 5ª rodada,Cruzeiro,loss,away,player_christian,Christian,player,player,starter,match_sheet,https://www.galodigital.com.br/enciclopedia/202605PRO_Atl%C3%A9tico_x_Cruzeiro-MG
2026-01-25-cam-cru,2026-01-25,Campeonato Mineiro - 5ª rodada,Cruzeiro,loss,away,player_wanderson,Wanderson,player,player,starter,match_sheet,https://www.galodigital.com.br/enciclopedia/202605PRO_Atl%C3%A9tico_x_Cruzeiro-MG
2026-01-25-cam-cru,2026-01-25,Campeonato Mineiro - 5ª rodada,Cruzeiro,loss,away,player_kaio_jorge,Kaio Jorge,player,player,starter,match_sheet,https://www.galodigital.com.br/enciclopedia/202605PRO_Atl%C3%A9tico_x_Cruzeiro-MG
2026-01-25-cam-cru,2026-01-25,Campeonato Mineiro - 5ª rodada,Cruzeiro,loss,away,player_chico_da_costa,Chico da Costa,player,player,substitute_used,match_sheet,https://www.galodigital.com.br/enciclopedia/202605PRO_Atl%C3%A9tico_x_Cruzeiro-MG
2026-01-25-cam-cru,2026-01-25,Campeonato Mineiro - 5ª rodada,Cruzeiro,loss,away,player_gerson,Gerson,player,player,substitute_used,match_sheet,https://www.galodigital.com.br/enciclopedia/202605PRO_Atl%C3%A9tico_x_Cruzeiro-MG
2026-01-25-cam-cru,2026-01-25,Campeonato Mineiro - 5ª rodada,Cruzeiro,loss,away,player_japa,Japa,player,player,substitute_used,match_sheet,https://www.galodigital.com.br/enciclopedia/202605PRO_Atl%C3%A9tico_x_Cruzeiro-MG
2026-01-25-cam-cru,2026-01-25,Campeonato Mineiro - 5ª rodada,Cruzeiro,loss,away,player_keny_arroyo,Keny Arroyo,player,player,substitute_used,match_sheet,https://www.galodigital.com.br/enciclopedia/202605PRO_Atl%C3%A9tico_x_Cruzeiro-MG
2026-01-25-cam-cru,2026-01-25,Campeonato Mineiro - 5ª rodada,Cruzeiro,loss,away,coach_tite,Tite,coach,head_coach,,match_sheet,https://www.galodigital.com.br/enciclopedia/202605PRO_Atl%C3%A9tico_x_Cruzeiro-MG
2026-01-25-cam-cru,2026-01-25,Campeonato Mineiro - 5ª rodada,Cruzeiro,loss,away,technical_staff_matheus_rizzi_bachi,Matheus Rizzi Bachi,technical_staff,assistant_coach,,match_sheet,https://www.galodigital.com.br/enciclopedia/202605PRO_Atl%C3%A9tico_x_Cruzeiro-MG
2026-01-25-cam-cru,2026-01-25,Campeonato Mineiro - 5ª rodada,Cruzeiro,loss,away,technical_staff_thiago_daniel_macedo_silva,Thiago Daniel Macedo Silva,technical_staff,doctor,,match_sheet,https://www.galodigital.com.br/enciclopedia/202605PRO_Atl%C3%A9tico_x_Cruzeiro-MG
2026-01-25-cam-cru,2026-01-25,Campeonato Mineiro - 5ª rodada,Cruzeiro,loss,away,technical_staff_vinicius_bergantin,Vinícius Bergantin,technical_staff,goalkeeper_coach,,match_sheet,https://www.galodigital.com.br/enciclopedia/202605PRO_Atl%C3%A9tico_x_Cruzeiro-MG
2026-01-25-cam-cru,2026-01-25,Campeonato Mineiro - 5ª rodada,Cruzeiro,loss,away,technical_staff_fabio_mahseredjian,Fábio Mahseredjian,technical_staff,fitness_coach,,match_sheet,https://www.galodigital.com.br/enciclopedia/202605PRO_Atl%C3%A9tico_x_Cruzeiro-MG
2026-01-25-cam-cru,2026-01-25,Campeonato Mineiro - 5ª rodada,Cruzeiro,loss,away,management_pedro_lourenco,Pedro Lourenço,management,saf_owner_president,,management_period,https://ge.globo.com/futebol/times/cruzeiro/noticia/2025/12/29/cruzeiro-anuncia-ex-flamengo-bruno-spindel-como-diretor-de-futebol.ghtml
2026-01-25-cam-cru,2026-01-25,Campeonato Mineiro - 5ª rodada,Cruzeiro,loss,away,management_pedro_junio,Pedro Junio,management,saf_vice_president,,management_period,https://ge.globo.com/futebol/times/cruzeiro/noticia/2025/12/29/cruzeiro-anuncia-ex-flamengo-bruno-spindel-como-diretor-de-futebol.ghtml
2026-01-25-cam-cru,2026-01-25,Campeonato Mineiro - 5ª rodada,Cruzeiro,loss,away,management_bruno_spindel,Bruno Spindel,management,football_director,,management_period,https://ge.globo.com/futebol/times/cruzeiro/noticia/2025/12/29/cruzeiro-anuncia-ex-flamengo-bruno-spindel-como-diretor-de-futebol.ghtml
2026-01-25-cam-cru,2026-01-25,Campeonato Mineiro - 5ª rodada,Cruzeiro,loss,away,management_joaquim_pinto,Joaquim Pinto,management,sporting_director,,management_period,https://ge.globo.com/futebol/times/cruzeiro/noticia/2025/12/29/cruzeiro-anuncia-ex-flamengo-bruno-spindel-como-diretor-de-futebol.ghtml
2026-01-25-cam-cru,2026-01-25,Campeonato Mineiro - 5ª rodada,Cruzeiro,loss,away,management_rodrigo_ramos,Rodrigo Ramos,management,executive_football_manager,,management_period,https://ge.globo.com/futebol/times/cruzeiro/noticia/2025/12/29/cruzeiro-anuncia-ex-flamengo-bruno-spindel-como-diretor-de-futebol.ghtml
2026-03-08-cru-cam,2026-03-08,Campeonato Mineiro - final,Atlético-MG,loss,away,player_everson,Everson,player,player,starter,match_sheet,https://www.galodigital.com.br/enciclopedia/202615PRO_Cruzeiro-MG_x_Atl%C3%A9tico
2026-03-08-cru-cam,2026-03-08,Campeonato Mineiro - final,Atlético-MG,loss,away,player_natanael,Natanael,player,player,starter,match_sheet,https://www.galodigital.com.br/enciclopedia/202615PRO_Cruzeiro-MG_x_Atl%C3%A9tico
2026-03-08-cru-cam,2026-03-08,Campeonato Mineiro - final,Atlético-MG,loss,away,player_ruan_tressoldi,Ruan Tressoldi,player,player,starter,match_sheet,https://www.galodigital.com.br/enciclopedia/202615PRO_Cruzeiro-MG_x_Atl%C3%A9tico
2026-03-08-cru-cam,2026-03-08,Campeonato Mineiro - final,Atlético-MG,loss,away,player_vitor_hugo,Vitor Hugo,player,player,starter,match_sheet,https://www.galodigital.com.br/enciclopedia/202615PRO_Cruzeiro-MG_x_Atl%C3%A9tico
2026-03-08-cru-cam,2026-03-08,Campeonato Mineiro - final,Atlético-MG,loss,away,player_renan_lodi,Renan Lodi,player,player,starter,match_sheet,https://www.galodigital.com.br/enciclopedia/202615PRO_Cruzeiro-MG_x_Atl%C3%A9tico
2026-03-08-cru-cam,2026-03-08,Campeonato Mineiro - final,Atlético-MG,loss,away,player_alan_franco,Alan Franco,player,player,starter,match_sheet,https://www.galodigital.com.br/enciclopedia/202615PRO_Cruzeiro-MG_x_Atl%C3%A9tico
2026-03-08-cru-cam,2026-03-08,Campeonato Mineiro - final,Atlético-MG,loss,away,player_mamady_cisse,Mamady Cissé,player,player,starter,match_sheet,https://www.galodigital.com.br/enciclopedia/202615PRO_Cruzeiro-MG_x_Atl%C3%A9tico
2026-03-08-cru-cam,2026-03-08,Campeonato Mineiro - final,Atlético-MG,loss,away,player_victor_hugo,Victor Hugo,player,player,starter,match_sheet,https://www.galodigital.com.br/enciclopedia/202615PRO_Cruzeiro-MG_x_Atl%C3%A9tico
2026-03-08-cru-cam,2026-03-08,Campeonato Mineiro - final,Atlético-MG,loss,away,player_bernard,Bernard,player,player,starter,match_sheet,https://www.galodigital.com.br/enciclopedia/202615PRO_Cruzeiro-MG_x_Atl%C3%A9tico
2026-03-08-cru-cam,2026-03-08,Campeonato Mineiro - final,Atlético-MG,loss,away,player_dudu,Dudu,player,player,starter,match_sheet,https://www.galodigital.com.br/enciclopedia/202615PRO_Cruzeiro-MG_x_Atl%C3%A9tico
2026-03-08-cru-cam,2026-03-08,Campeonato Mineiro - final,Atlético-MG,loss,away,player_hulk,Hulk,player,player,starter,match_sheet,https://www.galodigital.com.br/enciclopedia/202615PRO_Cruzeiro-MG_x_Atl%C3%A9tico
2026-03-08-cru-cam,2026-03-08,Campeonato Mineiro - final,Atlético-MG,loss,away,player_angelo_preciado,Ángelo Preciado,player,player,substitute_used,match_sheet,https://www.galodigital.com.br/enciclopedia/202615PRO_Cruzeiro-MG_x_Atl%C3%A9tico
2026-03-08-cru-cam,2026-03-08,Campeonato Mineiro - final,Atlético-MG,loss,away,player_igor_gomes,Igor Gomes,player,player,substitute_used,match_sheet,https://www.galodigital.com.br/enciclopedia/202615PRO_Cruzeiro-MG_x_Atl%C3%A9tico
2026-03-08-cru-cam,2026-03-08,Campeonato Mineiro - final,Atlético-MG,loss,away,player_gustavo_scarpa,Gustavo Scarpa,player,player,substitute_used,match_sheet,https://www.galodigital.com.br/enciclopedia/202615PRO_Cruzeiro-MG_x_Atl%C3%A9tico
2026-03-08-cru-cam,2026-03-08,Campeonato Mineiro - final,Atlético-MG,loss,away,player_alan_minda,Alan Minda,player,player,substitute_used,match_sheet,https://www.galodigital.com.br/enciclopedia/202615PRO_Cruzeiro-MG_x_Atl%C3%A9tico
2026-03-08-cru-cam,2026-03-08,Campeonato Mineiro - final,Atlético-MG,loss,away,player_mateo_cassierra,Mateo Cassierra,player,player,substitute_used,match_sheet,https://www.galodigital.com.br/enciclopedia/202615PRO_Cruzeiro-MG_x_Atl%C3%A9tico
2026-03-08-cru-cam,2026-03-08,Campeonato Mineiro - final,Atlético-MG,loss,away,coach_eduardo_dominguez,Eduardo Domínguez,coach,head_coach,,match_sheet,https://www.galodigital.com.br/enciclopedia/202615PRO_Cruzeiro-MG_x_Atl%C3%A9tico
2026-03-08-cru-cam,2026-03-08,Campeonato Mineiro - final,Atlético-MG,loss,away,technical_staff_leandro_diaz,Leandro Díaz,technical_staff,assistant_coach,,match_sheet,https://www.galodigital.com.br/enciclopedia/202615PRO_Cruzeiro-MG_x_Atl%C3%A9tico
2026-03-08-cru-cam,2026-03-08,Campeonato Mineiro - final,Atlético-MG,loss,away,technical_staff_rodrigo_lasmar,Rodrigo Lasmar,technical_staff,doctor,,match_sheet,https://www.galodigital.com.br/enciclopedia/202615PRO_Cruzeiro-MG_x_Atl%C3%A9tico
2026-03-08-cru-cam,2026-03-08,Campeonato Mineiro - final,Atlético-MG,loss,away,technical_staff_danilo_jose_prando_minutti,Danilo José Prando Minutti,technical_staff,goalkeeper_coach,,match_sheet,https://www.galodigital.com.br/enciclopedia/202615PRO_Cruzeiro-MG_x_Atl%C3%A9tico
2026-03-08-cru-cam,2026-03-08,Campeonato Mineiro - final,Atlético-MG,loss,away,technical_staff_adrian_vaccarini,Adrián Vaccarini,technical_staff,fitness_coach,,match_sheet,https://www.galodigital.com.br/enciclopedia/202615PRO_Cruzeiro-MG_x_Atl%C3%A9tico
2026-03-08-cru-cam,2026-03-08,Campeonato Mineiro - final,Atlético-MG,loss,away,technical_staff_aluizio_carlos_dos_santos,Aluizio Carlos dos Santos,technical_staff,masseur,,match_sheet,https://www.galodigital.com.br/enciclopedia/202615PRO_Cruzeiro-MG_x_Atl%C3%A9tico
2026-03-08-cru-cam,2026-03-08,Campeonato Mineiro - final,Atlético-MG,loss,away,management_sergio_coelho,Sérgio Coelho,management,association_president,,management_period,https://atletico.com.br/administracao/
2026-03-08-cru-cam,2026-03-08,Campeonato Mineiro - final,Atlético-MG,loss,away,management_pedro_daniel,Pedro Daniel,management,saf_ceo,,management_period,https://atletico.com.br/pedro-daniel-e-o-novo-ceo-do-atletico/
2026-03-08-cru-cam,2026-03-08,Campeonato Mineiro - final,Atlético-MG,loss,away,management_paulo_bracks,Paulo Bracks,management,cso_football,,management_period,https://atletico.com.br/galo-contrata-paulo-bracks-para-o-cargo-de-cso-do-futebol/
2026-03-08-cru-cam,2026-03-08,Campeonato Mineiro - final,Atlético-MG,loss,away,management_rafael_menin,Rafael Menin,management,saf_shareholder,,management_period,https://atletico.com.br/atletico-apresenta-o-novo-ceo-pedro-daniel/
2026-03-08-cru-cam,2026-03-08,Campeonato Mineiro - final,Cruzeiro,win,home,player_cassio,Cássio,player,player,starter,match_sheet,https://www.galodigital.com.br/enciclopedia/202615PRO_Cruzeiro-MG_x_Atl%C3%A9tico
2026-03-08-cru-cam,2026-03-08,Campeonato Mineiro - final,Cruzeiro,win,home,player_william,William,player,player,starter,match_sheet,https://www.galodigital.com.br/enciclopedia/202615PRO_Cruzeiro-MG_x_Atl%C3%A9tico
2026-03-08-cru-cam,2026-03-08,Campeonato Mineiro - final,Cruzeiro,win,home,player_fabricio_bruno,Fabrício Bruno,player,player,starter,match_sheet,https://www.galodigital.com.br/enciclopedia/202615PRO_Cruzeiro-MG_x_Atl%C3%A9tico
2026-03-08-cru-cam,2026-03-08,Campeonato Mineiro - final,Cruzeiro,win,home,player_lucas_villalba,Lucas Villalba,player,player,starter,match_sheet,https://www.galodigital.com.br/enciclopedia/202615PRO_Cruzeiro-MG_x_Atl%C3%A9tico
2026-03-08-cru-cam,2026-03-08,Campeonato Mineiro - final,Cruzeiro,win,home,player_kaiki_bruno,Kaiki Bruno,player,player,starter,match_sheet,https://www.galodigital.com.br/enciclopedia/202615PRO_Cruzeiro-MG_x_Atl%C3%A9tico
2026-03-08-cru-cam,2026-03-08,Campeonato Mineiro - final,Cruzeiro,win,home,player_lucas_romero,Lucas Romero,player,player,starter,match_sheet,https://www.galodigital.com.br/enciclopedia/202615PRO_Cruzeiro-MG_x_Atl%C3%A9tico
2026-03-08-cru-cam,2026-03-08,Campeonato Mineiro - final,Cruzeiro,win,home,player_lucas_silva,Lucas Silva,player,player,starter,match_sheet,https://www.galodigital.com.br/enciclopedia/202615PRO_Cruzeiro-MG_x_Atl%C3%A9tico
2026-03-08-cru-cam,2026-03-08,Campeonato Mineiro - final,Cruzeiro,win,home,player_gerson,Gerson,player,player,starter,match_sheet,https://www.galodigital.com.br/enciclopedia/202615PRO_Cruzeiro-MG_x_Atl%C3%A9tico
2026-03-08-cru-cam,2026-03-08,Campeonato Mineiro - final,Cruzeiro,win,home,player_matheus_pereira,Matheus Pereira,player,player,starter,match_sheet,https://www.galodigital.com.br/enciclopedia/202615PRO_Cruzeiro-MG_x_Atl%C3%A9tico
2026-03-08-cru-cam,2026-03-08,Campeonato Mineiro - final,Cruzeiro,win,home,player_christian,Christian,player,player,starter,match_sheet,https://www.galodigital.com.br/enciclopedia/202615PRO_Cruzeiro-MG_x_Atl%C3%A9tico
2026-03-08-cru-cam,2026-03-08,Campeonato Mineiro - final,Cruzeiro,win,home,player_kaio_jorge,Kaio Jorge,player,player,starter,match_sheet,https://www.galodigital.com.br/enciclopedia/202615PRO_Cruzeiro-MG_x_Atl%C3%A9tico
2026-03-08-cru-cam,2026-03-08,Campeonato Mineiro - final,Cruzeiro,win,home,player_matheus_henrique,Matheus Henrique,player,player,substitute_used,match_sheet,https://www.galodigital.com.br/enciclopedia/202615PRO_Cruzeiro-MG_x_Atl%C3%A9tico
2026-03-08-cru-cam,2026-03-08,Campeonato Mineiro - final,Cruzeiro,win,home,player_bruno_rodrigues,Bruno Rodrigues,player,player,substitute_used,match_sheet,https://www.galodigital.com.br/enciclopedia/202615PRO_Cruzeiro-MG_x_Atl%C3%A9tico
2026-03-08-cru-cam,2026-03-08,Campeonato Mineiro - final,Cruzeiro,win,home,player_wanderson,Wanderson,player,player,substitute_used,match_sheet,https://www.galodigital.com.br/enciclopedia/202615PRO_Cruzeiro-MG_x_Atl%C3%A9tico
2026-03-08-cru-cam,2026-03-08,Campeonato Mineiro - final,Cruzeiro,win,home,coach_tite,Tite,coach,head_coach,,match_sheet,https://www.galodigital.com.br/enciclopedia/202615PRO_Cruzeiro-MG_x_Atl%C3%A9tico
2026-03-08-cru-cam,2026-03-08,Campeonato Mineiro - final,Cruzeiro,win,home,technical_staff_matheus_rizzi_bachi,Matheus Rizzi Bachi,technical_staff,assistant_coach,,match_sheet,https://www.galodigital.com.br/enciclopedia/202615PRO_Cruzeiro-MG_x_Atl%C3%A9tico
2026-03-08-cru-cam,2026-03-08,Campeonato Mineiro - final,Cruzeiro,win,home,technical_staff_sergio_augusto_campolina_de_azeredo,Sergio Augusto Campolina de Azeredo,technical_staff,doctor,,match_sheet,https://www.galodigital.com.br/enciclopedia/202615PRO_Cruzeiro-MG_x_Atl%C3%A9tico
2026-03-08-cru-cam,2026-03-08,Campeonato Mineiro - final,Cruzeiro,win,home,technical_staff_vinicius_bergantin,Vinícius Bergantin,technical_staff,goalkeeper_coach,,match_sheet,https://www.galodigital.com.br/enciclopedia/202615PRO_Cruzeiro-MG_x_Atl%C3%A9tico
2026-03-08-cru-cam,2026-03-08,Campeonato Mineiro - final,Cruzeiro,win,home,technical_staff_fabio_mahseredjian,Fábio Mahseredjian,technical_staff,fitness_coach,,match_sheet,https://www.galodigital.com.br/enciclopedia/202615PRO_Cruzeiro-MG_x_Atl%C3%A9tico
2026-03-08-cru-cam,2026-03-08,Campeonato Mineiro - final,Cruzeiro,win,home,management_pedro_lourenco,Pedro Lourenço,management,saf_owner_president,,management_period,https://ge.globo.com/futebol/times/cruzeiro/noticia/2025/12/29/cruzeiro-anuncia-ex-flamengo-bruno-spindel-como-diretor-de-futebol.ghtml
2026-03-08-cru-cam,2026-03-08,Campeonato Mineiro - final,Cruzeiro,win,home,management_pedro_junio,Pedro Junio,management,saf_vice_president,,management_period,https://ge.globo.com/futebol/times/cruzeiro/noticia/2025/12/29/cruzeiro-anuncia-ex-flamengo-bruno-spindel-como-diretor-de-futebol.ghtml
2026-03-08-cru-cam,2026-03-08,Campeonato Mineiro - final,Cruzeiro,win,home,management_bruno_spindel,Bruno Spindel,management,football_director,,management_period,https://ge.globo.com/futebol/times/cruzeiro/noticia/2025/12/29/cruzeiro-anuncia-ex-flamengo-bruno-spindel-como-diretor-de-futebol.ghtml
2026-03-08-cru-cam,2026-03-08,Campeonato Mineiro - final,Cruzeiro,win,home,management_joaquim_pinto,Joaquim Pinto,management,sporting_director,,management_period,https://ge.globo.com/futebol/times/cruzeiro/noticia/2025/12/29/cruzeiro-anuncia-ex-flamengo-bruno-spindel-como-diretor-de-futebol.ghtml
2026-03-08-cru-cam,2026-03-08,Campeonato Mineiro - final,Cruzeiro,win,home,management_rodrigo_ramos,Rodrigo Ramos,management,executive_football_manager,,management_period,https://ge.globo.com/futebol/times/cruzeiro/noticia/2025/12/29/cruzeiro-anuncia-ex-flamengo-bruno-spindel-como-diretor-de-futebol.ghtml
2026-05-02-cru-cam,2026-05-02,Campeonato Brasileiro - 14ª rodada,Atlético-MG,win,away,player_everson,Everson,player,player,starter,match_sheet,https://www.centroatleticanodememoria.com.br/enciclopedia/202629PRO_Cruzeiro-MG_x_Atl%C3%A9tico
2026-05-02-cru-cam,2026-05-02,Campeonato Brasileiro - 14ª rodada,Atlético-MG,win,away,player_natanael,Natanael,player,player,starter,match_sheet,https://www.centroatleticanodememoria.com.br/enciclopedia/202629PRO_Cruzeiro-MG_x_Atl%C3%A9tico
2026-05-02-cru-cam,2026-05-02,Campeonato Brasileiro - 14ª rodada,Atlético-MG,win,away,player_lyanco,Lyanco,player,player,starter,match_sheet,https://www.centroatleticanodememoria.com.br/enciclopedia/202629PRO_Cruzeiro-MG_x_Atl%C3%A9tico
2026-05-02-cru-cam,2026-05-02,Campeonato Brasileiro - 14ª rodada,Atlético-MG,win,away,player_ruan_tressoldi,Ruan Tressoldi,player,player,starter,match_sheet,https://www.centroatleticanodememoria.com.br/enciclopedia/202629PRO_Cruzeiro-MG_x_Atl%C3%A9tico
2026-05-02-cru-cam,2026-05-02,Campeonato Brasileiro - 14ª rodada,Atlético-MG,win,away,player_junior_alonso,Júnior Alonso,player,player,starter,match_sheet,https://www.centroatleticanodememoria.com.br/enciclopedia/202629PRO_Cruzeiro-MG_x_Atl%C3%A9tico
2026-05-02-cru-cam,2026-05-02,Campeonato Brasileiro - 14ª rodada,Atlético-MG,win,away,player_renan_lodi,Renan Lodi,player,player,starter,match_sheet,https://www.centroatleticanodememoria.com.br/enciclopedia/202629PRO_Cruzeiro-MG_x_Atl%C3%A9tico
2026-05-02-cru-cam,2026-05-02,Campeonato Brasileiro - 14ª rodada,Atlético-MG,win,away,player_alan_franco,Alan Franco,player,player,starter,match_sheet,https://www.centroatleticanodememoria.com.br/enciclopedia/202629PRO_Cruzeiro-MG_x_Atl%C3%A9tico
2026-05-02-cru-cam,2026-05-02,Campeonato Brasileiro - 14ª rodada,Atlético-MG,win,away,player_maycon,Maycon,player,player,starter,match_sheet,https://www.centroatleticanodememoria.com.br/enciclopedia/202629PRO_Cruzeiro-MG_x_Atl%C3%A9tico
2026-05-02-cru-cam,2026-05-02,Campeonato Brasileiro - 14ª rodada,Atlético-MG,win,away,player_bernard,Bernard,player,player,starter,match_sheet,https://www.centroatleticanodememoria.com.br/enciclopedia/202629PRO_Cruzeiro-MG_x_Atl%C3%A9tico
2026-05-02-cru-cam,2026-05-02,Campeonato Brasileiro - 14ª rodada,Atlético-MG,win,away,player_alan_minda,Alan Minda,player,player,starter,match_sheet,https://www.centroatleticanodememoria.com.br/enciclopedia/202629PRO_Cruzeiro-MG_x_Atl%C3%A9tico
2026-05-02-cru-cam,2026-05-02,Campeonato Brasileiro - 14ª rodada,Atlético-MG,win,away,player_mateo_cassierra,Mateo Cassierra,player,player,starter,match_sheet,https://www.centroatleticanodememoria.com.br/enciclopedia/202629PRO_Cruzeiro-MG_x_Atl%C3%A9tico
2026-05-02-cru-cam,2026-05-02,Campeonato Brasileiro - 14ª rodada,Atlético-MG,win,away,player_tomas_perez,Tomás Pérez,player,player,substitute_used,match_sheet,https://www.centroatleticanodememoria.com.br/enciclopedia/202629PRO_Cruzeiro-MG_x_Atl%C3%A9tico
2026-05-02-cru-cam,2026-05-02,Campeonato Brasileiro - 14ª rodada,Atlético-MG,win,away,player_kaua_pascini,Kauã Pascini,player,player,substitute_used,match_sheet,https://www.centroatleticanodememoria.com.br/enciclopedia/202629PRO_Cruzeiro-MG_x_Atl%C3%A9tico
2026-05-02-cru-cam,2026-05-02,Campeonato Brasileiro - 14ª rodada,Atlético-MG,win,away,player_reinier,Reinier,player,player,substitute_used,match_sheet,https://www.centroatleticanodememoria.com.br/enciclopedia/202629PRO_Cruzeiro-MG_x_Atl%C3%A9tico
2026-05-02-cru-cam,2026-05-02,Campeonato Brasileiro - 14ª rodada,Atlético-MG,win,away,player_caua_soares,Cauã Soares,player,player,substitute_used,match_sheet,https://www.centroatleticanodememoria.com.br/enciclopedia/202629PRO_Cruzeiro-MG_x_Atl%C3%A9tico
2026-05-02-cru-cam,2026-05-02,Campeonato Brasileiro - 14ª rodada,Atlético-MG,win,away,coach_eduardo_dominguez,Eduardo Domínguez,coach,head_coach,,match_sheet,https://www.centroatleticanodememoria.com.br/enciclopedia/202629PRO_Cruzeiro-MG_x_Atl%C3%A9tico
2026-05-02-cru-cam,2026-05-02,Campeonato Brasileiro - 14ª rodada,Atlético-MG,win,away,technical_staff_leandro_diaz,Leandro Díaz,technical_staff,assistant_coach,,match_sheet,https://www.centroatleticanodememoria.com.br/enciclopedia/202629PRO_Cruzeiro-MG_x_Atl%C3%A9tico
2026-05-02-cru-cam,2026-05-02,Campeonato Brasileiro - 14ª rodada,Atlético-MG,win,away,technical_staff_rodrigo_lasmar,Rodrigo Lasmar,technical_staff,doctor,,match_sheet,https://www.centroatleticanodememoria.com.br/enciclopedia/202629PRO_Cruzeiro-MG_x_Atl%C3%A9tico
2026-05-02-cru-cam,2026-05-02,Campeonato Brasileiro - 14ª rodada,Atlético-MG,win,away,technical_staff_danilo_minutti,Danilo Minutti,technical_staff,goalkeeper_coach,,match_sheet,https://www.centroatleticanodememoria.com.br/enciclopedia/202629PRO_Cruzeiro-MG_x_Atl%C3%A9tico
2026-05-02-cru-cam,2026-05-02,Campeonato Brasileiro - 14ª rodada,Atlético-MG,win,away,technical_staff_adrian_vaccarini,Adrián Vaccarini,technical_staff,fitness_coach,,match_sheet,https://www.centroatleticanodememoria.com.br/enciclopedia/202629PRO_Cruzeiro-MG_x_Atl%C3%A9tico
2026-05-02-cru-cam,2026-05-02,Campeonato Brasileiro - 14ª rodada,Atlético-MG,win,away,technical_staff_alexandre_willian_pinto_coelho,Alexandre Willian Pinto Coelho,technical_staff,masseur,,match_sheet,https://www.centroatleticanodememoria.com.br/enciclopedia/202629PRO_Cruzeiro-MG_x_Atl%C3%A9tico
2026-05-02-cru-cam,2026-05-02,Campeonato Brasileiro - 14ª rodada,Atlético-MG,win,away,management_sergio_coelho,Sérgio Coelho,management,association_president,,management_period,https://atletico.com.br/administracao/
2026-05-02-cru-cam,2026-05-02,Campeonato Brasileiro - 14ª rodada,Atlético-MG,win,away,management_pedro_daniel,Pedro Daniel,management,saf_ceo,,management_period,https://atletico.com.br/pedro-daniel-e-o-novo-ceo-do-atletico/
2026-05-02-cru-cam,2026-05-02,Campeonato Brasileiro - 14ª rodada,Atlético-MG,win,away,management_paulo_bracks,Paulo Bracks,management,vp_football,,management_period,https://atletico.com.br/informacoes-do-treino-do-galo-28-04/
2026-05-02-cru-cam,2026-05-02,Campeonato Brasileiro - 14ª rodada,Atlético-MG,win,away,management_rafael_menin,Rafael Menin,management,saf_shareholder,,management_period,https://atletico.com.br/atletico-apresenta-o-novo-ceo-pedro-daniel/
2026-05-02-cru-cam,2026-05-02,Campeonato Brasileiro - 14ª rodada,Cruzeiro,loss,home,player_otavio,Otávio,player,player,starter,match_sheet,https://www.centroatleticanodememoria.com.br/enciclopedia/202629PRO_Cruzeiro-MG_x_Atl%C3%A9tico
2026-05-02-cru-cam,2026-05-02,Campeonato Brasileiro - 14ª rodada,Cruzeiro,loss,home,player_kaua_moraes,Kauã Moraes,player,player,starter,match_sheet,https://www.centroatleticanodememoria.com.br/enciclopedia/202629PRO_Cruzeiro-MG_x_Atl%C3%A9tico
2026-05-02-cru-cam,2026-05-02,Campeonato Brasileiro - 14ª rodada,Cruzeiro,loss,home,player_fabricio_bruno,Fabrício Bruno,player,player,starter,match_sheet,https://www.centroatleticanodememoria.com.br/enciclopedia/202629PRO_Cruzeiro-MG_x_Atl%C3%A9tico
2026-05-02-cru-cam,2026-05-02,Campeonato Brasileiro - 14ª rodada,Cruzeiro,loss,home,player_jonathan_jesus,Jonathan Jesus,player,player,starter,match_sheet,https://www.centroatleticanodememoria.com.br/enciclopedia/202629PRO_Cruzeiro-MG_x_Atl%C3%A9tico
2026-05-02-cru-cam,2026-05-02,Campeonato Brasileiro - 14ª rodada,Cruzeiro,loss,home,player_kaiki_bruno,Kaiki Bruno,player,player,starter,match_sheet,https://www.centroatleticanodememoria.com.br/enciclopedia/202629PRO_Cruzeiro-MG_x_Atl%C3%A9tico
2026-05-02-cru-cam,2026-05-02,Campeonato Brasileiro - 14ª rodada,Cruzeiro,loss,home,player_lucas_romero,Lucas Romero,player,player,starter,match_sheet,https://www.centroatleticanodememoria.com.br/enciclopedia/202629PRO_Cruzeiro-MG_x_Atl%C3%A9tico
2026-05-02-cru-cam,2026-05-02,Campeonato Brasileiro - 14ª rodada,Cruzeiro,loss,home,player_gerson,Gerson,player,player,starter,match_sheet,https://www.centroatleticanodememoria.com.br/enciclopedia/202629PRO_Cruzeiro-MG_x_Atl%C3%A9tico
2026-05-02-cru-cam,2026-05-02,Campeonato Brasileiro - 14ª rodada,Cruzeiro,loss,home,player_christian,Christian,player,player,starter,match_sheet,https://www.centroatleticanodememoria.com.br/enciclopedia/202629PRO_Cruzeiro-MG_x_Atl%C3%A9tico
2026-05-02-cru-cam,2026-05-02,Campeonato Brasileiro - 14ª rodada,Cruzeiro,loss,home,player_matheus_pereira,Matheus Pereira,player,player,starter,match_sheet,https://www.centroatleticanodememoria.com.br/enciclopedia/202629PRO_Cruzeiro-MG_x_Atl%C3%A9tico
2026-05-02-cru-cam,2026-05-02,Campeonato Brasileiro - 14ª rodada,Cruzeiro,loss,home,player_keny_arroyo,Keny Arroyo,player,player,starter,match_sheet,https://www.centroatleticanodememoria.com.br/enciclopedia/202629PRO_Cruzeiro-MG_x_Atl%C3%A9tico
2026-05-02-cru-cam,2026-05-02,Campeonato Brasileiro - 14ª rodada,Cruzeiro,loss,home,player_kaio_jorge,Kaio Jorge,player,player,starter,match_sheet,https://www.centroatleticanodememoria.com.br/enciclopedia/202629PRO_Cruzeiro-MG_x_Atl%C3%A9tico
2026-05-02-cru-cam,2026-05-02,Campeonato Brasileiro - 14ª rodada,Cruzeiro,loss,home,player_neyser_villarreal,Neyser Villarreal,player,player,substitute_used,match_sheet,https://www.centroatleticanodememoria.com.br/enciclopedia/202629PRO_Cruzeiro-MG_x_Atl%C3%A9tico
2026-05-02-cru-cam,2026-05-02,Campeonato Brasileiro - 14ª rodada,Cruzeiro,loss,home,player_bruno_rodrigues,Bruno Rodrigues,player,player,substitute_used,match_sheet,https://www.centroatleticanodememoria.com.br/enciclopedia/202629PRO_Cruzeiro-MG_x_Atl%C3%A9tico
2026-05-02-cru-cam,2026-05-02,Campeonato Brasileiro - 14ª rodada,Cruzeiro,loss,home,player_joao_marcelo,João Marcelo,player,player,substitute_used,match_sheet,https://www.centroatleticanodememoria.com.br/enciclopedia/202629PRO_Cruzeiro-MG_x_Atl%C3%A9tico
2026-05-02-cru-cam,2026-05-02,Campeonato Brasileiro - 14ª rodada,Cruzeiro,loss,home,player_wanderson,Wanderson,player,player,substitute_used,match_sheet,https://www.centroatleticanodememoria.com.br/enciclopedia/202629PRO_Cruzeiro-MG_x_Atl%C3%A9tico
2026-05-02-cru-cam,2026-05-02,Campeonato Brasileiro - 14ª rodada,Cruzeiro,loss,home,player_matheus_henrique,Matheus Henrique,player,player,substitute_used,match_sheet,https://www.centroatleticanodememoria.com.br/enciclopedia/202629PRO_Cruzeiro-MG_x_Atl%C3%A9tico
2026-05-02-cru-cam,2026-05-02,Campeonato Brasileiro - 14ª rodada,Cruzeiro,loss,home,coach_artur_jorge,Artur Jorge,coach,head_coach,,match_sheet,https://www.centroatleticanodememoria.com.br/enciclopedia/202629PRO_Cruzeiro-MG_x_Atl%C3%A9tico
2026-05-02-cru-cam,2026-05-02,Campeonato Brasileiro - 14ª rodada,Cruzeiro,loss,home,technical_staff_joao_pedro_campos_cardoso,João Pedro Campos Cardoso,technical_staff,assistant_coach,,match_sheet,https://www.centroatleticanodememoria.com.br/enciclopedia/202629PRO_Cruzeiro-MG_x_Atl%C3%A9tico
2026-05-02-cru-cam,2026-05-02,Campeonato Brasileiro - 14ª rodada,Cruzeiro,loss,home,technical_staff_sergio_campolina,Sérgio Campolina,technical_staff,doctor,,match_sheet,https://www.centroatleticanodememoria.com.br/enciclopedia/202629PRO_Cruzeiro-MG_x_Atl%C3%A9tico
2026-05-02-cru-cam,2026-05-02,Campeonato Brasileiro - 14ª rodada,Cruzeiro,loss,home,technical_staff_robertinho,Robertinho,technical_staff,goalkeeper_coach,,match_sheet,https://www.centroatleticanodememoria.com.br/enciclopedia/202629PRO_Cruzeiro-MG_x_Atl%C3%A9tico
2026-05-02-cru-cam,2026-05-02,Campeonato Brasileiro - 14ª rodada,Cruzeiro,loss,home,technical_staff_tiago_andre_lopes_senra,Tiago Andre Lopes Senra,technical_staff,fitness_coach,,match_sheet,https://www.centroatleticanodememoria.com.br/enciclopedia/202629PRO_Cruzeiro-MG_x_Atl%C3%A9tico
2026-05-02-cru-cam,2026-05-02,Campeonato Brasileiro - 14ª rodada,Cruzeiro,loss,home,technical_staff_andre_albino_carvalho_da_cunha,André Albino Carvalho Da Cunha,technical_staff,masseur,,match_sheet,https://www.centroatleticanodememoria.com.br/enciclopedia/202629PRO_Cruzeiro-MG_x_Atl%C3%A9tico
2026-05-02-cru-cam,2026-05-02,Campeonato Brasileiro - 14ª rodada,Cruzeiro,loss,home,management_pedro_lourenco,Pedro Lourenço,management,saf_owner_president,,management_period,https://ge.globo.com/futebol/times/cruzeiro/noticia/2025/12/29/cruzeiro-anuncia-ex-flamengo-bruno-spindel-como-diretor-de-futebol.ghtml
2026-05-02-cru-cam,2026-05-02,Campeonato Brasileiro - 14ª rodada,Cruzeiro,loss,home,management_pedro_junio,Pedro Junio,management,saf_vice_president,,management_period,https://ge.globo.com/futebol/times/cruzeiro/noticia/2025/12/29/cruzeiro-anuncia-ex-flamengo-bruno-spindel-como-diretor-de-futebol.ghtml
2026-05-02-cru-cam,2026-05-02,Campeonato Brasileiro - 14ª rodada,Cruzeiro,loss,home,management_bruno_spindel,Bruno Spindel,management,football_director,,management_period,https://ge.globo.com/futebol/times/cruzeiro/noticia/2025/12/29/cruzeiro-anuncia-ex-flamengo-bruno-spindel-como-diretor-de-futebol.ghtml
2026-05-02-cru-cam,2026-05-02,Campeonato Brasileiro - 14ª rodada,Cruzeiro,loss,home,management_joaquim_pinto,Joaquim Pinto,management,sporting_director,,management_period,https://ge.globo.com/futebol/times/cruzeiro/noticia/2025/12/29/cruzeiro-anuncia-ex-flamengo-bruno-spindel-como-diretor-de-futebol.ghtml
2026-05-02-cru-cam,2026-05-02,Campeonato Brasileiro - 14ª rodada,Cruzeiro,loss,home,management_rodrigo_ramos,Rodrigo Ramos,management,executive_football_manager,,management_period,https://ge.globo.com/futebol/times/cruzeiro/noticia/2025/12/29/cruzeiro-anuncia-ex-flamengo-bruno-spindel-como-diretor-de-futebol.ghtml
2026-08-25-cru-cam,2026-08-25,Copa do Brasil - quartas de final (ida),Atlético-MG,draw,away,player_everson,Everson,player,player,starter,match_sheet,https://www.centroatleticanodememoria.com.br/enciclopedia/202647PRO_Cruzeiro-MG_x_Atl%C3%A9tico
2026-08-25-cru-cam,2026-08-25,Copa do Brasil - quartas de final (ida),Atlético-MG,draw,away,player_alan_franco,Alan Franco,player,player,starter,match_sheet,https://www.centroatleticanodememoria.com.br/enciclopedia/202647PRO_Cruzeiro-MG_x_Atl%C3%A9tico
2026-08-25-cru-cam,2026-08-25,Copa do Brasil - quartas de final (ida),Atlético-MG,draw,away,player_ruan_tressoldi,Ruan Tressoldi,player,player,starter,match_sheet,https://www.centroatleticanodememoria.com.br/enciclopedia/202647PRO_Cruzeiro-MG_x_Atl%C3%A9tico
2026-08-25-cru-cam,2026-08-25,Copa do Brasil - quartas de final (ida),Atlético-MG,draw,away,player_vitor_hugo,Vitor Hugo,player,player,starter,match_sheet,https://www.centroatleticanodememoria.com.br/enciclopedia/202647PRO_Cruzeiro-MG_x_Atl%C3%A9tico
2026-08-25-cru-cam,2026-08-25,Copa do Brasil - quartas de final (ida),Atlético-MG,draw,away,player_renan_lodi,Renan Lodi,player,player,starter,match_sheet,https://www.centroatleticanodememoria.com.br/enciclopedia/202647PRO_Cruzeiro-MG_x_Atl%C3%A9tico
2026-08-25-cru-cam,2026-08-25,Copa do Brasil - quartas de final (ida),Atlético-MG,draw,away,player_maycon,Maycon,player,player,starter,match_sheet,https://www.centroatleticanodememoria.com.br/enciclopedia/202647PRO_Cruzeiro-MG_x_Atl%C3%A9tico
2026-08-25-cru-cam,2026-08-25,Copa do Brasil - quartas de final (ida),Atlético-MG,draw,away,player_kevin_castano,Kevin Castaño,player,player,starter,match_sheet,https://www.centroatleticanodememoria.com.br/enciclopedia/202647PRO_Cruzeiro-MG_x_Atl%C3%A9tico
2026-08-25-cru-cam,2026-08-25,Copa do Brasil - quartas de final (ida),Atlético-MG,draw,away,player_fred,Fred,player,player,starter,match_sheet,https://www.centroatleticanodememoria.com.br/enciclopedia/202647PRO_Cruzeiro-MG_x_Atl%C3%A9tico
2026-08-25-cru-cam,2026-08-25,Copa do Brasil - quartas de final (ida),Atlético-MG,draw,away,player_bernard,Bernard,player,player,starter,match_sheet,https://www.centroatleticanodememoria.com.br/enciclopedia/202647PRO_Cruzeiro-MG_x_Atl%C3%A9tico
2026-08-25-cru-cam,2026-08-25,Copa do Brasil - quartas de final (ida),Atlético-MG,draw,away,player_tomas_cuello,Tomás Cuello,player,player,starter,match_sheet,https://www.centroatleticanodememoria.com.br/enciclopedia/202647PRO_Cruzeiro-MG_x_Atl%C3%A9tico
2026-08-25-cru-cam,2026-08-25,Copa do Brasil - quartas de final (ida),Atlético-MG,draw,away,player_mateo_cassierra,Mateo Cassierra,player,player,starter,match_sheet,https://www.centroatleticanodememoria.com.br/enciclopedia/202647PRO_Cruzeiro-MG_x_Atl%C3%A9tico
2026-08-25-cru-cam,2026-08-25,Copa do Brasil - quartas de final (ida),Atlético-MG,draw,away,player_vitao,Vitão,player,player,substitute_used,match_sheet,https://www.centroatleticanodememoria.com.br/enciclopedia/202647PRO_Cruzeiro-MG_x_Atl%C3%A9tico
2026-08-25-cru-cam,2026-08-25,Copa do Brasil - quartas de final (ida),Atlético-MG,draw,away,player_natanael,Natanael,player,player,substitute_used,match_sheet,https://www.centroatleticanodememoria.com.br/enciclopedia/202647PRO_Cruzeiro-MG_x_Atl%C3%A9tico
2026-08-25-cru-cam,2026-08-25,Copa do Brasil - quartas de final (ida),Atlético-MG,draw,away,player_thiago_borbas,Thiago Borbas,player,player,substitute_used,match_sheet,https://www.centroatleticanodememoria.com.br/enciclopedia/202647PRO_Cruzeiro-MG_x_Atl%C3%A9tico
2026-08-25-cru-cam,2026-08-25,Copa do Brasil - quartas de final (ida),Atlético-MG,draw,away,player_alan_minda,Alan Minda,player,player,substitute_used,match_sheet,https://www.centroatleticanodememoria.com.br/enciclopedia/202647PRO_Cruzeiro-MG_x_Atl%C3%A9tico
2026-08-25-cru-cam,2026-08-25,Copa do Brasil - quartas de final (ida),Atlético-MG,draw,away,player_angelo_preciado,Ángelo Preciado,player,player,substitute_used,match_sheet,https://www.centroatleticanodememoria.com.br/enciclopedia/202647PRO_Cruzeiro-MG_x_Atl%C3%A9tico
2026-08-25-cru-cam,2026-08-25,Copa do Brasil - quartas de final (ida),Atlético-MG,draw,away,player_mamady_cisse,Mamady Cissé,player,player,substitute_used,match_sheet,https://www.centroatleticanodememoria.com.br/enciclopedia/202647PRO_Cruzeiro-MG_x_Atl%C3%A9tico
2026-08-25-cru-cam,2026-08-25,Copa do Brasil - quartas de final (ida),Atlético-MG,draw,away,coach_eduardo_dominguez,Eduardo Domínguez,coach,head_coach,,match_sheet,https://www.centroatleticanodememoria.com.br/enciclopedia/202647PRO_Cruzeiro-MG_x_Atl%C3%A9tico
2026-08-25-cru-cam,2026-08-25,Copa do Brasil - quartas de final (ida),Atlético-MG,draw,away,technical_staff_leandro_diaz,Leandro Díaz,technical_staff,assistant_coach,,match_sheet,https://www.centroatleticanodememoria.com.br/enciclopedia/202647PRO_Cruzeiro-MG_x_Atl%C3%A9tico
2026-08-25-cru-cam,2026-08-25,Copa do Brasil - quartas de final (ida),Atlético-MG,draw,away,technical_staff_rodrigo_lasmar,Rodrigo Lasmar,technical_staff,doctor,,match_sheet,https://www.centroatleticanodememoria.com.br/enciclopedia/202647PRO_Cruzeiro-MG_x_Atl%C3%A9tico
2026-08-25-cru-cam,2026-08-25,Copa do Brasil - quartas de final (ida),Atlético-MG,draw,away,technical_staff_danilo_minutti,Danilo Minutti,technical_staff,goalkeeper_coach,,match_sheet,https://www.centroatleticanodememoria.com.br/enciclopedia/202647PRO_Cruzeiro-MG_x_Atl%C3%A9tico
2026-08-25-cru-cam,2026-08-25,Copa do Brasil - quartas de final (ida),Atlético-MG,draw,away,technical_staff_adrian_vaccarini,Adrián Vaccarini,technical_staff,fitness_coach,,match_sheet,https://www.centroatleticanodememoria.com.br/enciclopedia/202647PRO_Cruzeiro-MG_x_Atl%C3%A9tico
2026-08-25-cru-cam,2026-08-25,Copa do Brasil - quartas de final (ida),Atlético-MG,draw,away,technical_staff_fabricio_rocha_de_carvalho,Fabrício Rocha de Carvalho,technical_staff,masseur,,match_sheet,https://www.centroatleticanodememoria.com.br/enciclopedia/202647PRO_Cruzeiro-MG_x_Atl%C3%A9tico
2026-08-25-cru-cam,2026-08-25,Copa do Brasil - quartas de final (ida),Atlético-MG,draw,away,management_sergio_coelho,Sérgio Coelho,management,association_president,,management_period,https://atletico.com.br/administracao/
2026-08-25-cru-cam,2026-08-25,Copa do Brasil - quartas de final (ida),Atlético-MG,draw,away,management_pedro_daniel,Pedro Daniel,management,saf_ceo,,management_period,https://atletico.com.br/pedro-daniel-e-o-novo-ceo-do-atletico/
2026-08-25-cru-cam,2026-08-25,Copa do Brasil - quartas de final (ida),Atlético-MG,draw,away,management_paulo_bracks,Paulo Bracks,management,vp_football,,management_period,https://atletico.com.br/informacoes-do-treino-do-galo-28-04/
2026-08-25-cru-cam,2026-08-25,Copa do Brasil - quartas de final (ida),Atlético-MG,draw,away,management_rafael_menin,Rafael Menin,management,saf_shareholder,,management_period,https://atletico.com.br/atletico-apresenta-o-novo-ceo-pedro-daniel/
2026-08-25-cru-cam,2026-08-25,Copa do Brasil - quartas de final (ida),Atlético-MG,draw,away,management_guilherme_alves,Guilherme Alves,management,technical_director,,management_period,https://atletico.com.br/guilherme-alves-e-o-novo-coordenador-tecnico-do-galo/
2026-08-25-cru-cam,2026-08-25,Copa do Brasil - quartas de final (ida),Cruzeiro,draw,home,player_otavio,Otávio,player,player,starter,match_sheet,https://www.centroatleticanodememoria.com.br/enciclopedia/202647PRO_Cruzeiro-MG_x_Atl%C3%A9tico
2026-08-25-cru-cam,2026-08-25,Copa do Brasil - quartas de final (ida),Cruzeiro,draw,home,player_fagner,Fagner,player,player,starter,match_sheet,https://www.centroatleticanodememoria.com.br/enciclopedia/202647PRO_Cruzeiro-MG_x_Atl%C3%A9tico
2026-08-25-cru-cam,2026-08-25,Copa do Brasil - quartas de final (ida),Cruzeiro,draw,home,player_fabricio_bruno,Fabrício Bruno,player,player,starter,match_sheet,https://www.centroatleticanodememoria.com.br/enciclopedia/202647PRO_Cruzeiro-MG_x_Atl%C3%A9tico
2026-08-25-cru-cam,2026-08-25,Copa do Brasil - quartas de final (ida),Cruzeiro,draw,home,player_jonathan_jesus,Jonathan Jesus,player,player,starter,match_sheet,https://www.centroatleticanodememoria.com.br/enciclopedia/202647PRO_Cruzeiro-MG_x_Atl%C3%A9tico
2026-08-25-cru-cam,2026-08-25,Copa do Brasil - quartas de final (ida),Cruzeiro,draw,home,player_lucas_villalba,Lucas Villalba,player,player,starter,match_sheet,https://www.centroatleticanodememoria.com.br/enciclopedia/202647PRO_Cruzeiro-MG_x_Atl%C3%A9tico
2026-08-25-cru-cam,2026-08-25,Copa do Brasil - quartas de final (ida),Cruzeiro,draw,home,player_lucas_romero,Lucas Romero,player,player,starter,match_sheet,https://www.centroatleticanodememoria.com.br/enciclopedia/202647PRO_Cruzeiro-MG_x_Atl%C3%A9tico
2026-08-25-cru-cam,2026-08-25,Copa do Brasil - quartas de final (ida),Cruzeiro,draw,home,player_gerson,Gerson,player,player,starter,match_sheet,https://www.centroatleticanodememoria.com.br/enciclopedia/202647PRO_Cruzeiro-MG_x_Atl%C3%A9tico
2026-08-25-cru-cam,2026-08-25,Copa do Brasil - quartas de final (ida),Cruzeiro,draw,home,player_wesley_teixeira,Wesley Teixeira,player,player,starter,match_sheet,https://www.centroatleticanodememoria.com.br/enciclopedia/202647PRO_Cruzeiro-MG_x_Atl%C3%A9tico
2026-08-25-cru-cam,2026-08-25,Copa do Brasil - quartas de final (ida),Cruzeiro,draw,home,player_matheus_pereira,Matheus Pereira,player,player,starter,match_sheet,https://www.centroatleticanodememoria.com.br/enciclopedia/202647PRO_Cruzeiro-MG_x_Atl%C3%A9tico
2026-08-25-cru-cam,2026-08-25,Copa do Brasil - quartas de final (ida),Cruzeiro,draw,home,player_keny_arroyo,Keny Arroyo,player,player,starter,match_sheet,https://www.centroatleticanodememoria.com.br/enciclopedia/202647PRO_Cruzeiro-MG_x_Atl%C3%A9tico
2026-08-25-cru-cam,2026-08-25,Copa do Brasil - quartas de final (ida),Cruzeiro,draw,home,player_kaio_jorge,Kaio Jorge,player,player,starter,match_sheet,https://www.centroatleticanodememoria.com.br/enciclopedia/202647PRO_Cruzeiro-MG_x_Atl%C3%A9tico
2026-08-25-cru-cam,2026-08-25,Copa do Brasil - quartas de final (ida),Cruzeiro,draw,home,player_william,William,player,player,substitute_used,match_sheet,https://www.centroatleticanodememoria.com.br/enciclopedia/202647PRO_Cruzeiro-MG_x_Atl%C3%A9tico
2026-08-25-cru-cam,2026-08-25,Copa do Brasil - quartas de final (ida),Cruzeiro,draw,home,player_joao_marcelo,João Marcelo,player,player,substitute_used,match_sheet,https://www.centroatleticanodememoria.com.br/enciclopedia/202647PRO_Cruzeiro-MG_x_Atl%C3%A9tico
2026-08-25-cru-cam,2026-08-25,Copa do Brasil - quartas de final (ida),Cruzeiro,draw,home,player_matheus_henrique,Matheus Henrique,player,player,substitute_used,match_sheet,https://www.centroatleticanodememoria.com.br/enciclopedia/202647PRO_Cruzeiro-MG_x_Atl%C3%A9tico
2026-08-25-cru-cam,2026-08-25,Copa do Brasil - quartas de final (ida),Cruzeiro,draw,home,player_joao_costa,João Costa,player,player,substitute_used,match_sheet,https://www.centroatleticanodememoria.com.br/enciclopedia/202647PRO_Cruzeiro-MG_x_Atl%C3%A9tico
2026-08-25-cru-cam,2026-08-25,Copa do Brasil - quartas de final (ida),Cruzeiro,draw,home,player_bruno_rodrigues,Bruno Rodrigues,player,player,substitute_used,match_sheet,https://www.centroatleticanodememoria.com.br/enciclopedia/202647PRO_Cruzeiro-MG_x_Atl%C3%A9tico
2026-08-25-cru-cam,2026-08-25,Copa do Brasil - quartas de final (ida),Cruzeiro,draw,home,player_neyser_villarreal,Neyser Villarreal,player,player,substitute_used,match_sheet,https://www.centroatleticanodememoria.com.br/enciclopedia/202647PRO_Cruzeiro-MG_x_Atl%C3%A9tico
2026-08-25-cru-cam,2026-08-25,Copa do Brasil - quartas de final (ida),Cruzeiro,draw,home,coach_artur_jorge,Artur Jorge,coach,head_coach,,match_sheet,https://www.centroatleticanodememoria.com.br/enciclopedia/202647PRO_Cruzeiro-MG_x_Atl%C3%A9tico
2026-08-25-cru-cam,2026-08-25,Copa do Brasil - quartas de final (ida),Cruzeiro,draw,home,technical_staff_joao_pedro_campos_cardoso,João Pedro Campos Cardoso,technical_staff,assistant_coach,,match_sheet,https://www.centroatleticanodememoria.com.br/enciclopedia/202647PRO_Cruzeiro-MG_x_Atl%C3%A9tico
2026-08-25-cru-cam,2026-08-25,Copa do Brasil - quartas de final (ida),Cruzeiro,draw,home,technical_staff_rodrigo_mascarenhas,Rodrigo Mascarenhas,technical_staff,doctor,,match_sheet,https://www.centroatleticanodememoria.com.br/enciclopedia/202647PRO_Cruzeiro-MG_x_Atl%C3%A9tico
2026-08-25-cru-cam,2026-08-25,Copa do Brasil - quartas de final (ida),Cruzeiro,draw,home,technical_staff_robertinho,Robertinho,technical_staff,goalkeeper_coach,,match_sheet,https://www.centroatleticanodememoria.com.br/enciclopedia/202647PRO_Cruzeiro-MG_x_Atl%C3%A9tico
2026-08-25-cru-cam,2026-08-25,Copa do Brasil - quartas de final (ida),Cruzeiro,draw,home,technical_staff_tiago_andre_lopes_senra,Tiago Andre Lopes Senra,technical_staff,fitness_coach,,match_sheet,https://www.centroatleticanodememoria.com.br/enciclopedia/202647PRO_Cruzeiro-MG_x_Atl%C3%A9tico
2026-08-25-cru-cam,2026-08-25,Copa do Brasil - quartas de final (ida),Cruzeiro,draw,home,management_pedro_lourenco,Pedro Lourenço,management,saf_owner_president,,management_period,https://ge.globo.com/futebol/times/cruzeiro/noticia/2025/12/29/cruzeiro-anuncia-ex-flamengo-bruno-spindel-como-diretor-de-futebol.ghtml
2026-08-25-cru-cam,2026-08-25,Copa do Brasil - quartas de final (ida),Cruzeiro,draw,home,management_pedro_junio,Pedro Junio,management,saf_vice_president,,management_period,https://ge.globo.com/futebol/times/cruzeiro/noticia/2025/12/29/cruzeiro-anuncia-ex-flamengo-bruno-spindel-como-diretor-de-futebol.ghtml
2026-08-25-cru-cam,2026-08-25,Copa do Brasil - quartas de final (ida),Cruzeiro,draw,home,management_bruno_spindel,Bruno Spindel,management,football_director,,management_period,https://ge.globo.com/futebol/times/cruzeiro/noticia/2025/12/29/cruzeiro-anuncia-ex-flamengo-bruno-spindel-como-diretor-de-futebol.ghtml
2026-08-25-cru-cam,2026-08-25,Copa do Brasil - quartas de final (ida),Cruzeiro,draw,home,management_joaquim_pinto,Joaquim Pinto,management,sporting_director,,management_period,https://ge.globo.com/futebol/times/cruzeiro/noticia/2025/12/29/cruzeiro-anuncia-ex-flamengo-bruno-spindel-como-diretor-de-futebol.ghtml
2026-08-25-cru-cam,2026-08-25,Copa do Brasil - quartas de final (ida),Cruzeiro,draw,home,management_rodrigo_ramos,Rodrigo Ramos,management,executive_football_manager,,management_period,https://ge.globo.com/futebol/times/cruzeiro/noticia/2025/12/29/cruzeiro-anuncia-ex-flamengo-bruno-spindel-como-diretor-de-futebol.ghtml
2026-09-01-cam-cru,2026-09-01,Copa do Brasil - quartas de final (volta),Atlético-MG,win,home,player_everson,Everson,player,player,starter,match_sheet,https://galopedia.com.br/enciclopedia/202649PRO_Atl%C3%A9tico_x_Cruzeiro-MG
2026-09-01-cam-cru,2026-09-01,Copa do Brasil - quartas de final (volta),Atlético-MG,win,home,player_natanael,Natanael,player,player,starter,match_sheet,https://galopedia.com.br/enciclopedia/202649PRO_Atl%C3%A9tico_x_Cruzeiro-MG
2026-09-01-cam-cru,2026-09-01,Copa do Brasil - quartas de final (volta),Atlético-MG,win,home,player_ruan_tressoldi,Ruan Tressoldi,player,player,starter,match_sheet,https://galopedia.com.br/enciclopedia/202649PRO_Atl%C3%A9tico_x_Cruzeiro-MG
2026-09-01-cam-cru,2026-09-01,Copa do Brasil - quartas de final (volta),Atlético-MG,win,home,player_vitor_hugo,Vitor Hugo,player,player,starter,match_sheet,https://galopedia.com.br/enciclopedia/202649PRO_Atl%C3%A9tico_x_Cruzeiro-MG
2026-09-01-cam-cru,2026-09-01,Copa do Brasil - quartas de final (volta),Atlético-MG,win,home,player_renan_lodi,Renan Lodi,player,player,starter,match_sheet,https://galopedia.com.br/enciclopedia/202649PRO_Atl%C3%A9tico_x_Cruzeiro-MG
2026-09-01-cam-cru,2026-09-01,Copa do Brasil - quartas de final (volta),Atlético-MG,win,home,player_kevin_castano,Kevin Castaño,player,player,starter,match_sheet,https://galopedia.com.br/enciclopedia/202649PRO_Atl%C3%A9tico_x_Cruzeiro-MG
2026-09-01-cam-cru,2026-09-01,Copa do Brasil - quartas de final (volta),Atlético-MG,win,home,player_alan_franco,Alan Franco,player,player,starter,match_sheet,https://galopedia.com.br/enciclopedia/202649PRO_Atl%C3%A9tico_x_Cruzeiro-MG
2026-09-01-cam-cru,2026-09-01,Copa do Brasil - quartas de final (volta),Atlético-MG,win,home,player_fred,Fred,player,player,starter,match_sheet,https://galopedia.com.br/enciclopedia/202649PRO_Atl%C3%A9tico_x_Cruzeiro-MG
2026-09-01-cam-cru,2026-09-01,Copa do Brasil - quartas de final (volta),Atlético-MG,win,home,player_bernard,Bernard,player,player,starter,match_sheet,https://galopedia.com.br/enciclopedia/202649PRO_Atl%C3%A9tico_x_Cruzeiro-MG
2026-09-01-cam-cru,2026-09-01,Copa do Brasil - quartas de final (volta),Atlético-MG,win,home,player_tomas_cuello,Tomás Cuello,player,player,starter,match_sheet,https://galopedia.com.br/enciclopedia/202649PRO_Atl%C3%A9tico_x_Cruzeiro-MG
2026-09-01-cam-cru,2026-09-01,Copa do Brasil - quartas de final (volta),Atlético-MG,win,home,player_mateo_cassierra,Mateo Cassierra,player,player,starter,match_sheet,https://galopedia.com.br/enciclopedia/202649PRO_Atl%C3%A9tico_x_Cruzeiro-MG
2026-09-01-cam-cru,2026-09-01,Copa do Brasil - quartas de final (volta),Atlético-MG,win,home,player_gustavo_scarpa,Gustavo Scarpa,player,player,substitute_used,match_sheet,https://galopedia.com.br/enciclopedia/202649PRO_Atl%C3%A9tico_x_Cruzeiro-MG
2026-09-01-cam-cru,2026-09-01,Copa do Brasil - quartas de final (volta),Atlético-MG,win,home,player_vitao,Vitão,player,player,substitute_used,match_sheet,https://galopedia.com.br/enciclopedia/202649PRO_Atl%C3%A9tico_x_Cruzeiro-MG
2026-09-01-cam-cru,2026-09-01,Copa do Brasil - quartas de final (volta),Atlético-MG,win,home,player_alan_minda,Alan Minda,player,player,substitute_used,match_sheet,https://galopedia.com.br/enciclopedia/202649PRO_Atl%C3%A9tico_x_Cruzeiro-MG
2026-09-01-cam-cru,2026-09-01,Copa do Brasil - quartas de final (volta),Atlético-MG,win,home,player_victor_hugo,Victor Hugo,player,player,substitute_used,match_sheet,https://galopedia.com.br/enciclopedia/202649PRO_Atl%C3%A9tico_x_Cruzeiro-MG
2026-09-01-cam-cru,2026-09-01,Copa do Brasil - quartas de final (volta),Atlético-MG,win,home,player_reinier,Reinier,player,player,substitute_used,match_sheet,https://galopedia.com.br/enciclopedia/202649PRO_Atl%C3%A9tico_x_Cruzeiro-MG
2026-09-01-cam-cru,2026-09-01,Copa do Brasil - quartas de final (volta),Atlético-MG,win,home,coach_eduardo_dominguez,Eduardo Domínguez,coach,head_coach,,match_sheet,https://galopedia.com.br/enciclopedia/202649PRO_Atl%C3%A9tico_x_Cruzeiro-MG
2026-09-01-cam-cru,2026-09-01,Copa do Brasil - quartas de final (volta),Atlético-MG,win,home,technical_staff_leandro_diaz,Leandro Díaz,technical_staff,assistant_coach,,match_sheet,https://galopedia.com.br/enciclopedia/202649PRO_Atl%C3%A9tico_x_Cruzeiro-MG
2026-09-01-cam-cru,2026-09-01,Copa do Brasil - quartas de final (volta),Atlético-MG,win,home,technical_staff_rodrigo_lasmar,Rodrigo Lasmar,technical_staff,doctor,,match_sheet,https://galopedia.com.br/enciclopedia/202649PRO_Atl%C3%A9tico_x_Cruzeiro-MG
2026-09-01-cam-cru,2026-09-01,Copa do Brasil - quartas de final (volta),Atlético-MG,win,home,technical_staff_danilo_minutti,Danilo Minutti,technical_staff,goalkeeper_coach,,match_sheet,https://galopedia.com.br/enciclopedia/202649PRO_Atl%C3%A9tico_x_Cruzeiro-MG
2026-09-01-cam-cru,2026-09-01,Copa do Brasil - quartas de final (volta),Atlético-MG,win,home,technical_staff_adrian_vaccarini,Adrián Vaccarini,technical_staff,fitness_coach,,match_sheet,https://galopedia.com.br/enciclopedia/202649PRO_Atl%C3%A9tico_x_Cruzeiro-MG
2026-09-01-cam-cru,2026-09-01,Copa do Brasil - quartas de final (volta),Atlético-MG,win,home,technical_staff_fabricio_rocha_de_carvalho,Fabrício Rocha de Carvalho,technical_staff,masseur,,match_sheet,https://galopedia.com.br/enciclopedia/202649PRO_Atl%C3%A9tico_x_Cruzeiro-MG
2026-09-01-cam-cru,2026-09-01,Copa do Brasil - quartas de final (volta),Atlético-MG,win,home,management_sergio_coelho,Sérgio Coelho,management,association_president,,management_period,https://atletico.com.br/administracao/
2026-09-01-cam-cru,2026-09-01,Copa do Brasil - quartas de final (volta),Atlético-MG,win,home,management_pedro_daniel,Pedro Daniel,management,saf_ceo,,management_period,https://atletico.com.br/pedro-daniel-e-o-novo-ceo-do-atletico/
2026-09-01-cam-cru,2026-09-01,Copa do Brasil - quartas de final (volta),Atlético-MG,win,home,management_paulo_bracks,Paulo Bracks,management,vp_football,,management_period,https://atletico.com.br/informacoes-do-treino-do-galo-28-04/
2026-09-01-cam-cru,2026-09-01,Copa do Brasil - quartas de final (volta),Atlético-MG,win,home,management_rafael_menin,Rafael Menin,management,saf_shareholder,,management_period,https://atletico.com.br/atletico-apresenta-o-novo-ceo-pedro-daniel/
2026-09-01-cam-cru,2026-09-01,Copa do Brasil - quartas de final (volta),Atlético-MG,win,home,management_guilherme_alves,Guilherme Alves,management,technical_director,,management_period,https://atletico.com.br/guilherme-alves-e-o-novo-coordenador-tecnico-do-galo/
2026-09-01-cam-cru,2026-09-01,Copa do Brasil - quartas de final (volta),Cruzeiro,loss,away,player_otavio,Otávio,player,player,starter,match_sheet,https://galopedia.com.br/enciclopedia/202649PRO_Atl%C3%A9tico_x_Cruzeiro-MG
2026-09-01-cam-cru,2026-09-01,Copa do Brasil - quartas de final (volta),Cruzeiro,loss,away,player_fagner,Fagner,player,player,starter,match_sheet,https://galopedia.com.br/enciclopedia/202649PRO_Atl%C3%A9tico_x_Cruzeiro-MG
2026-09-01-cam-cru,2026-09-01,Copa do Brasil - quartas de final (volta),Cruzeiro,loss,away,player_fabricio_bruno,Fabrício Bruno,player,player,starter,match_sheet,https://galopedia.com.br/enciclopedia/202649PRO_Atl%C3%A9tico_x_Cruzeiro-MG
2026-09-01-cam-cru,2026-09-01,Copa do Brasil - quartas de final (volta),Cruzeiro,loss,away,player_jonathan_jesus,Jonathan Jesus,player,player,starter,match_sheet,https://galopedia.com.br/enciclopedia/202649PRO_Atl%C3%A9tico_x_Cruzeiro-MG
2026-09-01-cam-cru,2026-09-01,Copa do Brasil - quartas de final (volta),Cruzeiro,loss,away,player_lucas_villalba,Lucas Villalba,player,player,starter,match_sheet,https://galopedia.com.br/enciclopedia/202649PRO_Atl%C3%A9tico_x_Cruzeiro-MG
2026-09-01-cam-cru,2026-09-01,Copa do Brasil - quartas de final (volta),Cruzeiro,loss,away,player_lucas_romero,Lucas Romero,player,player,starter,match_sheet,https://galopedia.com.br/enciclopedia/202649PRO_Atl%C3%A9tico_x_Cruzeiro-MG
2026-09-01-cam-cru,2026-09-01,Copa do Brasil - quartas de final (volta),Cruzeiro,loss,away,player_gerson,Gerson,player,player,starter,match_sheet,https://galopedia.com.br/enciclopedia/202649PRO_Atl%C3%A9tico_x_Cruzeiro-MG
2026-09-01-cam-cru,2026-09-01,Copa do Brasil - quartas de final (volta),Cruzeiro,loss,away,player_matheus_pereira,Matheus Pereira,player,player,starter,match_sheet,https://galopedia.com.br/enciclopedia/202649PRO_Atl%C3%A9tico_x_Cruzeiro-MG
2026-09-01-cam-cru,2026-09-01,Copa do Brasil - quartas de final (volta),Cruzeiro,loss,away,player_wesley_teixeira,Wesley Teixeira,player,player,starter,match_sheet,https://galopedia.com.br/enciclopedia/202649PRO_Atl%C3%A9tico_x_Cruzeiro-MG
2026-09-01-cam-cru,2026-09-01,Copa do Brasil - quartas de final (volta),Cruzeiro,loss,away,player_keny_arroyo,Keny Arroyo,player,player,starter,match_sheet,https://galopedia.com.br/enciclopedia/202649PRO_Atl%C3%A9tico_x_Cruzeiro-MG
2026-09-01-cam-cru,2026-09-01,Copa do Brasil - quartas de final (volta),Cruzeiro,loss,away,player_kaio_jorge,Kaio Jorge,player,player,starter,match_sheet,https://galopedia.com.br/enciclopedia/202649PRO_Atl%C3%A9tico_x_Cruzeiro-MG
2026-09-01-cam-cru,2026-09-01,Copa do Brasil - quartas de final (volta),Cruzeiro,loss,away,player_joao_marcelo,João Marcelo,player,player,substitute_used,match_sheet,https://galopedia.com.br/enciclopedia/202649PRO_Atl%C3%A9tico_x_Cruzeiro-MG
2026-09-01-cam-cru,2026-09-01,Copa do Brasil - quartas de final (volta),Cruzeiro,loss,away,player_matheus_henrique,Matheus Henrique,player,player,substitute_used,match_sheet,https://galopedia.com.br/enciclopedia/202649PRO_Atl%C3%A9tico_x_Cruzeiro-MG
2026-09-01-cam-cru,2026-09-01,Copa do Brasil - quartas de final (volta),Cruzeiro,loss,away,player_gabriel_rojas,Gabriel Rojas,player,player,substitute_used,match_sheet,https://galopedia.com.br/enciclopedia/202649PRO_Atl%C3%A9tico_x_Cruzeiro-MG
2026-09-01-cam-cru,2026-09-01,Copa do Brasil - quartas de final (volta),Cruzeiro,loss,away,player_kaique_kenji,Kaique Kenji,player,player,substitute_used,match_sheet,https://galopedia.com.br/enciclopedia/202649PRO_Atl%C3%A9tico_x_Cruzeiro-MG
2026-09-01-cam-cru,2026-09-01,Copa do Brasil - quartas de final (volta),Cruzeiro,loss,away,player_neyser_villarreal,Neyser Villarreal,player,player,substitute_used,match_sheet,https://galopedia.com.br/enciclopedia/202649PRO_Atl%C3%A9tico_x_Cruzeiro-MG
2026-09-01-cam-cru,2026-09-01,Copa do Brasil - quartas de final (volta),Cruzeiro,loss,away,coach_artur_jorge,Artur Jorge,coach,head_coach,,match_sheet,https://galopedia.com.br/enciclopedia/202649PRO_Atl%C3%A9tico_x_Cruzeiro-MG
2026-09-01-cam-cru,2026-09-01,Copa do Brasil - quartas de final (volta),Cruzeiro,loss,away,technical_staff_joao_pedro_campos_cardoso,João Pedro Campos Cardoso,technical_staff,assistant_coach,,match_sheet,https://galopedia.com.br/enciclopedia/202649PRO_Atl%C3%A9tico_x_Cruzeiro-MG
2026-09-01-cam-cru,2026-09-01,Copa do Brasil - quartas de final (volta),Cruzeiro,loss,away,technical_staff_rodrigo_mascarenhas,Rodrigo Mascarenhas,technical_staff,doctor,,match_sheet,https://galopedia.com.br/enciclopedia/202649PRO_Atl%C3%A9tico_x_Cruzeiro-MG
2026-09-01-cam-cru,2026-09-01,Copa do Brasil - quartas de final (volta),Cruzeiro,loss,away,technical_staff_robertinho,Robertinho,technical_staff,goalkeeper_coach,,match_sheet,https://galopedia.com.br/enciclopedia/202649PRO_Atl%C3%A9tico_x_Cruzeiro-MG
2026-09-01-cam-cru,2026-09-01,Copa do Brasil - quartas de final (volta),Cruzeiro,loss,away,technical_staff_tiago_andre_lopes_senra,Tiago Andre Lopes Senra,technical_staff,fitness_coach,,match_sheet,https://galopedia.com.br/enciclopedia/202649PRO_Atl%C3%A9tico_x_Cruzeiro-MG
2026-09-01-cam-cru,2026-09-01,Copa do Brasil - quartas de final (volta),Cruzeiro,loss,away,management_pedro_lourenco,Pedro Lourenço,management,saf_owner_president,,management_period,https://ge.globo.com/futebol/times/cruzeiro/noticia/2025/12/29/cruzeiro-anuncia-ex-flamengo-bruno-spindel-como-diretor-de-futebol.ghtml
2026-09-01-cam-cru,2026-09-01,Copa do Brasil - quartas de final (volta),Cruzeiro,loss,away,management_pedro_junio,Pedro Junio,management,saf_vice_president,,management_period,https://ge.globo.com/futebol/times/cruzeiro/noticia/2025/12/29/cruzeiro-anuncia-ex-flamengo-bruno-spindel-como-diretor-de-futebol.ghtml
2026-09-01-cam-cru,2026-09-01,Copa do Brasil - quartas de final (volta),Cruzeiro,loss,away,management_bruno_spindel,Bruno Spindel,management,football_director,,management_period,https://ge.globo.com/futebol/times/cruzeiro/noticia/2025/12/29/cruzeiro-anuncia-ex-flamengo-bruno-spindel-como-diretor-de-futebol.ghtml
2026-09-01-cam-cru,2026-09-01,Copa do Brasil - quartas de final (volta),Cruzeiro,loss,away,management_joaquim_pinto,Joaquim Pinto,management,sporting_director,,management_period,https://ge.globo.com/futebol/times/cruzeiro/noticia/2025/12/29/cruzeiro-anuncia-ex-flamengo-bruno-spindel-como-diretor-de-futebol.ghtml
2026-09-01-cam-cru,2026-09-01,Copa do Brasil - quartas de final (volta),Cruzeiro,loss,away,management_rodrigo_ramos,Rodrigo Ramos,management,executive_football_manager,,management_period,https://ge.globo.com/futebol/times/cruzeiro/noticia/2025/12/29/cruzeiro-anuncia-ex-flamengo-bruno-spindel-como-diretor-de-futebol.ghtml
